repo,file,issue_number,developers,topic_id,topic_name,topic_prob
ad12_DOSMA_issues,ad12_DOSMA_issues.json,139,gattia,27,27_tensorflow_keras_tf_py,1.0
ad12_DOSMA_issues,ad12_DOSMA_issues.json,138,gattia,-1,-1_habitat_the_src_to,0.0
ad12_DOSMA_issues,ad12_DOSMA_issues.json,136,gattia,35,35_attention_attentiongan_scheme_mask,0.13992542385206064
ad12_DOSMA_issues,ad12_DOSMA_issues.json,135,asch99,-1,-1_habitat_the_src_to,0.0
ad12_DOSMA_issues,ad12_DOSMA_issues.json,133,"ad12, sluijs",-1,-1_habitat_the_src_to,0.0
ad12_DOSMA_issues,ad12_DOSMA_issues.json,132,"EAlexWaters, sluijs",-1,-1_habitat_the_src_to,0.0
ad12_DOSMA_issues,ad12_DOSMA_issues.json,127,gattia,-1,-1_habitat_the_src_to,0.0
ad12_DOSMA_issues,ad12_DOSMA_issues.json,119,"ad12, gattia",-1,-1_habitat_the_src_to,0.0
ad12_DOSMA_issues,ad12_DOSMA_issues.json,116,"ad12, barma7",-1,-1_habitat_the_src_to,0.0
ad12_DOSMA_issues,ad12_DOSMA_issues.json,113,ad12,-1,-1_habitat_the_src_to,0.0
ad12_DOSMA_issues,ad12_DOSMA_issues.json,111,"ad12, gattia",-1,-1_habitat_the_src_to,0.0
ad12_DOSMA_issues,ad12_DOSMA_issues.json,106,ad12,27,27_tensorflow_keras_tf_py,1.0
ad12_DOSMA_issues,ad12_DOSMA_issues.json,73,barma7,-1,-1_habitat_the_src_to,0.0
ad12_DOSMA_issues,ad12_DOSMA_issues.json,57,ad12,-1,-1_habitat_the_src_to,0.0
ad12_DOSMA_issues,ad12_DOSMA_issues.json,55,ad12,-1,-1_habitat_the_src_to,0.0
ad12_DOSMA_issues,ad12_DOSMA_issues.json,51,ad12,-1,-1_habitat_the_src_to,0.0
ad12_DOSMA_issues,ad12_DOSMA_issues.json,50,ad12,-1,-1_habitat_the_src_to,0.0
ad12_DOSMA_issues,ad12_DOSMA_issues.json,49,ad12,21,21_conda_habitat_anaconda_sim,1.0
ad12_DOSMA_issues,ad12_DOSMA_issues.json,48,"ad12, ghost",-1,-1_habitat_the_src_to,0.0
ad12_DOSMA_issues,ad12_DOSMA_issues.json,47,"ad12, barma7",-1,-1_habitat_the_src_to,0.0
ad12_DOSMA_issues,ad12_DOSMA_issues.json,40,ad12,-1,-1_habitat_the_src_to,0.0
ad12_DOSMA_issues,ad12_DOSMA_issues.json,39,ad12,0,0_model_modelmanager_serving_server,0.8671142363479675
ad12_DOSMA_issues,ad12_DOSMA_issues.json,37,ad12,-1,-1_habitat_the_src_to,0.0
ad12_DOSMA_issues,ad12_DOSMA_issues.json,33,ad12,-1,-1_habitat_the_src_to,0.0
ad12_DOSMA_issues,ad12_DOSMA_issues.json,32,"ad12, gattia",-1,-1_habitat_the_src_to,0.0
ad12_DOSMA_issues,ad12_DOSMA_issues.json,18,ad12,34,34_jderobot_detectionsuite_darknet_wiki,1.0
ad12_DOSMA_issues,ad12_DOSMA_issues.json,16,ad12,-1,-1_habitat_the_src_to,0.0
ad12_DOSMA_issues,ad12_DOSMA_issues.json,15,ad12,-1,-1_habitat_the_src_to,0.0
ad12_DOSMA_issues,ad12_DOSMA_issues.json,14,ad12,-1,-1_habitat_the_src_to,0.0
ad12_DOSMA_issues,ad12_DOSMA_issues.json,12,ad12,-1,-1_habitat_the_src_to,0.0
ad12_DOSMA_issues,ad12_DOSMA_issues.json,8,ad12,-1,-1_habitat_the_src_to,0.0
ad12_DOSMA_issues,ad12_DOSMA_issues.json,6,ad12,-1,-1_habitat_the_src_to,0.0
ad12_DOSMA_issues,ad12_DOSMA_issues.json,4,ad12,13,13_license_demo_lichess_this,0.6117461413682612
ad12_DOSMA_issues,ad12_DOSMA_issues.json,3,ad12,-1,-1_habitat_the_src_to,0.0
ad12_DOSMA_issues,ad12_DOSMA_issues.json,2,ad12,29,29_coco_lmdb_761_caffe,0.960658239421165
ad12_DOSMA_issues,ad12_DOSMA_issues.json,1,ad12,0,0_model_modelmanager_serving_server,0.5669053774022422
alex04072000_CyclicGen_issues,alex04072000_CyclicGen_issues.json,14,"Sun123-fei, xiaozhi2015",6,6_trained_model_pretrained_you,0.5803024006622081
alex04072000_CyclicGen_issues,alex04072000_CyclicGen_issues.json,13,14ashray,-1,-1_habitat_the_src_to,0.0
alex04072000_CyclicGen_issues,alex04072000_CyclicGen_issues.json,12,dilipv09,-1,-1_habitat_the_src_to,0.0
alex04072000_CyclicGen_issues,alex04072000_CyclicGen_issues.json,11,"arianaa30, fmbao",-1,-1_habitat_the_src_to,0.0
alex04072000_CyclicGen_issues,alex04072000_CyclicGen_issues.json,10,KindleHe,-1,-1_habitat_the_src_to,0.0
alex04072000_CyclicGen_issues,alex04072000_CyclicGen_issues.json,9,"alex04072000, MintcakeDotCom",-1,-1_habitat_the_src_to,0.0
alex04072000_CyclicGen_issues,alex04072000_CyclicGen_issues.json,8,"alex04072000, mrchizx",7,7_the_layer_loss_pytorch,0.7793151259757862
alex04072000_CyclicGen_issues,alex04072000_CyclicGen_issues.json,7,minhmanho,-1,-1_habitat_the_src_to,0.0
alex04072000_CyclicGen_issues,alex04072000_CyclicGen_issues.json,6,"alex04072000, lzhangbj",10,10_dataset_download_datasets_you,0.30982949693721734
alex04072000_CyclicGen_issues,alex04072000_CyclicGen_issues.json,5,"alex04072000, hhhhhumengshun, treammm",-1,-1_habitat_the_src_to,0.0
alex04072000_CyclicGen_issues,alex04072000_CyclicGen_issues.json,4,"alex04072000, cjcjlin",-1,-1_habitat_the_src_to,0.0
alex04072000_CyclicGen_issues,alex04072000_CyclicGen_issues.json,3,l2009312042,30,30_training_predict_save_stop,0.7217689969634089
alex04072000_CyclicGen_issues,alex04072000_CyclicGen_issues.json,2,"alex04072000, YaoooLiang",16,16_l2_mult_param_bottom,1.0
alex04072000_CyclicGen_issues,alex04072000_CyclicGen_issues.json,1,"alex04072000, scholltan, YaoooLiang",-1,-1_habitat_the_src_to,0.0
alvarowolfx_gcloud-iot-edge-tensorflow_issues,alvarowolfx_gcloud-iot-edge-tensorflow_issues.json,19,"liuqianjin, ioeshu",-1,-1_habitat_the_src_to,0.0
alvarowolfx_gcloud-iot-edge-tensorflow_issues,alvarowolfx_gcloud-iot-edge-tensorflow_issues.json,10,schmeckm,-1,-1_habitat_the_src_to,0.0
alvarowolfx_gcloud-iot-edge-tensorflow_issues,alvarowolfx_gcloud-iot-edge-tensorflow_issues.json,2,ravirajpatil25,-1,-1_habitat_the_src_to,0.0
alvarowolfx_gcloud-iot-edge-tensorflow_issues,alvarowolfx_gcloud-iot-edge-tensorflow_issues.json,1,"Naman9639, alvarowolfx",45,45_simplification_code_available_degree,0.8312973371571772
americofmoliveira_VesselSegmentation_ESWA_issues,americofmoliveira_VesselSegmentation_ESWA_issues.json,6,SHIJIE0313,13,13_license_demo_lichess_this,0.6126875467053915
americofmoliveira_VesselSegmentation_ESWA_issues,americofmoliveira_VesselSegmentation_ESWA_issues.json,5,"americofmoliveira, ZM-J, izhangh",6,6_trained_model_pretrained_you,0.7798149756254243
americofmoliveira_VesselSegmentation_ESWA_issues,americofmoliveira_VesselSegmentation_ESWA_issues.json,4,desti-nation,6,6_trained_model_pretrained_you,1.0
americofmoliveira_VesselSegmentation_ESWA_issues,americofmoliveira_VesselSegmentation_ESWA_issues.json,3,"lantiga, americofmoliveira",13,13_license_demo_lichess_this,1.0
americofmoliveira_VesselSegmentation_ESWA_issues,americofmoliveira_VesselSegmentation_ESWA_issues.json,2,"americofmoliveira, desti-nation, aakash-saboo",19,19_sensor_sim_habitat_spec,0.5084090823002748
americofmoliveira_VesselSegmentation_ESWA_issues,americofmoliveira_VesselSegmentation_ESWA_issues.json,1,"americofmoliveira, wellescastro",45,45_simplification_code_available_degree,1.0
angetato_Optimizers-for-Tensorflow_issues,angetato_Optimizers-for-Tensorflow_issues.json,3,Crane1043778796,16,16_l2_mult_param_bottom,0.9888342164756113
angetato_Optimizers-for-Tensorflow_issues,angetato_Optimizers-for-Tensorflow_issues.json,2,"btahir, angetato",-1,-1_habitat_the_src_to,0.0
angetato_Optimizers-for-Tensorflow_issues,angetato_Optimizers-for-Tensorflow_issues.json,1,"Oussamab21, angetato",16,16_l2_mult_param_bottom,0.8845478654945008
ankur219_ECG-Arrhythmia-classification_issues,ankur219_ECG-Arrhythmia-classification_issues.json,11,Wilbur0912,41,41_td_tr_niy_microic,1.0
ankur219_ECG-Arrhythmia-classification_issues,ankur219_ECG-Arrhythmia-classification_issues.json,10,Wilbur0912,0,0_model_modelmanager_serving_server,0.39658506140712096
ankur219_ECG-Arrhythmia-classification_issues,ankur219_ECG-Arrhythmia-classification_issues.json,9,Zbalabal,15,15_tensor_at_task_datarep,0.6199273310421443
ankur219_ECG-Arrhythmia-classification_issues,ankur219_ECG-Arrhythmia-classification_issues.json,8,"fan9704, bzsgbq",13,13_license_demo_lichess_this,0.5752478762397747
ankur219_ECG-Arrhythmia-classification_issues,ankur219_ECG-Arrhythmia-classification_issues.json,7,"Daheess, mrdand",-1,-1_habitat_the_src_to,0.0
ankur219_ECG-Arrhythmia-classification_issues,ankur219_ECG-Arrhythmia-classification_issues.json,6,"happysheep224, bluecamel",25,25_h5py_self_py_keras,0.9805243057197934
ankur219_ECG-Arrhythmia-classification_issues,ankur219_ECG-Arrhythmia-classification_issues.json,5,"windowshopr, Yeafun, bzsgbq, bluecamel",-1,-1_habitat_the_src_to,0.0
ankur219_ECG-Arrhythmia-classification_issues,ankur219_ECG-Arrhythmia-classification_issues.json,4,"prodanovann, DANNALI35",-1,-1_habitat_the_src_to,0.0
ankur219_ECG-Arrhythmia-classification_issues,ankur219_ECG-Arrhythmia-classification_issues.json,3,ghadayoussef,-1,-1_habitat_the_src_to,0.0
ankur219_ECG-Arrhythmia-classification_issues,ankur219_ECG-Arrhythmia-classification_issues.json,2,"jigar786, nikhil-elayath, ankur219, robertavram-md, juniorcoder34",25,25_h5py_self_py_keras,1.0
ankur219_ECG-Arrhythmia-classification_issues,ankur219_ECG-Arrhythmia-classification_issues.json,1,"Jay2201, lorenzobrusco, carlosurena",6,6_trained_model_pretrained_you,0.8792069155246645
AVAuco_laeonet_issues,AVAuco_laeonet_issues.json,4,"RSKothari, mjmarin",-1,-1_habitat_the_src_to,0.0
AVAuco_laeonet_issues,AVAuco_laeonet_issues.json,3,"RSKothari, mjmarin",17,17_memory_gpu_batch_size,1.0
AVAuco_laeonet_issues,AVAuco_laeonet_issues.json,2,Hamiltonsjtu,45,45_simplification_code_available_degree,0.8732137014437765
AVAuco_laeonet_issues,AVAuco_laeonet_issues.json,1,taureanamir,-1,-1_habitat_the_src_to,0.0
bobbens_sketch_simplification_issues,bobbens_sketch_simplification_issues.json,22,harpavatkeerti,45,45_simplification_code_available_degree,0.7631816155454086
bobbens_sketch_simplification_issues,bobbens_sketch_simplification_issues.json,21,junguler,-1,-1_habitat_the_src_to,0.0
bobbens_sketch_simplification_issues,bobbens_sketch_simplification_issues.json,19,"mxllc, krummrey",45,45_simplification_code_available_degree,1.0
bobbens_sketch_simplification_issues,bobbens_sketch_simplification_issues.json,18,SandroChen,6,6_trained_model_pretrained_you,0.9818967474241349
bobbens_sketch_simplification_issues,bobbens_sketch_simplification_issues.json,15,b4zz4,-1,-1_habitat_the_src_to,0.0
bobbens_sketch_simplification_issues,bobbens_sketch_simplification_issues.json,14,nywang2019,6,6_trained_model_pretrained_you,1.0
bobbens_sketch_simplification_issues,bobbens_sketch_simplification_issues.json,13,"JJonesAtAvaya, ahuirecome",-1,-1_habitat_the_src_to,0.0
bobbens_sketch_simplification_issues,bobbens_sketch_simplification_issues.json,10,"bobbens, erikparr",-1,-1_habitat_the_src_to,0.0
bobbens_sketch_simplification_issues,bobbens_sketch_simplification_issues.json,9,"SeaOfOcean, bobbens",-1,-1_habitat_the_src_to,0.0
bobbens_sketch_simplification_issues,bobbens_sketch_simplification_issues.json,8,"bobbens, krummrey, ramilmsh, virtualritz, aidreamwin, ramgj28, Sushanthcheerla99",-1,-1_habitat_the_src_to,0.0
bobbens_sketch_simplification_issues,bobbens_sketch_simplification_issues.json,6,"ghaoziang, bobbens, json2d",-1,-1_habitat_the_src_to,0.0
bobbens_sketch_simplification_issues,bobbens_sketch_simplification_issues.json,5,"emma-sjwang, Yijunmaverick, sarahradial, bobbens",10,10_dataset_download_datasets_you,0.5982298658467333
bobbens_sketch_simplification_issues,bobbens_sketch_simplification_issues.json,4,"raul1968, jakubLangr, b-adkins, bobbens",36,36_images_ndf_the_netd,0.8209999109561782
bobbens_sketch_simplification_issues,bobbens_sketch_simplification_issues.json,3,"sherkwast, bobbens",47,47_whu_apps_00000000_00,1.0
bobbens_sketch_simplification_issues,bobbens_sketch_simplification_issues.json,2,"lxfly2000, bobbens, tiwawan, dmitriy-kisil, lcxxxiii, Alextorres325, noobgrow",-1,-1_habitat_the_src_to,0.0
bobbens_sketch_simplification_issues,bobbens_sketch_simplification_issues.json,1,"bobbens, b4zz4, DifanLiu, ygren, Gabrielnero000, laoxihongshi",17,17_memory_gpu_batch_size,0.7882402594663731
breeko_spypy_issues,breeko_spypy_issues.json,1,"breeko, gemaizi",-1,-1_habitat_the_src_to,0.0
cgnorthcutt_benchmarking-keras-pytorch_issues,cgnorthcutt_benchmarking-keras-pytorch_issues.json,8,sayakpaul,-1,-1_habitat_the_src_to,0.0
cgnorthcutt_benchmarking-keras-pytorch_issues,cgnorthcutt_benchmarking-keras-pytorch_issues.json,4,rwightman,7,7_the_layer_loss_pytorch,0.7793151259757862
cgnorthcutt_benchmarking-keras-pytorch_issues,cgnorthcutt_benchmarking-keras-pytorch_issues.json,3,"rwightman, ozabluda, ankmathur96, cgnorthcutt",7,7_the_layer_loss_pytorch,1.0
cgnorthcutt_benchmarking-keras-pytorch_issues,cgnorthcutt_benchmarking-keras-pytorch_issues.json,1,"cgnorthcutt, jiqiujia",7,7_the_layer_loss_pytorch,0.8982202653823156
ClarityCafe_Ivy_issues,ClarityCafe_Ivy_issues.json,10,"FederalX, sr229",15,15_tensor_at_task_datarep,0.9446927734054423
ClarityCafe_Ivy_issues,ClarityCafe_Ivy_issues.json,9,sr229,24,24_urduhack_text_word_sentence,0.879869809614616
ClarityCafe_Ivy_issues,ClarityCafe_Ivy_issues.json,8,sr229,20,20_embedding_audio_openl3_we,0.19435378397048858
ClarityCafe_Ivy_issues,ClarityCafe_Ivy_issues.json,7,sr229,-1,-1_habitat_the_src_to,0.0
ClarityCafe_Ivy_issues,ClarityCafe_Ivy_issues.json,6,sr229,-1,-1_habitat_the_src_to,0.0
ClarityCafe_Ivy_issues,ClarityCafe_Ivy_issues.json,5,"IronworksProductions, sr229",-1,-1_habitat_the_src_to,0.0
ClarityCafe_Ivy_issues,ClarityCafe_Ivy_issues.json,4,sr229,15,15_tensor_at_task_datarep,0.7230341614457991
ClarityCafe_Ivy_issues,ClarityCafe_Ivy_issues.json,3,sr229,2,2_code2vec_java_the_javaextractor,0.31872932542409516
ClarityCafe_Ivy_issues,ClarityCafe_Ivy_issues.json,2,sr229,24,24_urduhack_text_word_sentence,0.17715605871823056
ClarityCafe_Ivy_issues,ClarityCafe_Ivy_issues.json,1,sr229,-1,-1_habitat_the_src_to,0.0
clarkerubber_irwin_issues,clarkerubber_irwin_issues.json,26,054545641,-1,-1_habitat_the_src_to,0.0
clarkerubber_irwin_issues,clarkerubber_irwin_issues.json,25,ghost,27,27_tensorflow_keras_tf_py,0.6696578925133811
clarkerubber_irwin_issues,clarkerubber_irwin_issues.json,22,"styborski1, scchess, anuchandra",13,13_license_demo_lichess_this,0.48260454724883356
clarkerubber_irwin_issues,clarkerubber_irwin_issues.json,20,Mrugenndra,13,13_license_demo_lichess_this,0.5229980005421411
clarkerubber_irwin_issues,clarkerubber_irwin_issues.json,19,neel2299,-1,-1_habitat_the_src_to,0.0
clarkerubber_irwin_issues,clarkerubber_irwin_issues.json,17,"jirislav, niklasf",-1,-1_habitat_the_src_to,0.0
clarkerubber_irwin_issues,clarkerubber_irwin_issues.json,14,"ornicar, ComputeShader, B-Esmaili",13,13_license_demo_lichess_this,0.4844489785483538
clarkerubber_irwin_issues,clarkerubber_irwin_issues.json,11,elsharkawey,-1,-1_habitat_the_src_to,0.0
clarkerubber_irwin_issues,clarkerubber_irwin_issues.json,10,"DrNixx, elsharkawey, rainydew, pbx, gbtami, Waxmatuct, pizzalord22",15,15_tensor_at_task_datarep,0.6697470224525871
clarkerubber_irwin_issues,clarkerubber_irwin_issues.json,7,"ShailChoksi, ddugovic",-1,-1_habitat_the_src_to,0.0
clarkerubber_irwin_issues,clarkerubber_irwin_issues.json,1,"Calinou, clarkerubber",13,13_license_demo_lichess_this,1.0
clemkoa_tooth-detection_issues,clemkoa_tooth-detection_issues.json,32,thucth-qt,10,10_dataset_download_datasets_you,0.8317025096911278
clemkoa_tooth-detection_issues,clemkoa_tooth-detection_issues.json,31,Deep-ghosty,10,10_dataset_download_datasets_you,1.0
clemkoa_tooth-detection_issues,clemkoa_tooth-detection_issues.json,30,NoahOksuz,10,10_dataset_download_datasets_you,0.9995935592129465
clemkoa_tooth-detection_issues,clemkoa_tooth-detection_issues.json,29,"shashankshirke, QiuDingQian, Sofia-Oles, clemkoa",10,10_dataset_download_datasets_you,1.0
clemkoa_tooth-detection_issues,clemkoa_tooth-detection_issues.json,28,"sarmientoj24, clemkoa",6,6_trained_model_pretrained_you,1.0
clemkoa_tooth-detection_issues,clemkoa_tooth-detection_issues.json,27,"clemkoa, krekiehn",6,6_trained_model_pretrained_you,1.0
clemkoa_tooth-detection_issues,clemkoa_tooth-detection_issues.json,26,"clemkoa, krekiehn",10,10_dataset_download_datasets_you,0.7751638627754025
clemkoa_tooth-detection_issues,clemkoa_tooth-detection_issues.json,25,khoaphp,-1,-1_habitat_the_src_to,0.0
clemkoa_tooth-detection_issues,clemkoa_tooth-detection_issues.json,24,"tuvovan, clemkoa",10,10_dataset_download_datasets_you,1.0
clemkoa_tooth-detection_issues,clemkoa_tooth-detection_issues.json,23,goktugbacanli,-1,-1_habitat_the_src_to,0.0
clemkoa_tooth-detection_issues,clemkoa_tooth-detection_issues.json,21,"AndrzejRPiotrowski, goodengineer, ab7z, clemkoa",-1,-1_habitat_the_src_to,0.0
clemkoa_tooth-detection_issues,clemkoa_tooth-detection_issues.json,20,mynameisvinn,10,10_dataset_download_datasets_you,0.8659444228966307
clemkoa_tooth-detection_issues,clemkoa_tooth-detection_issues.json,19,"javkhlant, clemkoa",-1,-1_habitat_the_src_to,0.0
clemkoa_tooth-detection_issues,clemkoa_tooth-detection_issues.json,18,"elle86a, clemkoa",10,10_dataset_download_datasets_you,1.0
clemkoa_tooth-detection_issues,clemkoa_tooth-detection_issues.json,15,"elle86a, imransalam, clemkoa",10,10_dataset_download_datasets_you,1.0
clemkoa_tooth-detection_issues,clemkoa_tooth-detection_issues.json,12,"kprc369, clemkoa",-1,-1_habitat_the_src_to,0.0
clemkoa_tooth-detection_issues,clemkoa_tooth-detection_issues.json,11,"m3r3lin, clemkoa",10,10_dataset_download_datasets_you,0.5231414316766684
clemkoa_tooth-detection_issues,clemkoa_tooth-detection_issues.json,10,"hbiancot13, cpoptic, clemkoa",-1,-1_habitat_the_src_to,0.0
clemkoa_tooth-detection_issues,clemkoa_tooth-detection_issues.json,9,"alohaguy808, clemkoa",6,6_trained_model_pretrained_you,1.0
clemkoa_tooth-detection_issues,clemkoa_tooth-detection_issues.json,8,"pradeepvarma22, clemkoa, pradeep1569",-1,-1_habitat_the_src_to,0.0
clemkoa_tooth-detection_issues,clemkoa_tooth-detection_issues.json,7,"clemkoa, CAOLINAN",-1,-1_habitat_the_src_to,0.0
clemkoa_tooth-detection_issues,clemkoa_tooth-detection_issues.json,4,xyzdcgan,10,10_dataset_download_datasets_you,1.0
clemkoa_tooth-detection_issues,clemkoa_tooth-detection_issues.json,2,"notnil, clemkoa",-1,-1_habitat_the_src_to,0.0
dair-iitd_BossNet_issues,dair-iitd_BossNet_issues.json,2,caijie12138,25,25_h5py_self_py_keras,1.0
deep-learning-for-humans_fontastic_issues,deep-learning-for-humans_fontastic_issues.json,8,raghothams,-1,-1_habitat_the_src_to,0.0
dougsm_ggcnn_issues,dougsm_ggcnn_issues.json,61,Anmol-002,13,13_license_demo_lichess_this,1.0
dougsm_ggcnn_issues,dougsm_ggcnn_issues.json,60,"t-272, Anmol-002",40,40_grasp_the_ggcnn_depth,1.0
dougsm_ggcnn_issues,dougsm_ggcnn_issues.json,59,"t-272, xiaoming-gong, zsgwq, laplace-beauty",-1,-1_habitat_the_src_to,0.0
dougsm_ggcnn_issues,dougsm_ggcnn_issues.json,58,t-272,-1,-1_habitat_the_src_to,0.0
dougsm_ggcnn_issues,dougsm_ggcnn_issues.json,57,"normajeane-m, kalyanksk, Anmol-002",-1,-1_habitat_the_src_to,0.0
dougsm_ggcnn_issues,dougsm_ggcnn_issues.json,56,gplminhduc147,-1,-1_habitat_the_src_to,0.0
dougsm_ggcnn_issues,dougsm_ggcnn_issues.json,55,Hongbo-Z,7,7_the_layer_loss_pytorch,0.6979038575999132
dougsm_ggcnn_issues,dougsm_ggcnn_issues.json,54,"yananliusdu, dougsm",40,40_grasp_the_ggcnn_depth,1.0
dougsm_ggcnn_issues,dougsm_ggcnn_issues.json,53,aakaash06,-1,-1_habitat_the_src_to,0.0
dougsm_ggcnn_issues,dougsm_ggcnn_issues.json,52,"Hongbo-Z, YangXuanyi, kerwinwanga, JerryZhang24",-1,-1_habitat_the_src_to,0.0
dougsm_ggcnn_issues,dougsm_ggcnn_issues.json,51,"CodeKingWang, Hongbo-Z, dougsm",36,36_images_ndf_the_netd,0.8328396859433367
dougsm_ggcnn_issues,dougsm_ggcnn_issues.json,50,CodeKingWang,-1,-1_habitat_the_src_to,0.0
dougsm_ggcnn_issues,dougsm_ggcnn_issues.json,49,linjuechu,-1,-1_habitat_the_src_to,0.0
dougsm_ggcnn_issues,dougsm_ggcnn_issues.json,48,linjuechu,-1,-1_habitat_the_src_to,0.0
dougsm_ggcnn_issues,dougsm_ggcnn_issues.json,47,linjuechu,-1,-1_habitat_the_src_to,0.0
dougsm_ggcnn_issues,dougsm_ggcnn_issues.json,46,"OliviaNocentini, dougsm",-1,-1_habitat_the_src_to,0.0
dougsm_ggcnn_issues,dougsm_ggcnn_issues.json,45,"Demoyuge, jdrew1303",-1,-1_habitat_the_src_to,0.0
dougsm_ggcnn_issues,dougsm_ggcnn_issues.json,44,"Hongbo-Z, dougsm",-1,-1_habitat_the_src_to,0.0
dougsm_ggcnn_issues,dougsm_ggcnn_issues.json,43,"thk8181, dougsm",-1,-1_habitat_the_src_to,0.0
dougsm_ggcnn_issues,dougsm_ggcnn_issues.json,42,OranHe,-1,-1_habitat_the_src_to,0.0
dougsm_ggcnn_issues,dougsm_ggcnn_issues.json,41,kch0127,16,16_l2_mult_param_bottom,0.7311574853807604
dougsm_ggcnn_issues,dougsm_ggcnn_issues.json,40,"OranHe, dougsm",10,10_dataset_download_datasets_you,0.6376020786267947
dougsm_ggcnn_issues,dougsm_ggcnn_issues.json,39,"thk8181, dougsm",-1,-1_habitat_the_src_to,0.0
dougsm_ggcnn_issues,dougsm_ggcnn_issues.json,38,"luaisi, CHDrago, xiaofeiso",-1,-1_habitat_the_src_to,0.0
dougsm_ggcnn_issues,dougsm_ggcnn_issues.json,37,"74284853, HanwenCao",16,16_l2_mult_param_bottom,0.7375716644122
dougsm_ggcnn_issues,dougsm_ggcnn_issues.json,36,catisthebest,16,16_l2_mult_param_bottom,1.0
dougsm_ggcnn_issues,dougsm_ggcnn_issues.json,35,"soongjian, silver60229, Janx1913",10,10_dataset_download_datasets_you,0.7673368520813483
dougsm_ggcnn_issues,dougsm_ggcnn_issues.json,34,"dougsm, kendj-staff",40,40_grasp_the_ggcnn_depth,0.45862682418757855
dougsm_ggcnn_issues,dougsm_ggcnn_issues.json,33,HanwenCao,-1,-1_habitat_the_src_to,0.0
dougsm_ggcnn_issues,dougsm_ggcnn_issues.json,32,"Zhangeaky, dougsm",-1,-1_habitat_the_src_to,0.0
dougsm_ggcnn_issues,dougsm_ggcnn_issues.json,31,"priyashkla, dougsm",3,3_camera_agent_sensor_rotation,0.6215933352825878
dougsm_ggcnn_issues,dougsm_ggcnn_issues.json,30,"trungpham2606, dougsm",6,6_trained_model_pretrained_you,0.5504611151763682
dougsm_ggcnn_issues,dougsm_ggcnn_issues.json,29,"caiobarrosv2, dougsm",40,40_grasp_the_ggcnn_depth,1.0
dougsm_ggcnn_issues,dougsm_ggcnn_issues.json,28,"aakaash06, dougsm, SWEETYT",40,40_grasp_the_ggcnn_depth,0.5572334736010152
dougsm_ggcnn_issues,dougsm_ggcnn_issues.json,27,"ancorasir, trungpham2606, dougsm",6,6_trained_model_pretrained_you,0.577775780937421
dougsm_ggcnn_issues,dougsm_ggcnn_issues.json,26,"Steve-Mq, dougsm",-1,-1_habitat_the_src_to,0.0
dougsm_ggcnn_issues,dougsm_ggcnn_issues.json,25,"dougsm, leo4707",40,40_grasp_the_ggcnn_depth,1.0
dougsm_ggcnn_issues,dougsm_ggcnn_issues.json,24,"dougsm, leo4707",7,7_the_layer_loss_pytorch,0.6671864381372546
dougsm_ggcnn_issues,dougsm_ggcnn_issues.json,23,"dougsm, Cheniitt",-1,-1_habitat_the_src_to,0.0
dougsm_ggcnn_issues,dougsm_ggcnn_issues.json,22,"WHGang, dougsm",-1,-1_habitat_the_src_to,0.0
dougsm_ggcnn_issues,dougsm_ggcnn_issues.json,21,"dougsm, nlmenezes",40,40_grasp_the_ggcnn_depth,1.0
dougsm_ggcnn_issues,dougsm_ggcnn_issues.json,20,"ruinianxu, dougsm",-1,-1_habitat_the_src_to,0.0
dougsm_ggcnn_issues,dougsm_ggcnn_issues.json,19,"pranav2481, dougsm",-1,-1_habitat_the_src_to,0.0
dougsm_ggcnn_issues,dougsm_ggcnn_issues.json,18,"ruinianxu, dougsm",10,10_dataset_download_datasets_you,0.7745441160165615
dougsm_ggcnn_issues,dougsm_ggcnn_issues.json,17,"dougsm, yongxf",40,40_grasp_the_ggcnn_depth,1.0
dougsm_ggcnn_issues,dougsm_ggcnn_issues.json,16,"OliviaNocentini, dougsm",-1,-1_habitat_the_src_to,0.0
dougsm_ggcnn_issues,dougsm_ggcnn_issues.json,14,"frinklai, dougsm",-1,-1_habitat_the_src_to,0.0
dougsm_ggcnn_issues,dougsm_ggcnn_issues.json,13,WuXingrui,-1,-1_habitat_the_src_to,0.0
dougsm_ggcnn_issues,dougsm_ggcnn_issues.json,12,"seivazi, WuXingrui, dougsm, wjydou",-1,-1_habitat_the_src_to,0.0
dougsm_ggcnn_issues,dougsm_ggcnn_issues.json,11,"dougsm, Yanxing-Shi",-1,-1_habitat_the_src_to,0.0
dougsm_ggcnn_issues,dougsm_ggcnn_issues.json,10,"youkenhou, dougsm, jundengdeng",40,40_grasp_the_ggcnn_depth,1.0
dougsm_ggcnn_issues,dougsm_ggcnn_issues.json,9,"youkenhou, dougsm",-1,-1_habitat_the_src_to,0.0
dougsm_ggcnn_issues,dougsm_ggcnn_issues.json,8,"weiwuhuhu, TangBoheng, dougsm",-1,-1_habitat_the_src_to,0.0
dougsm_ggcnn_issues,dougsm_ggcnn_issues.json,7,"Marcelbgit, dougsm",40,40_grasp_the_ggcnn_depth,1.0
dougsm_ggcnn_issues,dougsm_ggcnn_issues.json,6,"dougsm, wjydou",40,40_grasp_the_ggcnn_depth,1.0
dougsm_ggcnn_issues,dougsm_ggcnn_issues.json,5,"jinhuan-hit, dougsm",-1,-1_habitat_the_src_to,0.0
dougsm_ggcnn_issues,dougsm_ggcnn_issues.json,4,"lx-onism, dougsm",40,40_grasp_the_ggcnn_depth,1.0
dougsm_ggcnn_issues,dougsm_ggcnn_issues.json,3,"dougsm, 1329844541",-1,-1_habitat_the_src_to,0.0
dougsm_ggcnn_issues,dougsm_ggcnn_issues.json,2,"dougsm, Tony-TF",25,25_h5py_self_py_keras,0.9270460278363669
dougsm_ggcnn_issues,dougsm_ggcnn_issues.json,1,"ShunIto2015, dougsm",52,52_time_mxnet_training_you,1.0
dougsm_mvp_grasp_issues,dougsm_mvp_grasp_issues.json,47,HaithamRYaghi,-1,-1_habitat_the_src_to,0.0
dougsm_mvp_grasp_issues,dougsm_mvp_grasp_issues.json,39,"jianchaoci, dougsm",-1,-1_habitat_the_src_to,0.0
dougsm_mvp_grasp_issues,dougsm_mvp_grasp_issues.json,37,fkendlessly,-1,-1_habitat_the_src_to,0.0
dougsm_mvp_grasp_issues,dougsm_mvp_grasp_issues.json,32,Penguuuuin,15,15_tensor_at_task_datarep,0.6974394940258938
dougsm_mvp_grasp_issues,dougsm_mvp_grasp_issues.json,30,jackhuu,-1,-1_habitat_the_src_to,0.0
dougsm_mvp_grasp_issues,dougsm_mvp_grasp_issues.json,27,"caijunhao, dougsm, alisonjpp, bibbygoodwin",3,3_camera_agent_sensor_rotation,0.7899266924824928
dougsm_mvp_grasp_issues,dougsm_mvp_grasp_issues.json,23,JhuaDuan,5,5_egl_habitat_nvidia_cuda,0.4958631214340503
dougsm_mvp_grasp_issues,dougsm_mvp_grasp_issues.json,22,207900368,-1,-1_habitat_the_src_to,0.0
dougsm_mvp_grasp_issues,dougsm_mvp_grasp_issues.json,21,"mkt1412, Assets01, phuicy",28,28_urdf_collision_the_robot,1.0
dougsm_mvp_grasp_issues,dougsm_mvp_grasp_issues.json,20,"dougsm, Assets01",-1,-1_habitat_the_src_to,0.0
dougsm_mvp_grasp_issues,dougsm_mvp_grasp_issues.json,19,"seivazi, phuicy",-1,-1_habitat_the_src_to,0.0
dougsm_mvp_grasp_issues,dougsm_mvp_grasp_issues.json,18,"honghongzhenbang, dougsm",-1,-1_habitat_the_src_to,0.0
dougsm_mvp_grasp_issues,dougsm_mvp_grasp_issues.json,17,"aPonza, dougsm, HanwenCao, fkendlessly",-1,-1_habitat_the_src_to,0.0
dougsm_mvp_grasp_issues,dougsm_mvp_grasp_issues.json,15,"seivazi, dougsm",-1,-1_habitat_the_src_to,0.0
dougsm_mvp_grasp_issues,dougsm_mvp_grasp_issues.json,14,"seivazi, dougsm",-1,-1_habitat_the_src_to,0.0
dougsm_mvp_grasp_issues,dougsm_mvp_grasp_issues.json,13,"seivazi, dougsm",-1,-1_habitat_the_src_to,0.0
dougsm_mvp_grasp_issues,dougsm_mvp_grasp_issues.json,12,"seivazi, dougsm",-1,-1_habitat_the_src_to,0.0
dougsm_mvp_grasp_issues,dougsm_mvp_grasp_issues.json,11,"seivazi, aPonza",-1,-1_habitat_the_src_to,0.0
dougsm_mvp_grasp_issues,dougsm_mvp_grasp_issues.json,9,"seivazi, dougsm",26,26_i0906_20224_vec_07,0.5786571501999236
dougsm_mvp_grasp_issues,dougsm_mvp_grasp_issues.json,8,"seivazi, aPonza, dougsm",-1,-1_habitat_the_src_to,0.0
dougsm_mvp_grasp_issues,dougsm_mvp_grasp_issues.json,7,"seivazi, mkt1412, dougsm",26,26_i0906_20224_vec_07,0.622540341486343
dougsm_mvp_grasp_issues,dougsm_mvp_grasp_issues.json,5,"seivazi, aPonza, dougsm",27,27_tensorflow_keras_tf_py,0.6905873419311123
dougsm_mvp_grasp_issues,dougsm_mvp_grasp_issues.json,4,"seivazi, dougsm",-1,-1_habitat_the_src_to,0.0
dougsm_mvp_grasp_issues,dougsm_mvp_grasp_issues.json,3,"seivazi, dougsm",26,26_i0906_20224_vec_07,0.622540341486343
dougsm_mvp_grasp_issues,dougsm_mvp_grasp_issues.json,2,"seivazi, dougsm",5,5_egl_habitat_nvidia_cuda,0.4562503003320354
dvgodoy_deepreplay_issues,dvgodoy_deepreplay_issues.json,29,"MaryamGolchin, Amir-Reza-Sadri, lucianovilasboas, dvgodoy",25,25_h5py_self_py_keras,0.9703040809794705
dvgodoy_deepreplay_issues,dvgodoy_deepreplay_issues.json,28,"dvgodoy, clevilll",25,25_h5py_self_py_keras,0.891554442631765
dvgodoy_deepreplay_issues,dvgodoy_deepreplay_issues.json,23,"dvgodoy, nfitch3",27,27_tensorflow_keras_tf_py,0.987674719082092
dvgodoy_deepreplay_issues,dvgodoy_deepreplay_issues.json,20,zszazi,42,42_acc_val_epoch_loss,0.8832013021932582
dvgodoy_deepreplay_issues,dvgodoy_deepreplay_issues.json,18,"dvgodoy, clevilll",-1,-1_habitat_the_src_to,0.0
dvgodoy_deepreplay_issues,dvgodoy_deepreplay_issues.json,17,"Raukk, dvgodoy",-1,-1_habitat_the_src_to,0.0
dvgodoy_deepreplay_issues,dvgodoy_deepreplay_issues.json,16,"dvgodoy, lubu-Alex",7,7_the_layer_loss_pytorch,0.7185599865677857
dvgodoy_deepreplay_issues,dvgodoy_deepreplay_issues.json,15,"mariamjumoke, dvgodoy",-1,-1_habitat_the_src_to,0.0
dvgodoy_deepreplay_issues,dvgodoy_deepreplay_issues.json,14,"dvgodoy, vivekpd15",44,44_own_dataset_images_train,0.8699293075341955
dvgodoy_deepreplay_issues,dvgodoy_deepreplay_issues.json,13,"dvgodoy, BWallyn",-1,-1_habitat_the_src_to,0.0
dvgodoy_deepreplay_issues,dvgodoy_deepreplay_issues.json,9,albb762,-1,-1_habitat_the_src_to,0.0
eatsleepraverepeat_emusic_net_issues,eatsleepraverepeat_emusic_net_issues.json,1,"eatsleepraverepeat, tools-only",10,10_dataset_download_datasets_you,0.44455241320236516
ethanwharris_STAWM_issues,ethanwharris_STAWM_issues.json,3,"ethanwharris, ifgovh",-1,-1_habitat_the_src_to,0.0
ethanwharris_STAWM_issues,ethanwharris_STAWM_issues.json,2,"Hirohong21, ethanwharris",-1,-1_habitat_the_src_to,0.0
ethanwharris_STAWM_issues,ethanwharris_STAWM_issues.json,1,"ghost, pkulangzi",45,45_simplification_code_available_degree,1.0
facebookresearch_habitat-sim_issues,facebookresearch_habitat-sim_issues.json,2594,Catchip,5,5_egl_habitat_nvidia_cuda,0.2773477645424621
facebookresearch_habitat-sim_issues,facebookresearch_habitat-sim_issues.json,2593,fubai-666,5,5_egl_habitat_nvidia_cuda,0.5773742975615298
facebookresearch_habitat-sim_issues,facebookresearch_habitat-sim_issues.json,2591,paaamul,-1,-1_habitat_the_src_to,0.0
facebookresearch_habitat-sim_issues,facebookresearch_habitat-sim_issues.json,2590,"Billxgy, manainszu",5,5_egl_habitat_nvidia_cuda,0.7220550993427125
facebookresearch_habitat-sim_issues,facebookresearch_habitat-sim_issues.json,2589,mahnoor-fatima-saad,-1,-1_habitat_the_src_to,0.0
facebookresearch_habitat-sim_issues,facebookresearch_habitat-sim_issues.json,2587,tju-dhj,-1,-1_habitat_the_src_to,0.0
facebookresearch_habitat-sim_issues,facebookresearch_habitat-sim_issues.json,2586,F2974,5,5_egl_habitat_nvidia_cuda,0.46162831522143616
facebookresearch_habitat-sim_issues,facebookresearch_habitat-sim_issues.json,2584,nobeldang,3,3_camera_agent_sensor_rotation,0.94770704363151
facebookresearch_habitat-sim_issues,facebookresearch_habitat-sim_issues.json,2583,"shiven2001, marcelprasetyo, PrayujS",5,5_egl_habitat_nvidia_cuda,0.603089830839387
facebookresearch_habitat-sim_issues,facebookresearch_habitat-sim_issues.json,2582,"brokensnow2, pangpanglonggithub",5,5_egl_habitat_nvidia_cuda,0.7747829051587402
facebookresearch_habitat-sim_issues,facebookresearch_habitat-sim_issues.json,2581,yichenzeng24,-1,-1_habitat_the_src_to,0.0
facebookresearch_habitat-sim_issues,facebookresearch_habitat-sim_issues.json,2580,missTL,-1,-1_habitat_the_src_to,0.0
facebookresearch_habitat-sim_issues,facebookresearch_habitat-sim_issues.json,2579,"dierfeichai2, Oshwiciqwq, EpochHIT",5,5_egl_habitat_nvidia_cuda,0.44643909184424385
facebookresearch_habitat-sim_issues,facebookresearch_habitat-sim_issues.json,2578,"JHY491, marcelprasetyo, singhsegv, Jwonno, XH-hlx, nehemiahjoel100",-1,-1_habitat_the_src_to,0.0
facebookresearch_habitat-sim_issues,facebookresearch_habitat-sim_issues.json,2577,"daqq-qqer, Benny3332",-1,-1_habitat_the_src_to,0.0
facebookresearch_habitat-sim_issues,facebookresearch_habitat-sim_issues.json,2576,"yourkln, evelinehong, RoseWillow, missTL",5,5_egl_habitat_nvidia_cuda,0.8250185964477978
facebookresearch_habitat-sim_issues,facebookresearch_habitat-sim_issues.json,2575,"M-A-S1, avegetablechicken",-1,-1_habitat_the_src_to,0.0
facebookresearch_habitat-sim_issues,facebookresearch_habitat-sim_issues.json,2571,"10-zin, HsinyuG",-1,-1_habitat_the_src_to,0.0
facebookresearch_habitat-sim_issues,facebookresearch_habitat-sim_issues.json,2570,licongfei001,23,23_navmesh_the_pathfinder_point,0.7537939877403025
facebookresearch_habitat-sim_issues,facebookresearch_habitat-sim_issues.json,2569,finnBsch,3,3_camera_agent_sensor_rotation,0.8668852055530815
facebookresearch_habitat-sim_issues,facebookresearch_habitat-sim_issues.json,2565,"FengMengguang, LuneExplorer",5,5_egl_habitat_nvidia_cuda,1.0
facebookresearch_habitat-sim_issues,facebookresearch_habitat-sim_issues.json,2564,"LiuXingZhi11, behappya",-1,-1_habitat_the_src_to,0.0
facebookresearch_habitat-sim_issues,facebookresearch_habitat-sim_issues.json,2563,"shuitatata, DuoChen-317",8,8_semantic_scene_id_sim,0.7183238853016842
facebookresearch_habitat-sim_issues,facebookresearch_habitat-sim_issues.json,2562,"0mdc, shuowang178, InkDeying",5,5_egl_habitat_nvidia_cuda,0.7220550993427125
facebookresearch_habitat-sim_issues,facebookresearch_habitat-sim_issues.json,2561,"0mdc, Eku127",5,5_egl_habitat_nvidia_cuda,0.5063550229550017
facebookresearch_habitat-sim_issues,facebookresearch_habitat-sim_issues.json,2560,"0mdc, RayDebjit, shuowang178",5,5_egl_habitat_nvidia_cuda,0.6102658883924978
facebookresearch_habitat-sim_issues,facebookresearch_habitat-sim_issues.json,2559,"0mdc, MinusOne2",-1,-1_habitat_the_src_to,0.0
facebookresearch_habitat-sim_issues,facebookresearch_habitat-sim_issues.json,2558,githubLeoliu,3,3_camera_agent_sensor_rotation,1.0
facebookresearch_habitat-sim_issues,facebookresearch_habitat-sim_issues.json,2557,"0mdc, John23336666",5,5_egl_habitat_nvidia_cuda,0.6496270242755403
facebookresearch_habitat-sim_issues,facebookresearch_habitat-sim_issues.json,2556,yanan1116,-1,-1_habitat_the_src_to,0.0
facebookresearch_habitat-sim_issues,facebookresearch_habitat-sim_issues.json,2554,"mattxgong, Likeooo, McGrady-175, LightwishWONG, 0mdc, aclegg3",5,5_egl_habitat_nvidia_cuda,1.0
facebookresearch_habitat-sim_issues,facebookresearch_habitat-sim_issues.json,2553,Roberyan,18,18_replica_ptexmeshdata_apartment_mesh,0.9669345019149405
facebookresearch_habitat-sim_issues,facebookresearch_habitat-sim_issues.json,2552,"psi0000, wangweicheng945",-1,-1_habitat_the_src_to,0.0
facebookresearch_habitat-sim_issues,facebookresearch_habitat-sim_issues.json,2550,"Lazy-boy193, tberg1234",-1,-1_habitat_the_src_to,0.0
facebookresearch_habitat-sim_issues,facebookresearch_habitat-sim_issues.json,2549,"Roberyan, Leikrit",3,3_camera_agent_sensor_rotation,1.0
facebookresearch_habitat-sim_issues,facebookresearch_habitat-sim_issues.json,2547,danieltmeta,-1,-1_habitat_the_src_to,0.0
facebookresearch_habitat-sim_issues,facebookresearch_habitat-sim_issues.json,2540,"drancon, sktalha68",-1,-1_habitat_the_src_to,0.0
facebookresearch_habitat-sim_issues,facebookresearch_habitat-sim_issues.json,2534,"Tttt91, XH-hlx, magengyu123, ZhipengWu1996",5,5_egl_habitat_nvidia_cuda,0.5149909967084132
facebookresearch_habitat-sim_issues,facebookresearch_habitat-sim_issues.json,2532,Redrain54,-1,-1_habitat_the_src_to,0.0
facebookresearch_habitat-sim_issues,facebookresearch_habitat-sim_issues.json,2529,"Yuxin916, bytepioneerX",21,21_conda_habitat_anaconda_sim,0.8485450989297723
facebookresearch_habitat-sim_issues,facebookresearch_habitat-sim_issues.json,2528,yichenzeng24,-1,-1_habitat_the_src_to,0.0
facebookresearch_habitat-sim_issues,facebookresearch_habitat-sim_issues.json,2527,"FengMengguang, zhangyu0110",5,5_egl_habitat_nvidia_cuda,0.4340955116809318
facebookresearch_habitat-sim_issues,facebookresearch_habitat-sim_issues.json,2526,nimafo,8,8_semantic_scene_id_sim,0.6952817990412147
facebookresearch_habitat-sim_issues,facebookresearch_habitat-sim_issues.json,2525,Benson722,8,8_semantic_scene_id_sim,0.7550512758554088
facebookresearch_habitat-sim_issues,facebookresearch_habitat-sim_issues.json,2524,"zamo24, zhai-create",-1,-1_habitat_the_src_to,0.0
facebookresearch_habitat-sim_issues,facebookresearch_habitat-sim_issues.json,2517,"renmjie, yihandai",11,11_command_deps_habitat_assimp,0.8814459595427231
facebookresearch_habitat-sim_issues,facebookresearch_habitat-sim_issues.json,2514,"missTL, evelinehong, zhai-create",5,5_egl_habitat_nvidia_cuda,0.8250185964477978
facebookresearch_habitat-sim_issues,facebookresearch_habitat-sim_issues.json,2510,"luyuanOo, panchalutsav",-1,-1_habitat_the_src_to,0.0
facebookresearch_habitat-sim_issues,facebookresearch_habitat-sim_issues.json,2507,hldbalabala,8,8_semantic_scene_id_sim,0.6305383622834732
facebookresearch_habitat-sim_issues,facebookresearch_habitat-sim_issues.json,2505,"aleodrnfl, yiduohao",-1,-1_habitat_the_src_to,0.0
facebookresearch_habitat-sim_issues,facebookresearch_habitat-sim_issues.json,2495,aleodrnfl,-1,-1_habitat_the_src_to,0.0
facebookresearch_habitat-sim_issues,facebookresearch_habitat-sim_issues.json,2494,Eku127,3,3_camera_agent_sensor_rotation,1.0
facebookresearch_habitat-sim_issues,facebookresearch_habitat-sim_issues.json,2493,Fanxing-LI,-1,-1_habitat_the_src_to,0.0
facebookresearch_habitat-sim_issues,facebookresearch_habitat-sim_issues.json,2490,Eku127,3,3_camera_agent_sensor_rotation,1.0
facebookresearch_habitat-sim_issues,facebookresearch_habitat-sim_issues.json,2489,"linyx700, Gtrees-w, Eku127",5,5_egl_habitat_nvidia_cuda,0.8250185964477978
facebookresearch_habitat-sim_issues,facebookresearch_habitat-sim_issues.json,2488,"PAIGUI, MuXiangWen, fanjing8, zamo24",-1,-1_habitat_the_src_to,0.0
facebookresearch_habitat-sim_issues,facebookresearch_habitat-sim_issues.json,2484,"Eku127, aclegg3",-1,-1_habitat_the_src_to,0.0
facebookresearch_habitat-sim_issues,facebookresearch_habitat-sim_issues.json,2483,Cepillar,-1,-1_habitat_the_src_to,0.0
facebookresearch_habitat-sim_issues,facebookresearch_habitat-sim_issues.json,2482,"qingchu123, aclegg3",-1,-1_habitat_the_src_to,0.0
facebookresearch_habitat-sim_issues,facebookresearch_habitat-sim_issues.json,2481,"YanhaoZhang, Mischievous707, zhouak47, kunhumllop",-1,-1_habitat_the_src_to,0.0
facebookresearch_habitat-sim_issues,facebookresearch_habitat-sim_issues.json,2480,"Lazy-boy193, aclegg3, Eku127, kunhumllop",-1,-1_habitat_the_src_to,0.0
facebookresearch_habitat-sim_issues,facebookresearch_habitat-sim_issues.json,2479,tristanls,5,5_egl_habitat_nvidia_cuda,0.565694951815758
facebookresearch_habitat-sim_issues,facebookresearch_habitat-sim_issues.json,2468,TommyBsk,8,8_semantic_scene_id_sim,0.549545444265053
facebookresearch_habitat-sim_issues,facebookresearch_habitat-sim_issues.json,2467,"bareblackfoot, aclegg3",3,3_camera_agent_sensor_rotation,0.5575514396567255
facebookresearch_habitat-sim_issues,facebookresearch_habitat-sim_issues.json,2463,"NaHyeon520, weiczhang23",5,5_egl_habitat_nvidia_cuda,0.7593701950524322
facebookresearch_habitat-sim_issues,facebookresearch_habitat-sim_issues.json,2462,Star-down,-1,-1_habitat_the_src_to,0.0
facebookresearch_habitat-sim_issues,facebookresearch_habitat-sim_issues.json,2460,weiczhang23,22,22_habitat_import_sim_module,0.26835722494653286
facebookresearch_habitat-sim_issues,facebookresearch_habitat-sim_issues.json,2454,"albertcity, Ritabrata-Chakraborty, Roberyan, LiNY2-01, yunho-c, anilkusc, hjy0712",-1,-1_habitat_the_src_to,0.0
facebookresearch_habitat-sim_issues,facebookresearch_habitat-sim_issues.json,2452,YueFan1014,3,3_camera_agent_sensor_rotation,0.569404351286394
facebookresearch_habitat-sim_issues,facebookresearch_habitat-sim_issues.json,2449,"itak04, MorenMoren",-1,-1_habitat_the_src_to,0.0
facebookresearch_habitat-sim_issues,facebookresearch_habitat-sim_issues.json,2447,TzzzzzzR,8,8_semantic_scene_id_sim,1.0
facebookresearch_habitat-sim_issues,facebookresearch_habitat-sim_issues.json,2446,liren-jin,23,23_navmesh_the_pathfinder_point,1.0
facebookresearch_habitat-sim_issues,facebookresearch_habitat-sim_issues.json,2443,"nicklhy, yuxuanzhou97, TLvCo, FengMengguang, aclegg3, bytepioneerX",5,5_egl_habitat_nvidia_cuda,1.0
facebookresearch_habitat-sim_issues,facebookresearch_habitat-sim_issues.json,2441,"szhang-hub, aclegg3",19,19_sensor_sim_habitat_spec,0.49250783487197797
facebookresearch_habitat-sim_issues,facebookresearch_habitat-sim_issues.json,2440,"hjy5311, aclegg3",3,3_camera_agent_sensor_rotation,0.7697008887014005
facebookresearch_habitat-sim_issues,facebookresearch_habitat-sim_issues.json,2439,"21yrm, Eku127, aclegg3",3,3_camera_agent_sensor_rotation,1.0
facebookresearch_habitat-sim_issues,facebookresearch_habitat-sim_issues.json,2438,"licongfei001, Eureka2001, aclegg3",5,5_egl_habitat_nvidia_cuda,0.342080156914332
facebookresearch_habitat-sim_issues,facebookresearch_habitat-sim_issues.json,2436,"jturner65, CrystalSixone",23,23_navmesh_the_pathfinder_point,0.7491447510576612
facebookresearch_habitat-sim_issues,facebookresearch_habitat-sim_issues.json,2433,"jonghochoi, aclegg3",8,8_semantic_scene_id_sim,0.5931502633009671
facebookresearch_habitat-sim_issues,facebookresearch_habitat-sim_issues.json,2431,"jonghochoi, Yonggie",-1,-1_habitat_the_src_to,0.0
facebookresearch_habitat-sim_issues,facebookresearch_habitat-sim_issues.json,2429,"zoeyliu1999, aclegg3",3,3_camera_agent_sensor_rotation,1.0
facebookresearch_habitat-sim_issues,facebookresearch_habitat-sim_issues.json,2428,"tayyabkhalil-313, aclegg3",-1,-1_habitat_the_src_to,0.0
facebookresearch_habitat-sim_issues,facebookresearch_habitat-sim_issues.json,2425,"aclegg3, Kenn3o3",19,19_sensor_sim_habitat_spec,0.6226961528771386
facebookresearch_habitat-sim_issues,facebookresearch_habitat-sim_issues.json,2424,"fangbq, wsychiu, 1nibeloflight2, aclegg3, Sebo-the-tramp, 28dvd28",5,5_egl_habitat_nvidia_cuda,0.9037330833841464
facebookresearch_habitat-sim_issues,facebookresearch_habitat-sim_issues.json,2419,"liren-jin, aclegg3",18,18_replica_ptexmeshdata_apartment_mesh,1.0
facebookresearch_habitat-sim_issues,facebookresearch_habitat-sim_issues.json,2414,"yvsriram, Yonggie, yrraadi-io",23,23_navmesh_the_pathfinder_point,1.0
facebookresearch_habitat-sim_issues,facebookresearch_habitat-sim_issues.json,2413,"ziyuwan, samuelm2, WYXG233, aclegg3",22,22_habitat_import_sim_module,1.0
facebookresearch_habitat-sim_issues,facebookresearch_habitat-sim_issues.json,2411,"emilia-szymanska, aclegg3",23,23_navmesh_the_pathfinder_point,0.8815721776573985
facebookresearch_habitat-sim_issues,facebookresearch_habitat-sim_issues.json,2409,"0mdc, chenhaomingbob",-1,-1_habitat_the_src_to,0.0
facebookresearch_habitat-sim_issues,facebookresearch_habitat-sim_issues.json,2406,"MrCapricornLiu, ZiruiLi-133, aclegg3",-1,-1_habitat_the_src_to,0.0
facebookresearch_habitat-sim_issues,facebookresearch_habitat-sim_issues.json,2405,"0mdc, emilia-szymanska, yi-fan-li, Eku127",5,5_egl_habitat_nvidia_cuda,0.5145144512865839
facebookresearch_habitat-sim_issues,facebookresearch_habitat-sim_issues.json,2404,"hutslib, aclegg3",8,8_semantic_scene_id_sim,0.49160971582476437
facebookresearch_habitat-sim_issues,facebookresearch_habitat-sim_issues.json,2402,"lasuomela, aclegg3",5,5_egl_habitat_nvidia_cuda,1.0
facebookresearch_habitat-sim_issues,facebookresearch_habitat-sim_issues.json,2393,"emilia-szymanska, aclegg3, EverNorif",18,18_replica_ptexmeshdata_apartment_mesh,1.0
facebookresearch_habitat-sim_issues,facebookresearch_habitat-sim_issues.json,2392,"zhouak47, aclegg3",28,28_urdf_collision_the_robot,1.0
facebookresearch_habitat-sim_issues,facebookresearch_habitat-sim_issues.json,2387,srama2512,-1,-1_habitat_the_src_to,0.0
facebookresearch_habitat-sim_issues,facebookresearch_habitat-sim_issues.json,2384,"0mdc, zephirefaith, ambervg",-1,-1_habitat_the_src_to,0.0
facebookresearch_habitat-sim_issues,facebookresearch_habitat-sim_issues.json,2383,"sky-story, aclegg3",8,8_semantic_scene_id_sim,0.5915182277223333
facebookresearch_habitat-sim_issues,facebookresearch_habitat-sim_issues.json,2380,"jackkolb, aclegg3",19,19_sensor_sim_habitat_spec,0.8059867234654464
facebookresearch_habitat-sim_issues,facebookresearch_habitat-sim_issues.json,2374,"Jay-Vim-Lv, aclegg3",-1,-1_habitat_the_src_to,0.0
facebookresearch_habitat-sim_issues,facebookresearch_habitat-sim_issues.json,2373,"YueFan1014, aclegg3",3,3_camera_agent_sensor_rotation,0.5639661323779017
facebookresearch_habitat-sim_issues,facebookresearch_habitat-sim_issues.json,2372,"iranroman, inmoyeon, zhai-create, yuanxuanS",-1,-1_habitat_the_src_to,0.0
facebookresearch_habitat-sim_issues,facebookresearch_habitat-sim_issues.json,2370,"zhai-create, aclegg3",-1,-1_habitat_the_src_to,0.0
facebookresearch_habitat-sim_issues,facebookresearch_habitat-sim_issues.json,2364,"frank-gallagher, aclegg3",8,8_semantic_scene_id_sim,0.7601918813690383
facebookresearch_habitat-sim_issues,facebookresearch_habitat-sim_issues.json,2361,SomeoneSerge,-1,-1_habitat_the_src_to,0.0
facebookresearch_habitat-sim_issues,facebookresearch_habitat-sim_issues.json,2360,"jarvishou829, gogojjh",18,18_replica_ptexmeshdata_apartment_mesh,0.88542462773703
facebookresearch_habitat-sim_issues,facebookresearch_habitat-sim_issues.json,2358,"akvachan, aclegg3",21,21_conda_habitat_anaconda_sim,1.0
facebookresearch_habitat-sim_issues,facebookresearch_habitat-sim_issues.json,2357,RV2005,-1,-1_habitat_the_src_to,0.0
facebookresearch_habitat-sim_issues,facebookresearch_habitat-sim_issues.json,2353,"seusofthd, aclegg3",-1,-1_habitat_the_src_to,0.0
facebookresearch_habitat-sim_issues,facebookresearch_habitat-sim_issues.json,2352,"prathishpratt, aclegg3",-1,-1_habitat_the_src_to,0.0
facebookresearch_habitat-sim_issues,facebookresearch_habitat-sim_issues.json,2351,"aclegg3, Fanxing-LI",23,23_navmesh_the_pathfinder_point,0.7144437556022698
facebookresearch_habitat-sim_issues,facebookresearch_habitat-sim_issues.json,2350,"xz6014, 0mdc, aclegg3, asuglia-alana",-1,-1_habitat_the_src_to,0.0
facebookresearch_habitat-sim_issues,facebookresearch_habitat-sim_issues.json,2346,"SgtVincent, frank-gallagher, aclegg3",8,8_semantic_scene_id_sim,0.7599185124409435
facebookresearch_habitat-sim_issues,facebookresearch_habitat-sim_issues.json,2344,"frank-gallagher, aclegg3",23,23_navmesh_the_pathfinder_point,1.0
facebookresearch_habitat-sim_issues,facebookresearch_habitat-sim_issues.json,2343,"frank-gallagher, aclegg3",23,23_navmesh_the_pathfinder_point,0.9645479713652532
facebookresearch_habitat-sim_issues,facebookresearch_habitat-sim_issues.json,2341,mbjurca,18,18_replica_ptexmeshdata_apartment_mesh,0.880721709236975
facebookresearch_habitat-sim_issues,facebookresearch_habitat-sim_issues.json,2340,"ztmo520, yizirui",19,19_sensor_sim_habitat_spec,0.5084090823002748
facebookresearch_habitat-sim_issues,facebookresearch_habitat-sim_issues.json,2337,hardik01shah,5,5_egl_habitat_nvidia_cuda,1.0
facebookresearch_habitat-sim_issues,facebookresearch_habitat-sim_issues.json,2335,"emilia-szymanska, Liu-Jinxin, aclegg3",18,18_replica_ptexmeshdata_apartment_mesh,0.8691099966159669
facebookresearch_habitat-sim_issues,facebookresearch_habitat-sim_issues.json,2332,"isdelrey, EftePA, ChanghongHeya, aclegg3, Yonggie",5,5_egl_habitat_nvidia_cuda,0.29511465081596117
facebookresearch_habitat-sim_issues,facebookresearch_habitat-sim_issues.json,2331,"Yuxin916, NearianChen, zachzhuu",11,11_command_deps_habitat_assimp,1.0
facebookresearch_habitat-sim_issues,facebookresearch_habitat-sim_issues.json,2330,"kszpxxzmc, aclegg3",-1,-1_habitat_the_src_to,0.0
facebookresearch_habitat-sim_issues,facebookresearch_habitat-sim_issues.json,2329,"shengyin1224, hjy0712, vidyav2, realjoshqsun",21,21_conda_habitat_anaconda_sim,1.0
facebookresearch_habitat-sim_issues,facebookresearch_habitat-sim_issues.json,2328,"aclegg3, Ritabrata-Chakraborty, janblumenkamp",-1,-1_habitat_the_src_to,0.0
facebookresearch_habitat-sim_issues,facebookresearch_habitat-sim_issues.json,2327,"norujumping, aclegg3",19,19_sensor_sim_habitat_spec,1.0
facebookresearch_habitat-sim_issues,facebookresearch_habitat-sim_issues.json,2324,frank-gallagher,8,8_semantic_scene_id_sim,0.748920346396292
facebookresearch_habitat-sim_issues,facebookresearch_habitat-sim_issues.json,2323,"frank-gallagher, aclegg3",8,8_semantic_scene_id_sim,0.6054979900269475
facebookresearch_habitat-sim_issues,facebookresearch_habitat-sim_issues.json,2318,"aclegg3, BigTree765",5,5_egl_habitat_nvidia_cuda,0.33962654083178867
facebookresearch_habitat-sim_issues,facebookresearch_habitat-sim_issues.json,2313,"rayxsong, aclegg3",21,21_conda_habitat_anaconda_sim,0.8358090080544517
facebookresearch_habitat-sim_issues,facebookresearch_habitat-sim_issues.json,2311,"frank-gallagher, aclegg3",-1,-1_habitat_the_src_to,0.0
facebookresearch_habitat-sim_issues,facebookresearch_habitat-sim_issues.json,2310,"cuijiaxun, 0mdc, aclegg3, maytusp",-1,-1_habitat_the_src_to,0.0
facebookresearch_habitat-sim_issues,facebookresearch_habitat-sim_issues.json,2308,"aclegg3, ChrisWanghb",21,21_conda_habitat_anaconda_sim,1.0
facebookresearch_habitat-sim_issues,facebookresearch_habitat-sim_issues.json,2306,"johncruyff14, aclegg3",18,18_replica_ptexmeshdata_apartment_mesh,0.8854555425711996
facebookresearch_habitat-sim_issues,facebookresearch_habitat-sim_issues.json,2305,"aclegg3, ChrisWanghb",-1,-1_habitat_the_src_to,0.0
facebookresearch_habitat-sim_issues,facebookresearch_habitat-sim_issues.json,2304,"zihan0822, aclegg3",3,3_camera_agent_sensor_rotation,0.561812098520652
facebookresearch_habitat-sim_issues,facebookresearch_habitat-sim_issues.json,2302,"Thaumaturge2020, AbhinandanVellanki, aclegg3",-1,-1_habitat_the_src_to,0.0
facebookresearch_habitat-sim_issues,facebookresearch_habitat-sim_issues.json,2300,"rebecajohn, aclegg3",22,22_habitat_import_sim_module,0.4191167114693777
facebookresearch_habitat-sim_issues,facebookresearch_habitat-sim_issues.json,2293,"rebecajohn, aclegg3",-1,-1_habitat_the_src_to,0.0
facebookresearch_habitat-sim_issues,facebookresearch_habitat-sim_issues.json,2290,"rebecajohn, aclegg3",19,19_sensor_sim_habitat_spec,0.6083921033963727
facebookresearch_habitat-sim_issues,facebookresearch_habitat-sim_issues.json,2289,"YX-S-Z, aclegg3",21,21_conda_habitat_anaconda_sim,0.8458496515685695
facebookresearch_habitat-sim_issues,facebookresearch_habitat-sim_issues.json,2288,"rbt4168, Wzey2000, BigTree765",-1,-1_habitat_the_src_to,0.0
facebookresearch_habitat-sim_issues,facebookresearch_habitat-sim_issues.json,2286,"aleflabo, aclegg3",21,21_conda_habitat_anaconda_sim,0.8754286399125852
facebookresearch_habitat-sim_issues,facebookresearch_habitat-sim_issues.json,2280,"HalahMohammed, aclegg3",21,21_conda_habitat_anaconda_sim,0.9443367005799342
facebookresearch_habitat-sim_issues,facebookresearch_habitat-sim_issues.json,2277,"farishajdarpasic, aclegg3",-1,-1_habitat_the_src_to,0.0
facebookresearch_habitat-sim_issues,facebookresearch_habitat-sim_issues.json,2274,"G-KUMAR, aclegg3",28,28_urdf_collision_the_robot,1.0
facebookresearch_habitat-sim_issues,facebookresearch_habitat-sim_issues.json,2273,"zhai-create, aclegg3",-1,-1_habitat_the_src_to,0.0
facebookresearch_habitat-sim_issues,facebookresearch_habitat-sim_issues.json,2272,lkwargs,5,5_egl_habitat_nvidia_cuda,0.5190770496071931
facebookresearch_habitat-sim_issues,facebookresearch_habitat-sim_issues.json,2271,"Lr-2002, Ethan2415, aclegg3",-1,-1_habitat_the_src_to,0.0
facebookresearch_habitat-sim_issues,facebookresearch_habitat-sim_issues.json,2270,"jturner65, Sumireko-Usami",11,11_command_deps_habitat_assimp,0.8219960664573334
facebookresearch_habitat-sim_issues,facebookresearch_habitat-sim_issues.json,2269,"0mdc, edwardjjj",5,5_egl_habitat_nvidia_cuda,0.7308700061004252
facebookresearch_habitat-sim_issues,facebookresearch_habitat-sim_issues.json,2266,"aclegg3, mahnoor-fatima-saad",-1,-1_habitat_the_src_to,0.0
facebookresearch_habitat-sim_issues,facebookresearch_habitat-sim_issues.json,2263,"satyapalsinh10, chenhaomingbob, nikhilanj",-1,-1_habitat_the_src_to,0.0
facebookresearch_habitat-sim_issues,facebookresearch_habitat-sim_issues.json,2260,"0mdc, mahnoor-fatima-saad",-1,-1_habitat_the_src_to,0.0
facebookresearch_habitat-sim_issues,facebookresearch_habitat-sim_issues.json,2258,"0mdc, janblumenkamp",3,3_camera_agent_sensor_rotation,1.0
facebookresearch_habitat-sim_issues,facebookresearch_habitat-sim_issues.json,2257,"0mdc, YYDreamzure",-1,-1_habitat_the_src_to,0.0
facebookresearch_habitat-sim_issues,facebookresearch_habitat-sim_issues.json,2256,YYDreamzure,-1,-1_habitat_the_src_to,0.0
facebookresearch_habitat-sim_issues,facebookresearch_habitat-sim_issues.json,2255,"0mdc, mahnoor-fatima-saad",-1,-1_habitat_the_src_to,0.0
facebookresearch_habitat-sim_issues,facebookresearch_habitat-sim_issues.json,2254,"Jinghan11, taylorlulu",19,19_sensor_sim_habitat_spec,0.49837377490830154
facebookresearch_habitat-sim_issues,facebookresearch_habitat-sim_issues.json,2253,"aclegg3, YYDreamzure, janblumenkamp",8,8_semantic_scene_id_sim,0.7203972974097482
facebookresearch_habitat-sim_issues,facebookresearch_habitat-sim_issues.json,2252,"mosra, benborder",-1,-1_habitat_the_src_to,0.0
facebookresearch_habitat-sim_issues,facebookresearch_habitat-sim_issues.json,2249,"ErcBunny, aclegg3",21,21_conda_habitat_anaconda_sim,0.8447913494580238
facebookresearch_habitat-sim_issues,facebookresearch_habitat-sim_issues.json,2248,"aclegg3, EvaLiiiiii",23,23_navmesh_the_pathfinder_point,0.6715665383402202
facebookresearch_habitat-sim_issues,facebookresearch_habitat-sim_issues.json,2246,wzcai99,-1,-1_habitat_the_src_to,0.0
facebookresearch_habitat-sim_issues,facebookresearch_habitat-sim_issues.json,2244,"mannytheshizzle, Jinghan11, ambervg, lvmingzhe, 0mdc, vcozzolino, zhangyu0110, Eku127, shuowang178, BXZZcj, Jay-Vim-Lv, farishajdarpasic, shitoujie",5,5_egl_habitat_nvidia_cuda,0.7087412477038885
facebookresearch_habitat-sim_issues,facebookresearch_habitat-sim_issues.json,2241,jturner65,19,19_sensor_sim_habitat_spec,1.0
facebookresearch_habitat-sim_issues,facebookresearch_habitat-sim_issues.json,2240,"SheldonWongww, EntyccE",-1,-1_habitat_the_src_to,0.0
facebookresearch_habitat-sim_issues,facebookresearch_habitat-sim_issues.json,2231,"theklwa, aclegg3",3,3_camera_agent_sensor_rotation,0.5786585433947822
facebookresearch_habitat-sim_issues,facebookresearch_habitat-sim_issues.json,2229,"0mdc, MateusLima2801, aclegg3",5,5_egl_habitat_nvidia_cuda,0.9860730073855214
facebookresearch_habitat-sim_issues,facebookresearch_habitat-sim_issues.json,2226,"digiamm, aclegg3",-1,-1_habitat_the_src_to,0.0
facebookresearch_habitat-sim_issues,facebookresearch_habitat-sim_issues.json,2217,"rishubhsingh, aclegg3",-1,-1_habitat_the_src_to,0.0
facebookresearch_habitat-sim_issues,facebookresearch_habitat-sim_issues.json,2216,"arjo129, MateusLima2801, aclegg3",5,5_egl_habitat_nvidia_cuda,1.0
facebookresearch_habitat-sim_issues,facebookresearch_habitat-sim_issues.json,2215,"Moon-heart, aclegg3",22,22_habitat_import_sim_module,0.2776340786837453
facebookresearch_habitat-sim_issues,facebookresearch_habitat-sim_issues.json,2213,"ORionTMT, sanjayharesh, mosra, aclegg3",-1,-1_habitat_the_src_to,0.0
facebookresearch_habitat-sim_issues,facebookresearch_habitat-sim_issues.json,2211,"YYDreamzure, aclegg3",22,22_habitat_import_sim_module,0.8261316041282719
facebookresearch_habitat-sim_issues,facebookresearch_habitat-sim_issues.json,2210,"SarthakJaindebugger, aclegg3",5,5_egl_habitat_nvidia_cuda,0.27186952216881677
facebookresearch_habitat-sim_issues,facebookresearch_habitat-sim_issues.json,2208,YueFan1014,28,28_urdf_collision_the_robot,0.9278474094405247
facebookresearch_habitat-sim_issues,facebookresearch_habitat-sim_issues.json,2207,ErcBunny,-1,-1_habitat_the_src_to,0.0
facebookresearch_habitat-sim_issues,facebookresearch_habitat-sim_issues.json,2206,ZetaRing,8,8_semantic_scene_id_sim,0.6247500256433893
facebookresearch_habitat-sim_issues,facebookresearch_habitat-sim_issues.json,2205,"vcozzolino, solomon-ma",-1,-1_habitat_the_src_to,0.0
facebookresearch_habitat-sim_issues,facebookresearch_habitat-sim_issues.json,2197,"jeasinema, mahnoor-fatima-saad",-1,-1_habitat_the_src_to,0.0
facebookresearch_habitat-sim_issues,facebookresearch_habitat-sim_issues.json,2196,"gudehhh666, Yuxin916, wu5bing, HW140701, aclegg3, xuboshen",-1,-1_habitat_the_src_to,0.0
facebookresearch_habitat-sim_issues,facebookresearch_habitat-sim_issues.json,2195,FUIGUIMURONG,11,11_command_deps_habitat_assimp,0.6709157721602198
facebookresearch_habitat-sim_issues,facebookresearch_habitat-sim_issues.json,2194,"zuixiaosanlang, aclegg3",-1,-1_habitat_the_src_to,0.0
facebookresearch_habitat-sim_issues,facebookresearch_habitat-sim_issues.json,2191,"sai-prasanna, aclegg3",23,23_navmesh_the_pathfinder_point,0.933834902206178
facebookresearch_habitat-sim_issues,facebookresearch_habitat-sim_issues.json,2185,"onePnot1, aclegg3",28,28_urdf_collision_the_robot,1.0
facebookresearch_habitat-sim_issues,facebookresearch_habitat-sim_issues.json,2184,"AbhiramRV, aclegg3",-1,-1_habitat_the_src_to,0.0
facebookresearch_habitat-sim_issues,facebookresearch_habitat-sim_issues.json,2183,"HusterYoung, joanne40226, aclegg3",5,5_egl_habitat_nvidia_cuda,0.9534311087918622
facebookresearch_habitat-sim_issues,facebookresearch_habitat-sim_issues.json,2175,"0mdc, deBrian07, flxinxout, aclegg3",5,5_egl_habitat_nvidia_cuda,0.28935838989174784
facebookresearch_habitat-sim_issues,facebookresearch_habitat-sim_issues.json,2174,"dhruvbatra, man469",3,3_camera_agent_sensor_rotation,0.5487039797204895
facebookresearch_habitat-sim_issues,facebookresearch_habitat-sim_issues.json,2173,"magistri, janblumenkamp",18,18_replica_ptexmeshdata_apartment_mesh,0.9171373760957832
facebookresearch_habitat-sim_issues,facebookresearch_habitat-sim_issues.json,2172,"man469, aclegg3",-1,-1_habitat_the_src_to,0.0
facebookresearch_habitat-sim_issues,facebookresearch_habitat-sim_issues.json,2171,"herdrick, vmarin3, aclegg3",21,21_conda_habitat_anaconda_sim,0.90409673992941
facebookresearch_habitat-sim_issues,facebookresearch_habitat-sim_issues.json,2169,"dhruvbatra, man469",-1,-1_habitat_the_src_to,0.0
facebookresearch_habitat-sim_issues,facebookresearch_habitat-sim_issues.json,2167,"sai-prasanna, aclegg3",-1,-1_habitat_the_src_to,0.0
facebookresearch_habitat-sim_issues,facebookresearch_habitat-sim_issues.json,2165,"chris-naknak, aclegg3",8,8_semantic_scene_id_sim,0.6305383622834732
facebookresearch_habitat-sim_issues,facebookresearch_habitat-sim_issues.json,2164,"0mdc, man469",5,5_egl_habitat_nvidia_cuda,1.0
facebookresearch_habitat-sim_issues,facebookresearch_habitat-sim_issues.json,2158,"harshitsankhla, aclegg3",-1,-1_habitat_the_src_to,0.0
facebookresearch_habitat-sim_issues,facebookresearch_habitat-sim_issues.json,2157,"flxinxout, lemonci, man469, aclegg3, OrdealToLive",-1,-1_habitat_the_src_to,0.0
facebookresearch_habitat-sim_issues,facebookresearch_habitat-sim_issues.json,2152,"jturner65, YYDS-cc",-1,-1_habitat_the_src_to,0.0
facebookresearch_habitat-sim_issues,facebookresearch_habitat-sim_issues.json,2147,"taylorlulu, francescotaioli, 0mdc, blu666, AdriannaGmz",21,21_conda_habitat_anaconda_sim,1.0
facebookresearch_habitat-sim_issues,facebookresearch_habitat-sim_issues.json,2141,"VladimirYugay, aclegg3",23,23_navmesh_the_pathfinder_point,0.8911452262341658
facebookresearch_habitat-sim_issues,facebookresearch_habitat-sim_issues.json,2135,"eundersander, dmarcos",-1,-1_habitat_the_src_to,0.0
facebookresearch_habitat-sim_issues,facebookresearch_habitat-sim_issues.json,2134,"suyashkumar2409, man469",21,21_conda_habitat_anaconda_sim,0.8941407451889668
facebookresearch_habitat-sim_issues,facebookresearch_habitat-sim_issues.json,2127,"0mdc, rosanom, yizirui, zhanglixuan0720",-1,-1_habitat_the_src_to,0.0
facebookresearch_habitat-sim_issues,facebookresearch_habitat-sim_issues.json,2126,Aavu,22,22_habitat_import_sim_module,0.31407020633548494
facebookresearch_habitat-sim_issues,facebookresearch_habitat-sim_issues.json,2125,jzlin1997,46,46_pose_result_posefix_json,0.9033881995532156
facebookresearch_habitat-sim_issues,facebookresearch_habitat-sim_issues.json,2122,VladimirYugay,3,3_camera_agent_sensor_rotation,1.0
facebookresearch_habitat-sim_issues,facebookresearch_habitat-sim_issues.json,2121,"pioneer-innovation, aclegg3",23,23_navmesh_the_pathfinder_point,0.9300423766431668
facebookresearch_habitat-sim_issues,facebookresearch_habitat-sim_issues.json,2101,"pfmephisto, frank-gallagher",-1,-1_habitat_the_src_to,0.0
facebookresearch_habitat-sim_issues,facebookresearch_habitat-sim_issues.json,2099,"programingisgoddamndifficult, goodstudent9, friolero, EftePA, 0mdc, aclegg3, YuminosukeSato, betray12138",5,5_egl_habitat_nvidia_cuda,1.0
facebookresearch_habitat-sim_issues,facebookresearch_habitat-sim_issues.json,2095,"rishiagarwal2000, aclegg3",19,19_sensor_sim_habitat_spec,0.9223931105785728
facebookresearch_habitat-sim_issues,facebookresearch_habitat-sim_issues.json,2093,"0mdc, guchi-ac, ZijianWu1121, aclegg3, YuminosukeSato",5,5_egl_habitat_nvidia_cuda,0.6534691274359526
facebookresearch_habitat-sim_issues,facebookresearch_habitat-sim_issues.json,2089,"YuminosukeSato, Skylion007, blu666",5,5_egl_habitat_nvidia_cuda,0.5504792439877676
facebookresearch_habitat-sim_issues,facebookresearch_habitat-sim_issues.json,2087,"Jianghanxiao, jturner65",8,8_semantic_scene_id_sim,0.6585135517654451
facebookresearch_habitat-sim_issues,facebookresearch_habitat-sim_issues.json,2084,"dhruvbatra, VladimirYugay",3,3_camera_agent_sensor_rotation,0.6659668746338335
facebookresearch_habitat-sim_issues,facebookresearch_habitat-sim_issues.json,2077,"Mischievous707, ZetaRing, maengjemo, aclegg3",8,8_semantic_scene_id_sim,0.7047633857190665
facebookresearch_habitat-sim_issues,facebookresearch_habitat-sim_issues.json,2075,"arjung128, aclegg3",3,3_camera_agent_sensor_rotation,0.9794570085361538
facebookresearch_habitat-sim_issues,facebookresearch_habitat-sim_issues.json,2074,"chenjiahes, Moon-heart, LinuxPersonEC, aclegg3",-1,-1_habitat_the_src_to,0.0
facebookresearch_habitat-sim_issues,facebookresearch_habitat-sim_issues.json,2072,"inmoyeon, denfed, Sean1572",-1,-1_habitat_the_src_to,0.0
facebookresearch_habitat-sim_issues,facebookresearch_habitat-sim_issues.json,2071,"aclegg3, shqtong",5,5_egl_habitat_nvidia_cuda,0.29096987492385856
facebookresearch_habitat-sim_issues,facebookresearch_habitat-sim_issues.json,2069,"leyuan-sun, Tom-Huang, geyang, aclegg3",21,21_conda_habitat_anaconda_sim,1.0
facebookresearch_habitat-sim_issues,facebookresearch_habitat-sim_issues.json,2068,"maengjemo, aclegg3",8,8_semantic_scene_id_sim,0.7702865693853378
facebookresearch_habitat-sim_issues,facebookresearch_habitat-sim_issues.json,2067,"maengjemo, JiayunjieJYJ",11,11_command_deps_habitat_assimp,1.0
facebookresearch_habitat-sim_issues,facebookresearch_habitat-sim_issues.json,2064,"oskar0812, aclegg3",3,3_camera_agent_sensor_rotation,0.9916781435266585
facebookresearch_habitat-sim_issues,facebookresearch_habitat-sim_issues.json,2063,"YYDreamzure, aclegg3",22,22_habitat_import_sim_module,1.0
facebookresearch_habitat-sim_issues,facebookresearch_habitat-sim_issues.json,2059,Ukias,3,3_camera_agent_sensor_rotation,0.5650679678820003
facebookresearch_habitat-sim_issues,facebookresearch_habitat-sim_issues.json,2056,"Mario-Saucedo, dhruvbatra",8,8_semantic_scene_id_sim,0.5980062722373825
facebookresearch_habitat-sim_issues,facebookresearch_habitat-sim_issues.json,2052,"XiaohanLei, aclegg3",3,3_camera_agent_sensor_rotation,1.0
facebookresearch_habitat-sim_issues,facebookresearch_habitat-sim_issues.json,2050,"dhruvbatra, XiaohanLei",3,3_camera_agent_sensor_rotation,0.6426516021879943
facebookresearch_habitat-sim_issues,facebookresearch_habitat-sim_issues.json,2049,"YuquanDeng, KyleHuo, maengjemo, chenhaomingbob, PAIGUI, 0mdc, aclegg3",-1,-1_habitat_the_src_to,0.0
facebookresearch_habitat-sim_issues,facebookresearch_habitat-sim_issues.json,2048,"oskar0812, aclegg3",18,18_replica_ptexmeshdata_apartment_mesh,0.9519770847483741
facebookresearch_habitat-sim_issues,facebookresearch_habitat-sim_issues.json,2046,"jturner65, Ukias",19,19_sensor_sim_habitat_spec,0.6917839623938444
facebookresearch_habitat-sim_issues,facebookresearch_habitat-sim_issues.json,2042,"denfed, aclegg3",-1,-1_habitat_the_src_to,0.0
facebookresearch_habitat-sim_issues,facebookresearch_habitat-sim_issues.json,2040,"GuoPingPan, aclegg3",-1,-1_habitat_the_src_to,0.0
facebookresearch_habitat-sim_issues,facebookresearch_habitat-sim_issues.json,2034,"dhruvbatra, smorad",3,3_camera_agent_sensor_rotation,1.0
facebookresearch_habitat-sim_issues,facebookresearch_habitat-sim_issues.json,2027,"JayeFu, aclegg3",-1,-1_habitat_the_src_to,0.0
facebookresearch_habitat-sim_issues,facebookresearch_habitat-sim_issues.json,2026,"ykaganov, aclegg3",-1,-1_habitat_the_src_to,0.0
facebookresearch_habitat-sim_issues,facebookresearch_habitat-sim_issues.json,2025,"ykaganov, cdor8, aclegg3",-1,-1_habitat_the_src_to,0.0
facebookresearch_habitat-sim_issues,facebookresearch_habitat-sim_issues.json,2010,GuoPingPan,22,22_habitat_import_sim_module,1.0
facebookresearch_habitat-sim_issues,facebookresearch_habitat-sim_issues.json,2008,"IbrahimMoussa123, YYDreamzure, aclegg3",-1,-1_habitat_the_src_to,0.0
facebookresearch_habitat-sim_issues,facebookresearch_habitat-sim_issues.json,2006,"magistri, YESAndy, aclegg3",-1,-1_habitat_the_src_to,0.0
facebookresearch_habitat-sim_issues,facebookresearch_habitat-sim_issues.json,2005,"GuoPingPan, aclegg3",-1,-1_habitat_the_src_to,0.0
facebookresearch_habitat-sim_issues,facebookresearch_habitat-sim_issues.json,2002,"uahic, 0mdc",5,5_egl_habitat_nvidia_cuda,0.8011869355515618
facebookresearch_habitat-sim_issues,facebookresearch_habitat-sim_issues.json,1998,"YYDreamzure, ChanganVR",19,19_sensor_sim_habitat_spec,0.5084090823002748
facebookresearch_habitat-sim_issues,facebookresearch_habitat-sim_issues.json,1993,"pangxincheng, Jaraxxus-Me",8,8_semantic_scene_id_sim,1.0
facebookresearch_habitat-sim_issues,facebookresearch_habitat-sim_issues.json,1992,"jcarlosgm30, aclegg3",-1,-1_habitat_the_src_to,0.0
facebookresearch_habitat-sim_issues,facebookresearch_habitat-sim_issues.json,1991,"0mdc, johncruyff14",5,5_egl_habitat_nvidia_cuda,0.9117228587544616
facebookresearch_habitat-sim_issues,facebookresearch_habitat-sim_issues.json,1988,"srama2512, Michael-Equi",23,23_navmesh_the_pathfinder_point,0.9099769875468073
facebookresearch_habitat-sim_issues,facebookresearch_habitat-sim_issues.json,1987,seann999,-1,-1_habitat_the_src_to,0.0
facebookresearch_habitat-sim_issues,facebookresearch_habitat-sim_issues.json,1982,"Skylion007, GuoPingPan",23,23_navmesh_the_pathfinder_point,0.6831270174029527
facebookresearch_habitat-sim_issues,facebookresearch_habitat-sim_issues.json,1981,"JaechangKo, dhruvbatra",21,21_conda_habitat_anaconda_sim,0.9425011408863502
facebookresearch_habitat-sim_issues,facebookresearch_habitat-sim_issues.json,1980,"dhruvbatra, VladimirYugay, mosra, 0mdc, volcverse, moyutianque",18,18_replica_ptexmeshdata_apartment_mesh,0.9519770847483741
facebookresearch_habitat-sim_issues,facebookresearch_habitat-sim_issues.json,1979,"Ukias, adrshsrvstv, aclegg3",3,3_camera_agent_sensor_rotation,0.6130402173248964
facebookresearch_habitat-sim_issues,facebookresearch_habitat-sim_issues.json,1978,"adrshsrvstv, aclegg3",-1,-1_habitat_the_src_to,0.0
facebookresearch_habitat-sim_issues,facebookresearch_habitat-sim_issues.json,1972,"dhruvbatra, GuoPingPan",3,3_camera_agent_sensor_rotation,1.0
facebookresearch_habitat-sim_issues,facebookresearch_habitat-sim_issues.json,1967,"aclegg3, Dongmingo",-1,-1_habitat_the_src_to,0.0
facebookresearch_habitat-sim_issues,facebookresearch_habitat-sim_issues.json,1965,Zero-4869,21,21_conda_habitat_anaconda_sim,1.0
facebookresearch_habitat-sim_issues,facebookresearch_habitat-sim_issues.json,1963,"FutureGoingOn, yimengli46",-1,-1_habitat_the_src_to,0.0
facebookresearch_habitat-sim_issues,facebookresearch_habitat-sim_issues.json,1956,aclegg3,28,28_urdf_collision_the_robot,0.9159145336998893
facebookresearch_habitat-sim_issues,facebookresearch_habitat-sim_issues.json,1953,"fangchuan, matsuren, aclegg3",-1,-1_habitat_the_src_to,0.0
facebookresearch_habitat-sim_issues,facebookresearch_habitat-sim_issues.json,1950,"HLinChen, dhruvbatra, aclegg3",3,3_camera_agent_sensor_rotation,0.565625605963448
facebookresearch_habitat-sim_issues,facebookresearch_habitat-sim_issues.json,1948,"dwei-k, LIUQI-creat",-1,-1_habitat_the_src_to,0.0
facebookresearch_habitat-sim_issues,facebookresearch_habitat-sim_issues.json,1945,"fangchuan, aclegg3",18,18_replica_ptexmeshdata_apartment_mesh,1.0
facebookresearch_habitat-sim_issues,facebookresearch_habitat-sim_issues.json,1944,"dwei-k, aclegg3",-1,-1_habitat_the_src_to,0.0
facebookresearch_habitat-sim_issues,facebookresearch_habitat-sim_issues.json,1942,"alper111, aclegg3",-1,-1_habitat_the_src_to,0.0
facebookresearch_habitat-sim_issues,facebookresearch_habitat-sim_issues.json,1941,"jeezrick, aclegg3, Baozao-99, chris-naknak, Southyang, Star-down",19,19_sensor_sim_habitat_spec,0.5513885320296571
facebookresearch_habitat-sim_issues,facebookresearch_habitat-sim_issues.json,1940,"pfmephisto, aclegg3",-1,-1_habitat_the_src_to,0.0
facebookresearch_habitat-sim_issues,facebookresearch_habitat-sim_issues.json,1939,"sreeharshaparuchur1, Skylion007",-1,-1_habitat_the_src_to,0.0
facebookresearch_habitat-sim_issues,facebookresearch_habitat-sim_issues.json,1938,EvaAlmansa,49,49_tdh_mytest_kel_ternary,1.0
facebookresearch_habitat-sim_issues,facebookresearch_habitat-sim_issues.json,1937,"dierfeichai2, fangchuan",18,18_replica_ptexmeshdata_apartment_mesh,0.8524061016220603
facebookresearch_habitat-sim_issues,facebookresearch_habitat-sim_issues.json,1929,"dhruvbatra, pioneer-innovation",8,8_semantic_scene_id_sim,1.0
facebookresearch_habitat-sim_issues,facebookresearch_habitat-sim_issues.json,1922,"sreeharshaparuchur1, dhruvbatra, aizhiqi-work, ChanganVR, YYX666660, aclegg3, carlschisslerfb",-1,-1_habitat_the_src_to,0.0
facebookresearch_habitat-sim_issues,facebookresearch_habitat-sim_issues.json,1919,"Ukias, licongfei001, aclegg3",28,28_urdf_collision_the_robot,0.8038180767578503
facebookresearch_habitat-sim_issues,facebookresearch_habitat-sim_issues.json,1918,"HLinChen, aclegg3",19,19_sensor_sim_habitat_spec,0.5194248402449624
facebookresearch_habitat-sim_issues,facebookresearch_habitat-sim_issues.json,1914,"frischzenger, aclegg3",-1,-1_habitat_the_src_to,0.0
facebookresearch_habitat-sim_issues,facebookresearch_habitat-sim_issues.json,1912,"elebrasy, aclegg3",-1,-1_habitat_the_src_to,0.0
facebookresearch_habitat-sim_issues,facebookresearch_habitat-sim_issues.json,1909,"Yuchen-Song, dwei-k, aclegg3",-1,-1_habitat_the_src_to,0.0
facebookresearch_habitat-sim_issues,facebookresearch_habitat-sim_issues.json,1908,"XiaohanLei, aclegg3",-1,-1_habitat_the_src_to,0.0
facebookresearch_habitat-sim_issues,facebookresearch_habitat-sim_issues.json,1907,"PeihaoChen, XHRlyb, aclegg3",8,8_semantic_scene_id_sim,0.6134301570445801
facebookresearch_habitat-sim_issues,facebookresearch_habitat-sim_issues.json,1906,"cbyan1003, aclegg3",8,8_semantic_scene_id_sim,0.6083337633899769
facebookresearch_habitat-sim_issues,facebookresearch_habitat-sim_issues.json,1905,"XHRlyb, aclegg3",8,8_semantic_scene_id_sim,0.4716382093395377
facebookresearch_habitat-sim_issues,facebookresearch_habitat-sim_issues.json,1902,"MichaelGaliciaZ, aclegg3",21,21_conda_habitat_anaconda_sim,0.7982946003066139
facebookresearch_habitat-sim_issues,facebookresearch_habitat-sim_issues.json,1900,jrreyna,-1,-1_habitat_the_src_to,0.0
facebookresearch_habitat-sim_issues,facebookresearch_habitat-sim_issues.json,1899,"cbyan1003, aclegg3",3,3_camera_agent_sensor_rotation,1.0
facebookresearch_habitat-sim_issues,facebookresearch_habitat-sim_issues.json,1898,XiaohanLei,-1,-1_habitat_the_src_to,0.0
facebookresearch_habitat-sim_issues,facebookresearch_habitat-sim_issues.json,1897,purvaten,3,3_camera_agent_sensor_rotation,1.0
facebookresearch_habitat-sim_issues,facebookresearch_habitat-sim_issues.json,1894,"ghost, aclegg3",8,8_semantic_scene_id_sim,0.613752454923845
facebookresearch_habitat-sim_issues,facebookresearch_habitat-sim_issues.json,1886,johnrreyna,-1,-1_habitat_the_src_to,0.0
facebookresearch_habitat-sim_issues,facebookresearch_habitat-sim_issues.json,1884,"aclegg3, srkiyengar",21,21_conda_habitat_anaconda_sim,0.9292472116225594
facebookresearch_habitat-sim_issues,facebookresearch_habitat-sim_issues.json,1881,"desaixie, Skylion007, aclegg3",-1,-1_habitat_the_src_to,0.0
facebookresearch_habitat-sim_issues,facebookresearch_habitat-sim_issues.json,1875,"xEvheMary, aclegg3",5,5_egl_habitat_nvidia_cuda,0.9702250301557067
facebookresearch_habitat-sim_issues,facebookresearch_habitat-sim_issues.json,1872,"BIT-DYN, aclegg3",8,8_semantic_scene_id_sim,0.49839373020919187
facebookresearch_habitat-sim_issues,facebookresearch_habitat-sim_issues.json,1871,WangJuan6,8,8_semantic_scene_id_sim,1.0
facebookresearch_habitat-sim_issues,facebookresearch_habitat-sim_issues.json,1869,"pangxincheng, aclegg3",18,18_replica_ptexmeshdata_apartment_mesh,0.790072640640935
facebookresearch_habitat-sim_issues,facebookresearch_habitat-sim_issues.json,1864,"purvaten, aclegg3",-1,-1_habitat_the_src_to,0.0
facebookresearch_habitat-sim_issues,facebookresearch_habitat-sim_issues.json,1856,"dhruvbatra, gyx-gloria",-1,-1_habitat_the_src_to,0.0
facebookresearch_habitat-sim_issues,facebookresearch_habitat-sim_issues.json,1854,"dhruvbatra, gyx-gloria, Inverse-function, aclegg3",11,11_command_deps_habitat_assimp,0.6884793785443405
facebookresearch_habitat-sim_issues,facebookresearch_habitat-sim_issues.json,1852,"yaofeng11, aclegg3",-1,-1_habitat_the_src_to,0.0
facebookresearch_habitat-sim_issues,facebookresearch_habitat-sim_issues.json,1851,"yaofeng11, aclegg3",23,23_navmesh_the_pathfinder_point,0.7640093234599682
facebookresearch_habitat-sim_issues,facebookresearch_habitat-sim_issues.json,1843,"arjung128, aclegg3",3,3_camera_agent_sensor_rotation,1.0
facebookresearch_habitat-sim_issues,facebookresearch_habitat-sim_issues.json,1842,"mosra, aclegg3",-1,-1_habitat_the_src_to,0.0
facebookresearch_habitat-sim_issues,facebookresearch_habitat-sim_issues.json,1841,"jrreyna, ykarmesh, mosra, aclegg3",-1,-1_habitat_the_src_to,0.0
facebookresearch_habitat-sim_issues,facebookresearch_habitat-sim_issues.json,1840,"yaofeng11, aclegg3",3,3_camera_agent_sensor_rotation,1.0
facebookresearch_habitat-sim_issues,facebookresearch_habitat-sim_issues.json,1839,"dhruvbatra, Dora238",-1,-1_habitat_the_src_to,0.0
facebookresearch_habitat-sim_issues,facebookresearch_habitat-sim_issues.json,1833,"MishraIN, aclegg3",8,8_semantic_scene_id_sim,0.6887348976525578
facebookresearch_habitat-sim_issues,facebookresearch_habitat-sim_issues.json,1829,"Xie-Nav, aclegg3",5,5_egl_habitat_nvidia_cuda,1.0
facebookresearch_habitat-sim_issues,facebookresearch_habitat-sim_issues.json,1828,"sagadre, aclegg3",8,8_semantic_scene_id_sim,0.6876420696078208
facebookresearch_habitat-sim_issues,facebookresearch_habitat-sim_issues.json,1827,"anavuongdin, aclegg3",-1,-1_habitat_the_src_to,0.0
facebookresearch_habitat-sim_issues,facebookresearch_habitat-sim_issues.json,1825,"dhruvbatra, xinchengpang, aclegg3",18,18_replica_ptexmeshdata_apartment_mesh,0.8674360488742053
facebookresearch_habitat-sim_issues,facebookresearch_habitat-sim_issues.json,1824,"dwei-k, maengjemo, YoKai-Wang, aclegg3, Youmna-H",21,21_conda_habitat_anaconda_sim,0.876198472419736
facebookresearch_habitat-sim_issues,facebookresearch_habitat-sim_issues.json,1823,"YoKai-Wang, aclegg3",-1,-1_habitat_the_src_to,0.0
facebookresearch_habitat-sim_issues,facebookresearch_habitat-sim_issues.json,1822,"DaLi-Jack, aclegg3",3,3_camera_agent_sensor_rotation,1.0
facebookresearch_habitat-sim_issues,facebookresearch_habitat-sim_issues.json,1820,"dhruvbatra, ZivKidd, raoqiang, aclegg3, Skylion007",3,3_camera_agent_sensor_rotation,1.0
facebookresearch_habitat-sim_issues,facebookresearch_habitat-sim_issues.json,1818,"arjunmajum, dhruvbatra, srkiyengar, aclegg3, Skylion007, rpartsey, pkachana3",21,21_conda_habitat_anaconda_sim,0.8395174034343228
facebookresearch_habitat-sim_issues,facebookresearch_habitat-sim_issues.json,1814,"yaofeng11, aclegg3",-1,-1_habitat_the_src_to,0.0
facebookresearch_habitat-sim_issues,facebookresearch_habitat-sim_issues.json,1813,"dhruvbatra, drydenwiebe, ChanganVR",-1,-1_habitat_the_src_to,0.0
facebookresearch_habitat-sim_issues,facebookresearch_habitat-sim_issues.json,1811,"dhruvbatra, ChanganVR, dkeskin",-1,-1_habitat_the_src_to,0.0
facebookresearch_habitat-sim_issues,facebookresearch_habitat-sim_issues.json,1810,"dhruvbatra, ShunqiM, YHWmz, ChanganVR",-1,-1_habitat_the_src_to,0.0
facebookresearch_habitat-sim_issues,facebookresearch_habitat-sim_issues.json,1808,"YuechengLiu, DecaYale, ghost, aclegg3",3,3_camera_agent_sensor_rotation,1.0
facebookresearch_habitat-sim_issues,facebookresearch_habitat-sim_issues.json,1805,"jingjing00kk, aclegg3",-1,-1_habitat_the_src_to,0.0
facebookresearch_habitat-sim_issues,facebookresearch_habitat-sim_issues.json,1804,"dhruvbatra, soyeonm",-1,-1_habitat_the_src_to,0.0
facebookresearch_habitat-sim_issues,facebookresearch_habitat-sim_issues.json,1803,"yaofeng11, erikwijmans, aclegg3",3,3_camera_agent_sensor_rotation,0.7146691088121874
facebookresearch_habitat-sim_issues,facebookresearch_habitat-sim_issues.json,1802,"yaelbenoren, aclegg3",18,18_replica_ptexmeshdata_apartment_mesh,0.9519770847483741
facebookresearch_habitat-sim_issues,facebookresearch_habitat-sim_issues.json,1801,"Skylion007, yaelbenoren, erikwijmans, aclegg3",23,23_navmesh_the_pathfinder_point,0.9645479713652532
facebookresearch_habitat-sim_issues,facebookresearch_habitat-sim_issues.json,1800,"yaofeng11, erikwijmans",3,3_camera_agent_sensor_rotation,0.565625605963448
facebookresearch_habitat-sim_issues,facebookresearch_habitat-sim_issues.json,1796,"derrick-xwp, erikwijmans",3,3_camera_agent_sensor_rotation,0.6426516021879943
facebookresearch_habitat-sim_issues,facebookresearch_habitat-sim_issues.json,1795,"derrick-xwp, erikwijmans",3,3_camera_agent_sensor_rotation,1.0
facebookresearch_habitat-sim_issues,facebookresearch_habitat-sim_issues.json,1794,"derrick-xwp, yaelbenoren, aclegg3",3,3_camera_agent_sensor_rotation,0.568498623113027
facebookresearch_habitat-sim_issues,facebookresearch_habitat-sim_issues.json,1793,"derrick-xwp, aclegg3",3,3_camera_agent_sensor_rotation,1.0
facebookresearch_habitat-sim_issues,facebookresearch_habitat-sim_issues.json,1792,"aclegg3, srkiyengar",19,19_sensor_sim_habitat_spec,1.0
facebookresearch_habitat-sim_issues,facebookresearch_habitat-sim_issues.json,1791,"gudehhh666, erikwijmans, aclegg3",22,22_habitat_import_sim_module,0.2507611675290642
facebookresearch_habitat-sim_issues,facebookresearch_habitat-sim_issues.json,1789,"yaofeng11, aclegg3",-1,-1_habitat_the_src_to,0.0
facebookresearch_habitat-sim_issues,facebookresearch_habitat-sim_issues.json,1786,"Derry-Xing, dhruvbatra, stavyadatta",-1,-1_habitat_the_src_to,0.0
facebookresearch_habitat-sim_issues,facebookresearch_habitat-sim_issues.json,1785,"Skylion007, jaraujo98, aclegg3",-1,-1_habitat_the_src_to,0.0
facebookresearch_habitat-sim_issues,facebookresearch_habitat-sim_issues.json,1784,"Derry-Xing, aclegg3",18,18_replica_ptexmeshdata_apartment_mesh,0.9466383721440638
facebookresearch_habitat-sim_issues,facebookresearch_habitat-sim_issues.json,1782,"Derry-Xing, yiduohao, aclegg3",-1,-1_habitat_the_src_to,0.0
facebookresearch_habitat-sim_issues,facebookresearch_habitat-sim_issues.json,1778,"Derry-Xing, dhruvbatra",21,21_conda_habitat_anaconda_sim,0.8326996658490925
facebookresearch_habitat-sim_issues,facebookresearch_habitat-sim_issues.json,1773,"KevinZ-01, LeiFan95, aclegg3",-1,-1_habitat_the_src_to,0.0
facebookresearch_habitat-sim_issues,facebookresearch_habitat-sim_issues.json,1770,"arjung128, aclegg3",28,28_urdf_collision_the_robot,1.0
facebookresearch_habitat-sim_issues,facebookresearch_habitat-sim_issues.json,1769,"cwchenwang, erikwijmans",3,3_camera_agent_sensor_rotation,1.0
facebookresearch_habitat-sim_issues,facebookresearch_habitat-sim_issues.json,1768,"arjung128, aclegg3",28,28_urdf_collision_the_robot,1.0
facebookresearch_habitat-sim_issues,facebookresearch_habitat-sim_issues.json,1767,"aclegg3, havocado",21,21_conda_habitat_anaconda_sim,0.8973924495892384
facebookresearch_habitat-sim_issues,facebookresearch_habitat-sim_issues.json,1765,"wansenwu, erikwijmans, aclegg3",11,11_command_deps_habitat_assimp,0.6789043973682795
facebookresearch_habitat-sim_issues,facebookresearch_habitat-sim_issues.json,1761,"AgentEXPL, aclegg3",-1,-1_habitat_the_src_to,0.0
facebookresearch_habitat-sim_issues,facebookresearch_habitat-sim_issues.json,1756,"aclegg3, Star-down, verityw",18,18_replica_ptexmeshdata_apartment_mesh,0.9819366498001691
facebookresearch_habitat-sim_issues,facebookresearch_habitat-sim_issues.json,1755,"uahic, dhruvbatra, srama2512, StOnEGiggity, aclegg3, joaomcm",-1,-1_habitat_the_src_to,0.0
facebookresearch_habitat-sim_issues,facebookresearch_habitat-sim_issues.json,1752,"Hoyyyaard, aclegg3",-1,-1_habitat_the_src_to,0.0
facebookresearch_habitat-sim_issues,facebookresearch_habitat-sim_issues.json,1750,"desaixie, erikwijmans",5,5_egl_habitat_nvidia_cuda,0.8024130081471911
facebookresearch_habitat-sim_issues,facebookresearch_habitat-sim_issues.json,1749,"RachithP, mikeroberts3000, aclegg3",-1,-1_habitat_the_src_to,0.0
facebookresearch_habitat-sim_issues,facebookresearch_habitat-sim_issues.json,1748,"RachithP, zhuisa, aclegg3",18,18_replica_ptexmeshdata_apartment_mesh,1.0
facebookresearch_habitat-sim_issues,facebookresearch_habitat-sim_issues.json,1747,"Skylion007, ChanganVR, aclegg3",-1,-1_habitat_the_src_to,0.0
facebookresearch_habitat-sim_issues,facebookresearch_habitat-sim_issues.json,1744,"ruddradev, erikwijmans",-1,-1_habitat_the_src_to,0.0
facebookresearch_habitat-sim_issues,facebookresearch_habitat-sim_issues.json,1741,"desaixie, aclegg3",-1,-1_habitat_the_src_to,0.0
facebookresearch_habitat-sim_issues,facebookresearch_habitat-sim_issues.json,1739,"yaelbenoren, aclegg3",-1,-1_habitat_the_src_to,0.0
facebookresearch_habitat-sim_issues,facebookresearch_habitat-sim_issues.json,1738,"yaelbenoren, aclegg3",-1,-1_habitat_the_src_to,0.0
facebookresearch_habitat-sim_issues,facebookresearch_habitat-sim_issues.json,1737,"arjung128, aclegg3",3,3_camera_agent_sensor_rotation,0.6007588362141777
facebookresearch_habitat-sim_issues,facebookresearch_habitat-sim_issues.json,1736,"santoz007, aclegg3",28,28_urdf_collision_the_robot,0.8181103405748752
facebookresearch_habitat-sim_issues,facebookresearch_habitat-sim_issues.json,1735,"erikwijmans, jbga-ua",22,22_habitat_import_sim_module,0.5284841899645076
facebookresearch_habitat-sim_issues,facebookresearch_habitat-sim_issues.json,1733,"mengsong16, erikwijmans",-1,-1_habitat_the_src_to,0.0
facebookresearch_habitat-sim_issues,facebookresearch_habitat-sim_issues.json,1732,"zhuisa, sanbuddhacharyas, oskar0812, erikwijmans, ariannaliu",3,3_camera_agent_sensor_rotation,0.6781105396731768
facebookresearch_habitat-sim_issues,facebookresearch_habitat-sim_issues.json,1722,"erikwijmans, zfang399",3,3_camera_agent_sensor_rotation,1.0
facebookresearch_habitat-sim_issues,facebookresearch_habitat-sim_issues.json,1721,"hpf9017, S4b3, aclegg3",-1,-1_habitat_the_src_to,0.0
facebookresearch_habitat-sim_issues,facebookresearch_habitat-sim_issues.json,1717,"dhruvbatra, zzhixin",11,11_command_deps_habitat_assimp,1.0
facebookresearch_habitat-sim_issues,facebookresearch_habitat-sim_issues.json,1716,"erikwijmans, zzhixin",11,11_command_deps_habitat_assimp,1.0
facebookresearch_habitat-sim_issues,facebookresearch_habitat-sim_issues.json,1712,"Skylion007, hadzcamir, erikwijmans",3,3_camera_agent_sensor_rotation,1.0
facebookresearch_habitat-sim_issues,facebookresearch_habitat-sim_issues.json,1711,"erikwijmans, hoongtong",5,5_egl_habitat_nvidia_cuda,0.3611979522342506
facebookresearch_habitat-sim_issues,facebookresearch_habitat-sim_issues.json,1708,"rosanom, aclegg3",23,23_navmesh_the_pathfinder_point,1.0
facebookresearch_habitat-sim_issues,facebookresearch_habitat-sim_issues.json,1703,"erikwijmans, Mingxiao-Li, aclegg3",11,11_command_deps_habitat_assimp,0.6430918225519316
facebookresearch_habitat-sim_issues,facebookresearch_habitat-sim_issues.json,1702,"abstinentcode, SarthakJaindebugger, aclegg3",-1,-1_habitat_the_src_to,0.0
facebookresearch_habitat-sim_issues,facebookresearch_habitat-sim_issues.json,1701,"Rh-Dang, dhruvbatra, wangyu-ustc, ethanabrooks, wz0919, JanTanja, erikwijmans",-1,-1_habitat_the_src_to,0.0
facebookresearch_habitat-sim_issues,facebookresearch_habitat-sim_issues.json,1699,"dhruvbatra, retoc71586",19,19_sensor_sim_habitat_spec,0.5523660836994128
facebookresearch_habitat-sim_issues,facebookresearch_habitat-sim_issues.json,1697,"Hoyyyaard, aclegg3",-1,-1_habitat_the_src_to,0.0
facebookresearch_habitat-sim_issues,facebookresearch_habitat-sim_issues.json,1696,"dhruvbatra, wansenwu, Hoyyyaard, labixiaochao, erikwijmans, Xie-Nav",5,5_egl_habitat_nvidia_cuda,1.0
facebookresearch_habitat-sim_issues,facebookresearch_habitat-sim_issues.json,1695,"nargenziano, erikwijmans, aclegg3",21,21_conda_habitat_anaconda_sim,0.8277750612246125
facebookresearch_habitat-sim_issues,facebookresearch_habitat-sim_issues.json,1693,"yewonbyun, aclegg3",21,21_conda_habitat_anaconda_sim,1.0
facebookresearch_habitat-sim_issues,facebookresearch_habitat-sim_issues.json,1692,"RajeshDM, erikwijmans, xinranliang, aclegg3",8,8_semantic_scene_id_sim,0.8014472145506127
facebookresearch_habitat-sim_issues,facebookresearch_habitat-sim_issues.json,1691,"jonboypy, erikwijmans, zhangpingrui, MYM181",22,22_habitat_import_sim_module,0.31063918800362744
facebookresearch_habitat-sim_issues,facebookresearch_habitat-sim_issues.json,1689,"tekinengin, erikwijmans",23,23_navmesh_the_pathfinder_point,1.0
facebookresearch_habitat-sim_issues,facebookresearch_habitat-sim_issues.json,1687,"dhruvbatra, Franc1sNing, aclegg3",28,28_urdf_collision_the_robot,0.7065453517578376
facebookresearch_habitat-sim_issues,facebookresearch_habitat-sim_issues.json,1686,"Goooyi, aclegg3",-1,-1_habitat_the_src_to,0.0
facebookresearch_habitat-sim_issues,facebookresearch_habitat-sim_issues.json,1680,"jturner65, MishraIN, dhruvbatra",-1,-1_habitat_the_src_to,0.0
facebookresearch_habitat-sim_issues,facebookresearch_habitat-sim_issues.json,1677,"arjung128, aclegg3",3,3_camera_agent_sensor_rotation,1.0
facebookresearch_habitat-sim_issues,facebookresearch_habitat-sim_issues.json,1676,"hpf9017, dhruvbatra",-1,-1_habitat_the_src_to,0.0
facebookresearch_habitat-sim_issues,facebookresearch_habitat-sim_issues.json,1675,"TopCoder2K, erikwijmans, ZJULiHongxin, aclegg3",-1,-1_habitat_the_src_to,0.0
facebookresearch_habitat-sim_issues,facebookresearch_habitat-sim_issues.json,1674,"aclegg3, yyf17",19,19_sensor_sim_habitat_spec,1.0
facebookresearch_habitat-sim_issues,facebookresearch_habitat-sim_issues.json,1673,"Zehao404, aclegg3",28,28_urdf_collision_the_robot,0.8632496441267106
facebookresearch_habitat-sim_issues,facebookresearch_habitat-sim_issues.json,1672,"arjung128, Eku127",8,8_semantic_scene_id_sim,0.5827613788907546
facebookresearch_habitat-sim_issues,facebookresearch_habitat-sim_issues.json,1671,"HanqingWangAI, erikwijmans, francescotaioli",5,5_egl_habitat_nvidia_cuda,0.8516402878396864
facebookresearch_habitat-sim_issues,facebookresearch_habitat-sim_issues.json,1667,"Skylion007, bergercookie, aclegg3",-1,-1_habitat_the_src_to,0.0
facebookresearch_habitat-sim_issues,facebookresearch_habitat-sim_issues.json,1666,"arjung128, aclegg3",-1,-1_habitat_the_src_to,0.0
facebookresearch_habitat-sim_issues,facebookresearch_habitat-sim_issues.json,1659,"troiwill, aclegg3",-1,-1_habitat_the_src_to,0.0
facebookresearch_habitat-sim_issues,facebookresearch_habitat-sim_issues.json,1642,"derrick-xwp, mhfy6868, oskar0812, erikwijmans",-1,-1_habitat_the_src_to,0.0
facebookresearch_habitat-sim_issues,facebookresearch_habitat-sim_issues.json,1641,"lucasosouza, erikwijmans",3,3_camera_agent_sensor_rotation,1.0
facebookresearch_habitat-sim_issues,facebookresearch_habitat-sim_issues.json,1634,"sagadre, erikwijmans",-1,-1_habitat_the_src_to,0.0
facebookresearch_habitat-sim_issues,facebookresearch_habitat-sim_issues.json,1627,"jturner65, shaantanu314",22,22_habitat_import_sim_module,0.2600166956437708
facebookresearch_habitat-sim_issues,facebookresearch_habitat-sim_issues.json,1622,"superMDguy, erikwijmans",-1,-1_habitat_the_src_to,0.0
facebookresearch_habitat-sim_issues,facebookresearch_habitat-sim_issues.json,1620,"leobxpan, erikwijmans",3,3_camera_agent_sensor_rotation,1.0
facebookresearch_habitat-sim_issues,facebookresearch_habitat-sim_issues.json,1615,"nikwalia, aclegg3",-1,-1_habitat_the_src_to,0.0
facebookresearch_habitat-sim_issues,facebookresearch_habitat-sim_issues.json,1613,"erikwijmans, mmahdavian",11,11_command_deps_habitat_assimp,0.6789043973682795
facebookresearch_habitat-sim_issues,facebookresearch_habitat-sim_issues.json,1608,"leobxpan, aclegg3",3,3_camera_agent_sensor_rotation,0.6426516021879943
facebookresearch_habitat-sim_issues,facebookresearch_habitat-sim_issues.json,1607,"shaantanu314, aclegg3",23,23_navmesh_the_pathfinder_point,0.9645479713652532
facebookresearch_habitat-sim_issues,facebookresearch_habitat-sim_issues.json,1606,"aclegg3, yyf17",3,3_camera_agent_sensor_rotation,1.0
facebookresearch_habitat-sim_issues,facebookresearch_habitat-sim_issues.json,1605,"erikwijmans, mmahdavian",-1,-1_habitat_the_src_to,0.0
facebookresearch_habitat-sim_issues,facebookresearch_habitat-sim_issues.json,1604,"tangyuq, aclegg3",-1,-1_habitat_the_src_to,0.0
facebookresearch_habitat-sim_issues,facebookresearch_habitat-sim_issues.json,1603,"Goooyi, aclegg3",23,23_navmesh_the_pathfinder_point,0.9574367134213203
facebookresearch_habitat-sim_issues,facebookresearch_habitat-sim_issues.json,1602,"sky-story, erikwijmans, kamalesh0406",8,8_semantic_scene_id_sim,0.6409237425611988
facebookresearch_habitat-sim_issues,facebookresearch_habitat-sim_issues.json,1601,"hpf9017, aclegg3",23,23_navmesh_the_pathfinder_point,0.9645479713652532
facebookresearch_habitat-sim_issues,facebookresearch_habitat-sim_issues.json,1600,"AutoSenseTech, aclegg3",-1,-1_habitat_the_src_to,0.0
facebookresearch_habitat-sim_issues,facebookresearch_habitat-sim_issues.json,1598,"erikwijmans, JiayunjieJYJ",-1,-1_habitat_the_src_to,0.0
facebookresearch_habitat-sim_issues,facebookresearch_habitat-sim_issues.json,1589,"hpf9017, aclegg3",28,28_urdf_collision_the_robot,0.8064329284144435
facebookresearch_habitat-sim_issues,facebookresearch_habitat-sim_issues.json,1587,"posshe, aclegg3",28,28_urdf_collision_the_robot,0.9216596158343415
facebookresearch_habitat-sim_issues,facebookresearch_habitat-sim_issues.json,1583,"ruddradev, aclegg3",28,28_urdf_collision_the_robot,0.9514734992931663
facebookresearch_habitat-sim_issues,facebookresearch_habitat-sim_issues.json,1582,"posshe, aclegg3",19,19_sensor_sim_habitat_spec,0.5205038037367895
facebookresearch_habitat-sim_issues,facebookresearch_habitat-sim_issues.json,1580,"hpf9017, aseembits93, aclegg3",-1,-1_habitat_the_src_to,0.0
facebookresearch_habitat-sim_issues,facebookresearch_habitat-sim_issues.json,1579,"erikwijmans, jmeola42",-1,-1_habitat_the_src_to,0.0
facebookresearch_habitat-sim_issues,facebookresearch_habitat-sim_issues.json,1577,"sparsh-umd, dhruvbatra",28,28_urdf_collision_the_robot,0.8652787476994377
facebookresearch_habitat-sim_issues,facebookresearch_habitat-sim_issues.json,1576,"sparsh-umd, aclegg3",-1,-1_habitat_the_src_to,0.0
facebookresearch_habitat-sim_issues,facebookresearch_habitat-sim_issues.json,1575,"sparsh-umd, aclegg3",-1,-1_habitat_the_src_to,0.0
facebookresearch_habitat-sim_issues,facebookresearch_habitat-sim_issues.json,1572,"sparsh-umd, aclegg3",-1,-1_habitat_the_src_to,0.0
facebookresearch_habitat-sim_issues,facebookresearch_habitat-sim_issues.json,1570,"Skylion007, anas-zafar, yaoling1997, jmeola42",21,21_conda_habitat_anaconda_sim,0.9389654628488077
facebookresearch_habitat-sim_issues,facebookresearch_habitat-sim_issues.json,1567,"sparsh-umd, Skylion007",18,18_replica_ptexmeshdata_apartment_mesh,0.8105018118981758
facebookresearch_habitat-sim_issues,facebookresearch_habitat-sim_issues.json,1566,"sparsh-umd, erikwijmans, aclegg3",5,5_egl_habitat_nvidia_cuda,0.2806897638591718
facebookresearch_habitat-sim_issues,facebookresearch_habitat-sim_issues.json,1562,"arjung128, yhymason, erikwijmans, aclegg3",3,3_camera_agent_sensor_rotation,1.0
facebookresearch_habitat-sim_issues,facebookresearch_habitat-sim_issues.json,1554,"wz0919, aclegg3",-1,-1_habitat_the_src_to,0.0
facebookresearch_habitat-sim_issues,facebookresearch_habitat-sim_issues.json,1548,"aclegg3, maominzhe",19,19_sensor_sim_habitat_spec,0.7591700911299388
facebookresearch_habitat-sim_issues,facebookresearch_habitat-sim_issues.json,1544,"zerowfz, HomeworldL, Yingxiu-Chang, aclegg3, erikwijmans, at82",18,18_replica_ptexmeshdata_apartment_mesh,0.7879048378609181
facebookresearch_habitat-sim_issues,facebookresearch_habitat-sim_issues.json,1539,"soumith, erikwijmans",-1,-1_habitat_the_src_to,0.0
facebookresearch_habitat-sim_issues,facebookresearch_habitat-sim_issues.json,1535,"y-zheng18, aclegg3",28,28_urdf_collision_the_robot,0.802485273824214
facebookresearch_habitat-sim_issues,facebookresearch_habitat-sim_issues.json,1533,"Skylion007, erikwijmans, maominzhe",22,22_habitat_import_sim_module,0.791613435004224
facebookresearch_habitat-sim_issues,facebookresearch_habitat-sim_issues.json,1532,"yhymason, erikwijmans",3,3_camera_agent_sensor_rotation,0.8520602955327798
facebookresearch_habitat-sim_issues,facebookresearch_habitat-sim_issues.json,1530,"erikwijmans, 201814476",11,11_command_deps_habitat_assimp,0.6072018031305759
facebookresearch_habitat-sim_issues,facebookresearch_habitat-sim_issues.json,1513,"tangyuq, dhruvbatra, dipanjan06",28,28_urdf_collision_the_robot,1.0
facebookresearch_habitat-sim_issues,facebookresearch_habitat-sim_issues.json,1512,"zsh2000, oskar0812, erikwijmans, cbyan1003",3,3_camera_agent_sensor_rotation,1.0
facebookresearch_habitat-sim_issues,facebookresearch_habitat-sim_issues.json,1511,"goodstudent9, dhruvbatra, jeasinema, fubai-666, PAIGUI, robo-alex, gdg94, wlll123456, aclegg3, yhshi9898, erikwijmans, shuowang178",5,5_egl_habitat_nvidia_cuda,0.7428885348415283
facebookresearch_habitat-sim_issues,facebookresearch_habitat-sim_issues.json,1510,zhangfuyang,3,3_camera_agent_sensor_rotation,0.8780392184909354
facebookresearch_habitat-sim_issues,facebookresearch_habitat-sim_issues.json,1502,"naokiyokoyama, erikwijmans",23,23_navmesh_the_pathfinder_point,0.8430753199334877
facebookresearch_habitat-sim_issues,facebookresearch_habitat-sim_issues.json,1500,"vincent341, dhruvbatra, vincentcartillier, zenght",8,8_semantic_scene_id_sim,0.8014472145506127
facebookresearch_habitat-sim_issues,facebookresearch_habitat-sim_issues.json,1497,"weders, erikwijmans",23,23_navmesh_the_pathfinder_point,0.9036658957343987
facebookresearch_habitat-sim_issues,facebookresearch_habitat-sim_issues.json,1491,"ugurbolat, aclegg3",28,28_urdf_collision_the_robot,0.8287267270373297
facebookresearch_habitat-sim_issues,facebookresearch_habitat-sim_issues.json,1485,"erikwijmans, zhangfuyang",8,8_semantic_scene_id_sim,0.5617307020718646
facebookresearch_habitat-sim_issues,facebookresearch_habitat-sim_issues.json,1475,JiayunjieJYJ,28,28_urdf_collision_the_robot,0.8347162221732312
facebookresearch_habitat-sim_issues,facebookresearch_habitat-sim_issues.json,1472,visatish,3,3_camera_agent_sensor_rotation,1.0
facebookresearch_habitat-sim_issues,facebookresearch_habitat-sim_issues.json,1468,"ReNginx, aclegg3",18,18_replica_ptexmeshdata_apartment_mesh,1.0
facebookresearch_habitat-sim_issues,facebookresearch_habitat-sim_issues.json,1467,"Skylion007, Gricha1",19,19_sensor_sim_habitat_spec,0.5205038037367895
facebookresearch_habitat-sim_issues,facebookresearch_habitat-sim_issues.json,1464,"erikwijmans, gianscarpe",-1,-1_habitat_the_src_to,0.0
facebookresearch_habitat-sim_issues,facebookresearch_habitat-sim_issues.json,1463,"quintus0505, aclegg3",23,23_navmesh_the_pathfinder_point,0.8683289246135266
facebookresearch_habitat-sim_issues,facebookresearch_habitat-sim_issues.json,1455,"Xiaoming-Zhao, Skylion007, dhruvbatra, erikwijmans",18,18_replica_ptexmeshdata_apartment_mesh,0.9519770847483741
facebookresearch_habitat-sim_issues,facebookresearch_habitat-sim_issues.json,1450,"ybbbbt, chengine, xinranliang, aclegg3",-1,-1_habitat_the_src_to,0.0
facebookresearch_habitat-sim_issues,facebookresearch_habitat-sim_issues.json,1446,"wz0919, erikwijmans",23,23_navmesh_the_pathfinder_point,1.0
facebookresearch_habitat-sim_issues,facebookresearch_habitat-sim_issues.json,1445,"AditMeh, erikwijmans, aclegg3",21,21_conda_habitat_anaconda_sim,1.0
facebookresearch_habitat-sim_issues,facebookresearch_habitat-sim_issues.json,1441,"HomeworldL, swami23, Yingxiu-Chang, vcozzolino, jsdd25, erikwijmans",-1,-1_habitat_the_src_to,0.0
facebookresearch_habitat-sim_issues,facebookresearch_habitat-sim_issues.json,1424,"AgentEXPL, aclegg3",-1,-1_habitat_the_src_to,0.0
facebookresearch_habitat-sim_issues,facebookresearch_habitat-sim_issues.json,1421,"AgentEXPL, aclegg3",-1,-1_habitat_the_src_to,0.0
facebookresearch_habitat-sim_issues,facebookresearch_habitat-sim_issues.json,1418,"dhruvbatra, qwedaq, aclegg3",3,3_camera_agent_sensor_rotation,0.6367113118467229
facebookresearch_habitat-sim_issues,facebookresearch_habitat-sim_issues.json,1405,Jiayuan-Gu,-1,-1_habitat_the_src_to,0.0
facebookresearch_habitat-sim_issues,facebookresearch_habitat-sim_issues.json,1401,"Skylion007, ericchen321",-1,-1_habitat_the_src_to,0.0
facebookresearch_habitat-sim_issues,facebookresearch_habitat-sim_issues.json,1399,"phj128, aclegg3",19,19_sensor_sim_habitat_spec,0.5205038037367895
facebookresearch_habitat-sim_issues,facebookresearch_habitat-sim_issues.json,1396,"Jiayuan-Gu, dhruvbatra, aclegg3",-1,-1_habitat_the_src_to,0.0
facebookresearch_habitat-sim_issues,facebookresearch_habitat-sim_issues.json,1393,"jturner65, dhruvbatra, aclegg3",5,5_egl_habitat_nvidia_cuda,0.2564672958435186
facebookresearch_habitat-sim_issues,facebookresearch_habitat-sim_issues.json,1385,"emontero1991, erikwijmans",-1,-1_habitat_the_src_to,0.0
facebookresearch_habitat-sim_issues,facebookresearch_habitat-sim_issues.json,1383,"ericchen321, erikwijmans",18,18_replica_ptexmeshdata_apartment_mesh,0.8430719190290279
facebookresearch_habitat-sim_issues,facebookresearch_habitat-sim_issues.json,1379,"erikwijmans, phj128",-1,-1_habitat_the_src_to,0.0
facebookresearch_habitat-sim_issues,facebookresearch_habitat-sim_issues.json,1378,"Jiayuan-Gu, dhruvbatra, erikwijmans, aclegg3",19,19_sensor_sim_habitat_spec,1.0
facebookresearch_habitat-sim_issues,facebookresearch_habitat-sim_issues.json,1377,"erikwijmans, JiayunjieJYJ",5,5_egl_habitat_nvidia_cuda,0.5856918325597414
facebookresearch_habitat-sim_issues,facebookresearch_habitat-sim_issues.json,1374,"smorad, erikwijmans",-1,-1_habitat_the_src_to,0.0
facebookresearch_habitat-sim_issues,facebookresearch_habitat-sim_issues.json,1371,"ericchen321, aclegg3",3,3_camera_agent_sensor_rotation,0.7697008887014005
facebookresearch_habitat-sim_issues,facebookresearch_habitat-sim_issues.json,1370,"jturner65, gtatiya",19,19_sensor_sim_habitat_spec,1.0
facebookresearch_habitat-sim_issues,facebookresearch_habitat-sim_issues.json,1363,"jturner65, rithik25",19,19_sensor_sim_habitat_spec,0.5653129492229481
facebookresearch_habitat-sim_issues,facebookresearch_habitat-sim_issues.json,1348,"Skylion007, erikwijmans, zenght",-1,-1_habitat_the_src_to,0.0
facebookresearch_habitat-sim_issues,facebookresearch_habitat-sim_issues.json,1346,"erikwijmans, zhangfuyang",8,8_semantic_scene_id_sim,1.0
facebookresearch_habitat-sim_issues,facebookresearch_habitat-sim_issues.json,1334,"rithik25, aclegg3",28,28_urdf_collision_the_robot,0.9738954029077357
facebookresearch_habitat-sim_issues,facebookresearch_habitat-sim_issues.json,1321,"Skylion007, AgentEXPL",3,3_camera_agent_sensor_rotation,1.0
facebookresearch_habitat-sim_issues,facebookresearch_habitat-sim_issues.json,1315,"AgentEXPL, aclegg3",3,3_camera_agent_sensor_rotation,1.0
facebookresearch_habitat-sim_issues,facebookresearch_habitat-sim_issues.json,1298,"yifan123, erikwijmans",5,5_egl_habitat_nvidia_cuda,0.8134149538234391
facebookresearch_habitat-sim_issues,facebookresearch_habitat-sim_issues.json,1293,"bekeronur, erikwijmans",5,5_egl_habitat_nvidia_cuda,0.2650435129912533
facebookresearch_habitat-sim_issues,facebookresearch_habitat-sim_issues.json,1292,"Skylion007, bareblackfoot",-1,-1_habitat_the_src_to,0.0
facebookresearch_habitat-sim_issues,facebookresearch_habitat-sim_issues.json,1282,"roger-creus, Skylion007",3,3_camera_agent_sensor_rotation,0.6156018669642241
facebookresearch_habitat-sim_issues,facebookresearch_habitat-sim_issues.json,1278,"arjung128, erikwijmans, zhangfuyang, derrick-xwp",3,3_camera_agent_sensor_rotation,0.6588178194738278
facebookresearch_habitat-sim_issues,facebookresearch_habitat-sim_issues.json,1256,"AutoSenseTech, aclegg3",-1,-1_habitat_the_src_to,0.0
facebookresearch_habitat-sim_issues,facebookresearch_habitat-sim_issues.json,1252,"bareblackfoot, aclegg3",5,5_egl_habitat_nvidia_cuda,0.30379830511146494
facebookresearch_habitat-sim_issues,facebookresearch_habitat-sim_issues.json,1251,"erikwijmans, sparisi",5,5_egl_habitat_nvidia_cuda,0.394334994432162
facebookresearch_habitat-sim_issues,facebookresearch_habitat-sim_issues.json,1248,"dhruvbatra, zhangtianjia",3,3_camera_agent_sensor_rotation,1.0
facebookresearch_habitat-sim_issues,facebookresearch_habitat-sim_issues.json,1245,"gianscarpe, aclegg3",-1,-1_habitat_the_src_to,0.0
facebookresearch_habitat-sim_issues,facebookresearch_habitat-sim_issues.json,1234,"vdean, aclegg3",19,19_sensor_sim_habitat_spec,0.5477544197876466
facebookresearch_habitat-sim_issues,facebookresearch_habitat-sim_issues.json,1232,"glattm, aclegg3",-1,-1_habitat_the_src_to,0.0
facebookresearch_habitat-sim_issues,facebookresearch_habitat-sim_issues.json,1225,"srama2512, aclegg3",8,8_semantic_scene_id_sim,0.736893895558162
facebookresearch_habitat-sim_issues,facebookresearch_habitat-sim_issues.json,1209,"leokonto, erikwijmans",11,11_command_deps_habitat_assimp,0.6144060550380884
facebookresearch_habitat-sim_issues,facebookresearch_habitat-sim_issues.json,1178,"Skylion007, Skylark0924, erikwijmans",5,5_egl_habitat_nvidia_cuda,0.6345268079628943
facebookresearch_habitat-sim_issues,facebookresearch_habitat-sim_issues.json,1177,"Goooyi, maominzhe",19,19_sensor_sim_habitat_spec,1.0
facebookresearch_habitat-sim_issues,facebookresearch_habitat-sim_issues.json,1176,"roger-creus, erikwijmans",5,5_egl_habitat_nvidia_cuda,0.7988015153615337
facebookresearch_habitat-sim_issues,facebookresearch_habitat-sim_issues.json,1174,"LaughBuddha, erikwijmans",22,22_habitat_import_sim_module,0.8688245769664912
facebookresearch_habitat-sim_issues,facebookresearch_habitat-sim_issues.json,1162,Raminmoslemi,22,22_habitat_import_sim_module,0.47527339699599547
facebookresearch_habitat-sim_issues,facebookresearch_habitat-sim_issues.json,1157,"mathfac, erikwijmans",-1,-1_habitat_the_src_to,0.0
facebookresearch_habitat-sim_issues,facebookresearch_habitat-sim_issues.json,1147,"Skylion007, KenaHemnani, moble, aclegg3",22,22_habitat_import_sim_module,0.2873896903606926
facebookresearch_habitat-sim_issues,facebookresearch_habitat-sim_issues.json,1143,"Kritika100, erikwijmans",21,21_conda_habitat_anaconda_sim,0.897549443499474
facebookresearch_habitat-sim_issues,facebookresearch_habitat-sim_issues.json,1142,"AJ1897, aclegg3",-1,-1_habitat_the_src_to,0.0
facebookresearch_habitat-sim_issues,facebookresearch_habitat-sim_issues.json,1132,"LaughBuddha, erikwijmans",22,22_habitat_import_sim_module,0.9787882127331001
facebookresearch_habitat-sim_issues,facebookresearch_habitat-sim_issues.json,1127,"ayushjain1144, Skylion007",-1,-1_habitat_the_src_to,0.0
facebookresearch_habitat-sim_issues,facebookresearch_habitat-sim_issues.json,1109,"Skylion007, yashkant",21,21_conda_habitat_anaconda_sim,0.9182223322100563
facebookresearch_habitat-sim_issues,facebookresearch_habitat-sim_issues.json,1101,"Skylion007, yc-chn, erikwijmans, dman82499",11,11_command_deps_habitat_assimp,0.5651418877704373
facebookresearch_habitat-sim_issues,facebookresearch_habitat-sim_issues.json,1092,"dhruvbatra, erikwijmans, yunsujeon",-1,-1_habitat_the_src_to,0.0
facebookresearch_habitat-sim_issues,facebookresearch_habitat-sim_issues.json,1085,"ReNginx, erikwijmans",8,8_semantic_scene_id_sim,0.5767278396067709
facebookresearch_habitat-sim_issues,facebookresearch_habitat-sim_issues.json,1084,"jturner65, LaughBuddha, erikwijmans",5,5_egl_habitat_nvidia_cuda,0.40150676146785136
facebookresearch_habitat-sim_issues,facebookresearch_habitat-sim_issues.json,1081,"neepacmu, mahnoor-fatima-saad, aclegg3, Skylion007, rfalcon100",8,8_semantic_scene_id_sim,0.611829811417926
facebookresearch_habitat-sim_issues,facebookresearch_habitat-sim_issues.json,1080,"uesuckbabo, erikwijmans, labixiaochao",-1,-1_habitat_the_src_to,0.0
facebookresearch_habitat-sim_issues,facebookresearch_habitat-sim_issues.json,1077,"AJ1897, dhruvbatra",-1,-1_habitat_the_src_to,0.0
facebookresearch_habitat-sim_issues,facebookresearch_habitat-sim_issues.json,1073,"NaveenVSrinivasan, erikwijmans",-1,-1_habitat_the_src_to,0.0
facebookresearch_habitat-sim_issues,facebookresearch_habitat-sim_issues.json,1070,"ZhuFengdaaa, erikwijmans",22,22_habitat_import_sim_module,0.6193646715229228
facebookresearch_habitat-sim_issues,facebookresearch_habitat-sim_issues.json,1067,"ZhuFengdaaa, aclegg3",-1,-1_habitat_the_src_to,0.0
facebookresearch_habitat-sim_issues,facebookresearch_habitat-sim_issues.json,1058,"erikwijmans, AutoSenseTech",3,3_camera_agent_sensor_rotation,1.0
facebookresearch_habitat-sim_issues,facebookresearch_habitat-sim_issues.json,1053,"jturner65, NaveenVSrinivasan",-1,-1_habitat_the_src_to,0.0
facebookresearch_habitat-sim_issues,facebookresearch_habitat-sim_issues.json,1051,"vincent341, erikwijmans",-1,-1_habitat_the_src_to,0.0
facebookresearch_habitat-sim_issues,facebookresearch_habitat-sim_issues.json,1050,"dhruvbatra, erikwijmans, AutoSenseTech",3,3_camera_agent_sensor_rotation,1.0
facebookresearch_habitat-sim_issues,facebookresearch_habitat-sim_issues.json,1047,"erikwijmans, AutoSenseTech",3,3_camera_agent_sensor_rotation,1.0
facebookresearch_habitat-sim_issues,facebookresearch_habitat-sim_issues.json,1046,"Ainaz99, aclegg3",-1,-1_habitat_the_src_to,0.0
facebookresearch_habitat-sim_issues,facebookresearch_habitat-sim_issues.json,1044,AutoSenseTech,-1,-1_habitat_the_src_to,0.0
facebookresearch_habitat-sim_issues,facebookresearch_habitat-sim_issues.json,1043,AutoSenseTech,-1,-1_habitat_the_src_to,0.0
facebookresearch_habitat-sim_issues,facebookresearch_habitat-sim_issues.json,1041,"vincent341, erikwijmans",8,8_semantic_scene_id_sim,0.549545444265053
facebookresearch_habitat-sim_issues,facebookresearch_habitat-sim_issues.json,1038,"smorad, erikwijmans",5,5_egl_habitat_nvidia_cuda,0.5089919196044784
facebookresearch_habitat-sim_issues,facebookresearch_habitat-sim_issues.json,1037,"PeihaoChen, erikwijmans",3,3_camera_agent_sensor_rotation,0.7697008887014005
facebookresearch_habitat-sim_issues,facebookresearch_habitat-sim_issues.json,1035,"dhruvbatra, GracefulMan",10,10_dataset_download_datasets_you,1.0
facebookresearch_habitat-sim_issues,facebookresearch_habitat-sim_issues.json,1030,"ZhuFengdaaa, erikwijmans",5,5_egl_habitat_nvidia_cuda,0.29885963499891743
facebookresearch_habitat-sim_issues,facebookresearch_habitat-sim_issues.json,1022,srama2512,8,8_semantic_scene_id_sim,0.7786235852481022
facebookresearch_habitat-sim_issues,facebookresearch_habitat-sim_issues.json,1021,sasayesh,-1,-1_habitat_the_src_to,0.0
facebookresearch_habitat-sim_issues,facebookresearch_habitat-sim_issues.json,1020,"sasayesh, aclegg3",-1,-1_habitat_the_src_to,0.0
facebookresearch_habitat-sim_issues,facebookresearch_habitat-sim_issues.json,1019,"srama2512, erikwijmans, mmahdavian",-1,-1_habitat_the_src_to,0.0
facebookresearch_habitat-sim_issues,facebookresearch_habitat-sim_issues.json,1017,"Skylion007, dhruvbatra, AssemSadek",-1,-1_habitat_the_src_to,0.0
facebookresearch_habitat-sim_issues,facebookresearch_habitat-sim_issues.json,1014,wouterreijgers,19,19_sensor_sim_habitat_spec,1.0
facebookresearch_habitat-sim_issues,facebookresearch_habitat-sim_issues.json,1012,"jturner65, Ainaz99, aclegg3",-1,-1_habitat_the_src_to,0.0
facebookresearch_habitat-sim_issues,facebookresearch_habitat-sim_issues.json,1007,"ZhuFengdaaa, Skylion007",-1,-1_habitat_the_src_to,0.0
facebookresearch_habitat-sim_issues,facebookresearch_habitat-sim_issues.json,1004,"Ainaz99, qingchu123, aclegg3",3,3_camera_agent_sensor_rotation,1.0
facebookresearch_habitat-sim_issues,facebookresearch_habitat-sim_issues.json,996,"jturner65, Ainaz99",-1,-1_habitat_the_src_to,0.0
facebookresearch_habitat-sim_issues,facebookresearch_habitat-sim_issues.json,995,elientumba2019,19,19_sensor_sim_habitat_spec,0.607528181811112
facebookresearch_habitat-sim_issues,facebookresearch_habitat-sim_issues.json,993,"Skylion007, jsdd25",3,3_camera_agent_sensor_rotation,1.0
facebookresearch_habitat-sim_issues,facebookresearch_habitat-sim_issues.json,991,"Skylion007, aclegg3",-1,-1_habitat_the_src_to,0.0
facebookresearch_habitat-sim_issues,facebookresearch_habitat-sim_issues.json,988,"Skylion007, mosra, elientumba2019, waldenlakes",18,18_replica_ptexmeshdata_apartment_mesh,1.0
facebookresearch_habitat-sim_issues,facebookresearch_habitat-sim_issues.json,982,"elientumba2019, erikwijmans",11,11_command_deps_habitat_assimp,0.6963388409419456
facebookresearch_habitat-sim_issues,facebookresearch_habitat-sim_issues.json,981,"Skylion007, Skylark0924, erikwijmans",-1,-1_habitat_the_src_to,0.0
facebookresearch_habitat-sim_issues,facebookresearch_habitat-sim_issues.json,979,"Jbwasse2, erikwijmans",-1,-1_habitat_the_src_to,0.0
facebookresearch_habitat-sim_issues,facebookresearch_habitat-sim_issues.json,978,"wbhwbh, WayneWang23, vincent341, moyutianque, aclegg3, ZeroExistence, shipshipliucixin1, erikwijmans, alpc72",5,5_egl_habitat_nvidia_cuda,0.8202697135848308
facebookresearch_habitat-sim_issues,facebookresearch_habitat-sim_issues.json,977,"Skylion007, ruddradev",21,21_conda_habitat_anaconda_sim,0.8973924495892384
facebookresearch_habitat-sim_issues,facebookresearch_habitat-sim_issues.json,976,"gianscarpe, aclegg3",-1,-1_habitat_the_src_to,0.0
facebookresearch_habitat-sim_issues,facebookresearch_habitat-sim_issues.json,974,"abhishek-tcs-rni, hpf9017, aclegg3",28,28_urdf_collision_the_robot,1.0
facebookresearch_habitat-sim_issues,facebookresearch_habitat-sim_issues.json,972,"erikwijmans, mmahdavian",5,5_egl_habitat_nvidia_cuda,0.34423433231535827
facebookresearch_habitat-sim_issues,facebookresearch_habitat-sim_issues.json,971,"KenaHemnani, rpartsey, yunhaif, aclegg3",-1,-1_habitat_the_src_to,0.0
facebookresearch_habitat-sim_issues,facebookresearch_habitat-sim_issues.json,970,"elientumba2019, erikwijmans",11,11_command_deps_habitat_assimp,0.8581476730462507
facebookresearch_habitat-sim_issues,facebookresearch_habitat-sim_issues.json,965,"AgentEXPL, erikwijmans, Pixie8888",11,11_command_deps_habitat_assimp,0.9868020564443953
facebookresearch_habitat-sim_issues,facebookresearch_habitat-sim_issues.json,960,"erikwijmans, hyang23333",-1,-1_habitat_the_src_to,0.0
facebookresearch_habitat-sim_issues,facebookresearch_habitat-sim_issues.json,956,"hyang23333, erikwijmans, jsdd25, yunsujeon",22,22_habitat_import_sim_module,0.38001452132211705
facebookresearch_habitat-sim_issues,facebookresearch_habitat-sim_issues.json,955,"Lovemyse1f, sparsh-umd, neepacmu, AgentEXPL, krishnachaitanya7, erikwijmans, keroroxzz",-1,-1_habitat_the_src_to,0.0
facebookresearch_habitat-sim_issues,facebookresearch_habitat-sim_issues.json,953,"abhishek-tcs-rni, aclegg3",28,28_urdf_collision_the_robot,1.0
facebookresearch_habitat-sim_issues,facebookresearch_habitat-sim_issues.json,951,"abhishek-tcs-rni, wouterreijgers, jturner65, aclegg3",19,19_sensor_sim_habitat_spec,1.0
facebookresearch_habitat-sim_issues,facebookresearch_habitat-sim_issues.json,950,"erikwijmans, Mingxiao-Li",11,11_command_deps_habitat_assimp,0.7044021254700304
facebookresearch_habitat-sim_issues,facebookresearch_habitat-sim_issues.json,949,"erikwijmans, mmahdavian",3,3_camera_agent_sensor_rotation,0.9185651498206145
facebookresearch_habitat-sim_issues,facebookresearch_habitat-sim_issues.json,948,"DuoChen-317, fraazor, vincent341, vincentcartillier, erikwijmans",8,8_semantic_scene_id_sim,1.0
facebookresearch_habitat-sim_issues,facebookresearch_habitat-sim_issues.json,947,"rutadesai, shhuangcoder",21,21_conda_habitat_anaconda_sim,0.7945773805031874
facebookresearch_habitat-sim_issues,facebookresearch_habitat-sim_issues.json,945,"Skylion007, erikwijmans, krantiparida",8,8_semantic_scene_id_sim,1.0
facebookresearch_habitat-sim_issues,facebookresearch_habitat-sim_issues.json,938,"ruoyuwangeel4930, Skylion007",19,19_sensor_sim_habitat_spec,0.5523660836994128
facebookresearch_habitat-sim_issues,facebookresearch_habitat-sim_issues.json,925,"Skylion007, erikwijmans, Cenbylin",3,3_camera_agent_sensor_rotation,0.66533815698437
facebookresearch_habitat-sim_issues,facebookresearch_habitat-sim_issues.json,922,"Skylion007, ksengin",28,28_urdf_collision_the_robot,0.9335788838198928
facebookresearch_habitat-sim_issues,facebookresearch_habitat-sim_issues.json,921,Skylion007,-1,-1_habitat_the_src_to,0.0
facebookresearch_habitat-sim_issues,facebookresearch_habitat-sim_issues.json,920,"zfang399, aclegg3",3,3_camera_agent_sensor_rotation,1.0
facebookresearch_habitat-sim_issues,facebookresearch_habitat-sim_issues.json,915,"ayushjain1144, Skylion007, erikwijmans",3,3_camera_agent_sensor_rotation,0.5792279640944586
facebookresearch_habitat-sim_issues,facebookresearch_habitat-sim_issues.json,910,"Singh-sid930, erikwijmans, KenaHemnani",8,8_semantic_scene_id_sim,0.7225786409582815
facebookresearch_habitat-sim_issues,facebookresearch_habitat-sim_issues.json,909,"erikwijmans, krantiparida, aclegg3",-1,-1_habitat_the_src_to,0.0
facebookresearch_habitat-sim_issues,facebookresearch_habitat-sim_issues.json,904,"Skylion007, ronjamoller",3,3_camera_agent_sensor_rotation,0.66876935774017
facebookresearch_habitat-sim_issues,facebookresearch_habitat-sim_issues.json,903,"ayushjain1144, Skylion007, ronjamoller",3,3_camera_agent_sensor_rotation,1.0
facebookresearch_habitat-sim_issues,facebookresearch_habitat-sim_issues.json,901,Skylion007,-1,-1_habitat_the_src_to,0.0
facebookresearch_habitat-sim_issues,facebookresearch_habitat-sim_issues.json,894,Skylion007,-1,-1_habitat_the_src_to,0.0
facebookresearch_habitat-sim_issues,facebookresearch_habitat-sim_issues.json,891,"Skylion007, Mingxiao-Li",-1,-1_habitat_the_src_to,0.0
facebookresearch_habitat-sim_issues,facebookresearch_habitat-sim_issues.json,878,"erikwijmans, Pixie8888",-1,-1_habitat_the_src_to,0.0
facebookresearch_habitat-sim_issues,facebookresearch_habitat-sim_issues.json,875,"Ainaz99, aclegg3",3,3_camera_agent_sensor_rotation,1.0
facebookresearch_habitat-sim_issues,facebookresearch_habitat-sim_issues.json,872,"Skylion007, poyotamu000",22,22_habitat_import_sim_module,0.8415123197286175
facebookresearch_habitat-sim_issues,facebookresearch_habitat-sim_issues.json,871,"Ainaz99, Skylion007, AgentEXPL",3,3_camera_agent_sensor_rotation,1.0
facebookresearch_habitat-sim_issues,facebookresearch_habitat-sim_issues.json,873,"Sunnyzhr, qymao, Skylion007, erikwijmans",22,22_habitat_import_sim_module,0.3560831438591503
facebookresearch_habitat-sim_issues,facebookresearch_habitat-sim_issues.json,868,"Ainaz99, aclegg3",3,3_camera_agent_sensor_rotation,1.0
facebookresearch_habitat-sim_issues,facebookresearch_habitat-sim_issues.json,865,"Ainaz99, Skylion007, erikwijmans, aclegg3",18,18_replica_ptexmeshdata_apartment_mesh,0.9618968545554271
facebookresearch_habitat-sim_issues,facebookresearch_habitat-sim_issues.json,864,"sparsh-umd, jzhzhang, erikwijmans",-1,-1_habitat_the_src_to,0.0
facebookresearch_habitat-sim_issues,facebookresearch_habitat-sim_issues.json,859,"erikwijmans, yyf17",3,3_camera_agent_sensor_rotation,1.0
facebookresearch_habitat-sim_issues,facebookresearch_habitat-sim_issues.json,858,"dhruvbatra, unnat, erikwijmans, Skylion007, Lucaweihs",21,21_conda_habitat_anaconda_sim,1.0
facebookresearch_habitat-sim_issues,facebookresearch_habitat-sim_issues.json,857,"dhruvbatra, yyf17",-1,-1_habitat_the_src_to,0.0
facebookresearch_habitat-sim_issues,facebookresearch_habitat-sim_issues.json,856,"Skylion007, erikwijmans",-1,-1_habitat_the_src_to,0.0
facebookresearch_habitat-sim_issues,facebookresearch_habitat-sim_issues.json,853,"Gabesarch, erikwijmans",11,11_command_deps_habitat_assimp,0.6783451369270936
facebookresearch_habitat-sim_issues,facebookresearch_habitat-sim_issues.json,851,"albert-yue, erikwijmans",5,5_egl_habitat_nvidia_cuda,0.6778142226473264
facebookresearch_habitat-sim_issues,facebookresearch_habitat-sim_issues.json,842,"Skylion007, Mingxiao-Li",13,13_license_demo_lichess_this,0.5404389679972906
facebookresearch_habitat-sim_issues,facebookresearch_habitat-sim_issues.json,841,"Skylion007, Singh-sid930",-1,-1_habitat_the_src_to,0.0
facebookresearch_habitat-sim_issues,facebookresearch_habitat-sim_issues.json,836,"Skylion007, dmenini",-1,-1_habitat_the_src_to,0.0
facebookresearch_habitat-sim_issues,facebookresearch_habitat-sim_issues.json,831,"Skylion007, srkiyengar",21,21_conda_habitat_anaconda_sim,0.8616694626290984
facebookresearch_habitat-sim_issues,facebookresearch_habitat-sim_issues.json,830,"senthilps8, erikwijmans",-1,-1_habitat_the_src_to,0.0
facebookresearch_habitat-sim_issues,facebookresearch_habitat-sim_issues.json,828,"jturner65, ronjamoller, aclegg3",8,8_semantic_scene_id_sim,1.0
facebookresearch_habitat-sim_issues,facebookresearch_habitat-sim_issues.json,827,"Mingxiao-Li, jturner65, abstinentcode, AutoSenseTech, yuanhui-code, aclegg3",-1,-1_habitat_the_src_to,0.0
facebookresearch_habitat-sim_issues,facebookresearch_habitat-sim_issues.json,825,"rainbow979, Skylion007",3,3_camera_agent_sensor_rotation,1.0
facebookresearch_habitat-sim_issues,facebookresearch_habitat-sim_issues.json,824,"Skylion007, qureshinomaan",3,3_camera_agent_sensor_rotation,0.6816573919562434
facebookresearch_habitat-sim_issues,facebookresearch_habitat-sim_issues.json,804,Skylion007,-1,-1_habitat_the_src_to,0.0
facebookresearch_habitat-sim_issues,facebookresearch_habitat-sim_issues.json,798,"ybgdgh, longyuzhao",-1,-1_habitat_the_src_to,0.0
facebookresearch_habitat-sim_issues,facebookresearch_habitat-sim_issues.json,795,FutureXiang,-1,-1_habitat_the_src_to,0.0
facebookresearch_habitat-sim_issues,facebookresearch_habitat-sim_issues.json,794,"Skylion007, matsuren",3,3_camera_agent_sensor_rotation,1.0
facebookresearch_habitat-sim_issues,facebookresearch_habitat-sim_issues.json,787,"Skylion007, dhruvbatra, ltstein, youzhenxing",3,3_camera_agent_sensor_rotation,1.0
facebookresearch_habitat-sim_issues,facebookresearch_habitat-sim_issues.json,780,"ankurhanda, Skylion007",18,18_replica_ptexmeshdata_apartment_mesh,0.8994326418585501
facebookresearch_habitat-sim_issues,facebookresearch_habitat-sim_issues.json,773,"ayushjain1144, Skylion007",3,3_camera_agent_sensor_rotation,0.586247852784063
facebookresearch_habitat-sim_issues,facebookresearch_habitat-sim_issues.json,772,"qmaruf, Skylion007",18,18_replica_ptexmeshdata_apartment_mesh,0.9466383721440638
facebookresearch_habitat-sim_issues,facebookresearch_habitat-sim_issues.json,762,"Skylion007, Lucas2012",-1,-1_habitat_the_src_to,0.0
facebookresearch_habitat-sim_issues,facebookresearch_habitat-sim_issues.json,760,"Singh-sid930, erikwijmans",8,8_semantic_scene_id_sim,0.8674389063136891
facebookresearch_habitat-sim_issues,facebookresearch_habitat-sim_issues.json,743,"Skylion007, pringithub",-1,-1_habitat_the_src_to,0.0
facebookresearch_habitat-sim_issues,facebookresearch_habitat-sim_issues.json,742,"Skylion007, zkytony",22,22_habitat_import_sim_module,0.2807636134874844
facebookresearch_habitat-sim_issues,facebookresearch_habitat-sim_issues.json,739,"mathfac, saishankarn",-1,-1_habitat_the_src_to,0.0
facebookresearch_habitat-sim_issues,facebookresearch_habitat-sim_issues.json,737,"Singh-sid930, mukulkhanna, mathfac, Raminmoslemi, erikwijmans",8,8_semantic_scene_id_sim,0.565561145373905
facebookresearch_habitat-sim_issues,facebookresearch_habitat-sim_issues.json,726,"yanweiw, dhruvbatra",-1,-1_habitat_the_src_to,0.0
facebookresearch_habitat-sim_issues,facebookresearch_habitat-sim_issues.json,725,"Skylion007, Singh-sid930, ghost",-1,-1_habitat_the_src_to,0.0
facebookresearch_habitat-sim_issues,facebookresearch_habitat-sim_issues.json,719,"jdiazram, mathfac, ronjamoller, Skylion007, ghost",3,3_camera_agent_sensor_rotation,1.0
facebookresearch_habitat-sim_issues,facebookresearch_habitat-sim_issues.json,711,"qmaruf, erikwijmans",-1,-1_habitat_the_src_to,0.0
facebookresearch_habitat-sim_issues,facebookresearch_habitat-sim_issues.json,710,AutoSenseTech,11,11_command_deps_habitat_assimp,0.6935152722808287
facebookresearch_habitat-sim_issues,facebookresearch_habitat-sim_issues.json,709,"emilia-szymanska, stephen-harmon-newman, erikwijmans",18,18_replica_ptexmeshdata_apartment_mesh,1.0
facebookresearch_habitat-sim_issues,facebookresearch_habitat-sim_issues.json,703,"KenaHemnani, VladislavHrosinkov, aclegg3, Skylion007, erikwijmans",21,21_conda_habitat_anaconda_sim,0.8288454569095027
facebookresearch_habitat-sim_issues,facebookresearch_habitat-sim_issues.json,701,"516875454, Skylion007, Derry-Xing, erikwijmans",22,22_habitat_import_sim_module,0.37195367242435934
facebookresearch_habitat-sim_issues,facebookresearch_habitat-sim_issues.json,692,"Xiaoming-Zhao, erikwijmans",-1,-1_habitat_the_src_to,0.0
facebookresearch_habitat-sim_issues,facebookresearch_habitat-sim_issues.json,689,"Xiaoming-Zhao, Skylion007",18,18_replica_ptexmeshdata_apartment_mesh,0.9519770847483741
facebookresearch_habitat-sim_issues,facebookresearch_habitat-sim_issues.json,688,"jturner65, Skylion007, dhruvbatra, Ram81",-1,-1_habitat_the_src_to,0.0
facebookresearch_habitat-sim_issues,facebookresearch_habitat-sim_issues.json,681,"Skylion007, erikwijmans, knzo25",17,17_memory_gpu_batch_size,1.0
facebookresearch_habitat-sim_issues,facebookresearch_habitat-sim_issues.json,675,aclegg3,8,8_semantic_scene_id_sim,0.7086002910286447
facebookresearch_habitat-sim_issues,facebookresearch_habitat-sim_issues.json,672,"Skylion007, qureshinomaan",3,3_camera_agent_sensor_rotation,1.0
facebookresearch_habitat-sim_issues,facebookresearch_habitat-sim_issues.json,667,"mosra, erikwijmans, asolano",-1,-1_habitat_the_src_to,0.0
facebookresearch_habitat-sim_issues,facebookresearch_habitat-sim_issues.json,666,"VladislavHrosinkov, aclegg3",8,8_semantic_scene_id_sim,0.8014472145506127
facebookresearch_habitat-sim_issues,facebookresearch_habitat-sim_issues.json,665,"erikwijmans, msbaines, Ram81",-1,-1_habitat_the_src_to,0.0
facebookresearch_habitat-sim_issues,facebookresearch_habitat-sim_issues.json,664,"pushkalkatara, erikwijmans",5,5_egl_habitat_nvidia_cuda,0.481327973272956
facebookresearch_habitat-sim_issues,facebookresearch_habitat-sim_issues.json,662,"dhruvbatra, msavva, free-bit, wzx16, erikwijmans",-1,-1_habitat_the_src_to,0.0
facebookresearch_habitat-sim_issues,facebookresearch_habitat-sim_issues.json,660,"bryanbocao, erikwijmans",-1,-1_habitat_the_src_to,0.0
facebookresearch_habitat-sim_issues,facebookresearch_habitat-sim_issues.json,658,"erikwijmans, sotpapathe",11,11_command_deps_habitat_assimp,0.7271113380762894
facebookresearch_habitat-sim_issues,facebookresearch_habitat-sim_issues.json,657,"bryanbocao, Skylion007, AveenD",11,11_command_deps_habitat_assimp,1.0
facebookresearch_habitat-sim_issues,facebookresearch_habitat-sim_issues.json,652,"jturner65, erikwijmans, guydav",11,11_command_deps_habitat_assimp,0.8608254572490638
facebookresearch_habitat-sim_issues,facebookresearch_habitat-sim_issues.json,651,"erikwijmans, lailvlong",-1,-1_habitat_the_src_to,0.0
facebookresearch_habitat-sim_issues,facebookresearch_habitat-sim_issues.json,649,"apsdehal, dhruvbatra, rabbit721",-1,-1_habitat_the_src_to,0.0
facebookresearch_habitat-sim_issues,facebookresearch_habitat-sim_issues.json,648,Jbwasse2,-1,-1_habitat_the_src_to,0.0
facebookresearch_habitat-sim_issues,facebookresearch_habitat-sim_issues.json,641,"erikwijmans, araistrick",-1,-1_habitat_the_src_to,0.0
facebookresearch_habitat-sim_issues,facebookresearch_habitat-sim_issues.json,621,Skylion007,-1,-1_habitat_the_src_to,0.0
facebookresearch_habitat-sim_issues,facebookresearch_habitat-sim_issues.json,613,"soumith, giuliano-97, erikwijmans",19,19_sensor_sim_habitat_spec,0.5139066883357525
facebookresearch_habitat-sim_issues,facebookresearch_habitat-sim_issues.json,606,"amarthyasasi, ghost, erikwijmans",11,11_command_deps_habitat_assimp,0.9887183999862325
facebookresearch_habitat-sim_issues,facebookresearch_habitat-sim_issues.json,600,"soumith, erikwijmans",-1,-1_habitat_the_src_to,0.0
facebookresearch_habitat-sim_issues,facebookresearch_habitat-sim_issues.json,597,jturner65,-1,-1_habitat_the_src_to,0.0
facebookresearch_habitat-sim_issues,facebookresearch_habitat-sim_issues.json,595,"Xiaoming-Zhao, KenaHemnani, msalvaris",-1,-1_habitat_the_src_to,0.0
facebookresearch_habitat-sim_issues,facebookresearch_habitat-sim_issues.json,589,mukulkhanna,8,8_semantic_scene_id_sim,0.6002947355169803
facebookresearch_habitat-sim_issues,facebookresearch_habitat-sim_issues.json,587,"dhruvbatra, mosra, shivanshpatel35, aclegg3",8,8_semantic_scene_id_sim,0.4710719697533213
facebookresearch_habitat-sim_issues,facebookresearch_habitat-sim_issues.json,586,"nnsriram97, shivanshpatel35, aclegg3, naruarjun, erikwijmans",28,28_urdf_collision_the_robot,0.7800266289214465
facebookresearch_habitat-sim_issues,facebookresearch_habitat-sim_issues.json,584,"Xiaoming-Zhao, erikwijmans",5,5_egl_habitat_nvidia_cuda,0.8313588636843241
facebookresearch_habitat-sim_issues,facebookresearch_habitat-sim_issues.json,581,"jturner65, dexter1691",19,19_sensor_sim_habitat_spec,0.5193602960172605
facebookresearch_habitat-sim_issues,facebookresearch_habitat-sim_issues.json,576,"shivanshpatel35, aclegg3",8,8_semantic_scene_id_sim,0.7232233955007934
facebookresearch_habitat-sim_issues,facebookresearch_habitat-sim_issues.json,575,Xiaoming-Zhao,5,5_egl_habitat_nvidia_cuda,0.4634789767751559
facebookresearch_habitat-sim_issues,facebookresearch_habitat-sim_issues.json,570,"shivanshpatel35, aclegg3",-1,-1_habitat_the_src_to,0.0
facebookresearch_habitat-sim_issues,facebookresearch_habitat-sim_issues.json,567,"srama2512, erikwijmans",18,18_replica_ptexmeshdata_apartment_mesh,0.9519770847483741
facebookresearch_habitat-sim_issues,facebookresearch_habitat-sim_issues.json,556,"soumith, mosra, dhruvbatra, aclegg3",8,8_semantic_scene_id_sim,0.6631697833644149
facebookresearch_habitat-sim_issues,facebookresearch_habitat-sim_issues.json,552,"MADHAVAN001, dhruvbatra, mpiseno",18,18_replica_ptexmeshdata_apartment_mesh,1.0
facebookresearch_habitat-sim_issues,facebookresearch_habitat-sim_issues.json,543,"derrick-xwp, xiangyuanhang, aclegg3",-1,-1_habitat_the_src_to,0.0
facebookresearch_habitat-sim_issues,facebookresearch_habitat-sim_issues.json,534,"mosra, HelloN00bman, erikwijmans",11,11_command_deps_habitat_assimp,0.8015203635346201
facebookresearch_habitat-sim_issues,facebookresearch_habitat-sim_issues.json,533,wojga,18,18_replica_ptexmeshdata_apartment_mesh,0.8041746609073709
facebookresearch_habitat-sim_issues,facebookresearch_habitat-sim_issues.json,527,"dhruvbatra, apsdehal, vidhiJain, rutadesai, msbaines",-1,-1_habitat_the_src_to,0.0
facebookresearch_habitat-sim_issues,facebookresearch_habitat-sim_issues.json,526,"eriksandstroem, mathfac, dhruvbatra, erikwijmans",-1,-1_habitat_the_src_to,0.0
facebookresearch_habitat-sim_issues,facebookresearch_habitat-sim_issues.json,524,"bareblackfoot, derrick-xwp, nikhilaravi, KenaHemnani, erikwijmans",3,3_camera_agent_sensor_rotation,0.9778198381510085
facebookresearch_habitat-sim_issues,facebookresearch_habitat-sim_issues.json,522,"aclegg3, HaolinLiu97",23,23_navmesh_the_pathfinder_point,0.933834902206178
facebookresearch_habitat-sim_issues,facebookresearch_habitat-sim_issues.json,520,c4chale,-1,-1_habitat_the_src_to,0.0
facebookresearch_habitat-sim_issues,facebookresearch_habitat-sim_issues.json,513,"bryanbocao, erikwijmans",3,3_camera_agent_sensor_rotation,0.6816573919562434
facebookresearch_habitat-sim_issues,facebookresearch_habitat-sim_issues.json,511,"aclegg3, erikwijmans, KenaHemnani, c4chale",-1,-1_habitat_the_src_to,0.0
facebookresearch_habitat-sim_issues,facebookresearch_habitat-sim_issues.json,507,"Skylion007, matthewjmay",-1,-1_habitat_the_src_to,0.0
facebookresearch_habitat-sim_issues,facebookresearch_habitat-sim_issues.json,506,"matthewjmay, ronjamoller, yyf17, aclegg3",-1,-1_habitat_the_src_to,0.0
facebookresearch_habitat-sim_issues,facebookresearch_habitat-sim_issues.json,504,"mhaboali, erikwijmans, aclegg3",5,5_egl_habitat_nvidia_cuda,0.9067728548739513
facebookresearch_habitat-sim_issues,facebookresearch_habitat-sim_issues.json,502,"bryanbocao, matthewjmay",-1,-1_habitat_the_src_to,0.0
facebookresearch_habitat-sim_issues,facebookresearch_habitat-sim_issues.json,499,"eriksandstroem, erikwijmans",5,5_egl_habitat_nvidia_cuda,0.8578100275088448
facebookresearch_habitat-sim_issues,facebookresearch_habitat-sim_issues.json,498,"bryanbocao, Skylion007, erikwijmans",11,11_command_deps_habitat_assimp,0.8704644159550698
facebookresearch_habitat-sim_issues,facebookresearch_habitat-sim_issues.json,491,"ducha-aiki, bryanbocao, shahhaard47, Mrakas, Derry-Xing, erikwijmans, c4chale",22,22_habitat_import_sim_module,1.0
facebookresearch_habitat-sim_issues,facebookresearch_habitat-sim_issues.json,487,"ronjamoller, aclegg3",3,3_camera_agent_sensor_rotation,1.0
facebookresearch_habitat-sim_issues,facebookresearch_habitat-sim_issues.json,485,Skylion007,8,8_semantic_scene_id_sim,0.7623878629992813
facebookresearch_habitat-sim_issues,facebookresearch_habitat-sim_issues.json,484,bigbike,-1,-1_habitat_the_src_to,0.0
facebookresearch_habitat-sim_issues,facebookresearch_habitat-sim_issues.json,480,"umerhasan17, dhruvbatra, HeterCol, mylad13, erikwijmans",-1,-1_habitat_the_src_to,0.0
facebookresearch_habitat-sim_issues,facebookresearch_habitat-sim_issues.json,476,bryanbocao,11,11_command_deps_habitat_assimp,1.0
facebookresearch_habitat-sim_issues,facebookresearch_habitat-sim_issues.json,470,"mosra, smpotdar",8,8_semantic_scene_id_sim,0.549545444265053
facebookresearch_habitat-sim_issues,facebookresearch_habitat-sim_issues.json,467,mpiseno,8,8_semantic_scene_id_sim,0.5983118151023863
facebookresearch_habitat-sim_issues,facebookresearch_habitat-sim_issues.json,459,"smorad, aclegg3",-1,-1_habitat_the_src_to,0.0
facebookresearch_habitat-sim_issues,facebookresearch_habitat-sim_issues.json,455,"dhruvbatra, msavva, M-Pixel, shivanshpatel35",11,11_command_deps_habitat_assimp,0.6948734510180228
facebookresearch_habitat-sim_issues,facebookresearch_habitat-sim_issues.json,453,"mathfac, aclegg3",23,23_navmesh_the_pathfinder_point,0.9183337850578911
facebookresearch_habitat-sim_issues,facebookresearch_habitat-sim_issues.json,442,bigbike,-1,-1_habitat_the_src_to,0.0
facebookresearch_habitat-sim_issues,facebookresearch_habitat-sim_issues.json,440,"ronjamoller, erikwijmans",3,3_camera_agent_sensor_rotation,1.0
facebookresearch_habitat-sim_issues,facebookresearch_habitat-sim_issues.json,436,matthewjmay,-1,-1_habitat_the_src_to,0.0
facebookresearch_habitat-sim_issues,facebookresearch_habitat-sim_issues.json,431,"erikwijmans, erick84mm",-1,-1_habitat_the_src_to,0.0
facebookresearch_habitat-sim_issues,facebookresearch_habitat-sim_issues.json,430,"bigbike, aclegg3",-1,-1_habitat_the_src_to,0.0
facebookresearch_habitat-sim_issues,facebookresearch_habitat-sim_issues.json,427,"mosra, HeterCol, erikwijmans, mhaboali",5,5_egl_habitat_nvidia_cuda,0.633219351314484
facebookresearch_habitat-sim_issues,facebookresearch_habitat-sim_issues.json,426,"bigbike, HeterCol, 201814476",-1,-1_habitat_the_src_to,0.0
facebookresearch_habitat-sim_issues,facebookresearch_habitat-sim_issues.json,421,"dhruvbatra, ankitjha-ai, mpiseno, KenaHemnani, mathfac, Skylion007, erikwijmans, shuishida",-1,-1_habitat_the_src_to,0.0
facebookresearch_habitat-sim_issues,facebookresearch_habitat-sim_issues.json,420,"picksh, aclegg3",3,3_camera_agent_sensor_rotation,0.7427442874914658
facebookresearch_habitat-sim_issues,facebookresearch_habitat-sim_issues.json,418,"Skylion007, ronjamoller, aclegg3",-1,-1_habitat_the_src_to,0.0
facebookresearch_habitat-sim_issues,facebookresearch_habitat-sim_issues.json,417,"mathfac, erikwijmans, wannabeOG",5,5_egl_habitat_nvidia_cuda,0.7184368546189286
facebookresearch_habitat-sim_issues,facebookresearch_habitat-sim_issues.json,416,"HeterCol, erikwijmans",11,11_command_deps_habitat_assimp,0.9874659701611024
facebookresearch_habitat-sim_issues,facebookresearch_habitat-sim_issues.json,415,"bryanbocao, erikwijmans",3,3_camera_agent_sensor_rotation,0.7248342906672485
facebookresearch_habitat-sim_issues,facebookresearch_habitat-sim_issues.json,414,"apsdehal, picksh",-1,-1_habitat_the_src_to,0.0
facebookresearch_habitat-sim_issues,facebookresearch_habitat-sim_issues.json,410,"naoto0804, erikwijmans",-1,-1_habitat_the_src_to,0.0
facebookresearch_habitat-sim_issues,facebookresearch_habitat-sim_issues.json,405,"mathfac, StOnEGiggity, erikwijmans, erick84mm",23,23_navmesh_the_pathfinder_point,1.0
facebookresearch_habitat-sim_issues,facebookresearch_habitat-sim_issues.json,404,"bryanbocao, erikwijmans",-1,-1_habitat_the_src_to,0.0
facebookresearch_habitat-sim_issues,facebookresearch_habitat-sim_issues.json,403,"davidkarl, erikwijmans",3,3_camera_agent_sensor_rotation,1.0
facebookresearch_habitat-sim_issues,facebookresearch_habitat-sim_issues.json,402,"bryanbocao, davidkarl, erikwijmans, aclegg3",3,3_camera_agent_sensor_rotation,0.8135796808580582
facebookresearch_habitat-sim_issues,facebookresearch_habitat-sim_issues.json,401,dhruvbatra,8,8_semantic_scene_id_sim,0.4871818433369599
facebookresearch_habitat-sim_issues,facebookresearch_habitat-sim_issues.json,396,"smorad, erikwijmans",-1,-1_habitat_the_src_to,0.0
facebookresearch_habitat-sim_issues,facebookresearch_habitat-sim_issues.json,391,bigbike,3,3_camera_agent_sensor_rotation,0.5646132542235475
facebookresearch_habitat-sim_issues,facebookresearch_habitat-sim_issues.json,390,"Skylion007, bigbike",-1,-1_habitat_the_src_to,0.0
facebookresearch_habitat-sim_issues,facebookresearch_habitat-sim_issues.json,388,"DXGatech, KenaHemnani, erikwijmans, fraazor",-1,-1_habitat_the_src_to,0.0
facebookresearch_habitat-sim_issues,facebookresearch_habitat-sim_issues.json,381,"TimForss, erikwijmans",11,11_command_deps_habitat_assimp,0.8429494322606192
facebookresearch_habitat-sim_issues,facebookresearch_habitat-sim_issues.json,377,"erikwijmans, erick84mm",3,3_camera_agent_sensor_rotation,0.8537262721276739
facebookresearch_habitat-sim_issues,facebookresearch_habitat-sim_issues.json,376,"mosra, wojga, bryanbocao, aclegg3, erikwijmans",18,18_replica_ptexmeshdata_apartment_mesh,0.9857511261227474
facebookresearch_habitat-sim_issues,facebookresearch_habitat-sim_issues.json,375,"bryanbocao, dhruvbatra, aclegg3",18,18_replica_ptexmeshdata_apartment_mesh,1.0
facebookresearch_habitat-sim_issues,facebookresearch_habitat-sim_issues.json,374,"ybgdgh, msbaines",8,8_semantic_scene_id_sim,0.4990529116635609
facebookresearch_habitat-sim_issues,facebookresearch_habitat-sim_issues.json,373,"erikwijmans, AAdeleye",-1,-1_habitat_the_src_to,0.0
facebookresearch_habitat-sim_issues,facebookresearch_habitat-sim_issues.json,370,erick84mm,23,23_navmesh_the_pathfinder_point,1.0
facebookresearch_habitat-sim_issues,facebookresearch_habitat-sim_issues.json,369,"aclegg3, erikwijmans, Kyridiculous2",-1,-1_habitat_the_src_to,0.0
facebookresearch_habitat-sim_issues,facebookresearch_habitat-sim_issues.json,368,phongnhhn92,-1,-1_habitat_the_src_to,0.0
facebookresearch_habitat-sim_issues,facebookresearch_habitat-sim_issues.json,367,"ronjamoller, aclegg3",-1,-1_habitat_the_src_to,0.0
facebookresearch_habitat-sim_issues,facebookresearch_habitat-sim_issues.json,366,"GELIELEO, erikwijmans",22,22_habitat_import_sim_module,0.5005342257971884
facebookresearch_habitat-sim_issues,facebookresearch_habitat-sim_issues.json,364,"picksh, aclegg3",-1,-1_habitat_the_src_to,0.0
facebookresearch_habitat-sim_issues,facebookresearch_habitat-sim_issues.json,361,"bryanbocao, aclegg3",-1,-1_habitat_the_src_to,0.0
facebookresearch_habitat-sim_issues,facebookresearch_habitat-sim_issues.json,358,"bryanbocao, erikwijmans",5,5_egl_habitat_nvidia_cuda,0.34423433231535827
facebookresearch_habitat-sim_issues,facebookresearch_habitat-sim_issues.json,354,"bryanbocao, erikwijmans",-1,-1_habitat_the_src_to,0.0
facebookresearch_habitat-sim_issues,facebookresearch_habitat-sim_issues.json,353,"mosra, msbaines, aclegg3",-1,-1_habitat_the_src_to,0.0
facebookresearch_habitat-sim_issues,facebookresearch_habitat-sim_issues.json,351,"Codeczh, Mingxiao-Li, labixiaochao, TianyuCao, erikwijmans",11,11_command_deps_habitat_assimp,0.9716669649887919
facebookresearch_habitat-sim_issues,facebookresearch_habitat-sim_issues.json,347,"mathfac, anoopsonar30, erikwijmans, aclegg3",-1,-1_habitat_the_src_to,0.0
facebookresearch_habitat-sim_issues,facebookresearch_habitat-sim_issues.json,345,"mathfac, anoopsonar30, erikwijmans, aclegg3",-1,-1_habitat_the_src_to,0.0
facebookresearch_habitat-sim_issues,facebookresearch_habitat-sim_issues.json,337,"erikwijmans, XiaoSong9905",8,8_semantic_scene_id_sim,0.9569791759137044
facebookresearch_habitat-sim_issues,facebookresearch_habitat-sim_issues.json,336,"dhruvbatra, msavva, mosra, mathfac, aclegg3, erikwijmans",8,8_semantic_scene_id_sim,0.6279503585251511
facebookresearch_habitat-sim_issues,facebookresearch_habitat-sim_issues.json,332,"dhruvbatra, aclegg3",-1,-1_habitat_the_src_to,0.0
facebookresearch_habitat-sim_issues,facebookresearch_habitat-sim_issues.json,330,"jturner65, dhruvbatra, msbaines, gianscarpe",3,3_camera_agent_sensor_rotation,0.5809529083513965
facebookresearch_habitat-sim_issues,facebookresearch_habitat-sim_issues.json,329,"zseymour, erikwijmans",-1,-1_habitat_the_src_to,0.0
facebookresearch_habitat-sim_issues,facebookresearch_habitat-sim_issues.json,328,"smorad, dhruvbatra, erikwijmans, erick84mm",18,18_replica_ptexmeshdata_apartment_mesh,1.0
facebookresearch_habitat-sim_issues,facebookresearch_habitat-sim_issues.json,327,"marek-at-work, erikwijmans",11,11_command_deps_habitat_assimp,1.0
facebookresearch_habitat-sim_issues,facebookresearch_habitat-sim_issues.json,323,"mathfac, msbaines",-1,-1_habitat_the_src_to,0.0
facebookresearch_habitat-sim_issues,facebookresearch_habitat-sim_issues.json,321,"yz-cnsdqz, erikwijmans",8,8_semantic_scene_id_sim,0.7866266362966472
facebookresearch_habitat-sim_issues,facebookresearch_habitat-sim_issues.json,320,"dhuber23b, aclegg3",8,8_semantic_scene_id_sim,1.0
facebookresearch_habitat-sim_issues,facebookresearch_habitat-sim_issues.json,319,aclegg3,-1,-1_habitat_the_src_to,0.0
facebookresearch_habitat-sim_issues,facebookresearch_habitat-sim_issues.json,316,"mathfac, JeremyLinky, erikwijmans, rrwiyatn",22,22_habitat_import_sim_module,0.272790497967066
facebookresearch_habitat-sim_issues,facebookresearch_habitat-sim_issues.json,315,"aclegg3, sequoia-hope",18,18_replica_ptexmeshdata_apartment_mesh,1.0
facebookresearch_habitat-sim_issues,facebookresearch_habitat-sim_issues.json,312,mathfac,-1,-1_habitat_the_src_to,0.0
facebookresearch_habitat-sim_issues,facebookresearch_habitat-sim_issues.json,302,"dhuber23b, AwokeKnowing, aclegg3",18,18_replica_ptexmeshdata_apartment_mesh,0.9185826064478623
facebookresearch_habitat-sim_issues,facebookresearch_habitat-sim_issues.json,301,"mosra, aclegg3",-1,-1_habitat_the_src_to,0.0
facebookresearch_habitat-sim_issues,facebookresearch_habitat-sim_issues.json,300,"mathfac, erikwijmans",3,3_camera_agent_sensor_rotation,0.6239667032333706
facebookresearch_habitat-sim_issues,facebookresearch_habitat-sim_issues.json,295,"dhuber23b, GELIELEO, aclegg3",22,22_habitat_import_sim_module,1.0
facebookresearch_habitat-sim_issues,facebookresearch_habitat-sim_issues.json,288,"haruishi43, smorad, s-gupta, abhiskk, stephen-harmon-newman, jeffjunzhang, erikwijmans, knzo25",5,5_egl_habitat_nvidia_cuda,0.5801884268541321
facebookresearch_habitat-sim_issues,facebookresearch_habitat-sim_issues.json,284,"dhuber23b, aclegg3",8,8_semantic_scene_id_sim,0.5125886692650394
facebookresearch_habitat-sim_issues,facebookresearch_habitat-sim_issues.json,283,"dhuber23b, aclegg3",19,19_sensor_sim_habitat_spec,1.0
facebookresearch_habitat-sim_issues,facebookresearch_habitat-sim_issues.json,275,"dhruvbatra, aclegg3",-1,-1_habitat_the_src_to,0.0
facebookresearch_habitat-sim_issues,facebookresearch_habitat-sim_issues.json,274,"dhruvbatra, aclegg3",-1,-1_habitat_the_src_to,0.0
facebookresearch_habitat-sim_issues,facebookresearch_habitat-sim_issues.json,266,"BurakHocaoglu, erikwijmans, aclegg3",11,11_command_deps_habitat_assimp,0.7269284229000098
facebookresearch_habitat-sim_issues,facebookresearch_habitat-sim_issues.json,265,chenwydj,23,23_navmesh_the_pathfinder_point,1.0
facebookresearch_habitat-sim_issues,facebookresearch_habitat-sim_issues.json,263,"francescotaioli, bryanbocao, AgentEXPL, chenwydj, erikwijmans",8,8_semantic_scene_id_sim,1.0
facebookresearch_habitat-sim_issues,facebookresearch_habitat-sim_issues.json,256,"duggalrahul, bigbike, mathfac, KenaHemnani, erikwijmans",-1,-1_habitat_the_src_to,0.0
facebookresearch_habitat-sim_issues,facebookresearch_habitat-sim_issues.json,255,"chenwydj, erikwijmans",5,5_egl_habitat_nvidia_cuda,0.8388123230865635
facebookresearch_habitat-sim_issues,facebookresearch_habitat-sim_issues.json,241,"dhruvbatra, msbaines, aclegg3",23,23_navmesh_the_pathfinder_point,0.9645479713652532
facebookresearch_habitat-sim_issues,facebookresearch_habitat-sim_issues.json,236,"dhruvbatra, msbaines",23,23_navmesh_the_pathfinder_point,0.8286839585876021
facebookresearch_habitat-sim_issues,facebookresearch_habitat-sim_issues.json,233,"msbaines, aclegg3",-1,-1_habitat_the_src_to,0.0
facebookresearch_habitat-sim_issues,facebookresearch_habitat-sim_issues.json,216,"SenZHANG-GitHub, erikwijmans",5,5_egl_habitat_nvidia_cuda,0.4810231500118463
facebookresearch_habitat-sim_issues,facebookresearch_habitat-sim_issues.json,215,"Xiaoming-Zhao, changanc",11,11_command_deps_habitat_assimp,0.6927997063024927
facebookresearch_habitat-sim_issues,facebookresearch_habitat-sim_issues.json,212,"aclegg3, Kyridiculous2",-1,-1_habitat_the_src_to,0.0
facebookresearch_habitat-sim_issues,facebookresearch_habitat-sim_issues.json,210,"mathfac, aclegg3, Skylion007, bigbike",-1,-1_habitat_the_src_to,0.0
facebookresearch_habitat-sim_issues,facebookresearch_habitat-sim_issues.json,205,"danmou, mosra, erikwijmans",11,11_command_deps_habitat_assimp,0.7414240619229706
facebookresearch_habitat-sim_issues,facebookresearch_habitat-sim_issues.json,201,"placeforyiming, erikwijmans",3,3_camera_agent_sensor_rotation,1.0
facebookresearch_habitat-sim_issues,facebookresearch_habitat-sim_issues.json,199,"placeforyiming, aclegg3",3,3_camera_agent_sensor_rotation,0.8978647866818021
facebookresearch_habitat-sim_issues,facebookresearch_habitat-sim_issues.json,192,"bigbike, msbaines",-1,-1_habitat_the_src_to,0.0
facebookresearch_habitat-sim_issues,facebookresearch_habitat-sim_issues.json,183,"MCZack95, bigbike, mathfac, erikwijmans",11,11_command_deps_habitat_assimp,0.5991510456927734
facebookresearch_habitat-sim_issues,facebookresearch_habitat-sim_issues.json,182,"SenZHANG-GitHub, erikwijmans",5,5_egl_habitat_nvidia_cuda,0.34222830128476617
facebookresearch_habitat-sim_issues,facebookresearch_habitat-sim_issues.json,181,"BurakHocaoglu, aclegg3",3,3_camera_agent_sensor_rotation,0.7249323997659394
facebookresearch_habitat-sim_issues,facebookresearch_habitat-sim_issues.json,180,"erikwijmans, meikai1023",11,11_command_deps_habitat_assimp,1.0
facebookresearch_habitat-sim_issues,facebookresearch_habitat-sim_issues.json,179,"SenZHANG-GitHub, mosra",-1,-1_habitat_the_src_to,0.0
facebookresearch_habitat-sim_issues,facebookresearch_habitat-sim_issues.json,177,burrussmp,-1,-1_habitat_the_src_to,0.0
facebookresearch_habitat-sim_issues,facebookresearch_habitat-sim_issues.json,167,"dhuber23b, erikwijmans, aclegg3",19,19_sensor_sim_habitat_spec,0.5025816061501333
facebookresearch_habitat-sim_issues,facebookresearch_habitat-sim_issues.json,165,"srama2512, aclegg3",-1,-1_habitat_the_src_to,0.0
facebookresearch_habitat-sim_issues,facebookresearch_habitat-sim_issues.json,157,"bigbike, mosra",19,19_sensor_sim_habitat_spec,0.5205038037367895
facebookresearch_habitat-sim_issues,facebookresearch_habitat-sim_issues.json,146,"BurakHocaoglu, devendrachaplot, erikwijmans, msbaines",11,11_command_deps_habitat_assimp,0.6275094057725671
facebookresearch_habitat-sim_issues,facebookresearch_habitat-sim_issues.json,145,"mathfac, bryanbocao, erikwijmans, HaolinLiu97",11,11_command_deps_habitat_assimp,0.643198989313523
facebookresearch_habitat-sim_issues,facebookresearch_habitat-sim_issues.json,137,"Dhciolfi, mosra",11,11_command_deps_habitat_assimp,1.0
facebookresearch_habitat-sim_issues,facebookresearch_habitat-sim_issues.json,136,"dhuber23b, aclegg3",11,11_command_deps_habitat_assimp,0.6444914853766814
facebookresearch_habitat-sim_issues,facebookresearch_habitat-sim_issues.json,135,"DianDYu, erikwijmans",-1,-1_habitat_the_src_to,0.0
facebookresearch_habitat-sim_issues,facebookresearch_habitat-sim_issues.json,131,"jingweiz, erikwijmans",3,3_camera_agent_sensor_rotation,1.0
facebookresearch_habitat-sim_issues,facebookresearch_habitat-sim_issues.json,130,"BurakHocaoglu, erikwijmans, aclegg3",-1,-1_habitat_the_src_to,0.0
facebookresearch_habitat-sim_issues,facebookresearch_habitat-sim_issues.json,129,"DianDYu, erikwijmans",-1,-1_habitat_the_src_to,0.0
facebookresearch_habitat-sim_issues,facebookresearch_habitat-sim_issues.json,127,"nowhereman1999, MichelleAppel, FishAres, Skylion007, erikwijmans",11,11_command_deps_habitat_assimp,0.8993746029010773
facebookresearch_habitat-sim_issues,facebookresearch_habitat-sim_issues.json,125,"srama2512, erikwijmans",19,19_sensor_sim_habitat_spec,0.5723911816000643
facebookresearch_habitat-sim_issues,facebookresearch_habitat-sim_issues.json,122,"Welius13, erikwijmans",11,11_command_deps_habitat_assimp,0.7202115042910335
facebookresearch_habitat-sim_issues,facebookresearch_habitat-sim_issues.json,121,"msavva, mosra",-1,-1_habitat_the_src_to,0.0
facebookresearch_habitat-sim_issues,facebookresearch_habitat-sim_issues.json,115,"dhruvbatra, mpiseno, ChanganVR, cesleem, erikwijmans",11,11_command_deps_habitat_assimp,0.7591566417786214
facebookresearch_habitat-sim_issues,facebookresearch_habitat-sim_issues.json,111,"iszihan, naoto0804",23,23_navmesh_the_pathfinder_point,0.9200996313704551
facebookresearch_habitat-sim_issues,facebookresearch_habitat-sim_issues.json,102,"PsycoTodd, erikwijmans",8,8_semantic_scene_id_sim,0.6284916887756753
facebookresearch_habitat-sim_issues,facebookresearch_habitat-sim_issues.json,101,"aphalak, erikwijmans",3,3_camera_agent_sensor_rotation,1.0
facebookresearch_habitat-sim_issues,facebookresearch_habitat-sim_issues.json,100,"iszihan, PsycoTodd, erikwijmans",18,18_replica_ptexmeshdata_apartment_mesh,1.0
facebookresearch_habitat-sim_issues,facebookresearch_habitat-sim_issues.json,99,"erikwijmans, medhagitnod",8,8_semantic_scene_id_sim,0.5511203753174837
facebookresearch_habitat-sim_issues,facebookresearch_habitat-sim_issues.json,98,"AlonzoTG, dhruvbatra, aclegg3",11,11_command_deps_habitat_assimp,0.6074667893321036
facebookresearch_habitat-sim_issues,facebookresearch_habitat-sim_issues.json,97,"danmou, anoopsonar30, erikwijmans, aclegg3",3,3_camera_agent_sensor_rotation,0.6284126182319546
facebookresearch_habitat-sim_issues,facebookresearch_habitat-sim_issues.json,96,"erikwijmans, ronjamoller, medhagitnod",-1,-1_habitat_the_src_to,0.0
facebookresearch_habitat-sim_issues,facebookresearch_habitat-sim_issues.json,95,"erikwijmans, ToniRV",15,15_tensor_at_task_datarep,0.606896075741527
facebookresearch_habitat-sim_issues,facebookresearch_habitat-sim_issues.json,94,"anoopsonar30, erikwijmans, aclegg3",5,5_egl_habitat_nvidia_cuda,0.38624662915053
facebookresearch_habitat-sim_issues,facebookresearch_habitat-sim_issues.json,93,"mathfac, anoopsonar30, erikwijmans, ankanbansal",-1,-1_habitat_the_src_to,0.0
facebookresearch_habitat-sim_issues,facebookresearch_habitat-sim_issues.json,92,"alexklwong, erikwijmans",22,22_habitat_import_sim_module,1.0
facebookresearch_habitat-sim_issues,facebookresearch_habitat-sim_issues.json,90,"alexklwong, erikwijmans",11,11_command_deps_habitat_assimp,1.0
facebookresearch_habitat-sim_issues,facebookresearch_habitat-sim_issues.json,88,"erikwijmans, nickgraz",-1,-1_habitat_the_src_to,0.0
facebookresearch_habitat-sim_issues,facebookresearch_habitat-sim_issues.json,86,"michaelthreet, erikwijmans",11,11_command_deps_habitat_assimp,0.9049972870220595
facebookresearch_habitat-sim_issues,facebookresearch_habitat-sim_issues.json,83,"erikwijmans, phongnhhn92",-1,-1_habitat_the_src_to,0.0
facebookresearch_habitat-sim_issues,facebookresearch_habitat-sim_issues.json,82,"hzyjerry, Kyridiculous2, mathfac, balloch, erikwijmans",22,22_habitat_import_sim_module,0.972577718405562
facebookresearch_habitat-sim_issues,facebookresearch_habitat-sim_issues.json,81,"placeforyiming, mosra, doyled-it",11,11_command_deps_habitat_assimp,0.701470226448849
facebookresearch_habitat-sim_issues,facebookresearch_habitat-sim_issues.json,80,"QingquanBao, placeforyiming, mosra, chenhaomingbob, GuoPingPan, aclegg3, leobxpan, erikwijmans",3,3_camera_agent_sensor_rotation,1.0
facebookresearch_habitat-sim_issues,facebookresearch_habitat-sim_issues.json,79,"erikwijmans, phongnhhn92",-1,-1_habitat_the_src_to,0.0
facebookresearch_habitat-sim_issues,facebookresearch_habitat-sim_issues.json,78,"weilinie, erikwijmans",22,22_habitat_import_sim_module,0.36715478016943465
facebookresearch_habitat-sim_issues,facebookresearch_habitat-sim_issues.json,77,"erikwijmans, medhagitnod",-1,-1_habitat_the_src_to,0.0
facebookresearch_habitat-sim_issues,facebookresearch_habitat-sim_issues.json,65,"erikwijmans, medhagitnod",3,3_camera_agent_sensor_rotation,0.5922116322425658
facebookresearch_habitat-sim_issues,facebookresearch_habitat-sim_issues.json,54,"dhruvbatra, msavva, edbeeching, mosra, medhagitnod, mathfac, Rendok, erikwijmans",-1,-1_habitat_the_src_to,0.0
facebookresearch_habitat-sim_issues,facebookresearch_habitat-sim_issues.json,52,erikwijmans,3,3_camera_agent_sensor_rotation,0.5933233452219239
facebookresearch_habitat-sim_issues,facebookresearch_habitat-sim_issues.json,51,"mathfac, dhruvbatra, erikwijmans",3,3_camera_agent_sensor_rotation,0.9777772014456643
facebookresearch_habitat-sim_issues,facebookresearch_habitat-sim_issues.json,50,"edbeeching, dhruvbatra, erikwijmans",-1,-1_habitat_the_src_to,0.0
facebookresearch_habitat-sim_issues,facebookresearch_habitat-sim_issues.json,49,vcartillier3,8,8_semantic_scene_id_sim,0.6152511794519157
facebookresearch_habitat-sim_issues,facebookresearch_habitat-sim_issues.json,48,"msavva, erikwijmans, medhagitnod",22,22_habitat_import_sim_module,1.0
facebookresearch_habitat-sim_issues,facebookresearch_habitat-sim_issues.json,47,"erikwijmans, medhagitnod",-1,-1_habitat_the_src_to,0.0
facebookresearch_habitat-sim_issues,facebookresearch_habitat-sim_issues.json,45,mathfac,-1,-1_habitat_the_src_to,0.0
facebookresearch_habitat-sim_issues,facebookresearch_habitat-sim_issues.json,44,mathfac,23,23_navmesh_the_pathfinder_point,1.0
facebookresearch_habitat-sim_issues,facebookresearch_habitat-sim_issues.json,42,"Skylion007, mosra, aclegg3",11,11_command_deps_habitat_assimp,0.7656367831366974
facebookresearch_habitat-sim_issues,facebookresearch_habitat-sim_issues.json,36,"mathfac, mosra, erikwijmans, danielgordon10",-1,-1_habitat_the_src_to,0.0
facebookresearch_habitat-sim_issues,facebookresearch_habitat-sim_issues.json,34,"erikwijmans, brucecui97",-1,-1_habitat_the_src_to,0.0
facebookresearch_habitat-sim_issues,facebookresearch_habitat-sim_issues.json,32,"anoopsonar30, takuma-yoneda, PatZhuang, StOnEGiggity, mathfac, KenaHemnani, erikwijmans",5,5_egl_habitat_nvidia_cuda,0.664925447085044
facebookresearch_habitat-sim_issues,facebookresearch_habitat-sim_issues.json,28,"erikwijmans, danielgordon10",5,5_egl_habitat_nvidia_cuda,0.34222830128476617
facebookresearch_habitat-sim_issues,facebookresearch_habitat-sim_issues.json,26,"erikwijmans, danielgordon10",22,22_habitat_import_sim_module,1.0
facebookresearch_habitat-sim_issues,facebookresearch_habitat-sim_issues.json,25,"erikwijmans, danielgordon10",-1,-1_habitat_the_src_to,0.0
facebookresearch_habitat-sim_issues,facebookresearch_habitat-sim_issues.json,24,"erikwijmans, danielgordon10",-1,-1_habitat_the_src_to,0.0
facebookresearch_habitat-sim_issues,facebookresearch_habitat-sim_issues.json,23,"erikwijmans, david2611",8,8_semantic_scene_id_sim,0.5437382850656592
facebookresearch_habitat-sim_issues,facebookresearch_habitat-sim_issues.json,22,"dhruvbatra, erikwijmans",8,8_semantic_scene_id_sim,0.5057429266760908
facebookresearch_habitat-sim_issues,facebookresearch_habitat-sim_issues.json,19,"eric-xw, aclegg3",8,8_semantic_scene_id_sim,0.4977599314216797
facebookresearch_habitat-sim_issues,facebookresearch_habitat-sim_issues.json,18,"ZwwWayne, mosra, erikwijmans",5,5_egl_habitat_nvidia_cuda,0.40150676146785136
facebookresearch_habitat-sim_issues,facebookresearch_habitat-sim_issues.json,16,"dhruvbatra, msavva, mosra, aty8, erikwijmans",11,11_command_deps_habitat_assimp,0.6090834976582784
facebookresearch_habitat-sim_issues,facebookresearch_habitat-sim_issues.json,13,"erikwijmans, danielgordon10",22,22_habitat_import_sim_module,1.0
facebookresearch_habitat-sim_issues,facebookresearch_habitat-sim_issues.json,9,mathfac,-1,-1_habitat_the_src_to,0.0
facebookresearch_habitat-sim_issues,facebookresearch_habitat-sim_issues.json,7,"helennn, erikwijmans",11,11_command_deps_habitat_assimp,0.643874076867685
facebookresearch_habitat-sim_issues,facebookresearch_habitat-sim_issues.json,5,"mathfac, srama2512, erikwijmans",-1,-1_habitat_the_src_to,0.0
facebookresearch_habitat-sim_issues,facebookresearch_habitat-sim_issues.json,4,"rakeshshrestha31, erikwijmans",3,3_camera_agent_sensor_rotation,1.0
facebookresearch_habitat-sim_issues,facebookresearch_habitat-sim_issues.json,3,HighlyAuditory,3,3_camera_agent_sensor_rotation,0.5341921726663978
facebookresearch_habitat-sim_issues,facebookresearch_habitat-sim_issues.json,2,"odellus, erikwijmans",22,22_habitat_import_sim_module,1.0
facebookresearch_habitat-sim_issues,facebookresearch_habitat-sim_issues.json,1,"mathfac, Skylion007, erikwijmans, maximecb",-1,-1_habitat_the_src_to,0.0
GKalliatakis_Keras-VGG16-places365_issues,GKalliatakis_Keras-VGG16-places365_issues.json,21,angelorobo,-1,-1_habitat_the_src_to,0.0
GKalliatakis_Keras-VGG16-places365_issues,GKalliatakis_Keras-VGG16-places365_issues.json,20,"davidwdw, huntkao",7,7_the_layer_loss_pytorch,0.7128061986406176
GKalliatakis_Keras-VGG16-places365_issues,GKalliatakis_Keras-VGG16-places365_issues.json,19,emerald4622,-1,-1_habitat_the_src_to,0.0
GKalliatakis_Keras-VGG16-places365_issues,GKalliatakis_Keras-VGG16-places365_issues.json,18,"lilymetime, jam-iee",-1,-1_habitat_the_src_to,0.0
GKalliatakis_Keras-VGG16-places365_issues,GKalliatakis_Keras-VGG16-places365_issues.json,17,"GKalliatakis, ZoulfikarShmayssani",6,6_trained_model_pretrained_you,0.8161633521511706
GKalliatakis_Keras-VGG16-places365_issues,GKalliatakis_Keras-VGG16-places365_issues.json,15,"albertobeto, northtree",-1,-1_habitat_the_src_to,0.0
GKalliatakis_Keras-VGG16-places365_issues,GKalliatakis_Keras-VGG16-places365_issues.json,13,"GKalliatakis, icarocd",-1,-1_habitat_the_src_to,0.0
GKalliatakis_Keras-VGG16-places365_issues,GKalliatakis_Keras-VGG16-places365_issues.json,12,"hiarsal, GKalliatakis",-1,-1_habitat_the_src_to,0.0
GKalliatakis_Keras-VGG16-places365_issues,GKalliatakis_Keras-VGG16-places365_issues.json,11,"GKalliatakis, icarocd",-1,-1_habitat_the_src_to,0.0
GKalliatakis_Keras-VGG16-places365_issues,GKalliatakis_Keras-VGG16-places365_issues.json,9,"atunick, GKalliatakis",-1,-1_habitat_the_src_to,0.0
GKalliatakis_Keras-VGG16-places365_issues,GKalliatakis_Keras-VGG16-places365_issues.json,7,"GoncaloBFM, GKalliatakis",-1,-1_habitat_the_src_to,0.0
GKalliatakis_Keras-VGG16-places365_issues,GKalliatakis_Keras-VGG16-places365_issues.json,6,"xeoi, GKalliatakis",-1,-1_habitat_the_src_to,0.0
GKalliatakis_Keras-VGG16-places365_issues,GKalliatakis_Keras-VGG16-places365_issues.json,5,"pavelgonchar, atunick, several27, Oktai15, kelly-xuxixi, ppgnk, DongChen06, ramprs, GKalliatakis",-1,-1_habitat_the_src_to,0.0
GKalliatakis_Keras-VGG16-places365_issues,GKalliatakis_Keras-VGG16-places365_issues.json,2,"fmaglia, GKalliatakis",42,42_acc_val_epoch_loss,1.0
GKalliatakis_Keras-VGG16-places365_issues,GKalliatakis_Keras-VGG16-places365_issues.json,1,"xjcvip007, GKalliatakis",-1,-1_habitat_the_src_to,0.0
gsurma_cartpole_issues,gsurma_cartpole_issues.json,6,steven-ja,-1,-1_habitat_the_src_to,0.0
gsurma_cartpole_issues,gsurma_cartpole_issues.json,4,birdmw,33,33_action_sac_plt_ep,1.0
gsurma_cartpole_issues,gsurma_cartpole_issues.json,3,chinmaySwami,25,25_h5py_self_py_keras,0.9191619930596315
gsurma_cartpole_issues,gsurma_cartpole_issues.json,2,ramy-e-ali,-1,-1_habitat_the_src_to,0.0
gsurma_face_generator_issues,gsurma_face_generator_issues.json,1,veilupt,-1,-1_habitat_the_src_to,0.0
gsurma_image_generator_issues,gsurma_image_generator_issues.json,8,joandies,30,30_training_predict_save_stop,1.0
gsurma_image_generator_issues,gsurma_image_generator_issues.json,7,Raijin003,-1,-1_habitat_the_src_to,0.0
gsurma_image_generator_issues,gsurma_image_generator_issues.json,6,"kdazzle, vikasnr, WaelShaikh",-1,-1_habitat_the_src_to,0.0
gsurma_image_generator_issues,gsurma_image_generator_issues.json,5,"markhanslip, sam2332, NaChuaN666",42,42_acc_val_epoch_loss,0.9413225074242147
gsurma_image_generator_issues,gsurma_image_generator_issues.json,4,"jpfender, gsurma",30,30_training_predict_save_stop,1.0
gsurma_image_generator_issues,gsurma_image_generator_issues.json,3,artleague,-1,-1_habitat_the_src_to,0.0
gsurma_image_generator_issues,gsurma_image_generator_issues.json,2,"baizhenmao95, gsurma",17,17_memory_gpu_batch_size,1.0
gsurma_image_generator_issues,gsurma_image_generator_issues.json,1,"ghost, gsurma",-1,-1_habitat_the_src_to,0.0
gsurma_text_predictor_issues,gsurma_text_predictor_issues.json,9,nullf0,-1,-1_habitat_the_src_to,0.0
gsurma_text_predictor_issues,gsurma_text_predictor_issues.json,8,N07070,27,27_tensorflow_keras_tf_py,1.0
gsurma_text_predictor_issues,gsurma_text_predictor_issues.json,7,"joeycurnutt, JuanERombado",-1,-1_habitat_the_src_to,0.0
gsurma_text_predictor_issues,gsurma_text_predictor_issues.json,6,hermesonbf,1,1_score_bert_bertscore_the,0.3622733147483524
gsurma_text_predictor_issues,gsurma_text_predictor_issues.json,5,hermesonbf,4,4_som_minisom_the_justglowing,0.7633628983485633
gsurma_text_predictor_issues,gsurma_text_predictor_issues.json,3,"siusoon, gsurma",-1,-1_habitat_the_src_to,0.0
gsurma_text_predictor_issues,gsurma_text_predictor_issues.json,2,"fonzai, siusoon, gsurma",25,25_h5py_self_py_keras,1.0
gsurma_text_predictor_issues,gsurma_text_predictor_issues.json,1,"nidhikamath91, gsurma",30,30_training_predict_save_stop,0.9779647160419387
Ha0Tang_AttentionGAN_issues,Ha0Tang_AttentionGAN_issues.json,36,yichuan-huang,-1,-1_habitat_the_src_to,0.0
Ha0Tang_AttentionGAN_issues,Ha0Tang_AttentionGAN_issues.json,35,yyyyoite,35,35_attention_attentiongan_scheme_mask,1.0
Ha0Tang_AttentionGAN_issues,Ha0Tang_AttentionGAN_issues.json,34,Kathir71,45,45_simplification_code_available_degree,1.0
Ha0Tang_AttentionGAN_issues,Ha0Tang_AttentionGAN_issues.json,32,KayolanSenp,6,6_trained_model_pretrained_you,1.0
Ha0Tang_AttentionGAN_issues,Ha0Tang_AttentionGAN_issues.json,31,laoliu97,35,35_attention_attentiongan_scheme_mask,0.5058401765118193
Ha0Tang_AttentionGAN_issues,Ha0Tang_AttentionGAN_issues.json,30,laoliu97,35,35_attention_attentiongan_scheme_mask,0.39968744299244235
Ha0Tang_AttentionGAN_issues,Ha0Tang_AttentionGAN_issues.json,29,gogobd,2,2_code2vec_java_the_javaextractor,0.2683876456703572
Ha0Tang_AttentionGAN_issues,Ha0Tang_AttentionGAN_issues.json,28,woaiwojia4816294,35,35_attention_attentiongan_scheme_mask,1.0
Ha0Tang_AttentionGAN_issues,Ha0Tang_AttentionGAN_issues.json,27,ghost,7,7_the_layer_loss_pytorch,1.0
Ha0Tang_AttentionGAN_issues,Ha0Tang_AttentionGAN_issues.json,26,DISAPPEARED13,35,35_attention_attentiongan_scheme_mask,1.0
Ha0Tang_AttentionGAN_issues,Ha0Tang_AttentionGAN_issues.json,25,ghost,16,16_l2_mult_param_bottom,1.0
Ha0Tang_AttentionGAN_issues,Ha0Tang_AttentionGAN_issues.json,24,ghost,-1,-1_habitat_the_src_to,0.0
Ha0Tang_AttentionGAN_issues,Ha0Tang_AttentionGAN_issues.json,23,"Ha0Tang, ghost",30,30_training_predict_save_stop,0.9301316641895122
Ha0Tang_AttentionGAN_issues,Ha0Tang_AttentionGAN_issues.json,22,chophilip21,36,36_images_ndf_the_netd,1.0
Ha0Tang_AttentionGAN_issues,Ha0Tang_AttentionGAN_issues.json,21,"Ha0Tang, beniz, tantantetetao, oopsboy, ManuBN786, hd201708010401, BeyzanurZeybek, sun11711",44,44_own_dataset_images_train,0.9110863418615472
Ha0Tang_AttentionGAN_issues,Ha0Tang_AttentionGAN_issues.json,20,Xccdd,7,7_the_layer_loss_pytorch,0.6433288882341632
Ha0Tang_AttentionGAN_issues,Ha0Tang_AttentionGAN_issues.json,19,"dcarrion87, lhan597549264, aziabari",-1,-1_habitat_the_src_to,0.0
Ha0Tang_AttentionGAN_issues,Ha0Tang_AttentionGAN_issues.json,18,"Ha0Tang, laoliu97, hd201708010401, Xccdd, ghost, ersanliqiao, PeterTF656",-1,-1_habitat_the_src_to,0.0
Ha0Tang_AttentionGAN_issues,Ha0Tang_AttentionGAN_issues.json,17,"ganyibo, Ha0Tang",35,35_attention_attentiongan_scheme_mask,0.656622473324572
Ha0Tang_AttentionGAN_issues,Ha0Tang_AttentionGAN_issues.json,16,Nightfury12366,35,35_attention_attentiongan_scheme_mask,0.5423044329362935
Ha0Tang_AttentionGAN_issues,Ha0Tang_AttentionGAN_issues.json,14,"Ha0Tang, ghost",-1,-1_habitat_the_src_to,0.0
Ha0Tang_AttentionGAN_issues,Ha0Tang_AttentionGAN_issues.json,13,"Ha0Tang, stqc",45,45_simplification_code_available_degree,0.6775398512237103
Ha0Tang_AttentionGAN_issues,Ha0Tang_AttentionGAN_issues.json,12,"Ha0Tang, chenwwayne",35,35_attention_attentiongan_scheme_mask,1.0
Ha0Tang_AttentionGAN_issues,Ha0Tang_AttentionGAN_issues.json,11,"Ha0Tang, stqc",16,16_l2_mult_param_bottom,1.0
Ha0Tang_AttentionGAN_issues,Ha0Tang_AttentionGAN_issues.json,10,"Ha0Tang, pytyeah",6,6_trained_model_pretrained_you,1.0
Ha0Tang_AttentionGAN_issues,Ha0Tang_AttentionGAN_issues.json,9,"Ha0Tang, GANGREEK",35,35_attention_attentiongan_scheme_mask,1.0
Ha0Tang_AttentionGAN_issues,Ha0Tang_AttentionGAN_issues.json,8,"stillstream, SunYangtian",35,35_attention_attentiongan_scheme_mask,0.6172531861127429
Ha0Tang_AttentionGAN_issues,Ha0Tang_AttentionGAN_issues.json,7,"Ha0Tang, JuiChang",35,35_attention_attentiongan_scheme_mask,1.0
Ha0Tang_AttentionGAN_issues,Ha0Tang_AttentionGAN_issues.json,6,"kidach1, Ha0Tang",-1,-1_habitat_the_src_to,0.0
Ha0Tang_AttentionGAN_issues,Ha0Tang_AttentionGAN_issues.json,5,"Ha0Tang, Johnson-yue, peachis",16,16_l2_mult_param_bottom,1.0
Ha0Tang_AttentionGAN_issues,Ha0Tang_AttentionGAN_issues.json,4,"Ha0Tang, Johnson-yue, sparshgarg23",35,35_attention_attentiongan_scheme_mask,1.0
Ha0Tang_AttentionGAN_issues,Ha0Tang_AttentionGAN_issues.json,3,"Ha0Tang, zhang-lingyun",35,35_attention_attentiongan_scheme_mask,1.0
Ha0Tang_AttentionGAN_issues,Ha0Tang_AttentionGAN_issues.json,2,"xuxiaochun025, Ha0Tang",35,35_attention_attentiongan_scheme_mask,1.0
Ha0Tang_AttentionGAN_issues,Ha0Tang_AttentionGAN_issues.json,1,"yXiangXiong, Ha0Tang, DLwbm123",35,35_attention_attentiongan_scheme_mask,0.4999855892270803
Ha0Tang_GestureGAN_issues,Ha0Tang_GestureGAN_issues.json,8,"Ha0Tang, ali-ahnaf",6,6_trained_model_pretrained_you,0.9932097240151696
Ha0Tang_GestureGAN_issues,Ha0Tang_GestureGAN_issues.json,7,jysa01,-1,-1_habitat_the_src_to,0.0
Ha0Tang_GestureGAN_issues,Ha0Tang_GestureGAN_issues.json,6,"Ha0Tang, jysa01",-1,-1_habitat_the_src_to,0.0
Ha0Tang_GestureGAN_issues,Ha0Tang_GestureGAN_issues.json,5,"Ha0Tang, DeekshaDixit15",6,6_trained_model_pretrained_you,1.0
Ha0Tang_GestureGAN_issues,Ha0Tang_GestureGAN_issues.json,4,"Ha0Tang, Franborat",-1,-1_habitat_the_src_to,0.0
Ha0Tang_GestureGAN_issues,Ha0Tang_GestureGAN_issues.json,3,"Ha0Tang, waterai12",10,10_dataset_download_datasets_you,0.9169161662352298
Ha0Tang_GestureGAN_issues,Ha0Tang_GestureGAN_issues.json,2,"Ha0Tang, liyulin9541",45,45_simplification_code_available_degree,1.0
Ha0Tang_GestureGAN_issues,Ha0Tang_GestureGAN_issues.json,1,"Ha0Tang, Muzijiajian",45,45_simplification_code_available_degree,1.0
HendrikStrobelt_detecting-fake-text_issues,HendrikStrobelt_detecting-fake-text_issues.json,49,CebelihleNcube,-1,-1_habitat_the_src_to,0.0
HendrikStrobelt_detecting-fake-text_issues,HendrikStrobelt_detecting-fake-text_issues.json,48,xiaohuaaibiancheng,14,14_xmnlp_checker_seanlee97_seg,0.6734087343408255
HendrikStrobelt_detecting-fake-text_issues,HendrikStrobelt_detecting-fake-text_issues.json,47,"sperglord8008s, Adreia67",49,49_tdh_mytest_kel_ternary,1.0
HendrikStrobelt_detecting-fake-text_issues,HendrikStrobelt_detecting-fake-text_issues.json,46,"Vedantvijayhumbe, alexcla99",15,15_tensor_at_task_datarep,0.6856245653574689
HendrikStrobelt_detecting-fake-text_issues,HendrikStrobelt_detecting-fake-text_issues.json,45,andrezaparaizo,49,49_tdh_mytest_kel_ternary,1.0
HendrikStrobelt_detecting-fake-text_issues,HendrikStrobelt_detecting-fake-text_issues.json,43,Saravananthedeveloper,1,1_score_bert_bertscore_the,1.0
HendrikStrobelt_detecting-fake-text_issues,HendrikStrobelt_detecting-fake-text_issues.json,29,"vstarko, 1Maxnet1",13,13_license_demo_lichess_this,0.5246994148065326
HendrikStrobelt_detecting-fake-text_issues,HendrikStrobelt_detecting-fake-text_issues.json,23,WissamAntoun,1,1_score_bert_bertscore_the,0.962640182554179
HendrikStrobelt_detecting-fake-text_issues,HendrikStrobelt_detecting-fake-text_issues.json,22,BenF99,1,1_score_bert_bertscore_the,1.0
HendrikStrobelt_detecting-fake-text_issues,HendrikStrobelt_detecting-fake-text_issues.json,21,"izhx, zainsarwar865",-1,-1_habitat_the_src_to,0.0
HendrikStrobelt_detecting-fake-text_issues,HendrikStrobelt_detecting-fake-text_issues.json,20,BigSalmon2,-1,-1_habitat_the_src_to,0.0
HendrikStrobelt_detecting-fake-text_issues,HendrikStrobelt_detecting-fake-text_issues.json,12,"vipulr8, HendrikStrobelt",45,45_simplification_code_available_degree,1.0
HendrikStrobelt_detecting-fake-text_issues,HendrikStrobelt_detecting-fake-text_issues.json,11,"HendrikStrobelt, BigSalmon2",13,13_license_demo_lichess_this,0.536120345345914
HendrikStrobelt_detecting-fake-text_issues,HendrikStrobelt_detecting-fake-text_issues.json,9,airmak,1,1_score_bert_bertscore_the,1.0
HendrikStrobelt_detecting-fake-text_issues,HendrikStrobelt_detecting-fake-text_issues.json,7,"Jiaxin-Wen, HendrikStrobelt",-1,-1_habitat_the_src_to,0.0
HendrikStrobelt_detecting-fake-text_issues,HendrikStrobelt_detecting-fake-text_issues.json,2,"thesofakillers, CT83",-1,-1_habitat_the_src_to,0.0
hlzz_DeepMatchVO_issues,hlzz_DeepMatchVO_issues.json,11,kingskymoon,-1,-1_habitat_the_src_to,0.0
hlzz_DeepMatchVO_issues,hlzz_DeepMatchVO_issues.json,10,IaroslavS,-1,-1_habitat_the_src_to,0.0
hlzz_DeepMatchVO_issues,hlzz_DeepMatchVO_issues.json,9,"Jacksonfei, hlzz",-1,-1_habitat_the_src_to,0.0
hlzz_DeepMatchVO_issues,hlzz_DeepMatchVO_issues.json,8,danbo2,2,2_code2vec_java_the_javaextractor,0.2847671378796736
hlzz_DeepMatchVO_issues,hlzz_DeepMatchVO_issues.json,7,"danbo2, hlzz",10,10_dataset_download_datasets_you,0.3479261207401533
hlzz_DeepMatchVO_issues,hlzz_DeepMatchVO_issues.json,6,"danbo2, hlzz",3,3_camera_agent_sensor_rotation,0.7927915452333358
hlzz_DeepMatchVO_issues,hlzz_DeepMatchVO_issues.json,5,"BassyKuo, hlzz",-1,-1_habitat_the_src_to,0.0
hlzz_DeepMatchVO_issues,hlzz_DeepMatchVO_issues.json,4,"WANGYINGYU, hlzz",-1,-1_habitat_the_src_to,0.0
hlzz_DeepMatchVO_issues,hlzz_DeepMatchVO_issues.json,3,"hlzz, AdamAsh2019",-1,-1_habitat_the_src_to,0.0
hlzz_DeepMatchVO_issues,hlzz_DeepMatchVO_issues.json,2,"hlzz, XABxab123",3,3_camera_agent_sensor_rotation,0.7083757196322625
hlzz_DeepMatchVO_issues,hlzz_DeepMatchVO_issues.json,1,"yzhang93, hlzz",-1,-1_habitat_the_src_to,0.0
hlzz_mirror_issues,hlzz_mirror_issues.json,6,"rann1018, lzfff12, Suxilan",8,8_semantic_scene_id_sim,0.4810929249819533
hlzz_mirror_issues,hlzz_mirror_issues.json,5,rjanvier,40,40_grasp_the_ggcnn_depth,0.7009625849552972
hlzz_mirror_issues,hlzz_mirror_issues.json,4,rann1018,-1,-1_habitat_the_src_to,0.0
hlzz_mirror_issues,hlzz_mirror_issues.json,3,"porcofly, hlzz",-1,-1_habitat_the_src_to,0.0
hlzz_mirror_issues,hlzz_mirror_issues.json,2,"porcofly, hlzz",28,28_urdf_collision_the_robot,1.0
HoloClean_holoclean_issues,HoloClean_holoclean_issues.json,117,DaliGaoudi,37,37_holoclean_recorderreader_string_std,1.0
HoloClean_holoclean_issues,HoloClean_holoclean_issues.json,113,nikimonjazeb,10,10_dataset_download_datasets_you,0.9201823242770553
HoloClean_holoclean_issues,HoloClean_holoclean_issues.json,112,pgasawa,0,0_model_modelmanager_serving_server,0.6590434742538052
HoloClean_holoclean_issues,HoloClean_holoclean_issues.json,108,Skdante,0,0_model_modelmanager_serving_server,0.5865636119808577
HoloClean_holoclean_issues,HoloClean_holoclean_issues.json,106,"Aaditya-Bhatia, rocknamx8",10,10_dataset_download_datasets_you,0.9269381583601778
HoloClean_holoclean_issues,HoloClean_holoclean_issues.json,105,arotem3,37,37_holoclean_recorderreader_string_std,1.0
HoloClean_holoclean_issues,HoloClean_holoclean_issues.json,104,"LanLi2017, suiyengar",6,6_trained_model_pretrained_you,1.0
HoloClean_holoclean_issues,HoloClean_holoclean_issues.json,103,"GoFroggyRun, feedthebeat90",37,37_holoclean_recorderreader_string_std,1.0
HoloClean_holoclean_issues,HoloClean_holoclean_issues.json,102,fatangare,37,37_holoclean_recorderreader_string_std,0.6740037188583993
HoloClean_holoclean_issues,HoloClean_holoclean_issues.json,100,"fatangare, minafarid",10,10_dataset_download_datasets_you,0.4227560376575066
HoloClean_holoclean_issues,HoloClean_holoclean_issues.json,96,"nuarc, thodrek",37,37_holoclean_recorderreader_string_std,0.6294230300629006
HoloClean_holoclean_issues,HoloClean_holoclean_issues.json,95,"minafarid, m1sta",-1,-1_habitat_the_src_to,0.0
HoloClean_holoclean_issues,HoloClean_holoclean_issues.json,91,"minafarid, zaqthss",37,37_holoclean_recorderreader_string_std,1.0
HoloClean_holoclean_issues,HoloClean_holoclean_issues.json,87,ariel-ms,37,37_holoclean_recorderreader_string_std,0.5953561440697054
HoloClean_holoclean_issues,HoloClean_holoclean_issues.json,86,"ariel-ms, thodrek",-1,-1_habitat_the_src_to,0.0
HoloClean_holoclean_issues,HoloClean_holoclean_issues.json,80,"pmnerfed, fatangare",-1,-1_habitat_the_src_to,0.0
HoloClean_holoclean_issues,HoloClean_holoclean_issues.json,79,"richardwu, deepakrajwani",37,37_holoclean_recorderreader_string_std,1.0
HoloClean_holoclean_issues,HoloClean_holoclean_issues.json,60,minafarid,37,37_holoclean_recorderreader_string_std,0.8632196658228971
HoloClean_holoclean_issues,HoloClean_holoclean_issues.json,54,minafarid,-1,-1_habitat_the_src_to,0.0
HoloClean_holoclean_issues,HoloClean_holoclean_issues.json,45,"jondoering, DataDoctorNG, thodrek, asstergi",37,37_holoclean_recorderreader_string_std,0.5377297854598506
HoloClean_holoclean_issues,HoloClean_holoclean_issues.json,44,pmaetzig,37,37_holoclean_recorderreader_string_std,1.0
HoloClean_holoclean_issues,HoloClean_holoclean_issues.json,42,"richardwu, minafarid, ScarletGuo",37,37_holoclean_recorderreader_string_std,0.6327061682621623
HoloClean_holoclean_issues,HoloClean_holoclean_issues.json,41,"richardwu, minafarid, j-r77, fgeerts, thodrek",-1,-1_habitat_the_src_to,0.0
HoloClean_holoclean_issues,HoloClean_holoclean_issues.json,34,"richardwu, thodrek",-1,-1_habitat_the_src_to,0.0
HoloClean_holoclean_issues,HoloClean_holoclean_issues.json,26,"richardwu, thodrek",37,37_holoclean_recorderreader_string_std,1.0
HoloClean_holoclean_issues,HoloClean_holoclean_issues.json,20,richardwu,-1,-1_habitat_the_src_to,0.0
HoloClean_holoclean_issues,HoloClean_holoclean_issues.json,19,richardwu,-1,-1_habitat_the_src_to,0.0
HoloClean_holoclean_issues,HoloClean_holoclean_issues.json,17,"minafarid, pmaetzig, thodrek",37,37_holoclean_recorderreader_string_std,1.0
HoloClean_holoclean_issues,HoloClean_holoclean_issues.json,16,"richardwu, minafarid, thodrek, ScarletGuo",37,37_holoclean_recorderreader_string_std,1.0
HoloClean_holoclean_issues,HoloClean_holoclean_issues.json,14,"richardwu, thodrek, ScarletGuo",37,37_holoclean_recorderreader_string_std,1.0
HoloClean_holoclean_issues,HoloClean_holoclean_issues.json,13,"richardwu, minafarid",51,51_sqlova_csv_sql_5050,0.7946473035649396
HoloClean_holoclean_issues,HoloClean_holoclean_issues.json,11,ScarletGuo,37,37_holoclean_recorderreader_string_std,0.579358580792715
HoloClean_holoclean_issues,HoloClean_holoclean_issues.json,8,minafarid,47,47_whu_apps_00000000_00,1.0
IBM_MAX-Fast-Neural-Style-Transfer_issues,IBM_MAX-Fast-Neural-Style-Transfer_issues.json,54,josephrocca,0,0_model_modelmanager_serving_server,1.0
IBM_MAX-Fast-Neural-Style-Transfer_issues,IBM_MAX-Fast-Neural-Style-Transfer_issues.json,36,"MLnick, ptitzler",15,15_tensor_at_task_datarep,0.8610253464206893
IBM_MAX-Fast-Neural-Style-Transfer_issues,IBM_MAX-Fast-Neural-Style-Transfer_issues.json,34,"MLnick, ofirkris",0,0_model_modelmanager_serving_server,0.47779198725076927
IBM_MAX-Fast-Neural-Style-Transfer_issues,IBM_MAX-Fast-Neural-Style-Transfer_issues.json,25,"xwu0226, bdwyer2",-1,-1_habitat_the_src_to,0.0
IBM_MAX-Fast-Neural-Style-Transfer_issues,IBM_MAX-Fast-Neural-Style-Transfer_issues.json,24,vabarbosa,-1,-1_habitat_the_src_to,0.0
IBM_MAX-Fast-Neural-Style-Transfer_issues,IBM_MAX-Fast-Neural-Style-Transfer_issues.json,16,bdwyer2,-1,-1_habitat_the_src_to,0.0
IBM_MAX-Fast-Neural-Style-Transfer_issues,IBM_MAX-Fast-Neural-Style-Transfer_issues.json,13,ajbozarth,36,36_images_ndf_the_netd,0.876728130850604
IBM_MAX-Fast-Neural-Style-Transfer_issues,IBM_MAX-Fast-Neural-Style-Transfer_issues.json,11,ajbozarth,-1,-1_habitat_the_src_to,0.0
IBM_MAX-Fast-Neural-Style-Transfer_issues,IBM_MAX-Fast-Neural-Style-Transfer_issues.json,9,"xwu0226, bdwyer2",15,15_tensor_at_task_datarep,1.0
IBM_MAX-Fast-Neural-Style-Transfer_issues,IBM_MAX-Fast-Neural-Style-Transfer_issues.json,8,xwu0226,-1,-1_habitat_the_src_to,0.0
IBM_MAX-Fast-Neural-Style-Transfer_issues,IBM_MAX-Fast-Neural-Style-Transfer_issues.json,2,anoojpatel,0,0_model_modelmanager_serving_server,0.7529378948001972
IBM_MAX-Inception-ResNet-v2_issues,IBM_MAX-Inception-ResNet-v2_issues.json,61,daniM28,-1,-1_habitat_the_src_to,0.0
IBM_MAX-Inception-ResNet-v2_issues,IBM_MAX-Inception-ResNet-v2_issues.json,34,ptitzler,-1,-1_habitat_the_src_to,0.0
IBM_MAX-Inception-ResNet-v2_issues,IBM_MAX-Inception-ResNet-v2_issues.json,25,bdwyer2,0,0_model_modelmanager_serving_server,0.9148970894845988
IBM_MAX-Inception-ResNet-v2_issues,IBM_MAX-Inception-ResNet-v2_issues.json,21,ptitzler,-1,-1_habitat_the_src_to,0.0
IBM_MAX-Inception-ResNet-v2_issues,IBM_MAX-Inception-ResNet-v2_issues.json,18,ptitzler,-1,-1_habitat_the_src_to,0.0
IBM_MAX-Inception-ResNet-v2_issues,IBM_MAX-Inception-ResNet-v2_issues.json,14,xwu0226,-1,-1_habitat_the_src_to,0.0
IBM_MAX-Inception-ResNet-v2_issues,IBM_MAX-Inception-ResNet-v2_issues.json,13,"MLnick, technoartista",6,6_trained_model_pretrained_you,0.834533399978808
IBM_MAX-Inception-ResNet-v2_issues,IBM_MAX-Inception-ResNet-v2_issues.json,9,xwu0226,15,15_tensor_at_task_datarep,1.0
IBM_MAX-Inception-ResNet-v2_issues,IBM_MAX-Inception-ResNet-v2_issues.json,8,xwu0226,-1,-1_habitat_the_src_to,0.0
IBM_MAX-Review-Text-Generator_issues,IBM_MAX-Review-Text-Generator_issues.json,20,vabarbosa,-1,-1_habitat_the_src_to,0.0
IBM_MAX-Review-Text-Generator_issues,IBM_MAX-Review-Text-Generator_issues.json,14,"xwu0226, bdwyer2",-1,-1_habitat_the_src_to,0.0
IBM_MAX-Review-Text-Generator_issues,IBM_MAX-Review-Text-Generator_issues.json,12,xwu0226,-1,-1_habitat_the_src_to,0.0
IBM_MAX-Review-Text-Generator_issues,IBM_MAX-Review-Text-Generator_issues.json,10,"bdwyer2, MLnick",-1,-1_habitat_the_src_to,0.0
IBM_MAX-Review-Text-Generator_issues,IBM_MAX-Review-Text-Generator_issues.json,4,"ajbozarth, MLnick, feihugis",25,25_h5py_self_py_keras,0.9400334593130911
IBM_MAX-Scene-Classifier_issues,IBM_MAX-Scene-Classifier_issues.json,44,"tade0726, xuhdev",7,7_the_layer_loss_pytorch,0.6565081983221889
IBM_MAX-Scene-Classifier_issues,IBM_MAX-Scene-Classifier_issues.json,26,vabarbosa,-1,-1_habitat_the_src_to,0.0
IBM_MAX-Scene-Classifier_issues,IBM_MAX-Scene-Classifier_issues.json,23,ptitzler,-1,-1_habitat_the_src_to,0.0
IBM_MAX-Scene-Classifier_issues,IBM_MAX-Scene-Classifier_issues.json,22,"kmh4321, ptitzler",-1,-1_habitat_the_src_to,0.0
IBM_MAX-Scene-Classifier_issues,IBM_MAX-Scene-Classifier_issues.json,17,MLnick,-1,-1_habitat_the_src_to,0.0
IBM_MAX-Scene-Classifier_issues,IBM_MAX-Scene-Classifier_issues.json,14,"xwu0226, MLnick",-1,-1_habitat_the_src_to,0.0
IBM_MAX-Scene-Classifier_issues,IBM_MAX-Scene-Classifier_issues.json,9,"asan645, xwu0226, bdwyer2",15,15_tensor_at_task_datarep,0.9586531288656667
IBM_MAX-Scene-Classifier_issues,IBM_MAX-Scene-Classifier_issues.json,8,xwu0226,-1,-1_habitat_the_src_to,0.0
IBM_MAX-Scene-Classifier_issues,IBM_MAX-Scene-Classifier_issues.json,4,ptitzler,30,30_training_predict_save_stop,0.7346417792706414
IBM_MAX-Weather-Forecaster_issues,IBM_MAX-Weather-Forecaster_issues.json,31,"bdwyer2, TechEdd, xuhdev",0,0_model_modelmanager_serving_server,0.5922877050050752
IBM_MAX-Weather-Forecaster_issues,IBM_MAX-Weather-Forecaster_issues.json,21,edwardleardi,-1,-1_habitat_the_src_to,0.0
IBM_MAX-Weather-Forecaster_issues,IBM_MAX-Weather-Forecaster_issues.json,20,edwardleardi,-1,-1_habitat_the_src_to,0.0
IBM_MAX-Weather-Forecaster_issues,IBM_MAX-Weather-Forecaster_issues.json,19,"bdwyer2, edwardleardi",-1,-1_habitat_the_src_to,0.0
IBM_MAX-Weather-Forecaster_issues,IBM_MAX-Weather-Forecaster_issues.json,16,ptitzler,0,0_model_modelmanager_serving_server,0.6709352629150924
IBM_MAX-Weather-Forecaster_issues,IBM_MAX-Weather-Forecaster_issues.json,2,bdwyer2,-1,-1_habitat_the_src_to,0.0
IBM_MAX-Weather-Forecaster_issues,IBM_MAX-Weather-Forecaster_issues.json,1,"MLnick, diegoromeroacro, feihugis",-1,-1_habitat_the_src_to,0.0
IntelAI_inference-model-manager_issues,IntelAI_inference-model-manager_issues.json,101,asispatra,-1,-1_habitat_the_src_to,0.0
IntelAI_inference-model-manager_issues,IntelAI_inference-model-manager_issues.json,92,"poussa, pawel-pieniazek",0,0_model_modelmanager_serving_server,0.4357183127463637
IntelAI_inference-model-manager_issues,IntelAI_inference-model-manager_issues.json,87,"joannanosek, poussa",0,0_model_modelmanager_serving_server,0.5182143712217777
IntelAI_inference-model-manager_issues,IntelAI_inference-model-manager_issues.json,85,"poussa, pawel-pieniazek",0,0_model_modelmanager_serving_server,0.4893625562536034
IntelAI_inference-model-manager_issues,IntelAI_inference-model-manager_issues.json,84,"poussa, pawel-pieniazek",0,0_model_modelmanager_serving_server,0.45126767506172755
IntelAI_inference-model-manager_issues,IntelAI_inference-model-manager_issues.json,78,"poussa, pawel-pieniazek",0,0_model_modelmanager_serving_server,0.35806558454139975
IntelAI_inference-model-manager_issues,IntelAI_inference-model-manager_issues.json,58,"kbalka, poussa, mareklevv",0,0_model_modelmanager_serving_server,0.666853029025944
IntelAI_OpenVINO-model-server_issues,IntelAI_OpenVINO-model-server_issues.json,3829,"jpm-canonical, michalkulakowski",0,0_model_modelmanager_serving_server,1.0
IntelAI_OpenVINO-model-server_issues,IntelAI_OpenVINO-model-server_issues.json,3816,HumerousGorgon,0,0_model_modelmanager_serving_server,1.0
IntelAI_OpenVINO-model-server_issues,IntelAI_OpenVINO-model-server_issues.json,3812,"dtrawins, HumerousGorgon",0,0_model_modelmanager_serving_server,1.0
IntelAI_OpenVINO-model-server_issues,IntelAI_OpenVINO-model-server_issues.json,3753,"Enlightnd, dtrawins",0,0_model_modelmanager_serving_server,1.0
IntelAI_OpenVINO-model-server_issues,IntelAI_OpenVINO-model-server_issues.json,3739,"atobiszei, ligjn",0,0_model_modelmanager_serving_server,0.5016005235829762
IntelAI_OpenVINO-model-server_issues,IntelAI_OpenVINO-model-server_issues.json,3718,"rasapala, ligjn",0,0_model_modelmanager_serving_server,1.0
IntelAI_OpenVINO-model-server_issues,IntelAI_OpenVINO-model-server_issues.json,3703,"dtrawins, jpm-canonical, atobiszei",0,0_model_modelmanager_serving_server,1.0
IntelAI_OpenVINO-model-server_issues,IntelAI_OpenVINO-model-server_issues.json,3696,"dtrawins, atobiszei, HumerousGorgon",0,0_model_modelmanager_serving_server,1.0
IntelAI_OpenVINO-model-server_issues,IntelAI_OpenVINO-model-server_issues.json,3689,"FreezerJohn, dkalinowski",0,0_model_modelmanager_serving_server,0.7148869669168221
IntelAI_OpenVINO-model-server_issues,IntelAI_OpenVINO-model-server_issues.json,3635,"jpm-canonical, porlows1, atobiszei, HumerousGorgon",0,0_model_modelmanager_serving_server,1.0
IntelAI_OpenVINO-model-server_issues,IntelAI_OpenVINO-model-server_issues.json,3606,"mzegla, ligjn",0,0_model_modelmanager_serving_server,1.0
IntelAI_OpenVINO-model-server_issues,IntelAI_OpenVINO-model-server_issues.json,3592,"mzegla, dkalinowski, ligjn",0,0_model_modelmanager_serving_server,0.970864628121571
IntelAI_OpenVINO-model-server_issues,IntelAI_OpenVINO-model-server_issues.json,3562,Quallyjiang,0,0_model_modelmanager_serving_server,1.0
IntelAI_OpenVINO-model-server_issues,IntelAI_OpenVINO-model-server_issues.json,3559,HumerousGorgon,0,0_model_modelmanager_serving_server,1.0
IntelAI_OpenVINO-model-server_issues,IntelAI_OpenVINO-model-server_issues.json,3557,"dtrawins, Quallyjiang",0,0_model_modelmanager_serving_server,1.0
IntelAI_OpenVINO-model-server_issues,IntelAI_OpenVINO-model-server_issues.json,3556,cmera,0,0_model_modelmanager_serving_server,1.0
IntelAI_OpenVINO-model-server_issues,IntelAI_OpenVINO-model-server_issues.json,3555,"farshidtz, dtrawins, jpm-canonical, HumerousGorgon",0,0_model_modelmanager_serving_server,1.0
IntelAI_OpenVINO-model-server_issues,IntelAI_OpenVINO-model-server_issues.json,3553,"ozcode95, mzegla",0,0_model_modelmanager_serving_server,1.0
IntelAI_OpenVINO-model-server_issues,IntelAI_OpenVINO-model-server_issues.json,3549,"dtrawins, jiekechoo",0,0_model_modelmanager_serving_server,0.30362035343040245
IntelAI_OpenVINO-model-server_issues,IntelAI_OpenVINO-model-server_issues.json,3543,"dtrawins, HumerousGorgon",0,0_model_modelmanager_serving_server,0.7560198417299557
IntelAI_OpenVINO-model-server_issues,IntelAI_OpenVINO-model-server_issues.json,3539,"Quallyjiang, dkalinowski",0,0_model_modelmanager_serving_server,1.0
IntelAI_OpenVINO-model-server_issues,IntelAI_OpenVINO-model-server_issues.json,3537,"Wovchena, dkalinowski, HumerousGorgon",0,0_model_modelmanager_serving_server,0.8935465550178973
IntelAI_OpenVINO-model-server_issues,IntelAI_OpenVINO-model-server_issues.json,3532,"mzegla, HumerousGorgon",0,0_model_modelmanager_serving_server,1.0
IntelAI_OpenVINO-model-server_issues,IntelAI_OpenVINO-model-server_issues.json,3521,"mzegla, ligjn",0,0_model_modelmanager_serving_server,1.0
IntelAI_OpenVINO-model-server_issues,IntelAI_OpenVINO-model-server_issues.json,3520,"Quallyjiang, dkalinowski",0,0_model_modelmanager_serving_server,1.0
IntelAI_OpenVINO-model-server_issues,IntelAI_OpenVINO-model-server_issues.json,3519,"dtrawins, chtanch",0,0_model_modelmanager_serving_server,1.0
IntelAI_OpenVINO-model-server_issues,IntelAI_OpenVINO-model-server_issues.json,3517,"dtrawins, Quallyjiang",0,0_model_modelmanager_serving_server,1.0
IntelAI_OpenVINO-model-server_issues,IntelAI_OpenVINO-model-server_issues.json,3516,"dtrawins, SearchSavior",0,0_model_modelmanager_serving_server,1.0
IntelAI_OpenVINO-model-server_issues,IntelAI_OpenVINO-model-server_issues.json,3493,"dtrawins, chtanch",0,0_model_modelmanager_serving_server,1.0
IntelAI_OpenVINO-model-server_issues,IntelAI_OpenVINO-model-server_issues.json,3492,"farshidtz, rasapala",0,0_model_modelmanager_serving_server,1.0
IntelAI_OpenVINO-model-server_issues,IntelAI_OpenVINO-model-server_issues.json,3483,ligjn,0,0_model_modelmanager_serving_server,1.0
IntelAI_OpenVINO-model-server_issues,IntelAI_OpenVINO-model-server_issues.json,3452,"dtrawins, santhoshtr",0,0_model_modelmanager_serving_server,1.0
IntelAI_OpenVINO-model-server_issues,IntelAI_OpenVINO-model-server_issues.json,3417,"farshidtz, dkalinowski",-1,-1_habitat_the_src_to,0.0
IntelAI_OpenVINO-model-server_issues,IntelAI_OpenVINO-model-server_issues.json,3405,"dtrawins, sanme98",0,0_model_modelmanager_serving_server,1.0
IntelAI_OpenVINO-model-server_issues,IntelAI_OpenVINO-model-server_issues.json,3403,"dtrawins, stevegrubb",0,0_model_modelmanager_serving_server,1.0
IntelAI_OpenVINO-model-server_issues,IntelAI_OpenVINO-model-server_issues.json,3346,Quallyjiang,0,0_model_modelmanager_serving_server,1.0
IntelAI_OpenVINO-model-server_issues,IntelAI_OpenVINO-model-server_issues.json,3310,"gavinlichn, dkalinowski",0,0_model_modelmanager_serving_server,1.0
IntelAI_OpenVINO-model-server_issues,IntelAI_OpenVINO-model-server_issues.json,3288,"mzegla, ligjn",-1,-1_habitat_the_src_to,0.0
IntelAI_OpenVINO-model-server_issues,IntelAI_OpenVINO-model-server_issues.json,3285,"JoyBoy1021, dtrawins, atobiszei",0,0_model_modelmanager_serving_server,1.0
IntelAI_OpenVINO-model-server_issues,IntelAI_OpenVINO-model-server_issues.json,3281,"mzegla, JoyBoyMyDream, atobiszei",0,0_model_modelmanager_serving_server,0.9281328005104529
IntelAI_OpenVINO-model-server_issues,IntelAI_OpenVINO-model-server_issues.json,3276,"JoyBoy1021, mzegla",0,0_model_modelmanager_serving_server,1.0
IntelAI_OpenVINO-model-server_issues,IntelAI_OpenVINO-model-server_issues.json,3272,"philippn, atobiszei",0,0_model_modelmanager_serving_server,1.0
IntelAI_OpenVINO-model-server_issues,IntelAI_OpenVINO-model-server_issues.json,3263,"dtrawins, KYLN24, JoyBoyMyDream",0,0_model_modelmanager_serving_server,1.0
IntelAI_OpenVINO-model-server_issues,IntelAI_OpenVINO-model-server_issues.json,3258,"dtrawins, dkalinowski, ligjn",0,0_model_modelmanager_serving_server,1.0
IntelAI_OpenVINO-model-server_issues,IntelAI_OpenVINO-model-server_issues.json,3248,"dtrawins, yviansu",1,1_score_bert_bertscore_the,0.7144592531109669
IntelAI_OpenVINO-model-server_issues,IntelAI_OpenVINO-model-server_issues.json,3241,"mzegla, ligjn",0,0_model_modelmanager_serving_server,0.9000500693892015
IntelAI_OpenVINO-model-server_issues,IntelAI_OpenVINO-model-server_issues.json,3239,"ouhaochuan, dtrawins, atobiszei",15,15_tensor_at_task_datarep,1.0
IntelAI_OpenVINO-model-server_issues,IntelAI_OpenVINO-model-server_issues.json,3224,"Septa2112, dtrawins, atobiszei",0,0_model_modelmanager_serving_server,1.0
IntelAI_OpenVINO-model-server_issues,IntelAI_OpenVINO-model-server_issues.json,3205,"RH-steve-grubb, rasapala, dtrawins",-1,-1_habitat_the_src_to,0.0
IntelAI_OpenVINO-model-server_issues,IntelAI_OpenVINO-model-server_issues.json,3204,"dtrawins, yg-dickson",0,0_model_modelmanager_serving_server,1.0
IntelAI_OpenVINO-model-server_issues,IntelAI_OpenVINO-model-server_issues.json,3179,"mzegla, ligjn",0,0_model_modelmanager_serving_server,1.0
IntelAI_OpenVINO-model-server_issues,IntelAI_OpenVINO-model-server_issues.json,3165,"rasapala, stevegrubb",0,0_model_modelmanager_serving_server,0.43478442464702677
IntelAI_OpenVINO-model-server_issues,IntelAI_OpenVINO-model-server_issues.json,3136,"dtrawins, sriram-dsl",0,0_model_modelmanager_serving_server,1.0
IntelAI_OpenVINO-model-server_issues,IntelAI_OpenVINO-model-server_issues.json,3128,"rasapala, stevegrubb",0,0_model_modelmanager_serving_server,0.29524297688335915
IntelAI_OpenVINO-model-server_issues,IntelAI_OpenVINO-model-server_issues.json,3119,"dtrawins, JamieVC",-1,-1_habitat_the_src_to,0.0
IntelAI_OpenVINO-model-server_issues,IntelAI_OpenVINO-model-server_issues.json,3112,"triple-Mu, atobiszei",0,0_model_modelmanager_serving_server,1.0
IntelAI_OpenVINO-model-server_issues,IntelAI_OpenVINO-model-server_issues.json,3111,"dtrawins, gavinlichn, Quallyjiang",0,0_model_modelmanager_serving_server,1.0
IntelAI_OpenVINO-model-server_issues,IntelAI_OpenVINO-model-server_issues.json,2968,danielsyahputra,0,0_model_modelmanager_serving_server,1.0
IntelAI_OpenVINO-model-server_issues,IntelAI_OpenVINO-model-server_issues.json,2944,"TatvaJoshi, michalkulakowski",0,0_model_modelmanager_serving_server,1.0
IntelAI_OpenVINO-model-server_issues,IntelAI_OpenVINO-model-server_issues.json,2924,"dtrawins, TatvaJoshi",0,0_model_modelmanager_serving_server,0.3500778105298387
IntelAI_OpenVINO-model-server_issues,IntelAI_OpenVINO-model-server_issues.json,2923,"fedecompa, dtrawins",0,0_model_modelmanager_serving_server,1.0
IntelAI_OpenVINO-model-server_issues,IntelAI_OpenVINO-model-server_issues.json,2912,"dtrawins, devangvin",0,0_model_modelmanager_serving_server,1.0
IntelAI_OpenVINO-model-server_issues,IntelAI_OpenVINO-model-server_issues.json,2907,"chunzhe-intel, danielsyahputra, dkalinowski",0,0_model_modelmanager_serving_server,1.0
IntelAI_OpenVINO-model-server_issues,IntelAI_OpenVINO-model-server_issues.json,2887,"dhandhalyabhavik, dtrawins",0,0_model_modelmanager_serving_server,1.0
IntelAI_OpenVINO-model-server_issues,IntelAI_OpenVINO-model-server_issues.json,2871,"jiekechoo, atobiszei",0,0_model_modelmanager_serving_server,1.0
IntelAI_OpenVINO-model-server_issues,IntelAI_OpenVINO-model-server_issues.json,2858,"taghreed34, mzegla",0,0_model_modelmanager_serving_server,0.7035929131105348
IntelAI_OpenVINO-model-server_issues,IntelAI_OpenVINO-model-server_issues.json,2832,"chunzhe-intel, dtrawins",0,0_model_modelmanager_serving_server,1.0
IntelAI_OpenVINO-model-server_issues,IntelAI_OpenVINO-model-server_issues.json,2770,"dtrawins, jsapede",0,0_model_modelmanager_serving_server,1.0
IntelAI_OpenVINO-model-server_issues,IntelAI_OpenVINO-model-server_issues.json,2768,"mzegla, sayanmutd",0,0_model_modelmanager_serving_server,0.8624089112949425
IntelAI_OpenVINO-model-server_issues,IntelAI_OpenVINO-model-server_issues.json,2760,"dtrawins, alexgang, atobiszei",0,0_model_modelmanager_serving_server,1.0
IntelAI_OpenVINO-model-server_issues,IntelAI_OpenVINO-model-server_issues.json,2721,"mzegla, sriram-dsl",0,0_model_modelmanager_serving_server,1.0
IntelAI_OpenVINO-model-server_issues,IntelAI_OpenVINO-model-server_issues.json,2719,"dtrawins, anandnandagiri, dkalinowski, atobiszei",0,0_model_modelmanager_serving_server,1.0
IntelAI_OpenVINO-model-server_issues,IntelAI_OpenVINO-model-server_issues.json,2707,"dhandhalyabhavik, mzegla",0,0_model_modelmanager_serving_server,0.6467963445164905
IntelAI_OpenVINO-model-server_issues,IntelAI_OpenVINO-model-server_issues.json,2704,paguilomanas,0,0_model_modelmanager_serving_server,1.0
IntelAI_OpenVINO-model-server_issues,IntelAI_OpenVINO-model-server_issues.json,2653,"dtrawins, stevegrubb, atobiszei",0,0_model_modelmanager_serving_server,0.670476880786532
IntelAI_OpenVINO-model-server_issues,IntelAI_OpenVINO-model-server_issues.json,2648,"danielsyahputra, bmahabirbu, goetzrieger, atobiszei",0,0_model_modelmanager_serving_server,0.8847950734069293
IntelAI_OpenVINO-model-server_issues,IntelAI_OpenVINO-model-server_issues.json,2642,"dtrawins, jiekechoo, atobiszei",0,0_model_modelmanager_serving_server,1.0
IntelAI_OpenVINO-model-server_issues,IntelAI_OpenVINO-model-server_issues.json,2626,"mzegla, tjtanaa",0,0_model_modelmanager_serving_server,1.0
IntelAI_OpenVINO-model-server_issues,IntelAI_OpenVINO-model-server_issues.json,2625,"jiekechoo, atobiszei",0,0_model_modelmanager_serving_server,0.8661469856538231
IntelAI_OpenVINO-model-server_issues,IntelAI_OpenVINO-model-server_issues.json,2623,hilliao,15,15_tensor_at_task_datarep,0.6804176245009588
IntelAI_OpenVINO-model-server_issues,IntelAI_OpenVINO-model-server_issues.json,2582,"kuaikuai, bstrzele",0,0_model_modelmanager_serving_server,1.0
IntelAI_OpenVINO-model-server_issues,IntelAI_OpenVINO-model-server_issues.json,2543,gnool,0,0_model_modelmanager_serving_server,1.0
IntelAI_OpenVINO-model-server_issues,IntelAI_OpenVINO-model-server_issues.json,2531,"mzegla, HPUedCSLearner",0,0_model_modelmanager_serving_server,1.0
IntelAI_OpenVINO-model-server_issues,IntelAI_OpenVINO-model-server_issues.json,2529,NeethuESim,0,0_model_modelmanager_serving_server,0.9123066934722825
IntelAI_OpenVINO-model-server_issues,IntelAI_OpenVINO-model-server_issues.json,2456,"EdjeElectronics, atobiszei",-1,-1_habitat_the_src_to,0.0
IntelAI_OpenVINO-model-server_issues,IntelAI_OpenVINO-model-server_issues.json,2439,"rasapala, hilliao",-1,-1_habitat_the_src_to,0.0
IntelAI_OpenVINO-model-server_issues,IntelAI_OpenVINO-model-server_issues.json,2400,"mzegla, jiekechoo",0,0_model_modelmanager_serving_server,1.0
IntelAI_OpenVINO-model-server_issues,IntelAI_OpenVINO-model-server_issues.json,2391,"stevegrubb, dkalinowski, atobiszei",-1,-1_habitat_the_src_to,0.0
IntelAI_OpenVINO-model-server_issues,IntelAI_OpenVINO-model-server_issues.json,2370,"jiekechoo, atobiszei",0,0_model_modelmanager_serving_server,1.0
IntelAI_OpenVINO-model-server_issues,IntelAI_OpenVINO-model-server_issues.json,2363,"mzegla, kk-vp",0,0_model_modelmanager_serving_server,0.8235322058901923
IntelAI_OpenVINO-model-server_issues,IntelAI_OpenVINO-model-server_issues.json,2336,"mzegla, geekboood, p-durandin",0,0_model_modelmanager_serving_server,1.0
IntelAI_OpenVINO-model-server_issues,IntelAI_OpenVINO-model-server_issues.json,2337,"Wovchena, lugi0",0,0_model_modelmanager_serving_server,1.0
IntelAI_OpenVINO-model-server_issues,IntelAI_OpenVINO-model-server_issues.json,2316,0x33taji,0,0_model_modelmanager_serving_server,1.0
IntelAI_OpenVINO-model-server_issues,IntelAI_OpenVINO-model-server_issues.json,2244,"mzegla, vaibhavjainwiz",-1,-1_habitat_the_src_to,0.0
IntelAI_OpenVINO-model-server_issues,IntelAI_OpenVINO-model-server_issues.json,2243,"mzegla, mlukasze, dasantosa, atobiszei",0,0_model_modelmanager_serving_server,1.0
IntelAI_OpenVINO-model-server_issues,IntelAI_OpenVINO-model-server_issues.json,2227,leeaina,0,0_model_modelmanager_serving_server,1.0
IntelAI_OpenVINO-model-server_issues,IntelAI_OpenVINO-model-server_issues.json,2218,"dtrawins, cphoward, dkalinowski",0,0_model_modelmanager_serving_server,1.0
IntelAI_OpenVINO-model-server_issues,IntelAI_OpenVINO-model-server_issues.json,2195,"jiekechoo, dtrawins, charlestamz, mzegla",0,0_model_modelmanager_serving_server,1.0
IntelAI_OpenVINO-model-server_issues,IntelAI_OpenVINO-model-server_issues.json,2181,"dtrawins, goetzrieger",0,0_model_modelmanager_serving_server,1.0
IntelAI_OpenVINO-model-server_issues,IntelAI_OpenVINO-model-server_issues.json,2144,prakashngit,0,0_model_modelmanager_serving_server,1.0
IntelAI_OpenVINO-model-server_issues,IntelAI_OpenVINO-model-server_issues.json,2109,spolti,0,0_model_modelmanager_serving_server,0.6597321304228493
IntelAI_OpenVINO-model-server_issues,IntelAI_OpenVINO-model-server_issues.json,2102,"dkalinowski, darkestpigeon",0,0_model_modelmanager_serving_server,1.0
IntelAI_OpenVINO-model-server_issues,IntelAI_OpenVINO-model-server_issues.json,2080,"BalajiAJ, atobiszei",0,0_model_modelmanager_serving_server,1.0
IntelAI_OpenVINO-model-server_issues,IntelAI_OpenVINO-model-server_issues.json,2066,"nhha1602, Aditya-Scalers, atobiszei",0,0_model_modelmanager_serving_server,1.0
IntelAI_OpenVINO-model-server_issues,IntelAI_OpenVINO-model-server_issues.json,2064,"jerin-scalers-ai, kpapis",0,0_model_modelmanager_serving_server,1.0
IntelAI_OpenVINO-model-server_issues,IntelAI_OpenVINO-model-server_issues.json,2063,"jerin-scalers-ai, dkalinowski, atobiszei",0,0_model_modelmanager_serving_server,1.0
IntelAI_OpenVINO-model-server_issues,IntelAI_OpenVINO-model-server_issues.json,2031,"liyandong001, atobiszei",0,0_model_modelmanager_serving_server,1.0
IntelAI_OpenVINO-model-server_issues,IntelAI_OpenVINO-model-server_issues.json,1987,sahason,0,0_model_modelmanager_serving_server,1.0
IntelAI_OpenVINO-model-server_issues,IntelAI_OpenVINO-model-server_issues.json,1982,"dtrawins, Taicun-iEi",0,0_model_modelmanager_serving_server,0.9274018631430917
IntelAI_OpenVINO-model-server_issues,IntelAI_OpenVINO-model-server_issues.json,1977,"mzegla, lkorcm, atobiszei",0,0_model_modelmanager_serving_server,1.0
IntelAI_OpenVINO-model-server_issues,IntelAI_OpenVINO-model-server_issues.json,1966,"mzegla, hueyline, lkorcm",0,0_model_modelmanager_serving_server,1.0
IntelAI_OpenVINO-model-server_issues,IntelAI_OpenVINO-model-server_issues.json,1930,nhha1602,0,0_model_modelmanager_serving_server,0.6310275377557539
IntelAI_OpenVINO-model-server_issues,IntelAI_OpenVINO-model-server_issues.json,1923,yingwei13mei,0,0_model_modelmanager_serving_server,1.0
IntelAI_OpenVINO-model-server_issues,IntelAI_OpenVINO-model-server_issues.json,1921,"mzegla, yingwei13mei",0,0_model_modelmanager_serving_server,1.0
IntelAI_OpenVINO-model-server_issues,IntelAI_OpenVINO-model-server_issues.json,1769,"mzegla, NeethuESim",-1,-1_habitat_the_src_to,0.0
IntelAI_OpenVINO-model-server_issues,IntelAI_OpenVINO-model-server_issues.json,1767,"mzegla, dtrawins, dmenig, atobiszei, OValery16",0,0_model_modelmanager_serving_server,1.0
IntelAI_OpenVINO-model-server_issues,IntelAI_OpenVINO-model-server_issues.json,1741,"silvacarl2, atobiszei",0,0_model_modelmanager_serving_server,1.0
IntelAI_OpenVINO-model-server_issues,IntelAI_OpenVINO-model-server_issues.json,1676,"anishasthana, dkalinowski, atobiszei",0,0_model_modelmanager_serving_server,1.0
IntelAI_OpenVINO-model-server_issues,IntelAI_OpenVINO-model-server_issues.json,1666,"mzegla, js333031",-1,-1_habitat_the_src_to,0.0
IntelAI_OpenVINO-model-server_issues,IntelAI_OpenVINO-model-server_issues.json,1655,"tkalceca, mzegla",0,0_model_modelmanager_serving_server,1.0
IntelAI_OpenVINO-model-server_issues,IntelAI_OpenVINO-model-server_issues.json,1628,"prakashngit, atobiszei",0,0_model_modelmanager_serving_server,1.0
IntelAI_OpenVINO-model-server_issues,IntelAI_OpenVINO-model-server_issues.json,1600,billyg88,0,0_model_modelmanager_serving_server,1.0
IntelAI_OpenVINO-model-server_issues,IntelAI_OpenVINO-model-server_issues.json,1594,"MohamedDonia, atobiszei",0,0_model_modelmanager_serving_server,1.0
IntelAI_OpenVINO-model-server_issues,IntelAI_OpenVINO-model-server_issues.json,1591,"dtrawins, MohamedDonia, atobiszei",0,0_model_modelmanager_serving_server,1.0
IntelAI_OpenVINO-model-server_issues,IntelAI_OpenVINO-model-server_issues.json,1564,"atobiszei, vurusovs, luvwinnie, brmarkus",0,0_model_modelmanager_serving_server,1.0
IntelAI_OpenVINO-model-server_issues,IntelAI_OpenVINO-model-server_issues.json,1532,"dkalinowski, linchpinlin",0,0_model_modelmanager_serving_server,1.0
IntelAI_OpenVINO-model-server_issues,IntelAI_OpenVINO-model-server_issues.json,1460,"ngaloppo, mzegla, atobiszei",0,0_model_modelmanager_serving_server,1.0
IntelAI_OpenVINO-model-server_issues,IntelAI_OpenVINO-model-server_issues.json,1426,"mzegla, kmanisai, brmarkus",-1,-1_habitat_the_src_to,0.0
IntelAI_OpenVINO-model-server_issues,IntelAI_OpenVINO-model-server_issues.json,1425,"mzegla, DYSpider13",0,0_model_modelmanager_serving_server,0.9467897889978663
IntelAI_OpenVINO-model-server_issues,IntelAI_OpenVINO-model-server_issues.json,1366,"mzegla, kmanisai",0,0_model_modelmanager_serving_server,1.0
IntelAI_OpenVINO-model-server_issues,IntelAI_OpenVINO-model-server_issues.json,1365,"mzegla, imneil24",0,0_model_modelmanager_serving_server,1.0
IntelAI_OpenVINO-model-server_issues,IntelAI_OpenVINO-model-server_issues.json,1343,"mzegla, dkalinowski, luvwinnie",0,0_model_modelmanager_serving_server,1.0
IntelAI_OpenVINO-model-server_issues,IntelAI_OpenVINO-model-server_issues.json,1342,"mzegla, krzyczar, JakubDaleki",0,0_model_modelmanager_serving_server,1.0
IntelAI_OpenVINO-model-server_issues,IntelAI_OpenVINO-model-server_issues.json,1267,"dtrawins, almex-m-bulbul",0,0_model_modelmanager_serving_server,1.0
IntelAI_OpenVINO-model-server_issues,IntelAI_OpenVINO-model-server_issues.json,1216,"rasapala, spradeep28",0,0_model_modelmanager_serving_server,1.0
IntelAI_OpenVINO-model-server_issues,IntelAI_OpenVINO-model-server_issues.json,1207,"yuguanxiang, mzegla",0,0_model_modelmanager_serving_server,1.0
IntelAI_OpenVINO-model-server_issues,IntelAI_OpenVINO-model-server_issues.json,1206,"mzegla, zeynepkoyun",0,0_model_modelmanager_serving_server,1.0
IntelAI_OpenVINO-model-server_issues,IntelAI_OpenVINO-model-server_issues.json,1193,"mzegla, clarkttfu",0,0_model_modelmanager_serving_server,1.0
IntelAI_OpenVINO-model-server_issues,IntelAI_OpenVINO-model-server_issues.json,1044,"mkuczyns11, rasapala",0,0_model_modelmanager_serving_server,1.0
IntelAI_OpenVINO-model-server_issues,IntelAI_OpenVINO-model-server_issues.json,1042,"wfchair, michalkulakowski",0,0_model_modelmanager_serving_server,0.8603301855142311
IntelAI_OpenVINO-model-server_issues,IntelAI_OpenVINO-model-server_issues.json,953,"ParthM-GitHub, dtrawins",0,0_model_modelmanager_serving_server,1.0
IntelAI_OpenVINO-model-server_issues,IntelAI_OpenVINO-model-server_issues.json,943,"mzegla, dtrawins, rasapala, Shwetaspc",0,0_model_modelmanager_serving_server,1.0
IntelAI_OpenVINO-model-server_issues,IntelAI_OpenVINO-model-server_issues.json,941,"dtrawins, liiitleboy",0,0_model_modelmanager_serving_server,1.0
IntelAI_OpenVINO-model-server_issues,IntelAI_OpenVINO-model-server_issues.json,937,"mzegla, liiitleboy",0,0_model_modelmanager_serving_server,1.0
IntelAI_OpenVINO-model-server_issues,IntelAI_OpenVINO-model-server_issues.json,928,"mzegla, aticie, dkalinowski",0,0_model_modelmanager_serving_server,0.9707933482443422
IntelAI_OpenVINO-model-server_issues,IntelAI_OpenVINO-model-server_issues.json,914,"mzegla, DmitryCS, atobiszei",0,0_model_modelmanager_serving_server,1.0
IntelAI_OpenVINO-model-server_issues,IntelAI_OpenVINO-model-server_issues.json,912,"mzegla, owlet42",0,0_model_modelmanager_serving_server,0.6757226812830244
IntelAI_OpenVINO-model-server_issues,IntelAI_OpenVINO-model-server_issues.json,891,"mzegla, wfchair",0,0_model_modelmanager_serving_server,0.6918436138912641
IntelAI_OpenVINO-model-server_issues,IntelAI_OpenVINO-model-server_issues.json,890,wh28533,0,0_model_modelmanager_serving_server,0.6117192499616947
IntelAI_OpenVINO-model-server_issues,IntelAI_OpenVINO-model-server_issues.json,887,"mzegla, zhaohb",0,0_model_modelmanager_serving_server,1.0
IntelAI_OpenVINO-model-server_issues,IntelAI_OpenVINO-model-server_issues.json,877,"mzegla, zhaohb",0,0_model_modelmanager_serving_server,1.0
IntelAI_OpenVINO-model-server_issues,IntelAI_OpenVINO-model-server_issues.json,874,"mzegla, lamalexck",0,0_model_modelmanager_serving_server,0.5054008794691162
IntelAI_OpenVINO-model-server_issues,IntelAI_OpenVINO-model-server_issues.json,846,"dtrawins, zhaohb",0,0_model_modelmanager_serving_server,1.0
IntelAI_OpenVINO-model-server_issues,IntelAI_OpenVINO-model-server_issues.json,842,"dtrawins, zhaohb, atobiszei",0,0_model_modelmanager_serving_server,1.0
IntelAI_OpenVINO-model-server_issues,IntelAI_OpenVINO-model-server_issues.json,809,ryanloney,27,27_tensorflow_keras_tf_py,0.6901801566090877
IntelAI_OpenVINO-model-server_issues,IntelAI_OpenVINO-model-server_issues.json,776,"dkalinowski, ryanloney",0,0_model_modelmanager_serving_server,1.0
IntelAI_OpenVINO-model-server_issues,IntelAI_OpenVINO-model-server_issues.json,765,"bhargav-sudo, atobiszei",-1,-1_habitat_the_src_to,0.0
IntelAI_OpenVINO-model-server_issues,IntelAI_OpenVINO-model-server_issues.json,755,"ParthM-GitHub, bhargav-sudo, mzegla",0,0_model_modelmanager_serving_server,1.0
IntelAI_OpenVINO-model-server_issues,IntelAI_OpenVINO-model-server_issues.json,753,"ParthM-GitHub, dtrawins, mzegla",0,0_model_modelmanager_serving_server,1.0
IntelAI_OpenVINO-model-server_issues,IntelAI_OpenVINO-model-server_issues.json,737,"pedromoraesh, carlosmonteirobefore, atobiszei",0,0_model_modelmanager_serving_server,0.6829124378891194
IntelAI_OpenVINO-model-server_issues,IntelAI_OpenVINO-model-server_issues.json,724,"dtrawins, jhagege",0,0_model_modelmanager_serving_server,1.0
IntelAI_OpenVINO-model-server_issues,IntelAI_OpenVINO-model-server_issues.json,716,"mzegla, jhagege",0,0_model_modelmanager_serving_server,1.0
IntelAI_OpenVINO-model-server_issues,IntelAI_OpenVINO-model-server_issues.json,695,"mzegla, Steedance",0,0_model_modelmanager_serving_server,1.0
IntelAI_OpenVINO-model-server_issues,IntelAI_OpenVINO-model-server_issues.json,685,"dtrawins, pedromoraesh",0,0_model_modelmanager_serving_server,0.7516174849424255
IntelAI_OpenVINO-model-server_issues,IntelAI_OpenVINO-model-server_issues.json,671,"mzegla, Steedance",0,0_model_modelmanager_serving_server,1.0
IntelAI_OpenVINO-model-server_issues,IntelAI_OpenVINO-model-server_issues.json,650,"pctseng7, dtrawins, pedromoraesh",0,0_model_modelmanager_serving_server,1.0
IntelAI_OpenVINO-model-server_issues,IntelAI_OpenVINO-model-server_issues.json,640,"rasapala, atobiszei, Steedance",0,0_model_modelmanager_serving_server,0.6576963618445486
IntelAI_OpenVINO-model-server_issues,IntelAI_OpenVINO-model-server_issues.json,631,"dtrawins, liiitleboy",-1,-1_habitat_the_src_to,0.0
IntelAI_OpenVINO-model-server_issues,IntelAI_OpenVINO-model-server_issues.json,630,"mzegla, liiitleboy",0,0_model_modelmanager_serving_server,1.0
IntelAI_OpenVINO-model-server_issues,IntelAI_OpenVINO-model-server_issues.json,609,"mzegla, dcleri, Steedance",0,0_model_modelmanager_serving_server,1.0
IntelAI_OpenVINO-model-server_issues,IntelAI_OpenVINO-model-server_issues.json,572,"kelvin-ab, rasapala, mzegla",0,0_model_modelmanager_serving_server,1.0
IntelAI_OpenVINO-model-server_issues,IntelAI_OpenVINO-model-server_issues.json,548,"mzegla, rasapala, ksingh7",15,15_tensor_at_task_datarep,0.8103690674717356
IntelAI_OpenVINO-model-server_issues,IntelAI_OpenVINO-model-server_issues.json,517,"mzegla, fujianhai",0,0_model_modelmanager_serving_server,1.0
IntelAI_OpenVINO-model-server_issues,IntelAI_OpenVINO-model-server_issues.json,471,"dtrawins, bhargav-sudo, brmarkus",0,0_model_modelmanager_serving_server,1.0
IntelAI_OpenVINO-model-server_issues,IntelAI_OpenVINO-model-server_issues.json,441,"dtrawins, bhargav-sudo, Mohamad1994HD",0,0_model_modelmanager_serving_server,1.0
IntelAI_OpenVINO-model-server_issues,IntelAI_OpenVINO-model-server_issues.json,438,nilmarpublio,49,49_tdh_mytest_kel_ternary,1.0
IntelAI_OpenVINO-model-server_issues,IntelAI_OpenVINO-model-server_issues.json,398,leo-XUKANG,0,0_model_modelmanager_serving_server,1.0
IntelAI_OpenVINO-model-server_issues,IntelAI_OpenVINO-model-server_issues.json,384,"dtrawins, rasapala, magallardo",0,0_model_modelmanager_serving_server,1.0
IntelAI_OpenVINO-model-server_issues,IntelAI_OpenVINO-model-server_issues.json,365,"dtrawins, GaussRieman",0,0_model_modelmanager_serving_server,1.0
IntelAI_OpenVINO-model-server_issues,IntelAI_OpenVINO-model-server_issues.json,358,nikparmar,0,0_model_modelmanager_serving_server,1.0
IntelAI_OpenVINO-model-server_issues,IntelAI_OpenVINO-model-server_issues.json,323,"Mohamad1994HD, dtrawins, rasapala, hetul-patel",0,0_model_modelmanager_serving_server,1.0
IntelAI_OpenVINO-model-server_issues,IntelAI_OpenVINO-model-server_issues.json,322,"dtrawins, edwardnguyen1705, brmarkus",0,0_model_modelmanager_serving_server,1.0
IntelAI_OpenVINO-model-server_issues,IntelAI_OpenVINO-model-server_issues.json,313,"dtrawins, rasapala, pengguanjun",-1,-1_habitat_the_src_to,0.0
IntelAI_OpenVINO-model-server_issues,IntelAI_OpenVINO-model-server_issues.json,310,"dtrawins, jsxyhelu",0,0_model_modelmanager_serving_server,1.0
IntelAI_OpenVINO-model-server_issues,IntelAI_OpenVINO-model-server_issues.json,305,"dtrawins, liiitleboy",0,0_model_modelmanager_serving_server,1.0
IntelAI_OpenVINO-model-server_issues,IntelAI_OpenVINO-model-server_issues.json,304,"mzegla, ZZYhho",0,0_model_modelmanager_serving_server,1.0
IntelAI_OpenVINO-model-server_issues,IntelAI_OpenVINO-model-server_issues.json,303,"dtrawins, rasapala, smcope",-1,-1_habitat_the_src_to,0.0
IntelAI_OpenVINO-model-server_issues,IntelAI_OpenVINO-model-server_issues.json,302,"mzegla, HwangWonJun",0,0_model_modelmanager_serving_server,1.0
IntelAI_OpenVINO-model-server_issues,IntelAI_OpenVINO-model-server_issues.json,300,"mzegla, mihir135",0,0_model_modelmanager_serving_server,0.6994012818102974
IntelAI_OpenVINO-model-server_issues,IntelAI_OpenVINO-model-server_issues.json,282,"mzegla, Steedance",0,0_model_modelmanager_serving_server,0.9535684185773988
IntelAI_OpenVINO-model-server_issues,IntelAI_OpenVINO-model-server_issues.json,279,"mzegla, dtrawins, zhangguobin",0,0_model_modelmanager_serving_server,1.0
IntelAI_OpenVINO-model-server_issues,IntelAI_OpenVINO-model-server_issues.json,278,"mzegla, rasapala, DanilKonon, brmarkus",0,0_model_modelmanager_serving_server,1.0
IntelAI_OpenVINO-model-server_issues,IntelAI_OpenVINO-model-server_issues.json,272,"mzegla, zhangguobin",-1,-1_habitat_the_src_to,0.0
IntelAI_OpenVINO-model-server_issues,IntelAI_OpenVINO-model-server_issues.json,271,"lynx97, rasapala, mzegla",0,0_model_modelmanager_serving_server,1.0
IntelAI_OpenVINO-model-server_issues,IntelAI_OpenVINO-model-server_issues.json,234,"mzegla, dtrawins, Steedance",0,0_model_modelmanager_serving_server,1.0
IntelAI_OpenVINO-model-server_issues,IntelAI_OpenVINO-model-server_issues.json,216,"mzegla, dcflachs",0,0_model_modelmanager_serving_server,0.8460941842573363
IntelAI_OpenVINO-model-server_issues,IntelAI_OpenVINO-model-server_issues.json,170,"rasapala, jiaymjiaym, brmarkus",0,0_model_modelmanager_serving_server,1.0
IntelAI_OpenVINO-model-server_issues,IntelAI_OpenVINO-model-server_issues.json,166,"sokol88-dap, rasapala, mzegla",0,0_model_modelmanager_serving_server,1.0
IntelAI_OpenVINO-model-server_issues,IntelAI_OpenVINO-model-server_issues.json,149,"dtrawins, ukclivecox",-1,-1_habitat_the_src_to,0.0
IntelAI_OpenVINO-model-server_issues,IntelAI_OpenVINO-model-server_issues.json,144,"kromanow94, brmarkus, esmirno, dcflachs",0,0_model_modelmanager_serving_server,1.0
IntelAI_OpenVINO-model-server_issues,IntelAI_OpenVINO-model-server_issues.json,132,"dtrawins, dkurt",0,0_model_modelmanager_serving_server,0.3614469721225475
IntelAI_OpenVINO-model-server_issues,IntelAI_OpenVINO-model-server_issues.json,131,"mzegla, rasapala, jiria, brmarkus",0,0_model_modelmanager_serving_server,1.0
IntelAI_OpenVINO-model-server_issues,IntelAI_OpenVINO-model-server_issues.json,128,"dcflachs, mzegla, dtrawins, rasapala, jiria",0,0_model_modelmanager_serving_server,1.0
IntelAI_OpenVINO-model-server_issues,IntelAI_OpenVINO-model-server_issues.json,127,"mzegla, dtrawins, jiria",0,0_model_modelmanager_serving_server,1.0
IntelAI_OpenVINO-model-server_issues,IntelAI_OpenVINO-model-server_issues.json,126,"mzegla, dcflachs",0,0_model_modelmanager_serving_server,1.0
IntelAI_OpenVINO-model-server_issues,IntelAI_OpenVINO-model-server_issues.json,124,"mzegla, dkurt",0,0_model_modelmanager_serving_server,1.0
IntelAI_OpenVINO-model-server_issues,IntelAI_OpenVINO-model-server_issues.json,118,"mzegla, BIOSkisuki, subashp",0,0_model_modelmanager_serving_server,1.0
IntelAI_OpenVINO-model-server_issues,IntelAI_OpenVINO-model-server_issues.json,101,"dtrawins, jiangmenghua, rasapala",0,0_model_modelmanager_serving_server,1.0
IntelAI_OpenVINO-model-server_issues,IntelAI_OpenVINO-model-server_issues.json,93,"gittripley, alwan1989, mzegla, dtrawins, naserpiltan, brmarkus",0,0_model_modelmanager_serving_server,0.9400987940746888
IntelAI_OpenVINO-model-server_issues,IntelAI_OpenVINO-model-server_issues.json,92,"17702513221, chr15stevens, dtrawins, mzegla",0,0_model_modelmanager_serving_server,1.0
IntelAI_OpenVINO-model-server_issues,IntelAI_OpenVINO-model-server_issues.json,89,"mzegla, dtrawins, dtjensen",0,0_model_modelmanager_serving_server,0.9279398573510184
IntelAI_OpenVINO-model-server_issues,IntelAI_OpenVINO-model-server_issues.json,86,"mzegla, dtrawins, Steedance",-1,-1_habitat_the_src_to,0.0
IntelAI_OpenVINO-model-server_issues,IntelAI_OpenVINO-model-server_issues.json,84,"dtrawins, golisandeep3",-1,-1_habitat_the_src_to,0.0
IntelAI_OpenVINO-model-server_issues,IntelAI_OpenVINO-model-server_issues.json,76,"17702513221, dtrawins",0,0_model_modelmanager_serving_server,1.0
IntelAI_OpenVINO-model-server_issues,IntelAI_OpenVINO-model-server_issues.json,61,"golisandeep3, mzegla, dtrawins, rasapala, ghost",0,0_model_modelmanager_serving_server,1.0
IntelAI_OpenVINO-model-server_issues,IntelAI_OpenVINO-model-server_issues.json,50,"ramakrishnapallala, dtrawins",0,0_model_modelmanager_serving_server,1.0
IntelAI_OpenVINO-model-server_issues,IntelAI_OpenVINO-model-server_issues.json,49,"dtrawins, baramuse",0,0_model_modelmanager_serving_server,0.5770170119635659
IntelAI_OpenVINO-model-server_issues,IntelAI_OpenVINO-model-server_issues.json,42,joakimr-axis,2,2_code2vec_java_the_javaextractor,0.22431357251602826
IntelAI_OpenVINO-model-server_issues,IntelAI_OpenVINO-model-server_issues.json,41,"dtrawins, ryanloney",0,0_model_modelmanager_serving_server,1.0
IntelAI_OpenVINO-model-server_issues,IntelAI_OpenVINO-model-server_issues.json,39,joakimr-axis,0,0_model_modelmanager_serving_server,1.0
IntelAI_OpenVINO-model-server_issues,IntelAI_OpenVINO-model-server_issues.json,37,joakimr-axis,0,0_model_modelmanager_serving_server,1.0
IntelAI_OpenVINO-model-server_issues,IntelAI_OpenVINO-model-server_issues.json,34,joakimr-axis,0,0_model_modelmanager_serving_server,1.0
IntelAI_OpenVINO-model-server_issues,IntelAI_OpenVINO-model-server_issues.json,32,joakimr-axis,0,0_model_modelmanager_serving_server,0.893208061799545
IntelAI_OpenVINO-model-server_issues,IntelAI_OpenVINO-model-server_issues.json,30,joakimr-axis,0,0_model_modelmanager_serving_server,1.0
IntelAI_OpenVINO-model-server_issues,IntelAI_OpenVINO-model-server_issues.json,28,joakimr-axis,0,0_model_modelmanager_serving_server,1.0
IntelAI_OpenVINO-model-server_issues,IntelAI_OpenVINO-model-server_issues.json,27,"wangce888, dtrawins",0,0_model_modelmanager_serving_server,0.6359506839427701
IntelAI_OpenVINO-model-server_issues,IntelAI_OpenVINO-model-server_issues.json,6,"dtrawins, qindj",0,0_model_modelmanager_serving_server,1.0
IntelAI_OpenVINO-model-server_issues,IntelAI_OpenVINO-model-server_issues.json,5,"dtrawins, qindj",0,0_model_modelmanager_serving_server,1.0
iwangjian_textsum-gan_issues,iwangjian_textsum-gan_issues.json,26,ShaidaMuhammad,27,27_tensorflow_keras_tf_py,1.0
iwangjian_textsum-gan_issues,iwangjian_textsum-gan_issues.json,25,"istiakahmad, iwangjian",-1,-1_habitat_the_src_to,0.0
iwangjian_textsum-gan_issues,iwangjian_textsum-gan_issues.json,24,qiana0223,-1,-1_habitat_the_src_to,0.0
iwangjian_textsum-gan_issues,iwangjian_textsum-gan_issues.json,23,LeafCloud,14,14_xmnlp_checker_seanlee97_seg,0.7234985299055146
iwangjian_textsum-gan_issues,iwangjian_textsum-gan_issues.json,22,"iwangjian, greatMonster11",-1,-1_habitat_the_src_to,0.0
iwangjian_textsum-gan_issues,iwangjian_textsum-gan_issues.json,21,lipanpanpanpan,14,14_xmnlp_checker_seanlee97_seg,1.0
iwangjian_textsum-gan_issues,iwangjian_textsum-gan_issues.json,20,lipanpanpanpan,-1,-1_habitat_the_src_to,0.0
iwangjian_textsum-gan_issues,iwangjian_textsum-gan_issues.json,19,nlper27149,-1,-1_habitat_the_src_to,0.0
iwangjian_textsum-gan_issues,iwangjian_textsum-gan_issues.json,18,"FXiiX, hanyegirl",16,16_l2_mult_param_bottom,0.8276156246101382
iwangjian_textsum-gan_issues,iwangjian_textsum-gan_issues.json,17,shamoons,6,6_trained_model_pretrained_you,0.9021414239842279
iwangjian_textsum-gan_issues,iwangjian_textsum-gan_issues.json,16,"chao276951044, iwangjian",-1,-1_habitat_the_src_to,0.0
iwangjian_textsum-gan_issues,iwangjian_textsum-gan_issues.json,15,"iwangjian, hanyegirl",-1,-1_habitat_the_src_to,0.0
iwangjian_textsum-gan_issues,iwangjian_textsum-gan_issues.json,14,"hxmhxm, iwangjian, HunterYCG",-1,-1_habitat_the_src_to,0.0
iwangjian_textsum-gan_issues,iwangjian_textsum-gan_issues.json,12,"srirampattabiraman, PeterIstvan",-1,-1_habitat_the_src_to,0.0
iwangjian_textsum-gan_issues,iwangjian_textsum-gan_issues.json,11,"iwangjian, w5688414",25,25_h5py_self_py_keras,1.0
iwangjian_textsum-gan_issues,iwangjian_textsum-gan_issues.json,10,"iwangjian, HunterYCG, hanyegirl",-1,-1_habitat_the_src_to,0.0
iwangjian_textsum-gan_issues,iwangjian_textsum-gan_issues.json,9,j40903272,30,30_training_predict_save_stop,1.0
iwangjian_textsum-gan_issues,iwangjian_textsum-gan_issues.json,8,"iwangjian, umangkeshri",30,30_training_predict_save_stop,0.8291084238158904
iwangjian_textsum-gan_issues,iwangjian_textsum-gan_issues.json,7,"w5688414, ghost, iwangjian",25,25_h5py_self_py_keras,1.0
iwangjian_textsum-gan_issues,iwangjian_textsum-gan_issues.json,6,"iwangjian, hanyegirl",-1,-1_habitat_the_src_to,0.0
iwangjian_textsum-gan_issues,iwangjian_textsum-gan_issues.json,5,"iwangjian, hanyegirl",-1,-1_habitat_the_src_to,0.0
iwangjian_textsum-gan_issues,iwangjian_textsum-gan_issues.json,4,"geekyspartan, giriallada, vflux, Ryze789, duzani, hanyegirl, iwangjian",16,16_l2_mult_param_bottom,1.0
iwangjian_textsum-gan_issues,iwangjian_textsum-gan_issues.json,3,"giriallada, PratikNalage, DEEP2907, Forlogen, XyzaBi, lipanpanpanpan, hanyegirl, iwangjian, HunterYCG",25,25_h5py_self_py_keras,0.9415487186812098
iwangjian_textsum-gan_issues,iwangjian_textsum-gan_issues.json,2,"FXiiX, iwangjian, hanyegirl",35,35_attention_attentiongan_scheme_mask,0.785990811869262
iwangjian_textsum-gan_issues,iwangjian_textsum-gan_issues.json,1,"hondorchen, kailasmachineai, iwangjian",-1,-1_habitat_the_src_to,0.0
jacobgil_keras-grad-cam_issues,jacobgil_keras-grad-cam_issues.json,37,IKetchup,-1,-1_habitat_the_src_to,0.0
jacobgil_keras-grad-cam_issues,jacobgil_keras-grad-cam_issues.json,36,varungupta31,7,7_the_layer_loss_pytorch,0.6935731026931476
jacobgil_keras-grad-cam_issues,jacobgil_keras-grad-cam_issues.json,35,lujingqiao,7,7_the_layer_loss_pytorch,0.6925131104834489
jacobgil_keras-grad-cam_issues,jacobgil_keras-grad-cam_issues.json,34,mochaojie,14,14_xmnlp_checker_seanlee97_seg,0.7419627940325125
jacobgil_keras-grad-cam_issues,jacobgil_keras-grad-cam_issues.json,33,kkangshen,-1,-1_habitat_the_src_to,0.0
jacobgil_keras-grad-cam_issues,jacobgil_keras-grad-cam_issues.json,32,"monjurulkarim, gabarlacchi",-1,-1_habitat_the_src_to,0.0
jacobgil_keras-grad-cam_issues,jacobgil_keras-grad-cam_issues.json,31,"pjspillai, JCCVW",-1,-1_habitat_the_src_to,0.0
jacobgil_keras-grad-cam_issues,jacobgil_keras-grad-cam_issues.json,30,seemantasaha,7,7_the_layer_loss_pytorch,0.6935731026931476
jacobgil_keras-grad-cam_issues,jacobgil_keras-grad-cam_issues.json,29,rameezrehman83,7,7_the_layer_loss_pytorch,0.6925131104834489
jacobgil_keras-grad-cam_issues,jacobgil_keras-grad-cam_issues.json,28,Fanshia,-1,-1_habitat_the_src_to,0.0
jacobgil_keras-grad-cam_issues,jacobgil_keras-grad-cam_issues.json,26,hamedbehzadi,-1,-1_habitat_the_src_to,0.0
jacobgil_keras-grad-cam_issues,jacobgil_keras-grad-cam_issues.json,25,"Ada-Nick, andreimargeloiu, surfaniac, hequn, janphhe, HRKpython",-1,-1_habitat_the_src_to,0.0
jacobgil_keras-grad-cam_issues,jacobgil_keras-grad-cam_issues.json,24,"xuzhang5788, pantheon5100, emily19941102",40,40_grasp_the_ggcnn_depth,0.8898947681278122
jacobgil_keras-grad-cam_issues,jacobgil_keras-grad-cam_issues.json,23,"jenskrauth, 924175302, navraj432, abhigoku10",-1,-1_habitat_the_src_to,0.0
jacobgil_keras-grad-cam_issues,jacobgil_keras-grad-cam_issues.json,21,"gaody9527, jurgyy, PowerOfCreation, jayanthsrinivas, kobotschick, somdipdey, jple",-1,-1_habitat_the_src_to,0.0
jacobgil_keras-grad-cam_issues,jacobgil_keras-grad-cam_issues.json,20,bemoregt,-1,-1_habitat_the_src_to,0.0
jacobgil_keras-grad-cam_issues,jacobgil_keras-grad-cam_issues.json,19,sverneka,16,16_l2_mult_param_bottom,0.7419377790238981
jacobgil_keras-grad-cam_issues,jacobgil_keras-grad-cam_issues.json,18,"kuabhish, Matty0512, stabgan",-1,-1_habitat_the_src_to,0.0
jacobgil_keras-grad-cam_issues,jacobgil_keras-grad-cam_issues.json,17,"osimeoni, mrshinest, PowerOfCreation, jht0664, wugoukanle, avnishbm, shsshs, ccivit, hrishikeshv",27,27_tensorflow_keras_tf_py,0.700728934338736
jacobgil_keras-grad-cam_issues,jacobgil_keras-grad-cam_issues.json,14,junkwhinger,-1,-1_habitat_the_src_to,0.0
jacobgil_keras-grad-cam_issues,jacobgil_keras-grad-cam_issues.json,12,"Mateus224, vianamp, chavdim, back-kh, vense, xieenze",27,27_tensorflow_keras_tf_py,0.8127448705385942
jacobgil_keras-grad-cam_issues,jacobgil_keras-grad-cam_issues.json,11,"jacobgil, vianamp",-1,-1_habitat_the_src_to,0.0
jacobgil_keras-grad-cam_issues,jacobgil_keras-grad-cam_issues.json,10,"ttppss, Duanxuxxx, Yamadate, wjlhahaha, leanderme",-1,-1_habitat_the_src_to,0.0
jacobgil_keras-grad-cam_issues,jacobgil_keras-grad-cam_issues.json,9,lukasbrunke,26,26_i0906_20224_vec_07,0.622540341486343
jacobgil_keras-grad-cam_issues,jacobgil_keras-grad-cam_issues.json,8,"kirk86, ashiqimran",7,7_the_layer_loss_pytorch,0.6935731026931476
jacobgil_keras-grad-cam_issues,jacobgil_keras-grad-cam_issues.json,6,"jacobgil, pGit1, pardha-fission",-1,-1_habitat_the_src_to,0.0
jacobgil_keras-grad-cam_issues,jacobgil_keras-grad-cam_issues.json,5,"jinchenglee, jacobgil",-1,-1_habitat_the_src_to,0.0
jacobgil_keras-grad-cam_issues,jacobgil_keras-grad-cam_issues.json,4,"cjmielke, jacobgil",17,17_memory_gpu_batch_size,1.0
jacobgil_keras-grad-cam_issues,jacobgil_keras-grad-cam_issues.json,3,jf003320018,35,35_attention_attentiongan_scheme_mask,1.0
jacobgil_keras-grad-cam_issues,jacobgil_keras-grad-cam_issues.json,2,"thiippal, jf003320018, jacobgil, absentm",-1,-1_habitat_the_src_to,0.0
jacobgil_keras-grad-cam_issues,jacobgil_keras-grad-cam_issues.json,1,"thiippal, jf003320018, jacobgil",-1,-1_habitat_the_src_to,0.0
jaredwinick_img2vec-keras_issues,jaredwinick_img2vec-keras_issues.json,5,"vinnitu, jaredwinick",27,27_tensorflow_keras_tf_py,0.7854829431763486
jaredwinick_img2vec-keras_issues,jaredwinick_img2vec-keras_issues.json,4,"johndpope, jaredwinick",42,42_acc_val_epoch_loss,1.0
jaredwinick_img2vec-keras_issues,jaredwinick_img2vec-keras_issues.json,3,jaredwinick,-1,-1_habitat_the_src_to,0.0
jaredwinick_img2vec-keras_issues,jaredwinick_img2vec-keras_issues.json,2,jaredwinick,15,15_tensor_at_task_datarep,1.0
jaredwinick_img2vec-keras_issues,jaredwinick_img2vec-keras_issues.json,1,jaredwinick,13,13_license_demo_lichess_this,0.6352591845073803
JdeRobot_DetectionSuite_issues,JdeRobot_DetectionSuite_issues.json,323,SakhinetiPraveena,-1,-1_habitat_the_src_to,0.0
JdeRobot_DetectionSuite_issues,JdeRobot_DetectionSuite_issues.json,322,"dpascualhe, SakhinetiPraveena",-1,-1_habitat_the_src_to,0.0
JdeRobot_DetectionSuite_issues,JdeRobot_DetectionSuite_issues.json,317,dpascualhe,-1,-1_habitat_the_src_to,0.0
JdeRobot_DetectionSuite_issues,JdeRobot_DetectionSuite_issues.json,316,dpascualhe,-1,-1_habitat_the_src_to,0.0
JdeRobot_DetectionSuite_issues,JdeRobot_DetectionSuite_issues.json,315,dpascualhe,-1,-1_habitat_the_src_to,0.0
JdeRobot_DetectionSuite_issues,JdeRobot_DetectionSuite_issues.json,313,dpascualhe,-1,-1_habitat_the_src_to,0.0
JdeRobot_DetectionSuite_issues,JdeRobot_DetectionSuite_issues.json,311,dpascualhe,-1,-1_habitat_the_src_to,0.0
JdeRobot_DetectionSuite_issues,JdeRobot_DetectionSuite_issues.json,310,"dpascualhe, jayzalani",-1,-1_habitat_the_src_to,0.0
JdeRobot_DetectionSuite_issues,JdeRobot_DetectionSuite_issues.json,309,dpascualhe,-1,-1_habitat_the_src_to,0.0
JdeRobot_DetectionSuite_issues,JdeRobot_DetectionSuite_issues.json,303,dpascualhe,-1,-1_habitat_the_src_to,0.0
JdeRobot_DetectionSuite_issues,JdeRobot_DetectionSuite_issues.json,301,dpascualhe,-1,-1_habitat_the_src_to,0.0
JdeRobot_DetectionSuite_issues,JdeRobot_DetectionSuite_issues.json,299,dpascualhe,17,17_memory_gpu_batch_size,0.8087309806216733
JdeRobot_DetectionSuite_issues,JdeRobot_DetectionSuite_issues.json,295,dpascualhe,-1,-1_habitat_the_src_to,0.0
JdeRobot_DetectionSuite_issues,JdeRobot_DetectionSuite_issues.json,293,dpascualhe,-1,-1_habitat_the_src_to,0.0
JdeRobot_DetectionSuite_issues,JdeRobot_DetectionSuite_issues.json,292,dpascualhe,-1,-1_habitat_the_src_to,0.0
JdeRobot_DetectionSuite_issues,JdeRobot_DetectionSuite_issues.json,288,dpascualhe,-1,-1_habitat_the_src_to,0.0
JdeRobot_DetectionSuite_issues,JdeRobot_DetectionSuite_issues.json,284,jayzalani,34,34_jderobot_detectionsuite_darknet_wiki,0.2573967499180976
JdeRobot_DetectionSuite_issues,JdeRobot_DetectionSuite_issues.json,282,"dpascualhe, rudrakatkar",-1,-1_habitat_the_src_to,0.0
JdeRobot_DetectionSuite_issues,JdeRobot_DetectionSuite_issues.json,281,"dpascualhe, SakhinetiPraveena",-1,-1_habitat_the_src_to,0.0
JdeRobot_DetectionSuite_issues,JdeRobot_DetectionSuite_issues.json,280,dpascualhe,-1,-1_habitat_the_src_to,0.0
JdeRobot_DetectionSuite_issues,JdeRobot_DetectionSuite_issues.json,277,dpascualhe,-1,-1_habitat_the_src_to,0.0
JdeRobot_DetectionSuite_issues,JdeRobot_DetectionSuite_issues.json,275,dpascualhe,-1,-1_habitat_the_src_to,0.0
JdeRobot_DetectionSuite_issues,JdeRobot_DetectionSuite_issues.json,273,dpascualhe,30,30_training_predict_save_stop,0.9705088794103842
JdeRobot_DetectionSuite_issues,JdeRobot_DetectionSuite_issues.json,271,dpascualhe,36,36_images_ndf_the_netd,1.0
JdeRobot_DetectionSuite_issues,JdeRobot_DetectionSuite_issues.json,269,dpascualhe,-1,-1_habitat_the_src_to,0.0
JdeRobot_DetectionSuite_issues,JdeRobot_DetectionSuite_issues.json,268,dpascualhe,-1,-1_habitat_the_src_to,0.0
JdeRobot_DetectionSuite_issues,JdeRobot_DetectionSuite_issues.json,265,dpascualhe,-1,-1_habitat_the_src_to,0.0
JdeRobot_DetectionSuite_issues,JdeRobot_DetectionSuite_issues.json,263,dpascualhe,-1,-1_habitat_the_src_to,0.0
JdeRobot_DetectionSuite_issues,JdeRobot_DetectionSuite_issues.json,261,dpascualhe,-1,-1_habitat_the_src_to,0.0
JdeRobot_DetectionSuite_issues,JdeRobot_DetectionSuite_issues.json,259,dpascualhe,-1,-1_habitat_the_src_to,0.0
JdeRobot_DetectionSuite_issues,JdeRobot_DetectionSuite_issues.json,257,"RohanDobriyal, SakhinetiPraveena, dpascualhe, Shyam-duba, jayzalani, rudrakatkar, Aadik1ng",-1,-1_habitat_the_src_to,0.0
JdeRobot_DetectionSuite_issues,JdeRobot_DetectionSuite_issues.json,256,dpascualhe,17,17_memory_gpu_batch_size,0.7701229529345253
JdeRobot_DetectionSuite_issues,JdeRobot_DetectionSuite_issues.json,252,vm7151810,13,13_license_demo_lichess_this,0.6352591845073803
JdeRobot_DetectionSuite_issues,JdeRobot_DetectionSuite_issues.json,247,"dpascualhe, sergiopaniego, mansipatil12345",-1,-1_habitat_the_src_to,0.0
JdeRobot_DetectionSuite_issues,JdeRobot_DetectionSuite_issues.json,245,"SakhinetiPraveena, dpascualhe, sergiopaniego, jayzalani, Ravish990, nithika987",-1,-1_habitat_the_src_to,0.0
JdeRobot_DetectionSuite_issues,JdeRobot_DetectionSuite_issues.json,244,"dpascualhe, SakhinetiPraveena, jayzalani",15,15_tensor_at_task_datarep,0.7066016864663887
JdeRobot_DetectionSuite_issues,JdeRobot_DetectionSuite_issues.json,243,"dpascualhe, rudrakatkar, obamwonyi, jayzalani",-1,-1_habitat_the_src_to,0.0
JdeRobot_DetectionSuite_issues,JdeRobot_DetectionSuite_issues.json,242,dpascualhe,-1,-1_habitat_the_src_to,0.0
JdeRobot_DetectionSuite_issues,JdeRobot_DetectionSuite_issues.json,241,dpascualhe,-1,-1_habitat_the_src_to,0.0
JdeRobot_DetectionSuite_issues,JdeRobot_DetectionSuite_issues.json,240,"dpascualhe, Afreen-Kazi-1",-1,-1_habitat_the_src_to,0.0
JdeRobot_DetectionSuite_issues,JdeRobot_DetectionSuite_issues.json,239,"SakhinetiPraveena, dpascualhe, mansipatil12345, jayzalani, rudrakatkar",-1,-1_habitat_the_src_to,0.0
JdeRobot_DetectionSuite_issues,JdeRobot_DetectionSuite_issues.json,238,dpascualhe,-1,-1_habitat_the_src_to,0.0
JdeRobot_DetectionSuite_issues,JdeRobot_DetectionSuite_issues.json,237,dpascualhe,-1,-1_habitat_the_src_to,0.0
JdeRobot_DetectionSuite_issues,JdeRobot_DetectionSuite_issues.json,236,dpascualhe,-1,-1_habitat_the_src_to,0.0
JdeRobot_DetectionSuite_issues,JdeRobot_DetectionSuite_issues.json,234,dpascualhe,-1,-1_habitat_the_src_to,0.0
JdeRobot_DetectionSuite_issues,JdeRobot_DetectionSuite_issues.json,229,"heebahsaleem, sergiopaniego",-1,-1_habitat_the_src_to,0.0
JdeRobot_DetectionSuite_issues,JdeRobot_DetectionSuite_issues.json,217,sergiopaniego,-1,-1_habitat_the_src_to,0.0
JdeRobot_DetectionSuite_issues,JdeRobot_DetectionSuite_issues.json,215,sergiopaniego,15,15_tensor_at_task_datarep,0.5771641251582122
JdeRobot_DetectionSuite_issues,JdeRobot_DetectionSuite_issues.json,214,"hqu-little-boy, RustyDev24, adaxiik, Heavenston",-1,-1_habitat_the_src_to,0.0
JdeRobot_DetectionSuite_issues,JdeRobot_DetectionSuite_issues.json,211,"sergiopaniego, jmplaza",0,0_model_modelmanager_serving_server,1.0
JdeRobot_DetectionSuite_issues,JdeRobot_DetectionSuite_issues.json,208,"rubenlucas93, sergiopaniego, jmplaza",26,26_i0906_20224_vec_07,0.622540341486343
JdeRobot_DetectionSuite_issues,JdeRobot_DetectionSuite_issues.json,205,sergiopaniego,0,0_model_modelmanager_serving_server,1.0
JdeRobot_DetectionSuite_issues,JdeRobot_DetectionSuite_issues.json,204,sergiopaniego,10,10_dataset_download_datasets_you,0.478469056974231
JdeRobot_DetectionSuite_issues,JdeRobot_DetectionSuite_issues.json,202,sergiopaniego,-1,-1_habitat_the_src_to,0.0
JdeRobot_DetectionSuite_issues,JdeRobot_DetectionSuite_issues.json,201,"adityarajsahu, sergiopaniego",34,34_jderobot_detectionsuite_darknet_wiki,0.566426274292896
JdeRobot_DetectionSuite_issues,JdeRobot_DetectionSuite_issues.json,196,sergiopaniego,-1,-1_habitat_the_src_to,0.0
JdeRobot_DetectionSuite_issues,JdeRobot_DetectionSuite_issues.json,195,sergiopaniego,13,13_license_demo_lichess_this,0.5551195181268093
JdeRobot_DetectionSuite_issues,JdeRobot_DetectionSuite_issues.json,194,sergiopaniego,13,13_license_demo_lichess_this,0.5555453600090583
JdeRobot_DetectionSuite_issues,JdeRobot_DetectionSuite_issues.json,192,sergiopaniego,34,34_jderobot_detectionsuite_darknet_wiki,0.40677995119279864
JdeRobot_DetectionSuite_issues,JdeRobot_DetectionSuite_issues.json,189,sergiopaniego,-1,-1_habitat_the_src_to,0.0
JdeRobot_DetectionSuite_issues,JdeRobot_DetectionSuite_issues.json,188,sergiopaniego,34,34_jderobot_detectionsuite_darknet_wiki,1.0
JdeRobot_DetectionSuite_issues,JdeRobot_DetectionSuite_issues.json,186,sergiopaniego,-1,-1_habitat_the_src_to,0.0
JdeRobot_DetectionSuite_issues,JdeRobot_DetectionSuite_issues.json,183,hmrishavbandy,-1,-1_habitat_the_src_to,0.0
JdeRobot_DetectionSuite_issues,JdeRobot_DetectionSuite_issues.json,181,sergiopaniego,-1,-1_habitat_the_src_to,0.0
JdeRobot_DetectionSuite_issues,JdeRobot_DetectionSuite_issues.json,179,"mugoh, sergiopaniego",11,11_command_deps_habitat_assimp,0.7093333822405412
JdeRobot_DetectionSuite_issues,JdeRobot_DetectionSuite_issues.json,177,sergiopaniego,-1,-1_habitat_the_src_to,0.0
JdeRobot_DetectionSuite_issues,JdeRobot_DetectionSuite_issues.json,176,"hmrishavbandy, sergiopaniego",27,27_tensorflow_keras_tf_py,0.9659448978101903
JdeRobot_DetectionSuite_issues,JdeRobot_DetectionSuite_issues.json,173,sergiopaniego,-1,-1_habitat_the_src_to,0.0
JdeRobot_DetectionSuite_issues,JdeRobot_DetectionSuite_issues.json,171,sergiopaniego,-1,-1_habitat_the_src_to,0.0
JdeRobot_DetectionSuite_issues,JdeRobot_DetectionSuite_issues.json,168,sergiopaniego,13,13_license_demo_lichess_this,0.6352591845073803
JdeRobot_DetectionSuite_issues,JdeRobot_DetectionSuite_issues.json,167,"hmrishavbandy, sleep-404",-1,-1_habitat_the_src_to,0.0
JdeRobot_DetectionSuite_issues,JdeRobot_DetectionSuite_issues.json,166,sergiopaniego,13,13_license_demo_lichess_this,0.6313941816215803
JdeRobot_DetectionSuite_issues,JdeRobot_DetectionSuite_issues.json,164,sergiopaniego,37,37_holoclean_recorderreader_string_std,0.51753200291615
JdeRobot_DetectionSuite_issues,JdeRobot_DetectionSuite_issues.json,160,sergiopaniego,-1,-1_habitat_the_src_to,0.0
JdeRobot_DetectionSuite_issues,JdeRobot_DetectionSuite_issues.json,159,"sleep-404, sergiopaniego",48,48_mosaicer_seongahjo_labelling_functionality,1.0
JdeRobot_DetectionSuite_issues,JdeRobot_DetectionSuite_issues.json,158,sergiopaniego,48,48_mosaicer_seongahjo_labelling_functionality,0.9393073328401741
JdeRobot_DetectionSuite_issues,JdeRobot_DetectionSuite_issues.json,155,sergiopaniego,-1,-1_habitat_the_src_to,0.0
JdeRobot_DetectionSuite_issues,JdeRobot_DetectionSuite_issues.json,154,sergiopaniego,13,13_license_demo_lichess_this,0.6287960010358943
JdeRobot_DetectionSuite_issues,JdeRobot_DetectionSuite_issues.json,153,"sleep-404, sergiopaniego",2,2_code2vec_java_the_javaextractor,0.2999451005598417
JdeRobot_DetectionSuite_issues,JdeRobot_DetectionSuite_issues.json,150,sergiopaniego,34,34_jderobot_detectionsuite_darknet_wiki,1.0
JdeRobot_DetectionSuite_issues,JdeRobot_DetectionSuite_issues.json,149,vinay0410,34,34_jderobot_detectionsuite_darknet_wiki,1.0
JdeRobot_DetectionSuite_issues,JdeRobot_DetectionSuite_issues.json,148,"Surajpatra700, mugoh, vinay0410, sergiopaniego, ghost",-1,-1_habitat_the_src_to,0.0
JdeRobot_DetectionSuite_issues,JdeRobot_DetectionSuite_issues.json,146,"vinay0410, sleep-404, sergiopaniego",34,34_jderobot_detectionsuite_darknet_wiki,0.6007141994671261
JdeRobot_DetectionSuite_issues,JdeRobot_DetectionSuite_issues.json,145,sergiopaniego,34,34_jderobot_detectionsuite_darknet_wiki,0.5782652255994387
JdeRobot_DetectionSuite_issues,JdeRobot_DetectionSuite_issues.json,144,"sleep-404, vinay0410, dbutragueno",-1,-1_habitat_the_src_to,0.0
JdeRobot_DetectionSuite_issues,JdeRobot_DetectionSuite_issues.json,142,"sleep-404, vinay0410, dbutragueno",-1,-1_habitat_the_src_to,0.0
JdeRobot_DetectionSuite_issues,JdeRobot_DetectionSuite_issues.json,140,"sleep-404, vinay0410",-1,-1_habitat_the_src_to,0.0
JdeRobot_DetectionSuite_issues,JdeRobot_DetectionSuite_issues.json,139,"jmplaza, vinay0410, sleep-404, dbutragueno",26,26_i0906_20224_vec_07,0.622540341486343
JdeRobot_DetectionSuite_issues,JdeRobot_DetectionSuite_issues.json,138,"vinay0410, dbutragueno",26,26_i0906_20224_vec_07,1.0
JdeRobot_DetectionSuite_issues,JdeRobot_DetectionSuite_issues.json,136,jmplaza,34,34_jderobot_detectionsuite_darknet_wiki,1.0
JdeRobot_DetectionSuite_issues,JdeRobot_DetectionSuite_issues.json,131,"vinay0410, jessiffmm",17,17_memory_gpu_batch_size,1.0
JdeRobot_DetectionSuite_issues,JdeRobot_DetectionSuite_issues.json,130,vinay0410,-1,-1_habitat_the_src_to,0.0
JdeRobot_DetectionSuite_issues,JdeRobot_DetectionSuite_issues.json,126,"vinay0410, sleep-404",-1,-1_habitat_the_src_to,0.0
JdeRobot_DetectionSuite_issues,JdeRobot_DetectionSuite_issues.json,125,"sleep-404, Eng-MohamedHussien",-1,-1_habitat_the_src_to,0.0
JdeRobot_DetectionSuite_issues,JdeRobot_DetectionSuite_issues.json,123,"sleep-404, vinay0410",26,26_i0906_20224_vec_07,0.622540341486343
JdeRobot_DetectionSuite_issues,JdeRobot_DetectionSuite_issues.json,122,vinay0410,-1,-1_habitat_the_src_to,0.0
JdeRobot_DetectionSuite_issues,JdeRobot_DetectionSuite_issues.json,121,"vinay0410, probonopd",26,26_i0906_20224_vec_07,0.5475459873933856
JdeRobot_DetectionSuite_issues,JdeRobot_DetectionSuite_issues.json,120,"vinay0410, Eng-MohamedHussien, sleep-404",37,37_holoclean_recorderreader_string_std,0.9072632002499601
JdeRobot_DetectionSuite_issues,JdeRobot_DetectionSuite_issues.json,115,"vinay0410, sleep-404",34,34_jderobot_detectionsuite_darknet_wiki,0.30275516770923167
JdeRobot_DetectionSuite_issues,JdeRobot_DetectionSuite_issues.json,114,"vinay0410, sleep-404, jmplaza",34,34_jderobot_detectionsuite_darknet_wiki,0.30635630166328454
JdeRobot_DetectionSuite_issues,JdeRobot_DetectionSuite_issues.json,112,"sleep-404, vinay0410, chanfr",34,34_jderobot_detectionsuite_darknet_wiki,0.36859047119658206
JdeRobot_DetectionSuite_issues,JdeRobot_DetectionSuite_issues.json,109,"vinay0410, jessiffmm",-1,-1_habitat_the_src_to,0.0
JdeRobot_DetectionSuite_issues,JdeRobot_DetectionSuite_issues.json,108,"vinay0410, jessiffmm",-1,-1_habitat_the_src_to,0.0
JdeRobot_DetectionSuite_issues,JdeRobot_DetectionSuite_issues.json,107,"vinay0410, jessiffmm",-1,-1_habitat_the_src_to,0.0
JdeRobot_DetectionSuite_issues,JdeRobot_DetectionSuite_issues.json,102,"vinay0410, sundar-10",-1,-1_habitat_the_src_to,0.0
JdeRobot_DetectionSuite_issues,JdeRobot_DetectionSuite_issues.json,99,"ZAli86, dnth, preeti98, saSerrano, vinay0410",-1,-1_habitat_the_src_to,0.0
JdeRobot_DetectionSuite_issues,JdeRobot_DetectionSuite_issues.json,98,"vinay0410, jessiffmm",-1,-1_habitat_the_src_to,0.0
JdeRobot_DetectionSuite_issues,JdeRobot_DetectionSuite_issues.json,97,"Surajpatra700, vinay0410",-1,-1_habitat_the_src_to,0.0
JdeRobot_DetectionSuite_issues,JdeRobot_DetectionSuite_issues.json,96,"Surajpatra700, vinay0410, sleep-404, sergiopaniego",-1,-1_habitat_the_src_to,0.0
JdeRobot_DetectionSuite_issues,JdeRobot_DetectionSuite_issues.json,95,"vinay0410, sleep-404",-1,-1_habitat_the_src_to,0.0
JdeRobot_DetectionSuite_issues,JdeRobot_DetectionSuite_issues.json,93,"vinay0410, jmplaza",-1,-1_habitat_the_src_to,0.0
JdeRobot_DetectionSuite_issues,JdeRobot_DetectionSuite_issues.json,91,"vinay0410, oak-tree",13,13_license_demo_lichess_this,1.0
JdeRobot_DetectionSuite_issues,JdeRobot_DetectionSuite_issues.json,90,"vinay0410, jessiffmm",-1,-1_habitat_the_src_to,0.0
JdeRobot_DetectionSuite_issues,JdeRobot_DetectionSuite_issues.json,89,vinay0410,-1,-1_habitat_the_src_to,0.0
JdeRobot_DetectionSuite_issues,JdeRobot_DetectionSuite_issues.json,86,vinay0410,26,26_i0906_20224_vec_07,0.5107573575671926
JdeRobot_DetectionSuite_issues,JdeRobot_DetectionSuite_issues.json,84,vinay0410,-1,-1_habitat_the_src_to,0.0
JdeRobot_DetectionSuite_issues,JdeRobot_DetectionSuite_issues.json,82,vinay0410,-1,-1_habitat_the_src_to,0.0
JdeRobot_DetectionSuite_issues,JdeRobot_DetectionSuite_issues.json,81,vinay0410,26,26_i0906_20224_vec_07,0.5654239761538662
JdeRobot_DetectionSuite_issues,JdeRobot_DetectionSuite_issues.json,80,vinay0410,26,26_i0906_20224_vec_07,0.5328179607327072
JdeRobot_DetectionSuite_issues,JdeRobot_DetectionSuite_issues.json,78,vinay0410,5,5_egl_habitat_nvidia_cuda,0.3322412521877917
JdeRobot_DetectionSuite_issues,JdeRobot_DetectionSuite_issues.json,76,vinay0410,-1,-1_habitat_the_src_to,0.0
JdeRobot_DetectionSuite_issues,JdeRobot_DetectionSuite_issues.json,75,vinay0410,-1,-1_habitat_the_src_to,0.0
JdeRobot_DetectionSuite_issues,JdeRobot_DetectionSuite_issues.json,74,vinay0410,53,53_dlr_tvm_runtime_neo,1.0
JdeRobot_DetectionSuite_issues,JdeRobot_DetectionSuite_issues.json,71,vinay0410,10,10_dataset_download_datasets_you,0.40624543583746736
JdeRobot_DetectionSuite_issues,JdeRobot_DetectionSuite_issues.json,70,vinay0410,-1,-1_habitat_the_src_to,0.0
JdeRobot_DetectionSuite_issues,JdeRobot_DetectionSuite_issues.json,69,vinay0410,17,17_memory_gpu_batch_size,1.0
JdeRobot_DetectionSuite_issues,JdeRobot_DetectionSuite_issues.json,68,vinay0410,17,17_memory_gpu_batch_size,1.0
JdeRobot_DetectionSuite_issues,JdeRobot_DetectionSuite_issues.json,64,"vinay0410, akhilkumarco007",-1,-1_habitat_the_src_to,0.0
JdeRobot_DetectionSuite_issues,JdeRobot_DetectionSuite_issues.json,61,vinay0410,26,26_i0906_20224_vec_07,1.0
JdeRobot_DetectionSuite_issues,JdeRobot_DetectionSuite_issues.json,60,vinay0410,26,26_i0906_20224_vec_07,0.622540341486343
JdeRobot_DetectionSuite_issues,JdeRobot_DetectionSuite_issues.json,57,vinay0410,-1,-1_habitat_the_src_to,0.0
JdeRobot_DetectionSuite_issues,JdeRobot_DetectionSuite_issues.json,54,vinay0410,13,13_license_demo_lichess_this,0.5685822971006609
JdeRobot_DetectionSuite_issues,JdeRobot_DetectionSuite_issues.json,53,vinay0410,-1,-1_habitat_the_src_to,0.0
JdeRobot_DetectionSuite_issues,JdeRobot_DetectionSuite_issues.json,52,vinay0410,26,26_i0906_20224_vec_07,0.5987405407426238
JdeRobot_DetectionSuite_issues,JdeRobot_DetectionSuite_issues.json,51,vinay0410,34,34_jderobot_detectionsuite_darknet_wiki,1.0
JdeRobot_DetectionSuite_issues,JdeRobot_DetectionSuite_issues.json,50,vinay0410,26,26_i0906_20224_vec_07,0.622540341486343
JdeRobot_DetectionSuite_issues,JdeRobot_DetectionSuite_issues.json,49,vinay0410,26,26_i0906_20224_vec_07,0.5871059744545198
JdeRobot_DetectionSuite_issues,JdeRobot_DetectionSuite_issues.json,48,vinay0410,34,34_jderobot_detectionsuite_darknet_wiki,0.804650430903617
JdeRobot_DetectionSuite_issues,JdeRobot_DetectionSuite_issues.json,47,vinay0410,34,34_jderobot_detectionsuite_darknet_wiki,1.0
JdeRobot_DetectionSuite_issues,JdeRobot_DetectionSuite_issues.json,45,"vinay0410, chanfr",-1,-1_habitat_the_src_to,0.0
JdeRobot_DetectionSuite_issues,JdeRobot_DetectionSuite_issues.json,44,"vinay0410, chanfr",26,26_i0906_20224_vec_07,0.8533107409269756
JdeRobot_DetectionSuite_issues,JdeRobot_DetectionSuite_issues.json,41,vinay0410,-1,-1_habitat_the_src_to,0.0
JdeRobot_DetectionSuite_issues,JdeRobot_DetectionSuite_issues.json,39,vinay0410,-1,-1_habitat_the_src_to,0.0
JdeRobot_DetectionSuite_issues,JdeRobot_DetectionSuite_issues.json,37,vinay0410,-1,-1_habitat_the_src_to,0.0
JdeRobot_DetectionSuite_issues,JdeRobot_DetectionSuite_issues.json,36,vinay0410,34,34_jderobot_detectionsuite_darknet_wiki,1.0
JdeRobot_DetectionSuite_issues,JdeRobot_DetectionSuite_issues.json,35,chanfr,13,13_license_demo_lichess_this,0.5888609736552939
JdeRobot_DetectionSuite_issues,JdeRobot_DetectionSuite_issues.json,34,chanfr,-1,-1_habitat_the_src_to,0.0
JdeRobot_DetectionSuite_issues,JdeRobot_DetectionSuite_issues.json,33,chanfr,-1,-1_habitat_the_src_to,0.0
JdeRobot_DetectionSuite_issues,JdeRobot_DetectionSuite_issues.json,32,"vinay0410, naxvm, jmplaza",-1,-1_habitat_the_src_to,0.0
JdeRobot_DetectionSuite_issues,JdeRobot_DetectionSuite_issues.json,30,naxvm,-1,-1_habitat_the_src_to,0.0
JdeRobot_DetectionSuite_issues,JdeRobot_DetectionSuite_issues.json,27,"vinay0410, chanfr",-1,-1_habitat_the_src_to,0.0
JdeRobot_DetectionSuite_issues,JdeRobot_DetectionSuite_issues.json,25,"vinay0410, naxvm, jmplaza",-1,-1_habitat_the_src_to,0.0
JdeRobot_DetectionSuite_issues,JdeRobot_DetectionSuite_issues.json,24,"vinay0410, naxvm, jmplaza",-1,-1_habitat_the_src_to,0.0
JdeRobot_DetectionSuite_issues,JdeRobot_DetectionSuite_issues.json,22,"vinay0410, chanfr",-1,-1_habitat_the_src_to,0.0
JdeRobot_DetectionSuite_issues,JdeRobot_DetectionSuite_issues.json,21,vinay0410,34,34_jderobot_detectionsuite_darknet_wiki,0.5111122738135268
JdeRobot_DetectionSuite_issues,JdeRobot_DetectionSuite_issues.json,20,"vinay0410, jmplaza",34,34_jderobot_detectionsuite_darknet_wiki,1.0
JdeRobot_DetectionSuite_issues,JdeRobot_DetectionSuite_issues.json,18,"chanfr, vinay0410, jmplaza",-1,-1_habitat_the_src_to,0.0
JdeRobot_DetectionSuite_issues,JdeRobot_DetectionSuite_issues.json,14,vinay0410,-1,-1_habitat_the_src_to,0.0
JdeRobot_DetectionSuite_issues,JdeRobot_DetectionSuite_issues.json,12,"vmartinezf, chanfr",-1,-1_habitat_the_src_to,0.0
JdeRobot_DetectionSuite_issues,JdeRobot_DetectionSuite_issues.json,11,"vinay0410, chanfr",34,34_jderobot_detectionsuite_darknet_wiki,1.0
JdeRobot_DetectionSuite_issues,JdeRobot_DetectionSuite_issues.json,10,"sanskar107, chanfr",-1,-1_habitat_the_src_to,0.0
JdeRobot_DetectionSuite_issues,JdeRobot_DetectionSuite_issues.json,9,chanfr,0,0_model_modelmanager_serving_server,1.0
JdeRobot_DetectionSuite_issues,JdeRobot_DetectionSuite_issues.json,8,chanfr,13,13_license_demo_lichess_this,0.6117461413682612
JdeRobot_DetectionSuite_issues,JdeRobot_DetectionSuite_issues.json,7,jmplaza,34,34_jderobot_detectionsuite_darknet_wiki,1.0
JdeRobot_DetectionSuite_issues,JdeRobot_DetectionSuite_issues.json,6,chanfr,-1,-1_habitat_the_src_to,0.0
JdeRobot_DetectionSuite_issues,JdeRobot_DetectionSuite_issues.json,5,"vinay0410, chanfr",-1,-1_habitat_the_src_to,0.0
JdeRobot_DetectionSuite_issues,JdeRobot_DetectionSuite_issues.json,4,"vinay0410, chanfr",-1,-1_habitat_the_src_to,0.0
JdeRobot_DetectionSuite_issues,JdeRobot_DetectionSuite_issues.json,3,chanfr,13,13_license_demo_lichess_this,0.5900649326588139
JdeRobot_DetectionSuite_issues,JdeRobot_DetectionSuite_issues.json,2,chanfr,-1,-1_habitat_the_src_to,0.0
jiegzhan_time-series-forecasting-rnn-tensorflow_issues,jiegzhan_time-series-forecasting-rnn-tensorflow_issues.json,7,"vik03, c1p81",30,30_training_predict_save_stop,1.0
jiegzhan_time-series-forecasting-rnn-tensorflow_issues,jiegzhan_time-series-forecasting-rnn-tensorflow_issues.json,5,dmitryaleks,32,32_eeg_channels_sleep_eog,0.6651041230022436
jiegzhan_time-series-forecasting-rnn-tensorflow_issues,jiegzhan_time-series-forecasting-rnn-tensorflow_issues.json,4,JuanCaBaqueroB,-1,-1_habitat_the_src_to,0.0
jiegzhan_time-series-forecasting-rnn-tensorflow_issues,jiegzhan_time-series-forecasting-rnn-tensorflow_issues.json,3,"dmitryaleks, SaminSheyda",-1,-1_habitat_the_src_to,0.0
jiegzhan_time-series-forecasting-rnn-tensorflow_issues,jiegzhan_time-series-forecasting-rnn-tensorflow_issues.json,2,"TheEdoardo93, hana9090",7,7_the_layer_loss_pytorch,0.6500557818146924
jiegzhan_time-series-forecasting-rnn-tensorflow_issues,jiegzhan_time-series-forecasting-rnn-tensorflow_issues.json,1,"dmitryaleks, hana9090, JuanCaBaqueroB",7,7_the_layer_loss_pytorch,0.7112778391929013
JustGlowing_minisom_issues,JustGlowing_minisom_issues.json,204,"frisoI3GEO, JustGlowing",4,4_som_minisom_the_justglowing,0.47644975694429365
JustGlowing_minisom_issues,JustGlowing_minisom_issues.json,203,guidaojunshi,49,49_tdh_mytest_kel_ternary,1.0
JustGlowing_minisom_issues,JustGlowing_minisom_issues.json,202,"lldl42, JustGlowing",4,4_som_minisom_the_justglowing,0.6736628401762573
JustGlowing_minisom_issues,JustGlowing_minisom_issues.json,200,"f-carella, JustGlowing",-1,-1_habitat_the_src_to,0.0
JustGlowing_minisom_issues,JustGlowing_minisom_issues.json,199,"mariajmolina, JustGlowing",4,4_som_minisom_the_justglowing,0.6821525590625789
JustGlowing_minisom_issues,JustGlowing_minisom_issues.json,198,"jp-cranfield, JustGlowing",50,50_minisom_gykovacs_pip_som,1.0
JustGlowing_minisom_issues,JustGlowing_minisom_issues.json,196,"JustGlowing, SeanPedersen",4,4_som_minisom_the_justglowing,0.653167612531214
JustGlowing_minisom_issues,JustGlowing_minisom_issues.json,195,"mjassmus, JustGlowing",-1,-1_habitat_the_src_to,0.0
JustGlowing_minisom_issues,JustGlowing_minisom_issues.json,194,"LangLEvoI, JustGlowing",4,4_som_minisom_the_justglowing,1.0
JustGlowing_minisom_issues,JustGlowing_minisom_issues.json,193,"JustGlowing, AkinaMH",50,50_minisom_gykovacs_pip_som,0.9874103016829265
JustGlowing_minisom_issues,JustGlowing_minisom_issues.json,192,"ArlexMR, JustGlowing",4,4_som_minisom_the_justglowing,0.8540392065087737
JustGlowing_minisom_issues,JustGlowing_minisom_issues.json,191,"yanglianbing18, JustGlowing",-1,-1_habitat_the_src_to,0.0
JustGlowing_minisom_issues,JustGlowing_minisom_issues.json,190,"NauelSerraino, JustGlowing",-1,-1_habitat_the_src_to,0.0
JustGlowing_minisom_issues,JustGlowing_minisom_issues.json,189,"jiwon-j, JustGlowing, vwgeiser",4,4_som_minisom_the_justglowing,0.9774778464675234
JustGlowing_minisom_issues,JustGlowing_minisom_issues.json,188,jiwon-j,4,4_som_minisom_the_justglowing,0.739193613037509
JustGlowing_minisom_issues,JustGlowing_minisom_issues.json,187,"JustGlowing, vwgeiser",4,4_som_minisom_the_justglowing,0.8675551614896115
JustGlowing_minisom_issues,JustGlowing_minisom_issues.json,184,"BrandonGarciaWx, JustGlowing, vwgeiser",4,4_som_minisom_the_justglowing,0.7684686895262912
JustGlowing_minisom_issues,JustGlowing_minisom_issues.json,183,"xjxj0322, JustGlowing",-1,-1_habitat_the_src_to,0.0
JustGlowing_minisom_issues,JustGlowing_minisom_issues.json,182,"zmajstorovic, JustGlowing",4,4_som_minisom_the_justglowing,0.803819844787469
JustGlowing_minisom_issues,JustGlowing_minisom_issues.json,180,"tomaszek0, JustGlowing",32,32_eeg_channels_sleep_eog,0.9315198114941182
JustGlowing_minisom_issues,JustGlowing_minisom_issues.json,179,"tomaszek0, JustGlowing",50,50_minisom_gykovacs_pip_som,0.9793292504664931
JustGlowing_minisom_issues,JustGlowing_minisom_issues.json,176,"benjamanjiman, JustGlowing",4,4_som_minisom_the_justglowing,1.0
JustGlowing_minisom_issues,JustGlowing_minisom_issues.json,173,"benjamanjiman, JustGlowing",4,4_som_minisom_the_justglowing,1.0
JustGlowing_minisom_issues,JustGlowing_minisom_issues.json,171,"emeeubc, racng, JustGlowing",4,4_som_minisom_the_justglowing,0.4926698875288939
JustGlowing_minisom_issues,JustGlowing_minisom_issues.json,170,"mushtaqpatel0505, JustGlowing",30,30_training_predict_save_stop,1.0
JustGlowing_minisom_issues,JustGlowing_minisom_issues.json,169,"HAShihab, JustGlowing",4,4_som_minisom_the_justglowing,0.5275706967561853
JustGlowing_minisom_issues,JustGlowing_minisom_issues.json,168,"mpati005, JustGlowing",4,4_som_minisom_the_justglowing,1.0
JustGlowing_minisom_issues,JustGlowing_minisom_issues.json,167,"944750720, JustGlowing",4,4_som_minisom_the_justglowing,0.6765987932163393
JustGlowing_minisom_issues,JustGlowing_minisom_issues.json,166,"Pedro-V, JustGlowing",4,4_som_minisom_the_justglowing,1.0
JustGlowing_minisom_issues,JustGlowing_minisom_issues.json,165,"JustGlowing, EuCot",4,4_som_minisom_the_justglowing,0.970300554155713
JustGlowing_minisom_issues,JustGlowing_minisom_issues.json,164,"YixinNJU, JustGlowing",-1,-1_habitat_the_src_to,0.0
JustGlowing_minisom_issues,JustGlowing_minisom_issues.json,163,"youyinnn, JustGlowing",4,4_som_minisom_the_justglowing,0.6306693812759417
JustGlowing_minisom_issues,JustGlowing_minisom_issues.json,162,"youyinnn, JustGlowing, mr-d3falt",4,4_som_minisom_the_justglowing,0.7684686895262912
JustGlowing_minisom_issues,JustGlowing_minisom_issues.json,161,pulkit7700,-1,-1_habitat_the_src_to,0.0
JustGlowing_minisom_issues,JustGlowing_minisom_issues.json,160,"JustGlowing, mr-d3falt",4,4_som_minisom_the_justglowing,1.0
JustGlowing_minisom_issues,JustGlowing_minisom_issues.json,159,"JustGlowing, mr-d3falt",4,4_som_minisom_the_justglowing,1.0
JustGlowing_minisom_issues,JustGlowing_minisom_issues.json,158,"marifegitim, JustGlowing",4,4_som_minisom_the_justglowing,1.0
JustGlowing_minisom_issues,JustGlowing_minisom_issues.json,157,"JustGlowing, mr-d3falt",-1,-1_habitat_the_src_to,0.0
JustGlowing_minisom_issues,JustGlowing_minisom_issues.json,156,"arnarc, JustGlowing",4,4_som_minisom_the_justglowing,0.7684686895262912
JustGlowing_minisom_issues,JustGlowing_minisom_issues.json,155,"ytl41, JustGlowing",4,4_som_minisom_the_justglowing,0.7684686895262912
JustGlowing_minisom_issues,JustGlowing_minisom_issues.json,154,"drkj10, JustGlowing",4,4_som_minisom_the_justglowing,0.6720269097498089
JustGlowing_minisom_issues,JustGlowing_minisom_issues.json,153,"JustGlowing, Unu-tech",-1,-1_habitat_the_src_to,0.0
JustGlowing_minisom_issues,JustGlowing_minisom_issues.json,152,"XiaoXiaoLeisure, mbarison, JanDetroy, JustGlowing",4,4_som_minisom_the_justglowing,1.0
JustGlowing_minisom_issues,JustGlowing_minisom_issues.json,151,"bharathwajan, JustGlowing",-1,-1_habitat_the_src_to,0.0
JustGlowing_minisom_issues,JustGlowing_minisom_issues.json,150,"bharathwajan, JustGlowing",4,4_som_minisom_the_justglowing,1.0
JustGlowing_minisom_issues,JustGlowing_minisom_issues.json,149,"JustGlowing, alireza04",4,4_som_minisom_the_justglowing,0.8059781324480915
JustGlowing_minisom_issues,JustGlowing_minisom_issues.json,148,"AmousQiu, JustGlowing",4,4_som_minisom_the_justglowing,0.9774778464675234
JustGlowing_minisom_issues,JustGlowing_minisom_issues.json,147,"JaehoYoon777, JustGlowing, EuCot",4,4_som_minisom_the_justglowing,0.545139979895713
JustGlowing_minisom_issues,JustGlowing_minisom_issues.json,146,"michel039, JustGlowing",4,4_som_minisom_the_justglowing,0.7684686895262912
JustGlowing_minisom_issues,JustGlowing_minisom_issues.json,144,"mariajmolina, taylordolan18, JustGlowing",4,4_som_minisom_the_justglowing,0.7684686895262912
JustGlowing_minisom_issues,JustGlowing_minisom_issues.json,143,"JustGlowing, TryBlueFly",4,4_som_minisom_the_justglowing,0.9387379431872918
JustGlowing_minisom_issues,JustGlowing_minisom_issues.json,142,"Rakuzan-Developer, JustGlowing",50,50_minisom_gykovacs_pip_som,1.0
JustGlowing_minisom_issues,JustGlowing_minisom_issues.json,141,"JustGlowing, NinjaAtWork",-1,-1_habitat_the_src_to,0.0
JustGlowing_minisom_issues,JustGlowing_minisom_issues.json,134,"JMiklaszewski, JustGlowing",4,4_som_minisom_the_justglowing,1.0
JustGlowing_minisom_issues,JustGlowing_minisom_issues.json,133,"gabriel-OFV, JustGlowing",4,4_som_minisom_the_justglowing,1.0
JustGlowing_minisom_issues,JustGlowing_minisom_issues.json,132,"JustGlowing, PauloAxcel",4,4_som_minisom_the_justglowing,0.8017014166350723
JustGlowing_minisom_issues,JustGlowing_minisom_issues.json,130,"akol67, JustGlowing",4,4_som_minisom_the_justglowing,1.0
JustGlowing_minisom_issues,JustGlowing_minisom_issues.json,129,"JustGlowing, SandroMartens, matthew-balogh",4,4_som_minisom_the_justglowing,1.0
JustGlowing_minisom_issues,JustGlowing_minisom_issues.json,128,"VishnuRamD, JustGlowing, BaseMax",50,50_minisom_gykovacs_pip_som,1.0
JustGlowing_minisom_issues,JustGlowing_minisom_issues.json,127,"JustGlowing, Kheireddine-otm",4,4_som_minisom_the_justglowing,0.4822269035228386
JustGlowing_minisom_issues,JustGlowing_minisom_issues.json,126,"JustGlowing, Kheireddine-otm",4,4_som_minisom_the_justglowing,0.5110761637861931
JustGlowing_minisom_issues,JustGlowing_minisom_issues.json,125,"jaybhiesantos, JustGlowing",-1,-1_habitat_the_src_to,0.0
JustGlowing_minisom_issues,JustGlowing_minisom_issues.json,124,"SandroMartens, JustGlowing",4,4_som_minisom_the_justglowing,1.0
JustGlowing_minisom_issues,JustGlowing_minisom_issues.json,123,"emanuelevivoli, JustGlowing",4,4_som_minisom_the_justglowing,0.9667262405292419
JustGlowing_minisom_issues,JustGlowing_minisom_issues.json,121,"aryamaan3, JustGlowing",4,4_som_minisom_the_justglowing,0.7080385648595642
JustGlowing_minisom_issues,JustGlowing_minisom_issues.json,119,"mariajmolina, JustGlowing",4,4_som_minisom_the_justglowing,1.0
JustGlowing_minisom_issues,JustGlowing_minisom_issues.json,118,"carocamargo, JustGlowing",4,4_som_minisom_the_justglowing,0.7070946040532062
JustGlowing_minisom_issues,JustGlowing_minisom_issues.json,117,"JustGlowing, LorisAlif",4,4_som_minisom_the_justglowing,1.0
JustGlowing_minisom_issues,JustGlowing_minisom_issues.json,116,"JustGlowing, LorisAlif",4,4_som_minisom_the_justglowing,0.7197040699178915
JustGlowing_minisom_issues,JustGlowing_minisom_issues.json,115,"JustGlowing, LorisAlif",4,4_som_minisom_the_justglowing,0.7560028465717058
JustGlowing_minisom_issues,JustGlowing_minisom_issues.json,113,"jriege555, JustGlowing",4,4_som_minisom_the_justglowing,0.7386262093288517
JustGlowing_minisom_issues,JustGlowing_minisom_issues.json,111,"automataIA, JustGlowing",-1,-1_habitat_the_src_to,0.0
JustGlowing_minisom_issues,JustGlowing_minisom_issues.json,110,"JustGlowing, djeffkanda",17,17_memory_gpu_batch_size,1.0
JustGlowing_minisom_issues,JustGlowing_minisom_issues.json,109,"JustGlowing, bayan-kabbani",4,4_som_minisom_the_justglowing,0.767124134327651
JustGlowing_minisom_issues,JustGlowing_minisom_issues.json,107,"lbugnon, JustGlowing",4,4_som_minisom_the_justglowing,1.0
JustGlowing_minisom_issues,JustGlowing_minisom_issues.json,106,"JustGlowing, 4daJKong",4,4_som_minisom_the_justglowing,1.0
JustGlowing_minisom_issues,JustGlowing_minisom_issues.json,105,"HopePegues, JustGlowing",4,4_som_minisom_the_justglowing,1.0
JustGlowing_minisom_issues,JustGlowing_minisom_issues.json,104,robotenique,-1,-1_habitat_the_src_to,0.0
JustGlowing_minisom_issues,JustGlowing_minisom_issues.json,102,"chanana, JustGlowing",4,4_som_minisom_the_justglowing,1.0
JustGlowing_minisom_issues,JustGlowing_minisom_issues.json,101,"aktaseren, JustGlowing",4,4_som_minisom_the_justglowing,0.9648955729888075
JustGlowing_minisom_issues,JustGlowing_minisom_issues.json,99,"jorisgillis, JustGlowing, JanDeDobbeleer",13,13_license_demo_lichess_this,1.0
JustGlowing_minisom_issues,JustGlowing_minisom_issues.json,98,"JasonkayZK, JustGlowing",-1,-1_habitat_the_src_to,0.0
JustGlowing_minisom_issues,JustGlowing_minisom_issues.json,97,"atheeraa, JustGlowing",4,4_som_minisom_the_justglowing,0.738883588809815
JustGlowing_minisom_issues,JustGlowing_minisom_issues.json,95,"YongchangHu, JustGlowing",-1,-1_habitat_the_src_to,0.0
JustGlowing_minisom_issues,JustGlowing_minisom_issues.json,94,"ricardomourarpm, JustGlowing",4,4_som_minisom_the_justglowing,0.8238694490800608
JustGlowing_minisom_issues,JustGlowing_minisom_issues.json,93,"codechrl, JustGlowing",50,50_minisom_gykovacs_pip_som,1.0
JustGlowing_minisom_issues,JustGlowing_minisom_issues.json,92,"aktaseren, JustGlowing",4,4_som_minisom_the_justglowing,1.0
JustGlowing_minisom_issues,JustGlowing_minisom_issues.json,90,"JustGlowing, balavenkatesh3322",4,4_som_minisom_the_justglowing,0.5200815891718779
JustGlowing_minisom_issues,JustGlowing_minisom_issues.json,89,"JustGlowing, alex-l-kong",-1,-1_habitat_the_src_to,0.0
JustGlowing_minisom_issues,JustGlowing_minisom_issues.json,87,"xuzhang5788, JustGlowing",4,4_som_minisom_the_justglowing,0.6149874750629718
JustGlowing_minisom_issues,JustGlowing_minisom_issues.json,86,"avisionh, JustGlowing",4,4_som_minisom_the_justglowing,0.8827904214749083
JustGlowing_minisom_issues,JustGlowing_minisom_issues.json,84,"JustGlowing, mick-liu",4,4_som_minisom_the_justglowing,1.0
JustGlowing_minisom_issues,JustGlowing_minisom_issues.json,83,"JustGlowing, MutianWang",4,4_som_minisom_the_justglowing,0.7684686895262912
JustGlowing_minisom_issues,JustGlowing_minisom_issues.json,80,"suyanman, JustGlowing",50,50_minisom_gykovacs_pip_som,1.0
JustGlowing_minisom_issues,JustGlowing_minisom_issues.json,79,"diptiSH, JustGlowing",4,4_som_minisom_the_justglowing,1.0
JustGlowing_minisom_issues,JustGlowing_minisom_issues.json,78,"mehakjotsingh, JustGlowing",4,4_som_minisom_the_justglowing,1.0
JustGlowing_minisom_issues,JustGlowing_minisom_issues.json,77,"sahelimukherjee92, JustGlowing",4,4_som_minisom_the_justglowing,1.0
JustGlowing_minisom_issues,JustGlowing_minisom_issues.json,76,"JustGlowing, abonellitoro",-1,-1_habitat_the_src_to,0.0
JustGlowing_minisom_issues,JustGlowing_minisom_issues.json,75,"domstoppable, JustGlowing",4,4_som_minisom_the_justglowing,0.8628841839051512
JustGlowing_minisom_issues,JustGlowing_minisom_issues.json,74,"Yanjiayork, JustGlowing",4,4_som_minisom_the_justglowing,1.0
JustGlowing_minisom_issues,JustGlowing_minisom_issues.json,72,"Daviid1010, JustGlowing",4,4_som_minisom_the_justglowing,1.0
JustGlowing_minisom_issues,JustGlowing_minisom_issues.json,70,"vingol, JustGlowing",4,4_som_minisom_the_justglowing,0.9486374442832946
JustGlowing_minisom_issues,JustGlowing_minisom_issues.json,68,"imariasantos, JustGlowing",4,4_som_minisom_the_justglowing,1.0
JustGlowing_minisom_issues,JustGlowing_minisom_issues.json,66,"atheeraa, Overture-Y, JustGlowing, zhenzonglei, V-for-Vaggelis, Yifeng-J",-1,-1_habitat_the_src_to,0.0
JustGlowing_minisom_issues,JustGlowing_minisom_issues.json,65,"niksart, JustGlowing, affiqazrin",4,4_som_minisom_the_justglowing,0.745575095256012
JustGlowing_minisom_issues,JustGlowing_minisom_issues.json,64,"Edmond-Lee-Zse-Wong, JustGlowing, sumanth-bmsce",4,4_som_minisom_the_justglowing,0.9876958517848445
JustGlowing_minisom_issues,JustGlowing_minisom_issues.json,63,"V-for-Vaggelis, JustGlowing",4,4_som_minisom_the_justglowing,1.0
JustGlowing_minisom_issues,JustGlowing_minisom_issues.json,62,"aortizg, JustGlowing",4,4_som_minisom_the_justglowing,0.7355665320539163
JustGlowing_minisom_issues,JustGlowing_minisom_issues.json,61,"omerbt, AWSisco, JustGlowing",4,4_som_minisom_the_justglowing,0.7107897436865604
JustGlowing_minisom_issues,JustGlowing_minisom_issues.json,60,"V-for-Vaggelis, JustGlowing",4,4_som_minisom_the_justglowing,1.0
JustGlowing_minisom_issues,JustGlowing_minisom_issues.json,59,"JustGlowing, rbeucher",-1,-1_habitat_the_src_to,0.0
JustGlowing_minisom_issues,JustGlowing_minisom_issues.json,58,"soumya-ranjan-sahoo, JustGlowing",4,4_som_minisom_the_justglowing,1.0
JustGlowing_minisom_issues,JustGlowing_minisom_issues.json,56,"Furynd, JustGlowing",-1,-1_habitat_the_src_to,0.0
JustGlowing_minisom_issues,JustGlowing_minisom_issues.json,54,"fletchke, JustGlowing",4,4_som_minisom_the_justglowing,1.0
JustGlowing_minisom_issues,JustGlowing_minisom_issues.json,53,"JustGlowing, TimNagle-McNaughton",4,4_som_minisom_the_justglowing,0.9370509451702816
JustGlowing_minisom_issues,JustGlowing_minisom_issues.json,52,"otmanad, JustGlowing",4,4_som_minisom_the_justglowing,1.0
JustGlowing_minisom_issues,JustGlowing_minisom_issues.json,51,"JustGlowing, TimNagle-McNaughton",4,4_som_minisom_the_justglowing,0.7540901484591055
JustGlowing_minisom_issues,JustGlowing_minisom_issues.json,50,"JustGlowing, TimNagle-McNaughton",-1,-1_habitat_the_src_to,0.0
JustGlowing_minisom_issues,JustGlowing_minisom_issues.json,49,"mafar, JustGlowing",4,4_som_minisom_the_justglowing,1.0
JustGlowing_minisom_issues,JustGlowing_minisom_issues.json,48,"FlorentF9, JustGlowing",-1,-1_habitat_the_src_to,0.0
JustGlowing_minisom_issues,JustGlowing_minisom_issues.json,47,"amjramjr, JustGlowing",-1,-1_habitat_the_src_to,0.0
JustGlowing_minisom_issues,JustGlowing_minisom_issues.json,46,"amjramjr, JustGlowing",-1,-1_habitat_the_src_to,0.0
JustGlowing_minisom_issues,JustGlowing_minisom_issues.json,40,"JustGlowing, AustinT",4,4_som_minisom_the_justglowing,0.4798983435276268
JustGlowing_minisom_issues,JustGlowing_minisom_issues.json,39,"melsener, JustGlowing",4,4_som_minisom_the_justglowing,0.7240011775485612
JustGlowing_minisom_issues,JustGlowing_minisom_issues.json,37,"enthu-sh, JustGlowing",50,50_minisom_gykovacs_pip_som,1.0
JustGlowing_minisom_issues,JustGlowing_minisom_issues.json,36,"lachhebo, JustGlowing",4,4_som_minisom_the_justglowing,0.9774778464675234
JustGlowing_minisom_issues,JustGlowing_minisom_issues.json,35,"wyznio, JustGlowing",-1,-1_habitat_the_src_to,0.0
JustGlowing_minisom_issues,JustGlowing_minisom_issues.json,34,"gykovacs, JustGlowing",50,50_minisom_gykovacs_pip_som,1.0
JustGlowing_minisom_issues,JustGlowing_minisom_issues.json,32,"ArioBattolla, JustGlowing",4,4_som_minisom_the_justglowing,1.0
JustGlowing_minisom_issues,JustGlowing_minisom_issues.json,31,"GowthamyVaseekaran, JustGlowing",4,4_som_minisom_the_justglowing,1.0
JustGlowing_minisom_issues,JustGlowing_minisom_issues.json,30,"ShrRa, JustGlowing",4,4_som_minisom_the_justglowing,0.7065059777981614
JustGlowing_minisom_issues,JustGlowing_minisom_issues.json,29,"jacksgt, xuezhaokun, JustGlowing",50,50_minisom_gykovacs_pip_som,1.0
JustGlowing_minisom_issues,JustGlowing_minisom_issues.json,28,"vatsalag99, JustGlowing",4,4_som_minisom_the_justglowing,0.9774778464675234
JustGlowing_minisom_issues,JustGlowing_minisom_issues.json,27,"ramibabu, JustGlowing",4,4_som_minisom_the_justglowing,0.9750780069805824
JustGlowing_minisom_issues,JustGlowing_minisom_issues.json,26,"johnvasu, MalikOvaiz, JustGlowing",4,4_som_minisom_the_justglowing,1.0
JustGlowing_minisom_issues,JustGlowing_minisom_issues.json,25,"GowthamyVaseekaran, JustGlowing",4,4_som_minisom_the_justglowing,1.0
JustGlowing_minisom_issues,JustGlowing_minisom_issues.json,24,"ZALaurens, JustGlowing",50,50_minisom_gykovacs_pip_som,1.0
JustGlowing_minisom_issues,JustGlowing_minisom_issues.json,22,"JustGlowing, JanVargovsky",-1,-1_habitat_the_src_to,0.0
JustGlowing_minisom_issues,JustGlowing_minisom_issues.json,21,"JustGlowing, FlamingJay",17,17_memory_gpu_batch_size,1.0
JustGlowing_minisom_issues,JustGlowing_minisom_issues.json,20,"lakesare, JustGlowing, jeffchy",4,4_som_minisom_the_justglowing,0.5241545695725104
JustGlowing_minisom_issues,JustGlowing_minisom_issues.json,19,"JustGlowing, scamianbas",50,50_minisom_gykovacs_pip_som,1.0
JustGlowing_minisom_issues,JustGlowing_minisom_issues.json,17,"JustGlowing, nishaa113",4,4_som_minisom_the_justglowing,0.5500758143020953
JustGlowing_minisom_issues,JustGlowing_minisom_issues.json,15,nsknsl,-1,-1_habitat_the_src_to,0.0
JustGlowing_minisom_issues,JustGlowing_minisom_issues.json,14,harell,-1,-1_habitat_the_src_to,0.0
JustGlowing_minisom_issues,JustGlowing_minisom_issues.json,12,"JustGlowing, ph0ngp",4,4_som_minisom_the_justglowing,0.7080385648595642
JustGlowing_minisom_issues,JustGlowing_minisom_issues.json,8,"remidomingues, JustGlowing",4,4_som_minisom_the_justglowing,1.0
JustGlowing_minisom_issues,JustGlowing_minisom_issues.json,7,"gsvijayraajaa, JustGlowing",25,25_h5py_self_py_keras,0.8362473178883205
JustGlowing_minisom_issues,JustGlowing_minisom_issues.json,6,"sarwatfatimam, JustGlowing",50,50_minisom_gykovacs_pip_som,0.9944857876897814
JustGlowing_minisom_issues,JustGlowing_minisom_issues.json,4,"sarwatfatimam, JustGlowing",4,4_som_minisom_the_justglowing,0.9380700029092736
JustGlowing_minisom_issues,JustGlowing_minisom_issues.json,3,"sarwatfatimam, JustGlowing",-1,-1_habitat_the_src_to,0.0
JustGlowing_minisom_issues,JustGlowing_minisom_issues.json,2,"JustGlowing, harriv",-1,-1_habitat_the_src_to,0.0
JustinGOSSES_predictatops_issues,JustinGOSSES_predictatops_issues.json,38,"xiaolitanhua625, JustinGOSSES",10,10_dataset_download_datasets_you,0.5325322688137716
JustinGOSSES_predictatops_issues,JustinGOSSES_predictatops_issues.json,35,JustinGOSSES,26,26_i0906_20224_vec_07,0.5141787388391759
JustinGOSSES_predictatops_issues,JustinGOSSES_predictatops_issues.json,29,JustinGOSSES,-1,-1_habitat_the_src_to,0.0
JustinGOSSES_predictatops_issues,JustinGOSSES_predictatops_issues.json,28,JustinGOSSES,-1,-1_habitat_the_src_to,0.0
JustinGOSSES_predictatops_issues,JustinGOSSES_predictatops_issues.json,26,JustinGOSSES,10,10_dataset_download_datasets_you,0.7431343911168852
JustinGOSSES_predictatops_issues,JustinGOSSES_predictatops_issues.json,25,JustinGOSSES,-1,-1_habitat_the_src_to,0.0
JustinGOSSES_predictatops_issues,JustinGOSSES_predictatops_issues.json,24,JustinGOSSES,-1,-1_habitat_the_src_to,0.0
JustinGOSSES_predictatops_issues,JustinGOSSES_predictatops_issues.json,23,JustinGOSSES,-1,-1_habitat_the_src_to,0.0
JustinGOSSES_predictatops_issues,JustinGOSSES_predictatops_issues.json,22,JustinGOSSES,-1,-1_habitat_the_src_to,0.0
JustinGOSSES_predictatops_issues,JustinGOSSES_predictatops_issues.json,21,JustinGOSSES,4,4_som_minisom_the_justglowing,0.8104545234521725
JustinGOSSES_predictatops_issues,JustinGOSSES_predictatops_issues.json,20,JustinGOSSES,-1,-1_habitat_the_src_to,0.0
JustinGOSSES_predictatops_issues,JustinGOSSES_predictatops_issues.json,19,JustinGOSSES,4,4_som_minisom_the_justglowing,1.0
JustinGOSSES_predictatops_issues,JustinGOSSES_predictatops_issues.json,18,JustinGOSSES,13,13_license_demo_lichess_this,0.5960317675832554
JustinGOSSES_predictatops_issues,JustinGOSSES_predictatops_issues.json,17,JustinGOSSES,40,40_grasp_the_ggcnn_depth,0.6250534876206125
JustinGOSSES_predictatops_issues,JustinGOSSES_predictatops_issues.json,16,JustinGOSSES,-1,-1_habitat_the_src_to,0.0
JustinGOSSES_predictatops_issues,JustinGOSSES_predictatops_issues.json,15,JustinGOSSES,0,0_model_modelmanager_serving_server,0.5962178246443894
JustinGOSSES_predictatops_issues,JustinGOSSES_predictatops_issues.json,14,JustinGOSSES,40,40_grasp_the_ggcnn_depth,0.7727487225494493
JustinGOSSES_predictatops_issues,JustinGOSSES_predictatops_issues.json,13,"bluetyson, JustinGOSSES",-1,-1_habitat_the_src_to,0.0
JustinGOSSES_predictatops_issues,JustinGOSSES_predictatops_issues.json,12,JustinGOSSES,13,13_license_demo_lichess_this,0.739247091241878
JustinGOSSES_predictatops_issues,JustinGOSSES_predictatops_issues.json,11,JustinGOSSES,-1,-1_habitat_the_src_to,0.0
JustinGOSSES_predictatops_issues,JustinGOSSES_predictatops_issues.json,10,JustinGOSSES,13,13_license_demo_lichess_this,0.7994915792612511
JustinGOSSES_predictatops_issues,JustinGOSSES_predictatops_issues.json,9,JustinGOSSES,13,13_license_demo_lichess_this,0.8975085664615313
JustinGOSSES_predictatops_issues,JustinGOSSES_predictatops_issues.json,8,JustinGOSSES,-1,-1_habitat_the_src_to,0.0
JustinGOSSES_predictatops_issues,JustinGOSSES_predictatops_issues.json,7,JustinGOSSES,-1,-1_habitat_the_src_to,0.0
JustinGOSSES_predictatops_issues,JustinGOSSES_predictatops_issues.json,6,JustinGOSSES,30,30_training_predict_save_stop,0.9256547352575972
JustinGOSSES_predictatops_issues,JustinGOSSES_predictatops_issues.json,5,JustinGOSSES,-1,-1_habitat_the_src_to,0.0
JustinGOSSES_predictatops_issues,JustinGOSSES_predictatops_issues.json,3,JustinGOSSES,-1,-1_habitat_the_src_to,0.0
JustinGOSSES_predictatops_issues,JustinGOSSES_predictatops_issues.json,2,JustinGOSSES,-1,-1_habitat_the_src_to,0.0
JustinGOSSES_predictatops_issues,JustinGOSSES_predictatops_issues.json,1,JustinGOSSES,-1,-1_habitat_the_src_to,0.0
keums_melodyExtraction_JDC_issues,keums_melodyExtraction_JDC_issues.json,3,TheagaoMIR,-1,-1_habitat_the_src_to,0.0
keums_melodyExtraction_JDC_issues,keums_melodyExtraction_JDC_issues.json,2,mdztravelling,27,27_tensorflow_keras_tf_py,0.8070268688653932
kimhc6028_relational-networks_issues,kimhc6028_relational-networks_issues.json,31,ValerioB88,16,16_l2_mult_param_bottom,0.7585010112797952
kimhc6028_relational-networks_issues,kimhc6028_relational-networks_issues.json,29,"lizhenstat, dalek7",-1,-1_habitat_the_src_to,0.0
kimhc6028_relational-networks_issues,kimhc6028_relational-networks_issues.json,28,slerman12,-1,-1_habitat_the_src_to,0.0
kimhc6028_relational-networks_issues,kimhc6028_relational-networks_issues.json,27,slerman12,49,49_tdh_mytest_kel_ternary,0.6749140035571152
kimhc6028_relational-networks_issues,kimhc6028_relational-networks_issues.json,24,yihe-61wu,7,7_the_layer_loss_pytorch,0.722516767459794
kimhc6028_relational-networks_issues,kimhc6028_relational-networks_issues.json,23,RishikMani,-1,-1_habitat_the_src_to,0.0
kimhc6028_relational-networks_issues,kimhc6028_relational-networks_issues.json,22,"holopekochan, slerman12",-1,-1_habitat_the_src_to,0.0
kimhc6028_relational-networks_issues,kimhc6028_relational-networks_issues.json,20,PabloMessina,31,31_cityscapes_000000_iou_label,0.23132341609359086
kimhc6028_relational-networks_issues,kimhc6028_relational-networks_issues.json,19,fernande2000,-1,-1_habitat_the_src_to,0.0
kimhc6028_relational-networks_issues,kimhc6028_relational-networks_issues.json,18,rosenfeldamir,33,33_action_sac_plt_ep,0.8466056027071598
kimhc6028_relational-networks_issues,kimhc6028_relational-networks_issues.json,17,rosenfeldamir,10,10_dataset_download_datasets_you,0.30262229091643855
kimhc6028_relational-networks_issues,kimhc6028_relational-networks_issues.json,16,gaopeng-eugene,45,45_simplification_code_available_degree,1.0
kimhc6028_relational-networks_issues,kimhc6028_relational-networks_issues.json,15,"kimhc6028, affromero",-1,-1_habitat_the_src_to,0.0
kimhc6028_relational-networks_issues,kimhc6028_relational-networks_issues.json,14,"AashishV, gngdb",-1,-1_habitat_the_src_to,0.0
kimhc6028_relational-networks_issues,kimhc6028_relational-networks_issues.json,12,"bazingasherlock, kimhc6028",-1,-1_habitat_the_src_to,0.0
kimhc6028_relational-networks_issues,kimhc6028_relational-networks_issues.json,11,"vardaan123, bazingasherlock, shamitlal, kimhc6028",-1,-1_habitat_the_src_to,0.0
kimhc6028_relational-networks_issues,kimhc6028_relational-networks_issues.json,10,"kimhc6028, shamitlal, phongnhhn92",-1,-1_habitat_the_src_to,0.0
kimhc6028_relational-networks_issues,kimhc6028_relational-networks_issues.json,8,"kimhc6028, talbaumel",7,7_the_layer_loss_pytorch,0.6575327038466436
kimhc6028_relational-networks_issues,kimhc6028_relational-networks_issues.json,7,"bazingasherlock, kimhc6028",47,47_whu_apps_00000000_00,1.0
kimhc6028_relational-networks_issues,kimhc6028_relational-networks_issues.json,6,"saharudra, kimhc6028, robotzheng",-1,-1_habitat_the_src_to,0.0
kimhc6028_relational-networks_issues,kimhc6028_relational-networks_issues.json,4,"kimhc6028, thomashenn",-1,-1_habitat_the_src_to,0.0
kimhc6028_relational-networks_issues,kimhc6028_relational-networks_issues.json,3,"kimhc6028, RJ722",-1,-1_habitat_the_src_to,0.0
kimhc6028_relational-networks_issues,kimhc6028_relational-networks_issues.json,2,"alphamupsiomega, kimhc6028",-1,-1_habitat_the_src_to,0.0
kimhc6028_relational-networks_issues,kimhc6028_relational-networks_issues.json,1,"justinbuzzni, kimhc6028, xunhuang1995",-1,-1_habitat_the_src_to,0.0
kk7nc_HDLTex_issues,kk7nc_HDLTex_issues.json,18,TalaN1993,1,1_score_bert_bertscore_the,1.0
kk7nc_HDLTex_issues,kk7nc_HDLTex_issues.json,17,FatosTorba,10,10_dataset_download_datasets_you,1.0
kk7nc_HDLTex_issues,kk7nc_HDLTex_issues.json,16,Sandy4321,1,1_score_bert_bertscore_the,1.0
kk7nc_HDLTex_issues,kk7nc_HDLTex_issues.json,15,si-naja,10,10_dataset_download_datasets_you,0.32942691701307475
kk7nc_HDLTex_issues,kk7nc_HDLTex_issues.json,13,1429904852,10,10_dataset_download_datasets_you,0.7094226665354967
kk7nc_HDLTex_issues,kk7nc_HDLTex_issues.json,12,lalalei21,-1,-1_habitat_the_src_to,0.0
kk7nc_HDLTex_issues,kk7nc_HDLTex_issues.json,11,spartian,10,10_dataset_download_datasets_you,0.2777341002592753
kk7nc_HDLTex_issues,kk7nc_HDLTex_issues.json,10,"wenyu332, kk7nc",-1,-1_habitat_the_src_to,0.0
kk7nc_HDLTex_issues,kk7nc_HDLTex_issues.json,5,"asifraza151, kk7nc",42,42_acc_val_epoch_loss,0.9787507319458476
kk7nc_HDLTex_issues,kk7nc_HDLTex_issues.json,4,"gourango01, MarcosFP97, chengdezhi, kk7nc",-1,-1_habitat_the_src_to,0.0
kk7nc_RMDL_issues,kk7nc_RMDL_issues.json,32,"anubha17pearl, kk7nc",15,15_tensor_at_task_datarep,1.0
kk7nc_RMDL_issues,kk7nc_RMDL_issues.json,31,"sevaraMS, anubha17pearl",44,44_own_dataset_images_train,1.0
kk7nc_RMDL_issues,kk7nc_RMDL_issues.json,29,buglesxu,10,10_dataset_download_datasets_you,0.30143978356862355
kk7nc_RMDL_issues,kk7nc_RMDL_issues.json,28,"abhilash42, kk7nc",-1,-1_habitat_the_src_to,0.0
kk7nc_RMDL_issues,kk7nc_RMDL_issues.json,27,"SAIVENKATARAJU, Lxixnxuxs",-1,-1_habitat_the_src_to,0.0
kk7nc_RMDL_issues,kk7nc_RMDL_issues.json,22,Lornatang,7,7_the_layer_loss_pytorch,0.796915550384026
kk7nc_RMDL_issues,kk7nc_RMDL_issues.json,21,"rsradhakrishnan, Saeed-Ashri",44,44_own_dataset_images_train,0.9610428434534738
kk7nc_RMDL_issues,kk7nc_RMDL_issues.json,19,"IncendiosI, kk7nc",6,6_trained_model_pretrained_you,1.0
kk7nc_RMDL_issues,kk7nc_RMDL_issues.json,18,"saurabhkumar8112, kk7nc, sanja7s",42,42_acc_val_epoch_loss,1.0
kk7nc_RMDL_issues,kk7nc_RMDL_issues.json,17,"MochizukiShinichi, tingfang2018, rsradhakrishnan",42,42_acc_val_epoch_loss,1.0
kk7nc_RMDL_issues,kk7nc_RMDL_issues.json,16,"rt3722, kk7nc",30,30_training_predict_save_stop,0.9496407022404517
kk7nc_RMDL_issues,kk7nc_RMDL_issues.json,15,"rodrigoheck, kk7nc",1,1_score_bert_bertscore_the,0.34379794555744214
kk7nc_RMDL_issues,kk7nc_RMDL_issues.json,14,"zhuzhangli, kk7nc",42,42_acc_val_epoch_loss,1.0
kk7nc_RMDL_issues,kk7nc_RMDL_issues.json,13,"kk7nc, monk1337",30,30_training_predict_save_stop,1.0
kk7nc_RMDL_issues,kk7nc_RMDL_issues.json,12,"THtanghuan, AlexYoung757, kk7nc",-1,-1_habitat_the_src_to,0.0
kk7nc_RMDL_issues,kk7nc_RMDL_issues.json,11,THtanghuan,38,38_pygce_garmin_connect_2018,0.8569627574874702
kk7nc_RMDL_issues,kk7nc_RMDL_issues.json,10,"THtanghuan, kk7nc",-1,-1_habitat_the_src_to,0.0
kk7nc_RMDL_issues,kk7nc_RMDL_issues.json,9,"ghost, kk7nc",52,52_time_mxnet_training_you,1.0
kk7nc_RMDL_issues,kk7nc_RMDL_issues.json,8,"ben74, gegilligan, sanja7s, alvin-leong, tingfang2018, sharpe5, kk7nc, saja1994, stanlee321, ceiecadmin, disaalda",42,42_acc_val_epoch_loss,1.0
kk7nc_RMDL_issues,kk7nc_RMDL_issues.json,7,"impredicative, david-droz, kk7nc",30,30_training_predict_save_stop,1.0
kk7nc_RMDL_issues,kk7nc_RMDL_issues.json,4,"ngragaei, kk7nc",20,20_embedding_audio_openl3_we,0.17291741479960396
kk7nc_RMDL_issues,kk7nc_RMDL_issues.json,2,"saudhnv, sharpe5, kk7nc",42,42_acc_val_epoch_loss,1.0
kk7nc_Text_Classification_issues,kk7nc_Text_Classification_issues.json,13,anwarghammam,6,6_trained_model_pretrained_you,1.0
kk7nc_Text_Classification_issues,kk7nc_Text_Classification_issues.json,11,"rohit-raje-786, self-ms",10,10_dataset_download_datasets_you,0.30907291202335335
kk7nc_Text_Classification_issues,kk7nc_Text_Classification_issues.json,10,"kk7nc, AlexanderDavid",13,13_license_demo_lichess_this,0.6863554441100727
kk7nc_Text_Classification_issues,kk7nc_Text_Classification_issues.json,8,"lucasfrr, kk7nc, wanderfernandesjunior, shrupark, Hameedalii",-1,-1_habitat_the_src_to,0.0
kk7nc_Text_Classification_issues,kk7nc_Text_Classification_issues.json,7,"kk7nc, RabbitJackTrade",-1,-1_habitat_the_src_to,0.0
kk7nc_Text_Classification_issues,kk7nc_Text_Classification_issues.json,5,"mohandodda0, kk7nc",-1,-1_habitat_the_src_to,0.0
kk7nc_Text_Classification_issues,kk7nc_Text_Classification_issues.json,2,"yucc2018, kk7nc",-1,-1_habitat_the_src_to,0.0
KMouratidis_EDA_miner_public_issues,KMouratidis_EDA_miner_public_issues.json,7,KMouratidis,1,1_score_bert_bertscore_the,1.0
KMouratidis_EDA_miner_public_issues,KMouratidis_EDA_miner_public_issues.json,6,KMouratidis,30,30_training_predict_save_stop,1.0
KMouratidis_EDA_miner_public_issues,KMouratidis_EDA_miner_public_issues.json,5,KMouratidis,13,13_license_demo_lichess_this,0.5768690717179555
KMouratidis_EDA_miner_public_issues,KMouratidis_EDA_miner_public_issues.json,4,KMouratidis,-1,-1_habitat_the_src_to,0.0
KMouratidis_EDA_miner_public_issues,KMouratidis_EDA_miner_public_issues.json,3,KMouratidis,4,4_som_minisom_the_justglowing,0.5575658305787665
KMouratidis_EDA_miner_public_issues,KMouratidis_EDA_miner_public_issues.json,2,KMouratidis,-1,-1_habitat_the_src_to,0.0
KMouratidis_EDA_miner_public_issues,KMouratidis_EDA_miner_public_issues.json,1,KMouratidis,-1,-1_habitat_the_src_to,0.0
linbo0518_BLSeg_issues,linbo0518_BLSeg_issues.json,2,"linbo0518, mailvijayasingh",-1,-1_habitat_the_src_to,0.0
linbo0518_BLSeg_issues,linbo0518_BLSeg_issues.json,1,"AlpacaLLaMa643, linbo0518",-1,-1_habitat_the_src_to,0.0
linbo0518_CVBenchmarks_issues,linbo0518_CVBenchmarks_issues.json,1,ZinuoCai,52,52_time_mxnet_training_you,1.0
liuxinhai_Point2Sequence_issues,liuxinhai_Point2Sequence_issues.json,9,zqzqz,-1,-1_habitat_the_src_to,0.0
liuxinhai_Point2Sequence_issues,liuxinhai_Point2Sequence_issues.json,8,longmalongma,-1,-1_habitat_the_src_to,0.0
liuxinhai_Point2Sequence_issues,liuxinhai_Point2Sequence_issues.json,7,longmalongma,-1,-1_habitat_the_src_to,0.0
liuxinhai_Point2Sequence_issues,liuxinhai_Point2Sequence_issues.json,6,joycewangsy,-1,-1_habitat_the_src_to,0.0
liuxinhai_Point2Sequence_issues,liuxinhai_Point2Sequence_issues.json,5,"longmalongma, liuxinhai",-1,-1_habitat_the_src_to,0.0
liuxinhai_Point2Sequence_issues,liuxinhai_Point2Sequence_issues.json,4,"longmalongma, liuxinhai",-1,-1_habitat_the_src_to,0.0
liuxinhai_Point2Sequence_issues,liuxinhai_Point2Sequence_issues.json,2,"longmalongma, liuxinhai, Luznss",-1,-1_habitat_the_src_to,0.0
liuxinhai_Point2Sequence_issues,liuxinhai_Point2Sequence_issues.json,1,"ashawkey, liuxinhai",6,6_trained_model_pretrained_you,0.698249132957005
liuziwei7_voxel-flow_issues,liuziwei7_voxel-flow_issues.json,16,nameless-mqc,-1,-1_habitat_the_src_to,0.0
liuziwei7_voxel-flow_issues,liuziwei7_voxel-flow_issues.json,15,"NagabhushanSN95, FlyDre",27,27_tensorflow_keras_tf_py,0.7981143878630674
liuziwei7_voxel-flow_issues,liuziwei7_voxel-flow_issues.json,14,fmbao,-1,-1_habitat_the_src_to,0.0
liuziwei7_voxel-flow_issues,liuziwei7_voxel-flow_issues.json,13,saikatdutta,-1,-1_habitat_the_src_to,0.0
liuziwei7_voxel-flow_issues,liuziwei7_voxel-flow_issues.json,12,"xiaozhangyu66, Informativeinform",7,7_the_layer_loss_pytorch,0.6979038575999132
liuziwei7_voxel-flow_issues,liuziwei7_voxel-flow_issues.json,11,"csmodel, infrontofme, samo313, fmbao",-1,-1_habitat_the_src_to,0.0
liuziwei7_voxel-flow_issues,liuziwei7_voxel-flow_issues.json,10,"Ng-ms, samo313, Marmar202",25,25_h5py_self_py_keras,1.0
liuziwei7_voxel-flow_issues,liuziwei7_voxel-flow_issues.json,9,"jian3xiao, liuziwei7",-1,-1_habitat_the_src_to,0.0
liuziwei7_voxel-flow_issues,liuziwei7_voxel-flow_issues.json,8,YusufBerki,-1,-1_habitat_the_src_to,0.0
liuziwei7_voxel-flow_issues,liuziwei7_voxel-flow_issues.json,7,"Dee-Ma, LucyLu-LX, liuziwei7",-1,-1_habitat_the_src_to,0.0
liuziwei7_voxel-flow_issues,liuziwei7_voxel-flow_issues.json,6,"dlwtojd26, agneevguin",-1,-1_habitat_the_src_to,0.0
liuziwei7_voxel-flow_issues,liuziwei7_voxel-flow_issues.json,5,"worldPeacethx, liuziwei7, hangg7, zzwei1",-1,-1_habitat_the_src_to,0.0
liuziwei7_voxel-flow_issues,liuziwei7_voxel-flow_issues.json,4,"wuzy2115, stubborn-dwarf, NagabhushanSN95, MikeChen0720-CGU, liuziwei7",-1,-1_habitat_the_src_to,0.0
liuziwei7_voxel-flow_issues,liuziwei7_voxel-flow_issues.json,3,"sesse, ghost",7,7_the_layer_loss_pytorch,0.7793151259757862
liuziwei7_voxel-flow_issues,liuziwei7_voxel-flow_issues.json,2,"sesse, linchuming, liuziwei7, AshinCarlXiao",-1,-1_habitat_the_src_to,0.0
liuziwei7_voxel-flow_issues,liuziwei7_voxel-flow_issues.json,1,"qingsenyangit, black107, fmbao, sesse, liuanping, elementCarbon, samo313",-1,-1_habitat_the_src_to,0.0
lvapeab_ABiViRNet_issues,lvapeab_ABiViRNet_issues.json,6,q-rong,10,10_dataset_download_datasets_you,0.3350388021181319
lvapeab_ABiViRNet_issues,lvapeab_ABiViRNet_issues.json,5,Arka95,10,10_dataset_download_datasets_you,0.3350388021181319
lvapeab_ABiViRNet_issues,lvapeab_ABiViRNet_issues.json,4,"vinaysworld, lvapeab",-1,-1_habitat_the_src_to,0.0
lvapeab_ABiViRNet_issues,lvapeab_ABiViRNet_issues.json,3,"lvapeab, ron-weiner",-1,-1_habitat_the_src_to,0.0
lvapeab_ABiViRNet_issues,lvapeab_ABiViRNet_issues.json,2,"lvapeab, Airotong",25,25_h5py_self_py_keras,1.0
lvapeab_ABiViRNet_issues,lvapeab_ABiViRNet_issues.json,1,"Hsiao-hsu-Li, lvapeab",-1,-1_habitat_the_src_to,0.0
marl_openl3_issues,marl_openl3_issues.json,99,AnsenZhang007,20,20_embedding_audio_openl3_we,0.19207559735907614
marl_openl3_issues,marl_openl3_issues.json,98,AbsoluteSkid,20,20_embedding_audio_openl3_we,0.1673881318956492
marl_openl3_issues,marl_openl3_issues.json,97,gwpl,0,0_model_modelmanager_serving_server,0.877475282429992
marl_openl3_issues,marl_openl3_issues.json,96,"vdng9338, sivannavis",20,20_embedding_audio_openl3_we,0.2567737672834307
marl_openl3_issues,marl_openl3_issues.json,94,"rjungbeck, Braviadprogrammer, oykuthejedi, jonnor, jtcramer",15,15_tensor_at_task_datarep,0.7951321462000993
marl_openl3_issues,marl_openl3_issues.json,92,alisonbma,20,20_embedding_audio_openl3_we,0.14475113499678485
marl_openl3_issues,marl_openl3_issues.json,91,"sreenivasaupadhyaya, mattiacampana",20,20_embedding_audio_openl3_we,0.15128780220001653
marl_openl3_issues,marl_openl3_issues.json,90,"jtcramer, seunggookim",20,20_embedding_audio_openl3_we,0.3222222367830215
marl_openl3_issues,marl_openl3_issues.json,89,"shahanneda, mamodrzejewski, yy945635407, JamesLloydPartington, mopper97",-1,-1_habitat_the_src_to,0.0
marl_openl3_issues,marl_openl3_issues.json,87,mattiacampana,20,20_embedding_audio_openl3_we,0.1448482615440192
marl_openl3_issues,marl_openl3_issues.json,85,jonnor,20,20_embedding_audio_openl3_we,0.2449739997830022
marl_openl3_issues,marl_openl3_issues.json,82,jonnor,27,27_tensorflow_keras_tf_py,1.0
marl_openl3_issues,marl_openl3_issues.json,81,turian,20,20_embedding_audio_openl3_we,1.0
marl_openl3_issues,marl_openl3_issues.json,80,beasteers,-1,-1_habitat_the_src_to,0.0
marl_openl3_issues,marl_openl3_issues.json,79,jtcramer,-1,-1_habitat_the_src_to,0.0
marl_openl3_issues,marl_openl3_issues.json,78,jtcramer,-1,-1_habitat_the_src_to,0.0
marl_openl3_issues,marl_openl3_issues.json,77,jtcramer,20,20_embedding_audio_openl3_we,0.2229049265749734
marl_openl3_issues,marl_openl3_issues.json,76,jtcramer,-1,-1_habitat_the_src_to,0.0
marl_openl3_issues,marl_openl3_issues.json,73,jtcramer,-1,-1_habitat_the_src_to,0.0
marl_openl3_issues,marl_openl3_issues.json,71,jtcramer,-1,-1_habitat_the_src_to,0.0
marl_openl3_issues,marl_openl3_issues.json,70,"jtcramer, beasteers",-1,-1_habitat_the_src_to,0.0
marl_openl3_issues,marl_openl3_issues.json,69,jtcramer,6,6_trained_model_pretrained_you,1.0
marl_openl3_issues,marl_openl3_issues.json,67,"jtcramer, JNaranjo-Alcazar",27,27_tensorflow_keras_tf_py,0.9863408435978879
marl_openl3_issues,marl_openl3_issues.json,60,"adrienchaton, jtcramer",20,20_embedding_audio_openl3_we,1.0
marl_openl3_issues,marl_openl3_issues.json,59,a-flying-crow,20,20_embedding_audio_openl3_we,0.21062287125621615
marl_openl3_issues,marl_openl3_issues.json,58,"adrienchaton, justinsalamon",20,20_embedding_audio_openl3_we,0.5461135739812443
marl_openl3_issues,marl_openl3_issues.json,57,"LongYin-Guo, justinsalamon",15,15_tensor_at_task_datarep,0.8478547475039819
marl_openl3_issues,marl_openl3_issues.json,56,turian,20,20_embedding_audio_openl3_we,0.6377415656279641
marl_openl3_issues,marl_openl3_issues.json,54,turian,-1,-1_habitat_the_src_to,0.0
marl_openl3_issues,marl_openl3_issues.json,53,"justinsalamon, jammyWolf",20,20_embedding_audio_openl3_we,0.20433676667394338
marl_openl3_issues,marl_openl3_issues.json,52,jtcramer,15,15_tensor_at_task_datarep,0.7230341614457991
marl_openl3_issues,marl_openl3_issues.json,51,turian,-1,-1_habitat_the_src_to,0.0
marl_openl3_issues,marl_openl3_issues.json,50,"shanheqiu, hugofloresgarcia, justinsalamon, Frei-2, mx597014232, JunenuJ",15,15_tensor_at_task_datarep,1.0
marl_openl3_issues,marl_openl3_issues.json,49,justinsalamon,20,20_embedding_audio_openl3_we,1.0
marl_openl3_issues,marl_openl3_issues.json,46,"jongwook, fluffynukeit, thias42, justinsalamon, jtcramer, jonnor, gmos",27,27_tensorflow_keras_tf_py,1.0
marl_openl3_issues,marl_openl3_issues.json,45,"jtcramer, justinsalamon",15,15_tensor_at_task_datarep,0.7224065694334716
marl_openl3_issues,marl_openl3_issues.json,43,"zhao-shuyang, jtcramer, justinsalamon",27,27_tensorflow_keras_tf_py,0.9460525396473897
marl_openl3_issues,marl_openl3_issues.json,42,jtcramer,27,27_tensorflow_keras_tf_py,1.0
marl_openl3_issues,marl_openl3_issues.json,41,"bmcfee, pohpas, justinsalamon",20,20_embedding_audio_openl3_we,0.16463899785929947
marl_openl3_issues,marl_openl3_issues.json,40,"happypanda5, justinsalamon",20,20_embedding_audio_openl3_we,0.23441645059148558
marl_openl3_issues,marl_openl3_issues.json,39,"happypanda5, faroit, jtcramer, justinsalamon",27,27_tensorflow_keras_tf_py,1.0
marl_openl3_issues,marl_openl3_issues.json,38,jiqiujia,20,20_embedding_audio_openl3_we,0.9513063561216364
marl_openl3_issues,marl_openl3_issues.json,36,"jonnor, justinsalamon",20,20_embedding_audio_openl3_we,1.0
marl_openl3_issues,marl_openl3_issues.json,35,"janaal1, turian, justinsalamon, jtcramer, sainathadapa, adrienchaton",-1,-1_habitat_the_src_to,0.0
marl_openl3_issues,marl_openl3_issues.json,30,"bmcfee, jtcramer, justinsalamon",-1,-1_habitat_the_src_to,0.0
marl_openl3_issues,marl_openl3_issues.json,28,"jtcramer, jonnor",20,20_embedding_audio_openl3_we,0.17907184636488913
marl_openl3_issues,marl_openl3_issues.json,26,"jtcramer, justinsalamon",20,20_embedding_audio_openl3_we,1.0
marl_openl3_issues,marl_openl3_issues.json,24,"bbruhh, justinsalamon",20,20_embedding_audio_openl3_we,1.0
marl_openl3_issues,marl_openl3_issues.json,22,"jtcramer, justinsalamon",20,20_embedding_audio_openl3_we,0.8411279116787549
marl_openl3_issues,marl_openl3_issues.json,21,"bearsroom, justinsalamon",20,20_embedding_audio_openl3_we,0.23024105076519702
marl_openl3_issues,marl_openl3_issues.json,20,"jtcramer, zsmj610",15,15_tensor_at_task_datarep,0.8801655771128816
marl_openl3_issues,marl_openl3_issues.json,19,"jtcramer, justinsalamon",20,20_embedding_audio_openl3_we,1.0
marl_openl3_issues,marl_openl3_issues.json,18,"jtcramer, idansc",20,20_embedding_audio_openl3_we,0.4964179275767833
marl_openl3_issues,marl_openl3_issues.json,15,"jtcramer, justinsalamon",-1,-1_habitat_the_src_to,0.0
marl_openl3_issues,marl_openl3_issues.json,14,"jtcramer, justinsalamon",20,20_embedding_audio_openl3_we,1.0
marl_openl3_issues,marl_openl3_issues.json,13,"jtcramer, justinsalamon",20,20_embedding_audio_openl3_we,0.24312125866960524
marl_openl3_issues,marl_openl3_issues.json,12,"jtcramer, justinsalamon",20,20_embedding_audio_openl3_we,0.6152454192674651
marl_openl3_issues,marl_openl3_issues.json,11,"jtcramer, justinsalamon",27,27_tensorflow_keras_tf_py,0.8476852459450513
marl_openl3_issues,marl_openl3_issues.json,10,"jtcramer, justinsalamon",17,17_memory_gpu_batch_size,1.0
marl_openl3_issues,marl_openl3_issues.json,9,"jtcramer, justinsalamon",20,20_embedding_audio_openl3_we,1.0
marl_openl3_issues,marl_openl3_issues.json,8,"jtcramer, justinsalamon",13,13_license_demo_lichess_this,0.6352591845073803
marl_openl3_issues,marl_openl3_issues.json,7,"jtcramer, justinsalamon",-1,-1_habitat_the_src_to,0.0
marl_openl3_issues,marl_openl3_issues.json,6,"jtcramer, justinsalamon",-1,-1_habitat_the_src_to,0.0
marl_openl3_issues,marl_openl3_issues.json,5,jtcramer,20,20_embedding_audio_openl3_we,0.7588303497961338
marl_openl3_issues,marl_openl3_issues.json,4,"jtcramer, justinsalamon",20,20_embedding_audio_openl3_we,0.7780485846294937
marl_openl3_issues,marl_openl3_issues.json,3,"jtcramer, justinsalamon",15,15_tensor_at_task_datarep,0.7346971133974385
marl_openl3_issues,marl_openl3_issues.json,2,"jtcramer, justinsalamon",-1,-1_habitat_the_src_to,0.0
marl_openl3_issues,marl_openl3_issues.json,1,"jtcramer, justinsalamon",20,20_embedding_audio_openl3_we,1.0
mks0601_PoseFix_RELEASE_issues,mks0601_PoseFix_RELEASE_issues.json,55,"Mercury0315, OSHMOS",-1,-1_habitat_the_src_to,0.0
mks0601_PoseFix_RELEASE_issues,mks0601_PoseFix_RELEASE_issues.json,54,zghn,27,27_tensorflow_keras_tf_py,0.9659448978101903
mks0601_PoseFix_RELEASE_issues,mks0601_PoseFix_RELEASE_issues.json,53,"mks0601, metehkaya",29,29_coco_lmdb_761_caffe,1.0
mks0601_PoseFix_RELEASE_issues,mks0601_PoseFix_RELEASE_issues.json,52,metehkaya,15,15_tensor_at_task_datarep,1.0
mks0601_PoseFix_RELEASE_issues,mks0601_PoseFix_RELEASE_issues.json,51,"mks0601, zlmlaker",46,46_pose_result_posefix_json,1.0
mks0601_PoseFix_RELEASE_issues,mks0601_PoseFix_RELEASE_issues.json,50,khanhha,-1,-1_habitat_the_src_to,0.0
mks0601_PoseFix_RELEASE_issues,mks0601_PoseFix_RELEASE_issues.json,49,"mks0601, khanhha",-1,-1_habitat_the_src_to,0.0
mks0601_PoseFix_RELEASE_issues,mks0601_PoseFix_RELEASE_issues.json,48,"mks0601, khanhha",7,7_the_layer_loss_pytorch,0.6501303562625895
mks0601_PoseFix_RELEASE_issues,mks0601_PoseFix_RELEASE_issues.json,47,"mks0601, zghn, khanhha",52,52_time_mxnet_training_you,1.0
mks0601_PoseFix_RELEASE_issues,mks0601_PoseFix_RELEASE_issues.json,46,"mks0601, daun-io",6,6_trained_model_pretrained_you,1.0
mks0601_PoseFix_RELEASE_issues,mks0601_PoseFix_RELEASE_issues.json,45,"mks0601, khanhha",-1,-1_habitat_the_src_to,0.0
mks0601_PoseFix_RELEASE_issues,mks0601_PoseFix_RELEASE_issues.json,44,"mks0601, wangdong0556, metehkaya",46,46_pose_result_posefix_json,1.0
mks0601_PoseFix_RELEASE_issues,mks0601_PoseFix_RELEASE_issues.json,43,douyh,17,17_memory_gpu_batch_size,1.0
mks0601_PoseFix_RELEASE_issues,mks0601_PoseFix_RELEASE_issues.json,42,"mks0601, Ashwin-Ramesh2607",9,9_zhec_person_the_coco,0.5988560518682984
mks0601_PoseFix_RELEASE_issues,mks0601_PoseFix_RELEASE_issues.json,41,"mks0601, athulvingt",-1,-1_habitat_the_src_to,0.0
mks0601_PoseFix_RELEASE_issues,mks0601_PoseFix_RELEASE_issues.json,40,"mks0601, Lixiuxiu2020",-1,-1_habitat_the_src_to,0.0
mks0601_PoseFix_RELEASE_issues,mks0601_PoseFix_RELEASE_issues.json,39,"mks0601, snitchjinx, hosnasattar",46,46_pose_result_posefix_json,1.0
mks0601_PoseFix_RELEASE_issues,mks0601_PoseFix_RELEASE_issues.json,38,"mks0601, pigubaoza",52,52_time_mxnet_training_you,1.0
mks0601_PoseFix_RELEASE_issues,mks0601_PoseFix_RELEASE_issues.json,37,"mks0601, 965556810",-1,-1_habitat_the_src_to,0.0
mks0601_PoseFix_RELEASE_issues,mks0601_PoseFix_RELEASE_issues.json,36,"mks0601, lxy5513, ZHyuwind",-1,-1_habitat_the_src_to,0.0
mks0601_PoseFix_RELEASE_issues,mks0601_PoseFix_RELEASE_issues.json,35,"mks0601, henbucuoshanghai",-1,-1_habitat_the_src_to,0.0
mks0601_PoseFix_RELEASE_issues,mks0601_PoseFix_RELEASE_issues.json,34,"mks0601, hbin-ac",-1,-1_habitat_the_src_to,0.0
mks0601_PoseFix_RELEASE_issues,mks0601_PoseFix_RELEASE_issues.json,33,"carlottaruppert, mks0601",46,46_pose_result_posefix_json,1.0
mks0601_PoseFix_RELEASE_issues,mks0601_PoseFix_RELEASE_issues.json,32,"mks0601, QuYJLeo",-1,-1_habitat_the_src_to,0.0
mks0601_PoseFix_RELEASE_issues,mks0601_PoseFix_RELEASE_issues.json,31,"mks0601, bo-jia",-1,-1_habitat_the_src_to,0.0
mks0601_PoseFix_RELEASE_issues,mks0601_PoseFix_RELEASE_issues.json,30,"mks0601, HuangJunJie2017",-1,-1_habitat_the_src_to,0.0
mks0601_PoseFix_RELEASE_issues,mks0601_PoseFix_RELEASE_issues.json,29,"mks0601, henbucuoshanghai, Lixiuxiu2020",-1,-1_habitat_the_src_to,0.0
mks0601_PoseFix_RELEASE_issues,mks0601_PoseFix_RELEASE_issues.json,28,"mks0601, ghost",7,7_the_layer_loss_pytorch,0.722516767459794
mks0601_PoseFix_RELEASE_issues,mks0601_PoseFix_RELEASE_issues.json,27,"mks0601, HuangJunJie2017",-1,-1_habitat_the_src_to,0.0
mks0601_PoseFix_RELEASE_issues,mks0601_PoseFix_RELEASE_issues.json,26,"mks0601, zby-github",25,25_h5py_self_py_keras,0.9947197361652579
mks0601_PoseFix_RELEASE_issues,mks0601_PoseFix_RELEASE_issues.json,25,mc261670164,46,46_pose_result_posefix_json,1.0
mks0601_PoseFix_RELEASE_issues,mks0601_PoseFix_RELEASE_issues.json,24,"mks0601, ankitsharma07",29,29_coco_lmdb_761_caffe,1.0
mks0601_PoseFix_RELEASE_issues,mks0601_PoseFix_RELEASE_issues.json,23,"mks0601, HeathHose",46,46_pose_result_posefix_json,0.8604524145827362
mks0601_PoseFix_RELEASE_issues,mks0601_PoseFix_RELEASE_issues.json,22,gongzaizhou,-1,-1_habitat_the_src_to,0.0
mks0601_PoseFix_RELEASE_issues,mks0601_PoseFix_RELEASE_issues.json,21,"mks0601, gongzaizhou, ankitsharma07",46,46_pose_result_posefix_json,1.0
mks0601_PoseFix_RELEASE_issues,mks0601_PoseFix_RELEASE_issues.json,20,"mks0601, gongzaizhou",6,6_trained_model_pretrained_you,0.610501624268312
mks0601_PoseFix_RELEASE_issues,mks0601_PoseFix_RELEASE_issues.json,19,"mks0601, ustcjinggg",-1,-1_habitat_the_src_to,0.0
mks0601_PoseFix_RELEASE_issues,mks0601_PoseFix_RELEASE_issues.json,18,"mks0601, ustcjinggg",-1,-1_habitat_the_src_to,0.0
mks0601_PoseFix_RELEASE_issues,mks0601_PoseFix_RELEASE_issues.json,17,"mks0601, lululalamm",46,46_pose_result_posefix_json,1.0
mks0601_PoseFix_RELEASE_issues,mks0601_PoseFix_RELEASE_issues.json,16,"thancaocuong, mks0601",-1,-1_habitat_the_src_to,0.0
mks0601_PoseFix_RELEASE_issues,mks0601_PoseFix_RELEASE_issues.json,15,"mks0601, ustcjinggg",-1,-1_habitat_the_src_to,0.0
mks0601_PoseFix_RELEASE_issues,mks0601_PoseFix_RELEASE_issues.json,14,zhyujing,-1,-1_habitat_the_src_to,0.0
mks0601_PoseFix_RELEASE_issues,mks0601_PoseFix_RELEASE_issues.json,13,"AnasArram, mks0601, gongzaizhou, QuYJLeo, 2429581027",25,25_h5py_self_py_keras,0.8890098277584354
mks0601_PoseFix_RELEASE_issues,mks0601_PoseFix_RELEASE_issues.json,12,"mks0601, 571502680, HuangJunJie2017",42,42_acc_val_epoch_loss,1.0
mks0601_PoseFix_RELEASE_issues,mks0601_PoseFix_RELEASE_issues.json,11,"mks0601, pzn666",-1,-1_habitat_the_src_to,0.0
mks0601_PoseFix_RELEASE_issues,mks0601_PoseFix_RELEASE_issues.json,10,"mks0601, KevinJeon",46,46_pose_result_posefix_json,1.0
mks0601_PoseFix_RELEASE_issues,mks0601_PoseFix_RELEASE_issues.json,9,"mks0601, AnasArram",46,46_pose_result_posefix_json,1.0
mks0601_PoseFix_RELEASE_issues,mks0601_PoseFix_RELEASE_issues.json,8,"mks0601, BruceLeeeee, coordxyz",29,29_coco_lmdb_761_caffe,0.9765286200671767
mks0601_PoseFix_RELEASE_issues,mks0601_PoseFix_RELEASE_issues.json,7,"mks0601, hellojialee",-1,-1_habitat_the_src_to,0.0
mks0601_PoseFix_RELEASE_issues,mks0601_PoseFix_RELEASE_issues.json,6,"mks0601, tianjiahao, YuhaoCheng",46,46_pose_result_posefix_json,0.9490368911010724
mks0601_PoseFix_RELEASE_issues,mks0601_PoseFix_RELEASE_issues.json,5,"mks0601, YuhaoCheng",46,46_pose_result_posefix_json,1.0
mks0601_PoseFix_RELEASE_issues,mks0601_PoseFix_RELEASE_issues.json,4,"mks0601, tianjiahao, wonju2lee",-1,-1_habitat_the_src_to,0.0
mks0601_PoseFix_RELEASE_issues,mks0601_PoseFix_RELEASE_issues.json,3,"ZhongXiaoFang, mks0601",-1,-1_habitat_the_src_to,0.0
mks0601_PoseFix_RELEASE_issues,mks0601_PoseFix_RELEASE_issues.json,2,"mks0601, dragonbook",9,9_zhec_person_the_coco,0.6333800781083601
mks0601_PoseFix_RELEASE_issues,mks0601_PoseFix_RELEASE_issues.json,1,"mks0601, murdockhou",6,6_trained_model_pretrained_you,1.0
MLEnthusiast_MHCLN_issues,MLEnthusiast_MHCLN_issues.json,6,zmmdeid,49,49_tdh_mytest_kel_ternary,0.619699023214511
MLEnthusiast_MHCLN_issues,MLEnthusiast_MHCLN_issues.json,5,"MLEnthusiast, cxy0616",-1,-1_habitat_the_src_to,0.0
MLEnthusiast_MHCLN_issues,MLEnthusiast_MHCLN_issues.json,4,"ximi2018, MLEnthusiast",6,6_trained_model_pretrained_you,0.9036074903339855
MLEnthusiast_MHCLN_issues,MLEnthusiast_MHCLN_issues.json,3,"ximi2018, world2025",6,6_trained_model_pretrained_you,0.7796472260228366
MLEnthusiast_MHCLN_issues,MLEnthusiast_MHCLN_issues.json,2,world2025,6,6_trained_model_pretrained_you,0.8199200842022819
MLEnthusiast_MHCLN_issues,MLEnthusiast_MHCLN_issues.json,1,"Zhangxintong007, MLEnthusiast",16,16_l2_mult_param_bottom,0.7442208721494415
NCBI-Hackathons_Semantic-search-log-analysis-pipeline_issues,NCBI-Hackathons_Semantic-search-log-analysis-pipeline_issues.json,1,wendlingd,13,13_license_demo_lichess_this,0.6780280813087362
neo-ai_neo-ai-dlr_issues,neo-ai_neo-ai-dlr_issues.json,457,sreenivasanm6,12,12_dlr_tvm_neo_ai,0.5187197580625953
neo-ai_neo-ai-dlr_issues,neo-ai_neo-ai-dlr_issues.json,451,HamzaBenHaj,12,12_dlr_tvm_neo_ai,0.1977847558769651
neo-ai_neo-ai-dlr_issues,neo-ai_neo-ai-dlr_issues.json,450,blackrez,12,12_dlr_tvm_neo_ai,0.7741483485378061
neo-ai_neo-ai-dlr_issues,neo-ai_neo-ai-dlr_issues.json,447,michaelhagel,12,12_dlr_tvm_neo_ai,0.14523894302172527
neo-ai_neo-ai-dlr_issues,neo-ai_neo-ai-dlr_issues.json,444,tcostigl,12,12_dlr_tvm_neo_ai,0.2841927331391191
neo-ai_neo-ai-dlr_issues,neo-ai_neo-ai-dlr_issues.json,440,"apivovarov, silver2row",53,53_dlr_tvm_runtime_neo,1.0
neo-ai_neo-ai-dlr_issues,neo-ai_neo-ai-dlr_issues.json,423,elsampsa,47,47_whu_apps_00000000_00,0.7823729483256409
neo-ai_neo-ai-dlr_issues,neo-ai_neo-ai-dlr_issues.json,411,"mycpuorg, ghost",12,12_dlr_tvm_neo_ai,0.4663348305901132
neo-ai_neo-ai-dlr_issues,neo-ai_neo-ai-dlr_issues.json,409,"mycpuorg, apivovarov",12,12_dlr_tvm_neo_ai,0.5357063641614257
neo-ai_neo-ai-dlr_issues,neo-ai_neo-ai-dlr_issues.json,385,"mycpuorg, apivovarov",12,12_dlr_tvm_neo_ai,0.39141908419840266
neo-ai_neo-ai-dlr_issues,neo-ai_neo-ai-dlr_issues.json,384,kumardesappan,-1,-1_habitat_the_src_to,0.0
neo-ai_neo-ai-dlr_issues,neo-ai_neo-ai-dlr_issues.json,383,YROH-uni,7,7_the_layer_loss_pytorch,0.8722530809411488
neo-ai_neo-ai-dlr_issues,neo-ai_neo-ai-dlr_issues.json,376,YROH-uni,12,12_dlr_tvm_neo_ai,0.5903817539938288
neo-ai_neo-ai-dlr_issues,neo-ai_neo-ai-dlr_issues.json,373,"zeesee, kro529",12,12_dlr_tvm_neo_ai,0.4034384143323774
neo-ai_neo-ai-dlr_issues,neo-ai_neo-ai-dlr_issues.json,370,jasaw,12,12_dlr_tvm_neo_ai,0.27482886038681453
neo-ai_neo-ai-dlr_issues,neo-ai_neo-ai-dlr_issues.json,343,shadimari,-1,-1_habitat_the_src_to,0.0
neo-ai_neo-ai-dlr_issues,neo-ai_neo-ai-dlr_issues.json,342,apivovarov,-1,-1_habitat_the_src_to,0.0
neo-ai_neo-ai-dlr_issues,neo-ai_neo-ai-dlr_issues.json,331,nwils,12,12_dlr_tvm_neo_ai,0.30426899446465744
neo-ai_neo-ai-dlr_issues,neo-ai_neo-ai-dlr_issues.json,327,anubhav1,12,12_dlr_tvm_neo_ai,0.2714549742286812
neo-ai_neo-ai-dlr_issues,neo-ai_neo-ai-dlr_issues.json,319,"TusharKanekiDey, saranyailla",12,12_dlr_tvm_neo_ai,0.19709903914767854
neo-ai_neo-ai-dlr_issues,neo-ai_neo-ai-dlr_issues.json,318,"nwils, mycpuorg, trevor-m",12,12_dlr_tvm_neo_ai,0.2805806112097345
neo-ai_neo-ai-dlr_issues,neo-ai_neo-ai-dlr_issues.json,315,rpcme,-1,-1_habitat_the_src_to,0.0
neo-ai_neo-ai-dlr_issues,neo-ai_neo-ai-dlr_issues.json,314,rpcme,-1,-1_habitat_the_src_to,0.0
neo-ai_neo-ai-dlr_issues,neo-ai_neo-ai-dlr_issues.json,306,apivovarov,12,12_dlr_tvm_neo_ai,0.16067468174979474
neo-ai_neo-ai-dlr_issues,neo-ai_neo-ai-dlr_issues.json,305,"TusharKanekiDey, alexgorb2016",13,13_license_demo_lichess_this,0.6097596785770227
neo-ai_neo-ai-dlr_issues,neo-ai_neo-ai-dlr_issues.json,300,AmbaMonicaYang,12,12_dlr_tvm_neo_ai,0.1764894188489456
neo-ai_neo-ai-dlr_issues,neo-ai_neo-ai-dlr_issues.json,299,apivovarov,12,12_dlr_tvm_neo_ai,1.0
neo-ai_neo-ai-dlr_issues,neo-ai_neo-ai-dlr_issues.json,296,kevinthesun,12,12_dlr_tvm_neo_ai,0.1812289368479806
neo-ai_neo-ai-dlr_issues,neo-ai_neo-ai-dlr_issues.json,293,saranyailla,12,12_dlr_tvm_neo_ai,0.37847137836276257
neo-ai_neo-ai-dlr_issues,neo-ai_neo-ai-dlr_issues.json,289,apivovarov,-1,-1_habitat_the_src_to,0.0
neo-ai_neo-ai-dlr_issues,neo-ai_neo-ai-dlr_issues.json,288,kkoppolu1,12,12_dlr_tvm_neo_ai,0.16595597948762195
neo-ai_neo-ai-dlr_issues,neo-ai_neo-ai-dlr_issues.json,287,"trevor-m, YingUK",12,12_dlr_tvm_neo_ai,1.0
neo-ai_neo-ai-dlr_issues,neo-ai_neo-ai-dlr_issues.json,286,trevor-m,12,12_dlr_tvm_neo_ai,0.16945722926211113
neo-ai_neo-ai-dlr_issues,neo-ai_neo-ai-dlr_issues.json,280,trevor-m,12,12_dlr_tvm_neo_ai,0.23137146399987366
neo-ai_neo-ai-dlr_issues,neo-ai_neo-ai-dlr_issues.json,277,"dougkelly, trevor-m, saranyailla",12,12_dlr_tvm_neo_ai,1.0
neo-ai_neo-ai-dlr_issues,neo-ai_neo-ai-dlr_issues.json,275,stu1130,12,12_dlr_tvm_neo_ai,0.2033224081736015
neo-ai_neo-ai-dlr_issues,neo-ai_neo-ai-dlr_issues.json,261,"trevor-m, saranyailla",53,53_dlr_tvm_runtime_neo,1.0
neo-ai_neo-ai-dlr_issues,neo-ai_neo-ai-dlr_issues.json,251,"apivovarov, trevor-m, lokeshgupta1975, cnv1989",53,53_dlr_tvm_runtime_neo,1.0
neo-ai_neo-ai-dlr_issues,neo-ai_neo-ai-dlr_issues.json,243,kunupat,12,12_dlr_tvm_neo_ai,0.17617806384225015
neo-ai_neo-ai-dlr_issues,neo-ai_neo-ai-dlr_issues.json,233,"nwils, trevor-m",12,12_dlr_tvm_neo_ai,0.21860519902821382
neo-ai_neo-ai-dlr_issues,neo-ai_neo-ai-dlr_issues.json,232,vizero1,12,12_dlr_tvm_neo_ai,1.0
neo-ai_neo-ai-dlr_issues,neo-ai_neo-ai-dlr_issues.json,231,"vadim-SX, trevor-m",12,12_dlr_tvm_neo_ai,0.49561977883009856
neo-ai_neo-ai-dlr_issues,neo-ai_neo-ai-dlr_issues.json,230,"denisyuji, trevor-m",12,12_dlr_tvm_neo_ai,0.29121470321552917
neo-ai_neo-ai-dlr_issues,neo-ai_neo-ai-dlr_issues.json,220,"vizero1, trevor-m",12,12_dlr_tvm_neo_ai,0.39804400736445256
neo-ai_neo-ai-dlr_issues,neo-ai_neo-ai-dlr_issues.json,215,"eddywart, trevor-m",12,12_dlr_tvm_neo_ai,1.0
neo-ai_neo-ai-dlr_issues,neo-ai_neo-ai-dlr_issues.json,208,"trevor-m, teuteuguy",-1,-1_habitat_the_src_to,0.0
neo-ai_neo-ai-dlr_issues,neo-ai_neo-ai-dlr_issues.json,201,"stevenpandiri, TylerADavis",12,12_dlr_tvm_neo_ai,0.9276980662501642
neo-ai_neo-ai-dlr_issues,neo-ai_neo-ai-dlr_issues.json,190,"nabulsi, apivovarov, ashsyal, teuteuguy",12,12_dlr_tvm_neo_ai,1.0
neo-ai_neo-ai-dlr_issues,neo-ai_neo-ai-dlr_issues.json,184,"samskalicky, gillouche",12,12_dlr_tvm_neo_ai,1.0
neo-ai_neo-ai-dlr_issues,neo-ai_neo-ai-dlr_issues.json,175,"hasanp87, saranyailla, kkwan-sme",7,7_the_layer_loss_pytorch,0.8516060484282024
neo-ai_neo-ai-dlr_issues,neo-ai_neo-ai-dlr_issues.json,173,"vadimAnyVision, trevor-m",12,12_dlr_tvm_neo_ai,0.6871453900417535
neo-ai_neo-ai-dlr_issues,neo-ai_neo-ai-dlr_issues.json,170,"trevor-m, alexv-anyvision",12,12_dlr_tvm_neo_ai,0.35494327575325446
neo-ai_neo-ai-dlr_issues,neo-ai_neo-ai-dlr_issues.json,155,"apivovarov, hurricane013",12,12_dlr_tvm_neo_ai,0.2804650709337933
neo-ai_neo-ai-dlr_issues,neo-ai_neo-ai-dlr_issues.json,151,"kepler62f, saranyailla",12,12_dlr_tvm_neo_ai,1.0
neo-ai_neo-ai-dlr_issues,neo-ai_neo-ai-dlr_issues.json,143,"wiamadaya, apivovarov",-1,-1_habitat_the_src_to,0.0
neo-ai_neo-ai-dlr_issues,neo-ai_neo-ai-dlr_issues.json,121,apivovarov,12,12_dlr_tvm_neo_ai,0.1419967338698992
neo-ai_neo-ai-dlr_issues,neo-ai_neo-ai-dlr_issues.json,120,"ziyu-guo, apivovarov",12,12_dlr_tvm_neo_ai,0.37447030897794426
neo-ai_neo-ai-dlr_issues,neo-ai_neo-ai-dlr_issues.json,107,ek9852,53,53_dlr_tvm_runtime_neo,1.0
neo-ai_neo-ai-dlr_issues,neo-ai_neo-ai-dlr_issues.json,104,"ymwangg, zhiics, hcho3",-1,-1_habitat_the_src_to,0.0
neo-ai_neo-ai-dlr_issues,neo-ai_neo-ai-dlr_issues.json,94,"rymoore, hcho3",12,12_dlr_tvm_neo_ai,0.6468499076207016
neo-ai_neo-ai-dlr_issues,neo-ai_neo-ai-dlr_issues.json,74,"AiprNick, teuteuguy, hcho3",12,12_dlr_tvm_neo_ai,0.7377127326912202
neo-ai_neo-ai-dlr_issues,neo-ai_neo-ai-dlr_issues.json,73,"uday1994, nwils, yongwww, Least1924, apivovarov",12,12_dlr_tvm_neo_ai,0.19636443643955617
neo-ai_neo-ai-dlr_issues,neo-ai_neo-ai-dlr_issues.json,72,markrogersjr,12,12_dlr_tvm_neo_ai,0.8781438388157196
neo-ai_neo-ai-dlr_issues,neo-ai_neo-ai-dlr_issues.json,69,"wmlba, hcho3",-1,-1_habitat_the_src_to,0.0
neo-ai_neo-ai-dlr_issues,neo-ai_neo-ai-dlr_issues.json,68,"hcho3, jwpwhite",12,12_dlr_tvm_neo_ai,0.24297991084382048
neo-ai_neo-ai-dlr_issues,neo-ai_neo-ai-dlr_issues.json,61,ziyu-guo,12,12_dlr_tvm_neo_ai,0.3366540144963575
neo-ai_neo-ai-dlr_issues,neo-ai_neo-ai-dlr_issues.json,60,ziyu-guo,12,12_dlr_tvm_neo_ai,0.23365253766839383
neo-ai_neo-ai-dlr_issues,neo-ai_neo-ai-dlr_issues.json,46,"ziyu-guo, yongwww, apivovarov, zhiics",12,12_dlr_tvm_neo_ai,0.16768015937084044
neo-ai_neo-ai-dlr_issues,neo-ai_neo-ai-dlr_issues.json,43,hcho3,0,0_model_modelmanager_serving_server,0.9655260533044423
neo-ai_neo-ai-dlr_issues,neo-ai_neo-ai-dlr_issues.json,34,"brightsparc, ziyu-guo, hcho3",12,12_dlr_tvm_neo_ai,1.0
neo-ai_neo-ai-dlr_issues,neo-ai_neo-ai-dlr_issues.json,33,"hcho3, phmagic",53,53_dlr_tvm_runtime_neo,1.0
neo-ai_neo-ai-dlr_issues,neo-ai_neo-ai-dlr_issues.json,29,"ziyu-guo, amrragab8080",-1,-1_habitat_the_src_to,0.0
neo-ai_neo-ai-dlr_issues,neo-ai_neo-ai-dlr_issues.json,24,"wweic, fast4break, haojin2",12,12_dlr_tvm_neo_ai,0.2132529945126082
neo-ai_neo-ai-dlr_issues,neo-ai_neo-ai-dlr_issues.json,20,"ziyu-guo, xiaofengren",12,12_dlr_tvm_neo_ai,0.1496623634850631
neo-ai_neo-ai-dlr_issues,neo-ai_neo-ai-dlr_issues.json,16,"ziyu-guo, rdivyashree1995",12,12_dlr_tvm_neo_ai,1.0
neo-ai_neo-ai-dlr_issues,neo-ai_neo-ai-dlr_issues.json,10,"zubairahmed-ai, hcho3",53,53_dlr_tvm_runtime_neo,1.0
neo-ai_neo-ai-dlr_issues,neo-ai_neo-ai-dlr_issues.json,9,"ziyu-guo, wweic",-1,-1_habitat_the_src_to,0.0
neo-ai_neo-ai-dlr_issues,neo-ai_neo-ai-dlr_issues.json,4,"wweic, LeoYML",17,17_memory_gpu_batch_size,1.0
neo-ai_neo-ai-dlr_issues,neo-ai_neo-ai-dlr_issues.json,3,"zubairahmed-ai, wweic",-1,-1_habitat_the_src_to,0.0
neo-ai_neo-ai-dlr_issues,neo-ai_neo-ai-dlr_issues.json,2,"zubairahmed-ai, ziyu-guo, knjwhn",53,53_dlr_tvm_runtime_neo,1.0
neo-ai_neo-ai-dlr_issues,neo-ai_neo-ai-dlr_issues.json,1,"ziyu-guo, zhiics, xiaofengren",53,53_dlr_tvm_runtime_neo,1.0
nikicc_twitter-emotion-recognition_issues,nikicc_twitter-emotion-recognition_issues.json,37,"ccjustin, nikicc",15,15_tensor_at_task_datarep,0.9678267063016137
nikicc_twitter-emotion-recognition_issues,nikicc_twitter-emotion-recognition_issues.json,36,"maciejskorski, nikicc",-1,-1_habitat_the_src_to,0.0
nikicc_twitter-emotion-recognition_issues,nikicc_twitter-emotion-recognition_issues.json,34,"RakeshPardeshi, SemouleSombre, nikicc",25,25_h5py_self_py_keras,1.0
nikicc_twitter-emotion-recognition_issues,nikicc_twitter-emotion-recognition_issues.json,33,"nicoosynth, nikicc",15,15_tensor_at_task_datarep,1.0
nikicc_twitter-emotion-recognition_issues,nikicc_twitter-emotion-recognition_issues.json,31,"BrittaRude, nikicc",15,15_tensor_at_task_datarep,1.0
nikicc_twitter-emotion-recognition_issues,nikicc_twitter-emotion-recognition_issues.json,30,"wselina, mareloraby, nikicc",25,25_h5py_self_py_keras,0.8887550599293458
nikicc_twitter-emotion-recognition_issues,nikicc_twitter-emotion-recognition_issues.json,29,"xfgavin, nikicc",-1,-1_habitat_the_src_to,0.0
nikicc_twitter-emotion-recognition_issues,nikicc_twitter-emotion-recognition_issues.json,28,"ArkajyotiChakraborty, assemzh, inder9999, davideiov, enfeizhan, nikicc",25,25_h5py_self_py_keras,0.9396429627669481
nikicc_twitter-emotion-recognition_issues,nikicc_twitter-emotion-recognition_issues.json,27,"BingyiWu1990, nikicc",25,25_h5py_self_py_keras,0.8149076156873257
nikicc_twitter-emotion-recognition_issues,nikicc_twitter-emotion-recognition_issues.json,25,"Ashwinneogi, nikicc",-1,-1_habitat_the_src_to,0.0
nikicc_twitter-emotion-recognition_issues,nikicc_twitter-emotion-recognition_issues.json,22,"HarrisonLL, slankas, nikicc",27,27_tensorflow_keras_tf_py,1.0
nikicc_twitter-emotion-recognition_issues,nikicc_twitter-emotion-recognition_issues.json,21,"giulianoformisano, nikicc",25,25_h5py_self_py_keras,0.8156651843222832
nikicc_twitter-emotion-recognition_issues,nikicc_twitter-emotion-recognition_issues.json,20,"Akshar-code, nikicc",-1,-1_habitat_the_src_to,0.0
nikicc_twitter-emotion-recognition_issues,nikicc_twitter-emotion-recognition_issues.json,19,"nikicc, jojo101793",25,25_h5py_self_py_keras,0.9270460278363669
nikicc_twitter-emotion-recognition_issues,nikicc_twitter-emotion-recognition_issues.json,18,"khairiyah98, nikicc",16,16_l2_mult_param_bottom,0.9454282256254983
nikicc_twitter-emotion-recognition_issues,nikicc_twitter-emotion-recognition_issues.json,17,"Akshar-code, nikicc",-1,-1_habitat_the_src_to,0.0
nikicc_twitter-emotion-recognition_issues,nikicc_twitter-emotion-recognition_issues.json,16,"Altimis, nikicc",-1,-1_habitat_the_src_to,0.0
nikicc_twitter-emotion-recognition_issues,nikicc_twitter-emotion-recognition_issues.json,15,"khairiyah98, Akshar-code, nikicc",-1,-1_habitat_the_src_to,0.0
nikicc_twitter-emotion-recognition_issues,nikicc_twitter-emotion-recognition_issues.json,14,nikicc,15,15_tensor_at_task_datarep,0.8178464008541231
nikicc_twitter-emotion-recognition_issues,nikicc_twitter-emotion-recognition_issues.json,13,"AmanKabra, nikicc",-1,-1_habitat_the_src_to,0.0
nikicc_twitter-emotion-recognition_issues,nikicc_twitter-emotion-recognition_issues.json,10,"liusong299, nikicc",-1,-1_habitat_the_src_to,0.0
nikicc_twitter-emotion-recognition_issues,nikicc_twitter-emotion-recognition_issues.json,9,"Sali4faizi, nikicc",25,25_h5py_self_py_keras,0.8156651843222832
nikicc_twitter-emotion-recognition_issues,nikicc_twitter-emotion-recognition_issues.json,8,"t855001, nikicc",-1,-1_habitat_the_src_to,0.0
nikicc_twitter-emotion-recognition_issues,nikicc_twitter-emotion-recognition_issues.json,7,"TTTJJJWWW, nikicc",-1,-1_habitat_the_src_to,0.0
nikicc_twitter-emotion-recognition_issues,nikicc_twitter-emotion-recognition_issues.json,6,"grafixoner, alanj250, lcarnevale, polsci, akarsh30, willyjospel, nebupulickal, sabidhasan, nikicc",27,27_tensorflow_keras_tf_py,0.9203562237751494
nikicc_twitter-emotion-recognition_issues,nikicc_twitter-emotion-recognition_issues.json,5,"faizankhan29, basitanwer, nikicc, SidShenoy",-1,-1_habitat_the_src_to,0.0
nikicc_twitter-emotion-recognition_issues,nikicc_twitter-emotion-recognition_issues.json,4,"dharathakkar5, nikicc",6,6_trained_model_pretrained_you,1.0
nikicc_twitter-emotion-recognition_issues,nikicc_twitter-emotion-recognition_issues.json,3,"jhaozz, SidShenoy, ShreyaKhare, ghost, venkatshan707, nikicc",-1,-1_habitat_the_src_to,0.0
nikicc_twitter-emotion-recognition_issues,nikicc_twitter-emotion-recognition_issues.json,2,"vchouksey, nikicc",6,6_trained_model_pretrained_you,1.0
nikicc_twitter-emotion-recognition_issues,nikicc_twitter-emotion-recognition_issues.json,1,"vchouksey, VinodPathak, nikicc",25,25_h5py_self_py_keras,0.8667665033430232
nsavinov_SPTM_issues,nsavinov_SPTM_issues.json,2,BUPT-zeld151,-1,-1_habitat_the_src_to,0.0
nsavinov_SPTM_issues,nsavinov_SPTM_issues.json,1,"nsavinov, Kyridiculous2",-1,-1_habitat_the_src_to,0.0
Oslandia_osm-data-classification_issues,Oslandia_osm-data-classification_issues.json,9,garaud,13,13_license_demo_lichess_this,0.6352591845073803
Oslandia_osm-data-classification_issues,Oslandia_osm-data-classification_issues.json,8,"ktjaco, garaud",13,13_license_demo_lichess_this,0.5616768636526603
Oslandia_osm-data-classification_issues,Oslandia_osm-data-classification_issues.json,7,delhomer,-1,-1_habitat_the_src_to,0.0
Oslandia_osm-data-classification_issues,Oslandia_osm-data-classification_issues.json,4,delhomer,13,13_license_demo_lichess_this,0.4976275555303894
Oslandia_osm-data-classification_issues,Oslandia_osm-data-classification_issues.json,2,"delhomer, gangothri1329",15,15_tensor_at_task_datarep,0.7178989292216508
Oslandia_osm-data-classification_issues,Oslandia_osm-data-classification_issues.json,1,"ktjaco, delhomer",15,15_tensor_at_task_datarep,0.7178262638158317
paulfitz_mlsql_issues,paulfitz_mlsql_issues.json,18,papsipublic,51,51_sqlova_csv_sql_5050,1.0
paulfitz_mlsql_issues,paulfitz_mlsql_issues.json,15,"paulfitz, guptalalit",51,51_sqlova_csv_sql_5050,0.913243012230974
paulfitz_mlsql_issues,paulfitz_mlsql_issues.json,14,"shambhaviparashar, paulfitz",51,51_sqlova_csv_sql_5050,1.0
paulfitz_mlsql_issues,paulfitz_mlsql_issues.json,13,"shambhaviparashar, paulfitz",-1,-1_habitat_the_src_to,0.0
paulfitz_mlsql_issues,paulfitz_mlsql_issues.json,12,"paulfitz, g1644222",51,51_sqlova_csv_sql_5050,1.0
paulfitz_mlsql_issues,paulfitz_mlsql_issues.json,11,"Bill-ai, paulfitz",51,51_sqlova_csv_sql_5050,1.0
paulfitz_mlsql_issues,paulfitz_mlsql_issues.json,10,"Bill-ai, gdgovinddaga6, paulfitz",51,51_sqlova_csv_sql_5050,1.0
paulfitz_mlsql_issues,paulfitz_mlsql_issues.json,9,"paulfitz, gdgovinddaga6",51,51_sqlova_csv_sql_5050,1.0
paulfitz_mlsql_issues,paulfitz_mlsql_issues.json,8,"paulfitz, g1644222, Bill-ai",51,51_sqlova_csv_sql_5050,1.0
paulfitz_mlsql_issues,paulfitz_mlsql_issues.json,7,"paulfitz, chenxingqiang",14,14_xmnlp_checker_seanlee97_seg,1.0
paulfitz_mlsql_issues,paulfitz_mlsql_issues.json,6,"paulfitz, Priyanka11196",51,51_sqlova_csv_sql_5050,1.0
paulfitz_mlsql_issues,paulfitz_mlsql_issues.json,4,"paulfitz, sravaniprakash9",51,51_sqlova_csv_sql_5050,1.0
paulfitz_mlsql_issues,paulfitz_mlsql_issues.json,3,"paulfitz, guotong1988",51,51_sqlova_csv_sql_5050,1.0
paulfitz_mlsql_issues,paulfitz_mlsql_issues.json,2,"paulfitz, guotong1988",6,6_trained_model_pretrained_you,0.8773865347250055
paulfitz_mlsql_issues,paulfitz_mlsql_issues.json,1,"gauravgola96, paulfitz",-1,-1_habitat_the_src_to,0.0
phillipi_pix2pix_issues,phillipi_pix2pix_issues.json,229,evil-pechenka,13,13_license_demo_lichess_this,0.5240680317565879
phillipi_pix2pix_issues,phillipi_pix2pix_issues.json,228,roshan2024nar,41,41_td_tr_niy_microic,1.0
phillipi_pix2pix_issues,phillipi_pix2pix_issues.json,227,alishibli97,-1,-1_habitat_the_src_to,0.0
phillipi_pix2pix_issues,phillipi_pix2pix_issues.json,226,"runboy, ALISAXXW",47,47_whu_apps_00000000_00,1.0
phillipi_pix2pix_issues,phillipi_pix2pix_issues.json,225,"ALISAXXW, yagobilel",-1,-1_habitat_the_src_to,0.0
phillipi_pix2pix_issues,phillipi_pix2pix_issues.json,224,"Vinitrajputt, lucydjo",41,41_td_tr_niy_microic,1.0
phillipi_pix2pix_issues,phillipi_pix2pix_issues.json,223,shanmugad,-1,-1_habitat_the_src_to,0.0
phillipi_pix2pix_issues,phillipi_pix2pix_issues.json,222,"zhangdan8962, ALISAXXW, sahasraa",-1,-1_habitat_the_src_to,0.0
phillipi_pix2pix_issues,phillipi_pix2pix_issues.json,221,"1033216625, kaia-li, ALISAXXW",41,41_td_tr_niy_microic,1.0
phillipi_pix2pix_issues,phillipi_pix2pix_issues.json,220,MushroomFleet,41,41_td_tr_niy_microic,1.0
phillipi_pix2pix_issues,phillipi_pix2pix_issues.json,219,MushroomFleet,41,41_td_tr_niy_microic,0.4009713196116445
phillipi_pix2pix_issues,phillipi_pix2pix_issues.json,218,"roshan2024nar, ALISAXXW, mohammadrezanaderi4",41,41_td_tr_niy_microic,1.0
phillipi_pix2pix_issues,phillipi_pix2pix_issues.json,217,"ShuGuoJ, ALISAXXW, phillipi",43,43_receptive_field_discriminator_size,1.0
phillipi_pix2pix_issues,phillipi_pix2pix_issues.json,216,"junyanz, ALISAXXW, r1cummings",-1,-1_habitat_the_src_to,0.0
phillipi_pix2pix_issues,phillipi_pix2pix_issues.json,215,"12138wjj, ALISAXXW",-1,-1_habitat_the_src_to,0.0
phillipi_pix2pix_issues,phillipi_pix2pix_issues.json,214,adamas-v,31,31_cityscapes_000000_iou_label,0.9343659221539562
phillipi_pix2pix_issues,phillipi_pix2pix_issues.json,213,adamas-v,31,31_cityscapes_000000_iou_label,1.0
phillipi_pix2pix_issues,phillipi_pix2pix_issues.json,212,"lkqnaruto, kravrolens",42,42_acc_val_epoch_loss,0.8832013021932582
phillipi_pix2pix_issues,phillipi_pix2pix_issues.json,211,"syz825211943, Woodyet, ALISAXXW, kravrolens",-1,-1_habitat_the_src_to,0.0
phillipi_pix2pix_issues,phillipi_pix2pix_issues.json,209,Shadow2121,-1,-1_habitat_the_src_to,0.0
phillipi_pix2pix_issues,phillipi_pix2pix_issues.json,208,turian,41,41_td_tr_niy_microic,1.0
phillipi_pix2pix_issues,phillipi_pix2pix_issues.json,207,levindabhi,41,41_td_tr_niy_microic,0.9143869514031904
phillipi_pix2pix_issues,phillipi_pix2pix_issues.json,206,chenyuege,44,44_own_dataset_images_train,1.0
phillipi_pix2pix_issues,phillipi_pix2pix_issues.json,205,4iue0,-1,-1_habitat_the_src_to,0.0
phillipi_pix2pix_issues,phillipi_pix2pix_issues.json,204,px4869,-1,-1_habitat_the_src_to,0.0
phillipi_pix2pix_issues,phillipi_pix2pix_issues.json,203,"lizijue, phillipi, thomascong121",43,43_receptive_field_discriminator_size,0.8546551280068266
phillipi_pix2pix_issues,phillipi_pix2pix_issues.json,202,"junyanz, Chanuku",16,16_l2_mult_param_bottom,1.0
phillipi_pix2pix_issues,phillipi_pix2pix_issues.json,201,Miguel594832,49,49_tdh_mytest_kel_ternary,1.0
phillipi_pix2pix_issues,phillipi_pix2pix_issues.json,200,"junyanz, lthvictor",39,39_lua_torch_thc_install,1.0
phillipi_pix2pix_issues,phillipi_pix2pix_issues.json,199,"junyanz, px4869",-1,-1_habitat_the_src_to,0.0
phillipi_pix2pix_issues,phillipi_pix2pix_issues.json,198,"px4869, phillipi",-1,-1_habitat_the_src_to,0.0
phillipi_pix2pix_issues,phillipi_pix2pix_issues.json,197,"junyanz, MoeinSorkhei",40,40_grasp_the_ggcnn_depth,0.4721858613026025
phillipi_pix2pix_issues,phillipi_pix2pix_issues.json,196,ArtScanner,49,49_tdh_mytest_kel_ternary,1.0
phillipi_pix2pix_issues,phillipi_pix2pix_issues.json,195,"ArtScanner, phillipi, MoeinSorkhei",36,36_images_ndf_the_netd,0.9372847326005121
phillipi_pix2pix_issues,phillipi_pix2pix_issues.json,194,"junyanz, abhi96624",-1,-1_habitat_the_src_to,0.0
phillipi_pix2pix_issues,phillipi_pix2pix_issues.json,193,"junyanz, kartikJ-9",30,30_training_predict_save_stop,1.0
phillipi_pix2pix_issues,phillipi_pix2pix_issues.json,192,"junyanz, aamirk5",31,31_cityscapes_000000_iou_label,0.7818735987027525
phillipi_pix2pix_issues,phillipi_pix2pix_issues.json,190,manvirvirk,44,44_own_dataset_images_train,1.0
phillipi_pix2pix_issues,phillipi_pix2pix_issues.json,188,"junyanz, Stratous",41,41_td_tr_niy_microic,1.0
phillipi_pix2pix_issues,phillipi_pix2pix_issues.json,187,"mxkai, ZhangCZhen, A-Little-Nut, junyanz, HuXiaokai12138",31,31_cityscapes_000000_iou_label,1.0
phillipi_pix2pix_issues,phillipi_pix2pix_issues.json,186,"junyanz, schrodingercatss",-1,-1_habitat_the_src_to,0.0
phillipi_pix2pix_issues,phillipi_pix2pix_issues.json,185,"junyanz, somiltg",6,6_trained_model_pretrained_you,0.6309002249834563
phillipi_pix2pix_issues,phillipi_pix2pix_issues.json,184,"mxkai, junyanz",10,10_dataset_download_datasets_you,1.0
phillipi_pix2pix_issues,phillipi_pix2pix_issues.json,183,"israrbacha, junyanz",32,32_eeg_channels_sleep_eog,0.5270442565975696
phillipi_pix2pix_issues,phillipi_pix2pix_issues.json,182,"lilyzhng, tinghuiz",31,31_cityscapes_000000_iou_label,1.0
phillipi_pix2pix_issues,phillipi_pix2pix_issues.json,181,"junyanz, redplanet543",41,41_td_tr_niy_microic,0.9139745009739438
phillipi_pix2pix_issues,phillipi_pix2pix_issues.json,180,pia,31,31_cityscapes_000000_iou_label,1.0
phillipi_pix2pix_issues,phillipi_pix2pix_issues.json,179,"junyanz, yuyifan1991",6,6_trained_model_pretrained_you,1.0
phillipi_pix2pix_issues,phillipi_pix2pix_issues.json,178,"junyanz, o0t1ng0o",-1,-1_habitat_the_src_to,0.0
phillipi_pix2pix_issues,phillipi_pix2pix_issues.json,177,"benkmoore, junyanz",39,39_lua_torch_thc_install,1.0
phillipi_pix2pix_issues,phillipi_pix2pix_issues.json,176,EmanueleGhelfi,7,7_the_layer_loss_pytorch,0.734668088351417
phillipi_pix2pix_issues,phillipi_pix2pix_issues.json,175,"junyanz, vahid0001",36,36_images_ndf_the_netd,1.0
phillipi_pix2pix_issues,phillipi_pix2pix_issues.json,174,"tinghuiz, lkiani",31,31_cityscapes_000000_iou_label,0.4593082926567342
phillipi_pix2pix_issues,phillipi_pix2pix_issues.json,173,"jafarMajidpour, junyanz",-1,-1_habitat_the_src_to,0.0
phillipi_pix2pix_issues,phillipi_pix2pix_issues.json,172,mrgloom,7,7_the_layer_loss_pytorch,0.7200006293769387
phillipi_pix2pix_issues,phillipi_pix2pix_issues.json,171,"junyanz, mrgloom",-1,-1_habitat_the_src_to,0.0
phillipi_pix2pix_issues,phillipi_pix2pix_issues.json,170,"junyanz, zhw0211",44,44_own_dataset_images_train,1.0
phillipi_pix2pix_issues,phillipi_pix2pix_issues.json,169,zhw0211,44,44_own_dataset_images_train,1.0
phillipi_pix2pix_issues,phillipi_pix2pix_issues.json,168,"junyanz, tangmin0714",-1,-1_habitat_the_src_to,0.0
phillipi_pix2pix_issues,phillipi_pix2pix_issues.json,167,justchenhao,10,10_dataset_download_datasets_you,0.2974725124883169
phillipi_pix2pix_issues,phillipi_pix2pix_issues.json,166,"junyanz, ALISAXXW, JuHyung-Son",32,32_eeg_channels_sleep_eog,0.4994633888966299
phillipi_pix2pix_issues,phillipi_pix2pix_issues.json,165,"junyanz, Rogerjak1",0,0_model_modelmanager_serving_server,0.35221231517403423
phillipi_pix2pix_issues,phillipi_pix2pix_issues.json,164,"junyanz, jiangwenjie123",-1,-1_habitat_the_src_to,0.0
phillipi_pix2pix_issues,phillipi_pix2pix_issues.json,163,"junyanz, Ricelll",31,31_cityscapes_000000_iou_label,0.49255949336912985
phillipi_pix2pix_issues,phillipi_pix2pix_issues.json,162,wl082013,31,31_cityscapes_000000_iou_label,1.0
phillipi_pix2pix_issues,phillipi_pix2pix_issues.json,161,"lx7555, ghost, lkiani",31,31_cityscapes_000000_iou_label,1.0
phillipi_pix2pix_issues,phillipi_pix2pix_issues.json,160,"junyanz, Ha0Tang",43,43_receptive_field_discriminator_size,0.899333104917913
phillipi_pix2pix_issues,phillipi_pix2pix_issues.json,159,"KaitiSt, tinghuiz, zhuolong3, junyanz, sigtot, erthher",31,31_cityscapes_000000_iou_label,0.7228407350724763
phillipi_pix2pix_issues,phillipi_pix2pix_issues.json,158,"litingfeng, ChristianEschen",43,43_receptive_field_discriminator_size,1.0
phillipi_pix2pix_issues,phillipi_pix2pix_issues.json,157,"junyanz, kex243",36,36_images_ndf_the_netd,0.8334057848043203
phillipi_pix2pix_issues,phillipi_pix2pix_issues.json,156,"junyanz, prmex900",26,26_i0906_20224_vec_07,1.0
phillipi_pix2pix_issues,phillipi_pix2pix_issues.json,155,Nikocchen,-1,-1_habitat_the_src_to,0.0
phillipi_pix2pix_issues,phillipi_pix2pix_issues.json,154,"junyanz, daaning",44,44_own_dataset_images_train,1.0
phillipi_pix2pix_issues,phillipi_pix2pix_issues.json,153,"junyanz, happsky, Bea07",39,39_lua_torch_thc_install,1.0
phillipi_pix2pix_issues,phillipi_pix2pix_issues.json,152,"junyanz, kycocotree",30,30_training_predict_save_stop,0.7554314146312364
phillipi_pix2pix_issues,phillipi_pix2pix_issues.json,151,"junyanz, senmaoy",31,31_cityscapes_000000_iou_label,0.7016606494509502
phillipi_pix2pix_issues,phillipi_pix2pix_issues.json,150,"junyanz, BlazeRedlip007",-1,-1_habitat_the_src_to,0.0
phillipi_pix2pix_issues,phillipi_pix2pix_issues.json,149,"junyanz, kaleem0002",39,39_lua_torch_thc_install,0.8347131412316923
phillipi_pix2pix_issues,phillipi_pix2pix_issues.json,148,"ErikVester, MoeinSorkhei, tinghuiz, junyanz, tychovdo",31,31_cityscapes_000000_iou_label,1.0
phillipi_pix2pix_issues,phillipi_pix2pix_issues.json,147,"junyanz, xuwh15, tinghuiz",-1,-1_habitat_the_src_to,0.0
phillipi_pix2pix_issues,phillipi_pix2pix_issues.json,146,"junyanz, ghost",7,7_the_layer_loss_pytorch,0.6729268887388213
phillipi_pix2pix_issues,phillipi_pix2pix_issues.json,145,"junyanz, lambdaofgod",-1,-1_habitat_the_src_to,0.0
phillipi_pix2pix_issues,phillipi_pix2pix_issues.json,144,"junyanz, o0t1ng0o",43,43_receptive_field_discriminator_size,0.8517191977392531
phillipi_pix2pix_issues,phillipi_pix2pix_issues.json,143,ACUPSUN,47,47_whu_apps_00000000_00,1.0
phillipi_pix2pix_issues,phillipi_pix2pix_issues.json,142,"weizequan, junyanz",-1,-1_habitat_the_src_to,0.0
phillipi_pix2pix_issues,phillipi_pix2pix_issues.json,141,"junyanz, Noah-Jrh",31,31_cityscapes_000000_iou_label,0.9379021184553128
phillipi_pix2pix_issues,phillipi_pix2pix_issues.json,139,"jkundertgibbs, Naruto-Sasuke",7,7_the_layer_loss_pytorch,0.6444143083010688
phillipi_pix2pix_issues,phillipi_pix2pix_issues.json,137,"jkundertgibbs, phillipi",30,30_training_predict_save_stop,0.8358849700037108
phillipi_pix2pix_issues,phillipi_pix2pix_issues.json,136,"thisisnottaken, tinghuiz, avcs2080",17,17_memory_gpu_batch_size,1.0
phillipi_pix2pix_issues,phillipi_pix2pix_issues.json,135,"junyanz, Naruto-Sasuke, JiamingJiao",7,7_the_layer_loss_pytorch,0.7793151259757862
phillipi_pix2pix_issues,phillipi_pix2pix_issues.json,133,"happsky, tinghuiz",31,31_cityscapes_000000_iou_label,1.0
phillipi_pix2pix_issues,phillipi_pix2pix_issues.json,132,"me2beats, microic",41,41_td_tr_niy_microic,1.0
phillipi_pix2pix_issues,phillipi_pix2pix_issues.json,131,"hsm207, junyanz",-1,-1_habitat_the_src_to,0.0
phillipi_pix2pix_issues,phillipi_pix2pix_issues.json,130,"ghost, tinghuiz",10,10_dataset_download_datasets_you,0.28621418475918736
phillipi_pix2pix_issues,phillipi_pix2pix_issues.json,129,"EvergreenTree, Naruto-Sasuke, Lienes",39,39_lua_torch_thc_install,1.0
phillipi_pix2pix_issues,phillipi_pix2pix_issues.json,128,"junyanz, 1edv",41,41_td_tr_niy_microic,1.0
phillipi_pix2pix_issues,phillipi_pix2pix_issues.json,127,"junyanz, Devy001, tinghuiz",31,31_cityscapes_000000_iou_label,0.9848193837847367
phillipi_pix2pix_issues,phillipi_pix2pix_issues.json,126,"sylviawhoa, phillipi, Naruto-Sasuke, tinghuiz, junyanz",-1,-1_habitat_the_src_to,0.0
phillipi_pix2pix_issues,phillipi_pix2pix_issues.json,125,"lucabergamini, phillipi",43,43_receptive_field_discriminator_size,1.0
phillipi_pix2pix_issues,phillipi_pix2pix_issues.json,124,"phillipi, cuimiao187561",10,10_dataset_download_datasets_you,0.9824588099634828
phillipi_pix2pix_issues,phillipi_pix2pix_issues.json,122,"phillipi, khryang",43,43_receptive_field_discriminator_size,1.0
phillipi_pix2pix_issues,phillipi_pix2pix_issues.json,121,"rohitsaluja22, refu0523",41,41_td_tr_niy_microic,0.5725743035866023
phillipi_pix2pix_issues,phillipi_pix2pix_issues.json,120,"pfabreu, iRmantou, phillipi",43,43_receptive_field_discriminator_size,0.9175488365502144
phillipi_pix2pix_issues,phillipi_pix2pix_issues.json,119,"janyasir, xjoshramos",6,6_trained_model_pretrained_you,0.7452860447522691
phillipi_pix2pix_issues,phillipi_pix2pix_issues.json,118,"groot-1313, phillipi",32,32_eeg_channels_sleep_eog,0.5279041505387243
phillipi_pix2pix_issues,phillipi_pix2pix_issues.json,117,"qixiang109, phillipi",43,43_receptive_field_discriminator_size,1.0
phillipi_pix2pix_issues,phillipi_pix2pix_issues.json,116,"wxh001qq, FishYuLi, ZhangCZhen, ALISAXXW, tinghuiz, HuXiaokai12138, syz825211943, tychovdo, lkiani",31,31_cityscapes_000000_iou_label,0.9055770090538182
phillipi_pix2pix_issues,phillipi_pix2pix_issues.json,115,"eyaler, ZhangCZhen, phillipi, A-Little-Nut, junyanz, WorkingCC, sagiebenaim, qianshangbushang",31,31_cityscapes_000000_iou_label,0.24399467619377452
phillipi_pix2pix_issues,phillipi_pix2pix_issues.json,114,"khaulahzia, phillipi",-1,-1_habitat_the_src_to,0.0
phillipi_pix2pix_issues,phillipi_pix2pix_issues.json,112,"ZhangCZhen, godisboy, lx7555, A-Little-Nut, junyanz, ghost, WorkingCC, lkiani",31,31_cityscapes_000000_iou_label,1.0
phillipi_pix2pix_issues,phillipi_pix2pix_issues.json,111,"junyanz, lambdawill",-1,-1_habitat_the_src_to,0.0
phillipi_pix2pix_issues,phillipi_pix2pix_issues.json,110,"mrgloom, phillipi, bowenc0221",43,43_receptive_field_discriminator_size,1.0
phillipi_pix2pix_issues,phillipi_pix2pix_issues.json,109,"khaulahzia, phillipi",-1,-1_habitat_the_src_to,0.0
phillipi_pix2pix_issues,phillipi_pix2pix_issues.json,108,"hugozanini, wxh001qq",31,31_cityscapes_000000_iou_label,1.0
phillipi_pix2pix_issues,phillipi_pix2pix_issues.json,107,"khaulahzia, phillipi",-1,-1_habitat_the_src_to,0.0
phillipi_pix2pix_issues,phillipi_pix2pix_issues.json,106,"lizhuorong, tinghuiz",31,31_cityscapes_000000_iou_label,0.7475441110511694
phillipi_pix2pix_issues,phillipi_pix2pix_issues.json,105,"junyanz, knaffe",-1,-1_habitat_the_src_to,0.0
phillipi_pix2pix_issues,phillipi_pix2pix_issues.json,103,"junyanz, hshustc",7,7_the_layer_loss_pytorch,0.758555489746723
phillipi_pix2pix_issues,phillipi_pix2pix_issues.json,102,"junyanz, vinjohn, Quasimondo",17,17_memory_gpu_batch_size,1.0
phillipi_pix2pix_issues,phillipi_pix2pix_issues.json,101,"junyanz, avcs2080",-1,-1_habitat_the_src_to,0.0
phillipi_pix2pix_issues,phillipi_pix2pix_issues.json,100,"junyanz, jingliao132",-1,-1_habitat_the_src_to,0.0
phillipi_pix2pix_issues,phillipi_pix2pix_issues.json,99,"junyanz, ashleyjamesbrown",39,39_lua_torch_thc_install,0.916501557939787
phillipi_pix2pix_issues,phillipi_pix2pix_issues.json,98,"junyanz, aneesh3108",43,43_receptive_field_discriminator_size,0.9027383495598587
phillipi_pix2pix_issues,phillipi_pix2pix_issues.json,96,"kiraicode, phillipi",-1,-1_habitat_the_src_to,0.0
phillipi_pix2pix_issues,phillipi_pix2pix_issues.json,95,"phillipi, junyanz, YutingCCC, thinkrc, sharr6",32,32_eeg_channels_sleep_eog,0.5390220797089225
phillipi_pix2pix_issues,phillipi_pix2pix_issues.json,94,"junyanz, ashleyjamesbrown",10,10_dataset_download_datasets_you,0.2785890385670335
phillipi_pix2pix_issues,phillipi_pix2pix_issues.json,93,"phillipi, 32nguyen",-1,-1_habitat_the_src_to,0.0
phillipi_pix2pix_issues,phillipi_pix2pix_issues.json,92,"harjatinsingh, phillipi",16,16_l2_mult_param_bottom,0.860364211429096
phillipi_pix2pix_issues,phillipi_pix2pix_issues.json,91,"orenyomtov, Quasimondo",36,36_images_ndf_the_netd,0.9123582671781435
phillipi_pix2pix_issues,phillipi_pix2pix_issues.json,90,"momenelfky, nikolstofkova",-1,-1_habitat_the_src_to,0.0
phillipi_pix2pix_issues,phillipi_pix2pix_issues.json,89,"brannondorsey, javl",13,13_license_demo_lichess_this,0.9144571080975302
phillipi_pix2pix_issues,phillipi_pix2pix_issues.json,88,"junyanz, samhains, yangxingyu588, janyasir",-1,-1_habitat_the_src_to,0.0
phillipi_pix2pix_issues,phillipi_pix2pix_issues.json,87,"Naruto-Sasuke, phillipi",7,7_the_layer_loss_pytorch,0.7793151259757862
phillipi_pix2pix_issues,phillipi_pix2pix_issues.json,86,harjatinsingh,36,36_images_ndf_the_netd,1.0
phillipi_pix2pix_issues,phillipi_pix2pix_issues.json,85,"visonpon, phillipi",39,39_lua_torch_thc_install,1.0
phillipi_pix2pix_issues,phillipi_pix2pix_issues.json,84,"ghost, phillipi",-1,-1_habitat_the_src_to,0.0
phillipi_pix2pix_issues,phillipi_pix2pix_issues.json,83,"Jingzhang18, dusipavan, phillipi, pbou",-1,-1_habitat_the_src_to,0.0
phillipi_pix2pix_issues,phillipi_pix2pix_issues.json,82,"AnnaRebecca, gormat, ozgurovic, ThatAIGeek, samhains",-1,-1_habitat_the_src_to,0.0
phillipi_pix2pix_issues,phillipi_pix2pix_issues.json,81,"vinthony, phillipi",7,7_the_layer_loss_pytorch,0.907341377205905
phillipi_pix2pix_issues,phillipi_pix2pix_issues.json,80,xinario,16,16_l2_mult_param_bottom,0.9584830602473668
phillipi_pix2pix_issues,phillipi_pix2pix_issues.json,78,"phillipi, dmarnerides",7,7_the_layer_loss_pytorch,0.6627981782645384
phillipi_pix2pix_issues,phillipi_pix2pix_issues.json,76,"phillipi, tyshiwo, janyasir, uakfdotb, samhains",-1,-1_habitat_the_src_to,0.0
phillipi_pix2pix_issues,phillipi_pix2pix_issues.json,75,Naruto-Sasuke,-1,-1_habitat_the_src_to,0.0
phillipi_pix2pix_issues,phillipi_pix2pix_issues.json,74,"dmarnerides, royal-feng",-1,-1_habitat_the_src_to,0.0
phillipi_pix2pix_issues,phillipi_pix2pix_issues.json,73,"Naruto-Sasuke, Quasimondo",-1,-1_habitat_the_src_to,0.0
phillipi_pix2pix_issues,phillipi_pix2pix_issues.json,72,"gxlcliqi, IcedDoggie",36,36_images_ndf_the_netd,0.8301081117783022
phillipi_pix2pix_issues,phillipi_pix2pix_issues.json,71,"junyanz, Multiboxer, Quasimondo, PolarisD",36,36_images_ndf_the_netd,1.0
phillipi_pix2pix_issues,phillipi_pix2pix_issues.json,70,"junyanz, IcedDoggie",32,32_eeg_channels_sleep_eog,0.5357642688912226
phillipi_pix2pix_issues,phillipi_pix2pix_issues.json,69,"junyanz, Naruto-Sasuke",41,41_td_tr_niy_microic,1.0
phillipi_pix2pix_issues,phillipi_pix2pix_issues.json,68,vinthony,7,7_the_layer_loss_pytorch,0.6803793455056323
phillipi_pix2pix_issues,phillipi_pix2pix_issues.json,67,"bluerythem, junyanz, phillipi, nonoesp",36,36_images_ndf_the_netd,1.0
phillipi_pix2pix_issues,phillipi_pix2pix_issues.json,66,"SharineLee, vinthony",6,6_trained_model_pretrained_you,0.9651318742647764
phillipi_pix2pix_issues,phillipi_pix2pix_issues.json,65,"Quasimondo, royal-feng",-1,-1_habitat_the_src_to,0.0
phillipi_pix2pix_issues,phillipi_pix2pix_issues.json,64,"coventry, happsky, sjain24, brannondorsey, d0t1q",39,39_lua_torch_thc_install,0.7061653700217231
phillipi_pix2pix_issues,phillipi_pix2pix_issues.json,63,"icbcbicc, phillipi, tinghuiz, junyanz, ppwwyyxx, yanjidriveai",-1,-1_habitat_the_src_to,0.0
phillipi_pix2pix_issues,phillipi_pix2pix_issues.json,62,"junyanz, happsky",-1,-1_habitat_the_src_to,0.0
phillipi_pix2pix_issues,phillipi_pix2pix_issues.json,61,"junyanz, brisker, ustcjerry",-1,-1_habitat_the_src_to,0.0
phillipi_pix2pix_issues,phillipi_pix2pix_issues.json,60,"ppwwyyxx, srsani",27,27_tensorflow_keras_tf_py,0.9460525396473897
phillipi_pix2pix_issues,phillipi_pix2pix_issues.json,59,"junyanz, Quasimondo",-1,-1_habitat_the_src_to,0.0
phillipi_pix2pix_issues,phillipi_pix2pix_issues.json,58,ArturoDeza,39,39_lua_torch_thc_install,1.0
phillipi_pix2pix_issues,phillipi_pix2pix_issues.json,57,upcver,-1,-1_habitat_the_src_to,0.0
phillipi_pix2pix_issues,phillipi_pix2pix_issues.json,56,"ArturoDeza, kadarakos, aneesh3108, samhains, Quasimondo",36,36_images_ndf_the_netd,1.0
phillipi_pix2pix_issues,phillipi_pix2pix_issues.json,55,"junyanz, kdmojdehi",7,7_the_layer_loss_pytorch,0.7733083585272154
phillipi_pix2pix_issues,phillipi_pix2pix_issues.json,54,"junyanz, nk-dev0",-1,-1_habitat_the_src_to,0.0
phillipi_pix2pix_issues,phillipi_pix2pix_issues.json,53,"junyanz, royal-feng",-1,-1_habitat_the_src_to,0.0
phillipi_pix2pix_issues,phillipi_pix2pix_issues.json,52,"mrgloom, Cristy94, royal-feng, junyanz, kritin2, mykeehu, Quasimondo, kdmojdehi",-1,-1_habitat_the_src_to,0.0
phillipi_pix2pix_issues,phillipi_pix2pix_issues.json,51,"Quasimondo, rremani",-1,-1_habitat_the_src_to,0.0
phillipi_pix2pix_issues,phillipi_pix2pix_issues.json,49,"junyanz, phillipi, noob16, kenshinzh",43,43_receptive_field_discriminator_size,1.0
phillipi_pix2pix_issues,phillipi_pix2pix_issues.json,48,"b4zz4, khaulahzia, phillipi, rdaniel",17,17_memory_gpu_batch_size,0.8415625144098149
phillipi_pix2pix_issues,phillipi_pix2pix_issues.json,47,"rohitsaluja22, farquasar1, ALISAXXW, egealpturkyenere, phillipi, royal-feng, weiqing1001, junyanz, ppwwyyxx, Quasimondo",-1,-1_habitat_the_src_to,0.0
phillipi_pix2pix_issues,phillipi_pix2pix_issues.json,46,rjpeart,17,17_memory_gpu_batch_size,1.0
phillipi_pix2pix_issues,phillipi_pix2pix_issues.json,45,"julien-arch, phillipi",36,36_images_ndf_the_netd,1.0
phillipi_pix2pix_issues,phillipi_pix2pix_issues.json,44,"tinghuiz, Quasimondo",41,41_td_tr_niy_microic,0.8896986691394766
phillipi_pix2pix_issues,phillipi_pix2pix_issues.json,43,"junyanz, timolins",10,10_dataset_download_datasets_you,0.4076050196248499
phillipi_pix2pix_issues,phillipi_pix2pix_issues.json,42,"venkateshmalgireddy, VasanthBalakrishnan, Quasimondo",-1,-1_habitat_the_src_to,0.0
phillipi_pix2pix_issues,phillipi_pix2pix_issues.json,41,"kaihuchen, zhoulw13, asetsuna",-1,-1_habitat_the_src_to,0.0
phillipi_pix2pix_issues,phillipi_pix2pix_issues.json,40,"phillipi, Quasimondo",30,30_training_predict_save_stop,0.9450361131662487
phillipi_pix2pix_issues,phillipi_pix2pix_issues.json,39,BrettLL,39,39_lua_torch_thc_install,0.4758657528533004
phillipi_pix2pix_issues,phillipi_pix2pix_issues.json,38,"phillipi, Quasimondo",-1,-1_habitat_the_src_to,0.0
phillipi_pix2pix_issues,phillipi_pix2pix_issues.json,37,"junyanz, Quasimondo",39,39_lua_torch_thc_install,0.7994459597463515
phillipi_pix2pix_issues,phillipi_pix2pix_issues.json,36,"limadm, hj0921, phillipi, naobit, Quasimondo",39,39_lua_torch_thc_install,1.0
phillipi_pix2pix_issues,phillipi_pix2pix_issues.json,35,"kaihuchen, phillipi",36,36_images_ndf_the_netd,0.8011764353405455
phillipi_pix2pix_issues,phillipi_pix2pix_issues.json,34,"Quasimondo, phillipi, sunshineatnoon",7,7_the_layer_loss_pytorch,0.6931382980210817
phillipi_pix2pix_issues,phillipi_pix2pix_issues.json,33,"danmic, xmyqsh, phillipi, junyanz, ppwwyyxx, SJTUzhanglj, programath",43,43_receptive_field_discriminator_size,1.0
phillipi_pix2pix_issues,phillipi_pix2pix_issues.json,32,"junyanz, nightrome",39,39_lua_torch_thc_install,0.7222550673333906
phillipi_pix2pix_issues,phillipi_pix2pix_issues.json,31,"DenisSergeevitch, junyanz",10,10_dataset_download_datasets_you,0.2745500186530695
phillipi_pix2pix_issues,phillipi_pix2pix_issues.json,30,"junyanz, htoyryla",-1,-1_habitat_the_src_to,0.0
phillipi_pix2pix_issues,phillipi_pix2pix_issues.json,28,"kaihuchen, klichukb, phillipi",-1,-1_habitat_the_src_to,0.0
phillipi_pix2pix_issues,phillipi_pix2pix_issues.json,27,"junyanz, eriche2016",45,45_simplification_code_available_degree,1.0
phillipi_pix2pix_issues,phillipi_pix2pix_issues.json,26,"junyanz, yeguixin, Jack000, noob16",39,39_lua_torch_thc_install,0.5658582682820295
phillipi_pix2pix_issues,phillipi_pix2pix_issues.json,25,"ColaWithIce, mrgloom, tinghuiz",43,43_receptive_field_discriminator_size,1.0
phillipi_pix2pix_issues,phillipi_pix2pix_issues.json,23,"kaihuchen, johndpope, Quasimondo",-1,-1_habitat_the_src_to,0.0
phillipi_pix2pix_issues,phillipi_pix2pix_issues.json,22,kaihuchen,49,49_tdh_mytest_kel_ternary,1.0
phillipi_pix2pix_issues,phillipi_pix2pix_issues.json,21,"ppwwyyxx, noob16, phillipi, brannondorsey",-1,-1_habitat_the_src_to,0.0
phillipi_pix2pix_issues,phillipi_pix2pix_issues.json,20,"junyanz, brannondorsey, vgsatorras",-1,-1_habitat_the_src_to,0.0
phillipi_pix2pix_issues,phillipi_pix2pix_issues.json,19,"kaihuchen, phillipi",-1,-1_habitat_the_src_to,0.0
phillipi_pix2pix_issues,phillipi_pix2pix_issues.json,18,"fxia22, phillipi",43,43_receptive_field_discriminator_size,1.0
phillipi_pix2pix_issues,phillipi_pix2pix_issues.json,17,"swinghu, ashleyjamesbrown, ilsang, junyanz, Flipajs, kenn",39,39_lua_torch_thc_install,1.0
phillipi_pix2pix_issues,phillipi_pix2pix_issues.json,15,"kmader, phillipi",39,39_lua_torch_thc_install,1.0
phillipi_pix2pix_issues,phillipi_pix2pix_issues.json,14,"kaihuchen, ppwwyyxx, phillipi",36,36_images_ndf_the_netd,0.8377196628174791
phillipi_pix2pix_issues,phillipi_pix2pix_issues.json,13,"kaihuchen, htoyryla",-1,-1_habitat_the_src_to,0.0
phillipi_pix2pix_issues,phillipi_pix2pix_issues.json,12,"kaihuchen, phillipi",36,36_images_ndf_the_netd,0.8726899312580688
phillipi_pix2pix_issues,phillipi_pix2pix_issues.json,11,"ppwwyyxx, htoyryla, phillipi",-1,-1_habitat_the_src_to,0.0
phillipi_pix2pix_issues,phillipi_pix2pix_issues.json,10,"junyanz, noob16",-1,-1_habitat_the_src_to,0.0
phillipi_pix2pix_issues,phillipi_pix2pix_issues.json,8,"junyanz, ppwwyyxx, SJTUzhanglj, ArkaJU, brannondorsey, ThatAIGeek, cuimiao187561",10,10_dataset_download_datasets_you,0.6066121761802736
phillipi_pix2pix_issues,phillipi_pix2pix_issues.json,7,"phillipi, junyanz, ppwwyyxx, rjpeart, voronoipotato",-1,-1_habitat_the_src_to,0.0
phillipi_pix2pix_issues,phillipi_pix2pix_issues.json,5,"kmader, iNDicat0r, phillipi",-1,-1_habitat_the_src_to,0.0
phillipi_pix2pix_issues,phillipi_pix2pix_issues.json,4,"kodeo, mdm0x0, noob16",39,39_lua_torch_thc_install,1.0
phillipi_pix2pix_issues,phillipi_pix2pix_issues.json,3,"htoyryla, phillipi",39,39_lua_torch_thc_install,1.0
phillipi_pix2pix_issues,phillipi_pix2pix_issues.json,2,"junyanz, carstenschwede, lekevicius",-1,-1_habitat_the_src_to,0.0
phillipi_pix2pix_issues,phillipi_pix2pix_issues.json,1,"junyanz, k2xl",10,10_dataset_download_datasets_you,0.29026734389175984
phohenecker_pytorch-transformer_issues,phohenecker_pytorch-transformer_issues.json,3,naruto7283,-1,-1_habitat_the_src_to,0.0
phohenecker_pytorch-transformer_issues,phohenecker_pytorch-transformer_issues.json,2,"phohenecker, malbergo",-1,-1_habitat_the_src_to,0.0
phohenecker_pytorch-transformer_issues,phohenecker_pytorch-transformer_issues.json,1,"phohenecker, cpury",-1,-1_habitat_the_src_to,0.0
PINTO0309_Keras-OneClassAnomalyDetection_issues,PINTO0309_Keras-OneClassAnomalyDetection_issues.json,5,"Sylv-Lej, shinmura0",-1,-1_habitat_the_src_to,0.0
PINTO0309_Keras-OneClassAnomalyDetection_issues,PINTO0309_Keras-OneClassAnomalyDetection_issues.json,4,"Sylv-Lej, shinmura0",7,7_the_layer_loss_pytorch,0.6780083148647349
PINTO0309_Keras-OneClassAnomalyDetection_issues,PINTO0309_Keras-OneClassAnomalyDetection_issues.json,3,"shinmura0, trittsv, PINTO0309",42,42_acc_val_epoch_loss,1.0
PINTO0309_Keras-OneClassAnomalyDetection_issues,PINTO0309_Keras-OneClassAnomalyDetection_issues.json,2,"PINTO0309, stellarkey",-1,-1_habitat_the_src_to,0.0
PINTO0309_MobileNet-SSDLite-RealSense-TF_issues,PINTO0309_MobileNet-SSDLite-RealSense-TF_issues.json,6,"PINTO0309, garceling",-1,-1_habitat_the_src_to,0.0
PINTO0309_MobileNet-SSDLite-RealSense-TF_issues,PINTO0309_MobileNet-SSDLite-RealSense-TF_issues.json,5,"gohsnn, PINTO0309",3,3_camera_agent_sensor_rotation,0.998779347046376
PINTO0309_MobileNet-SSDLite-RealSense-TF_issues,PINTO0309_MobileNet-SSDLite-RealSense-TF_issues.json,4,"GOBish, PINTO0309",-1,-1_habitat_the_src_to,0.0
PINTO0309_MobileNet-SSDLite-RealSense-TF_issues,PINTO0309_MobileNet-SSDLite-RealSense-TF_issues.json,3,"PINTO0309, cheriyck",11,11_command_deps_habitat_assimp,0.5801827306367578
PINTO0309_MobileNet-SSDLite-RealSense-TF_issues,PINTO0309_MobileNet-SSDLite-RealSense-TF_issues.json,2,"PINTO0309, mk123qwe",-1,-1_habitat_the_src_to,0.0
PINTO0309_MobileNet-SSDLite-RealSense-TF_issues,PINTO0309_MobileNet-SSDLite-RealSense-TF_issues.json,1,"PINTO0309, mk123qwe",3,3_camera_agent_sensor_rotation,0.8423328715238944
PINTO0309_MobileNetV2-PoseEstimation_issues,PINTO0309_MobileNetV2-PoseEstimation_issues.json,7,"PINTO0309, cansik",0,0_model_modelmanager_serving_server,1.0
PINTO0309_MobileNetV2-PoseEstimation_issues,PINTO0309_MobileNetV2-PoseEstimation_issues.json,6,"PINTO0309, KushalHM",6,6_trained_model_pretrained_you,0.7099148853312053
PINTO0309_MobileNetV2-PoseEstimation_issues,PINTO0309_MobileNetV2-PoseEstimation_issues.json,5,tucachmo2202,0,0_model_modelmanager_serving_server,1.0
PINTO0309_MobileNetV2-PoseEstimation_issues,PINTO0309_MobileNetV2-PoseEstimation_issues.json,4,Yaffa16,-1,-1_habitat_the_src_to,0.0
PINTO0309_MobileNetV2-PoseEstimation_issues,PINTO0309_MobileNetV2-PoseEstimation_issues.json,3,"PINTO0309, Ealuthwala, JimWest",-1,-1_habitat_the_src_to,0.0
PINTO0309_MobileNetV2-PoseEstimation_issues,PINTO0309_MobileNetV2-PoseEstimation_issues.json,2,lmy931,49,49_tdh_mytest_kel_ternary,0.7942617783758436
PINTO0309_MobileNetV2-PoseEstimation_issues,PINTO0309_MobileNetV2-PoseEstimation_issues.json,1,"flerkenvn, PINTO0309, rakidedigama, Ealuthwala",0,0_model_modelmanager_serving_server,1.0
PINTO0309_OpenVINO-DeeplabV3_issues,PINTO0309_OpenVINO-DeeplabV3_issues.json,5,tvijay333,0,0_model_modelmanager_serving_server,0.6370355689109023
PINTO0309_OpenVINO-DeeplabV3_issues,PINTO0309_OpenVINO-DeeplabV3_issues.json,4,jiaoxiaosong,27,27_tensorflow_keras_tf_py,0.7404762724739575
PINTO0309_OpenVINO-DeeplabV3_issues,PINTO0309_OpenVINO-DeeplabV3_issues.json,3,"GallonDeng, PINTO0309",0,0_model_modelmanager_serving_server,1.0
PINTO0309_OpenVINO-DeeplabV3_issues,PINTO0309_OpenVINO-DeeplabV3_issues.json,2,"hoonkai, Aaronreb, PINTO0309, hgscania",0,0_model_modelmanager_serving_server,1.0
PINTO0309_OpenVINO-DeeplabV3_issues,PINTO0309_OpenVINO-DeeplabV3_issues.json,1,"Arham-Aalam, PINTO0309",0,0_model_modelmanager_serving_server,0.9023572318785601
PurduePAML_TrojanNN_issues,PurduePAML_TrojanNN_issues.json,11,"ain-soph, CHR-ray, JohnnyQAQ",7,7_the_layer_loss_pytorch,0.7595930097657168
PurduePAML_TrojanNN_issues,PurduePAML_TrojanNN_issues.json,10,zhouxiaofang122,53,53_dlr_tvm_runtime_neo,1.0
PurduePAML_TrojanNN_issues,PurduePAML_TrojanNN_issues.json,9,"pkiourti, Bilabb",-1,-1_habitat_the_src_to,0.0
PurduePAML_TrojanNN_issues,PurduePAML_TrojanNN_issues.json,7,MohammadSamragh,-1,-1_habitat_the_src_to,0.0
PurduePAML_TrojanNN_issues,PurduePAML_TrojanNN_issues.json,6,davidlee321,-1,-1_habitat_the_src_to,0.0
PurduePAML_TrojanNN_issues,PurduePAML_TrojanNN_issues.json,5,davidlee321,-1,-1_habitat_the_src_to,0.0
PurduePAML_TrojanNN_issues,PurduePAML_TrojanNN_issues.json,4,dio4ev,-1,-1_habitat_the_src_to,0.0
PurduePAML_TrojanNN_issues,PurduePAML_TrojanNN_issues.json,3,Karen0103,-1,-1_habitat_the_src_to,0.0
PurduePAML_TrojanNN_issues,PurduePAML_TrojanNN_issues.json,2,"ChengFu0118, naiyeleo",7,7_the_layer_loss_pytorch,0.6551350950204442
quantumiracle_SOTA-RL-Algorithms_issues,quantumiracle_SOTA-RL-Algorithms_issues.json,82,xwen24,33,33_action_sac_plt_ep,1.0
quantumiracle_SOTA-RL-Algorithms_issues,quantumiracle_SOTA-RL-Algorithms_issues.json,81,"vickychen928, quantumiracle",15,15_tensor_at_task_datarep,0.7062990573409139
quantumiracle_SOTA-RL-Algorithms_issues,quantumiracle_SOTA-RL-Algorithms_issues.json,80,"githubfsfs, quantumiracle",-1,-1_habitat_the_src_to,0.0
quantumiracle_SOTA-RL-Algorithms_issues,quantumiracle_SOTA-RL-Algorithms_issues.json,67,4359hhh,33,33_action_sac_plt_ep,1.0
quantumiracle_SOTA-RL-Algorithms_issues,quantumiracle_SOTA-RL-Algorithms_issues.json,48,"quantumiracle, Alexzzdfjcn",33,33_action_sac_plt_ep,0.5816858886444042
quantumiracle_SOTA-RL-Algorithms_issues,quantumiracle_SOTA-RL-Algorithms_issues.json,47,"thlautenschlaeger, quantumiracle",-1,-1_habitat_the_src_to,0.0
quantumiracle_SOTA-RL-Algorithms_issues,quantumiracle_SOTA-RL-Algorithms_issues.json,45,"lucifer2859, quantumiracle",33,33_action_sac_plt_ep,0.9905070688283253
quantumiracle_SOTA-RL-Algorithms_issues,quantumiracle_SOTA-RL-Algorithms_issues.json,42,"quantumiracle, Nick-Kou",-1,-1_habitat_the_src_to,0.0
quantumiracle_SOTA-RL-Algorithms_issues,quantumiracle_SOTA-RL-Algorithms_issues.json,41,"quantumiracle, Alexzzdfjcn",-1,-1_habitat_the_src_to,0.0
quantumiracle_SOTA-RL-Algorithms_issues,quantumiracle_SOTA-RL-Algorithms_issues.json,34,"sarmientoj24, muraatozbek, quantumiracle",33,33_action_sac_plt_ep,0.5956977634745712
quantumiracle_SOTA-RL-Algorithms_issues,quantumiracle_SOTA-RL-Algorithms_issues.json,33,"sarmientoj24, quantumiracle",33,33_action_sac_plt_ep,0.8828860478172602
quantumiracle_SOTA-RL-Algorithms_issues,quantumiracle_SOTA-RL-Algorithms_issues.json,31,"quantumiracle, hai-h-nguyen",37,37_holoclean_recorderreader_string_std,0.8303572978841981
quantumiracle_SOTA-RL-Algorithms_issues,quantumiracle_SOTA-RL-Algorithms_issues.json,30,"quantumiracle, hai-h-nguyen",13,13_license_demo_lichess_this,0.6352591845073803
quantumiracle_SOTA-RL-Algorithms_issues,quantumiracle_SOTA-RL-Algorithms_issues.json,23,"quantumiracle, hai-h-nguyen",33,33_action_sac_plt_ep,1.0
quantumiracle_SOTA-RL-Algorithms_issues,quantumiracle_SOTA-RL-Algorithms_issues.json,20,"alanmackey, quantumiracle",33,33_action_sac_plt_ep,1.0
quantumiracle_SOTA-RL-Algorithms_issues,quantumiracle_SOTA-RL-Algorithms_issues.json,19,"zhaoguangyuan123, quantumiracle",33,33_action_sac_plt_ep,0.4891754276028465
quantumiracle_SOTA-RL-Algorithms_issues,quantumiracle_SOTA-RL-Algorithms_issues.json,16,"dbsxdbsx, quantumiracle",33,33_action_sac_plt_ep,1.0
quantumiracle_SOTA-RL-Algorithms_issues,quantumiracle_SOTA-RL-Algorithms_issues.json,14,"hynkis, quantumiracle",33,33_action_sac_plt_ep,0.6764195488875113
quantumiracle_SOTA-RL-Algorithms_issues,quantumiracle_SOTA-RL-Algorithms_issues.json,11,"quantumiracle, BigWZhu",33,33_action_sac_plt_ep,1.0
quantumiracle_SOTA-RL-Algorithms_issues,quantumiracle_SOTA-RL-Algorithms_issues.json,7,"junhuang-ifast, quantumiracle",33,33_action_sac_plt_ep,1.0
quantumiracle_SOTA-RL-Algorithms_issues,quantumiracle_SOTA-RL-Algorithms_issues.json,2,"manuelsh, quantumiracle",33,33_action_sac_plt_ep,1.0
RomanovMikeV_setka_issues,RomanovMikeV_setka_issues.json,18,VelikyD,-1,-1_habitat_the_src_to,0.0
RomanovMikeV_setka_issues,RomanovMikeV_setka_issues.json,16,SlinkoIgor,16,16_l2_mult_param_bottom,0.8041033702039447
RomanovMikeV_setka_issues,RomanovMikeV_setka_issues.json,15,SlinkoIgor,-1,-1_habitat_the_src_to,0.0
RomanovMikeV_setka_issues,RomanovMikeV_setka_issues.json,14,SlinkoIgor,16,16_l2_mult_param_bottom,0.8484800416193992
RomanovMikeV_setka_issues,RomanovMikeV_setka_issues.json,13,SlinkoIgor,47,47_whu_apps_00000000_00,0.8135108213038216
RomanovMikeV_setka_issues,RomanovMikeV_setka_issues.json,12,SlinkoIgor,-1,-1_habitat_the_src_to,0.0
RomanovMikeV_setka_issues,RomanovMikeV_setka_issues.json,11,SlinkoIgor,-1,-1_habitat_the_src_to,0.0
RomanovMikeV_setka_issues,RomanovMikeV_setka_issues.json,10,SlinkoIgor,-1,-1_habitat_the_src_to,0.0
RomanovMikeV_setka_issues,RomanovMikeV_setka_issues.json,4,valbub,-1,-1_habitat_the_src_to,0.0
RomanovMikeV_setka_issues,RomanovMikeV_setka_issues.json,3,valbub,17,17_memory_gpu_batch_size,1.0
RomanovMikeV_setka_issues,RomanovMikeV_setka_issues.json,2,"RomanovMikeV, valbub",-1,-1_habitat_the_src_to,0.0
RRanddom_tf-bilinear-cnn_issues,RRanddom_tf-bilinear-cnn_issues.json,3,monoloxo,6,6_trained_model_pretrained_you,1.0
RRanddom_tf-bilinear-cnn_issues,RRanddom_tf-bilinear-cnn_issues.json,2,zizi96,-1,-1_habitat_the_src_to,0.0
RRanddom_tf-bilinear-cnn_issues,RRanddom_tf-bilinear-cnn_issues.json,1,emiha,-1,-1_habitat_the_src_to,0.0
SanjayKhatwani_Handwritten-Math-Expression-Recognition_issues,SanjayKhatwani_Handwritten-Math-Expression-Recognition_issues.json,3,GopinathCool,6,6_trained_model_pretrained_you,0.7893948379904294
SanjayKhatwani_Handwritten-Math-Expression-Recognition_issues,SanjayKhatwani_Handwritten-Math-Expression-Recognition_issues.json,2,surajsubramanian,6,6_trained_model_pretrained_you,1.0
SanjayKhatwani_Handwritten-Math-Expression-Recognition_issues,SanjayKhatwani_Handwritten-Math-Expression-Recognition_issues.json,1,dishan14,-1,-1_habitat_the_src_to,0.0
SeanLee97_xmnlp_issues,SeanLee97_xmnlp_issues.json,53,xuelikanmeihua,15,15_tensor_at_task_datarep,0.6825900550969198
SeanLee97_xmnlp_issues,SeanLee97_xmnlp_issues.json,52,"wwwwjj000227, SeanLee97",14,14_xmnlp_checker_seanlee97_seg,0.7598159879170971
SeanLee97_xmnlp_issues,SeanLee97_xmnlp_issues.json,51,Spider4U,14,14_xmnlp_checker_seanlee97_seg,1.0
SeanLee97_xmnlp_issues,SeanLee97_xmnlp_issues.json,50,"jiluojiluo, SeanLee97, wannian1997",14,14_xmnlp_checker_seanlee97_seg,0.8111511696203405
SeanLee97_xmnlp_issues,SeanLee97_xmnlp_issues.json,49,Lishjie,-1,-1_habitat_the_src_to,0.0
SeanLee97_xmnlp_issues,SeanLee97_xmnlp_issues.json,48,SenLeeLee,14,14_xmnlp_checker_seanlee97_seg,1.0
SeanLee97_xmnlp_issues,SeanLee97_xmnlp_issues.json,47,"SeanLee97, Gillian1998457",14,14_xmnlp_checker_seanlee97_seg,1.0
SeanLee97_xmnlp_issues,SeanLee97_xmnlp_issues.json,45,Rogerszzz,14,14_xmnlp_checker_seanlee97_seg,1.0
SeanLee97_xmnlp_issues,SeanLee97_xmnlp_issues.json,43,"lujiayou123, SeanLee97",14,14_xmnlp_checker_seanlee97_seg,0.7901090030982842
SeanLee97_xmnlp_issues,SeanLee97_xmnlp_issues.json,42,"SunYongchao, SeanLee97",14,14_xmnlp_checker_seanlee97_seg,1.0
SeanLee97_xmnlp_issues,SeanLee97_xmnlp_issues.json,41,"xyz-hcy, SeanLee97",14,14_xmnlp_checker_seanlee97_seg,1.0
SeanLee97_xmnlp_issues,SeanLee97_xmnlp_issues.json,40,"SeanLee97, yida88",14,14_xmnlp_checker_seanlee97_seg,1.0
SeanLee97_xmnlp_issues,SeanLee97_xmnlp_issues.json,34,"atpwolf, SeanLee97",-1,-1_habitat_the_src_to,0.0
SeanLee97_xmnlp_issues,SeanLee97_xmnlp_issues.json,33,lonycc,14,14_xmnlp_checker_seanlee97_seg,1.0
SeanLee97_xmnlp_issues,SeanLee97_xmnlp_issues.json,31,"ZXTFINAL, SeanLee97",14,14_xmnlp_checker_seanlee97_seg,0.7250125134973109
SeanLee97_xmnlp_issues,SeanLee97_xmnlp_issues.json,30,"ZXTFINAL, SeanLee97",-1,-1_habitat_the_src_to,0.0
SeanLee97_xmnlp_issues,SeanLee97_xmnlp_issues.json,28,"bitallin, SeanLee97",14,14_xmnlp_checker_seanlee97_seg,1.0
SeanLee97_xmnlp_issues,SeanLee97_xmnlp_issues.json,27,"SeanLee97, onexuan",14,14_xmnlp_checker_seanlee97_seg,0.6213220693979267
SeanLee97_xmnlp_issues,SeanLee97_xmnlp_issues.json,26,"SeanLee97, cxyazy",14,14_xmnlp_checker_seanlee97_seg,1.0
SeanLee97_xmnlp_issues,SeanLee97_xmnlp_issues.json,25,"linduchina, prozyworld, SeanLee97, laiqirong",-1,-1_habitat_the_src_to,0.0
SeanLee97_xmnlp_issues,SeanLee97_xmnlp_issues.json,22,"SeanLee97, dongrixinyu",14,14_xmnlp_checker_seanlee97_seg,1.0
SeanLee97_xmnlp_issues,SeanLee97_xmnlp_issues.json,20,SeanLee97,14,14_xmnlp_checker_seanlee97_seg,0.7699891739249491
SeanLee97_xmnlp_issues,SeanLee97_xmnlp_issues.json,18,"SeanLee97, bright1993ff66",14,14_xmnlp_checker_seanlee97_seg,1.0
SeanLee97_xmnlp_issues,SeanLee97_xmnlp_issues.json,17,"dwbaron, SeanLee97",24,24_urduhack_text_word_sentence,0.28143765159240364
SeanLee97_xmnlp_issues,SeanLee97_xmnlp_issues.json,15,marcusau,14,14_xmnlp_checker_seanlee97_seg,1.0
SeanLee97_xmnlp_issues,SeanLee97_xmnlp_issues.json,14,yuppx,14,14_xmnlp_checker_seanlee97_seg,1.0
SeanLee97_xmnlp_issues,SeanLee97_xmnlp_issues.json,13,"LBJ-Software, SeanLee97",14,14_xmnlp_checker_seanlee97_seg,1.0
SeanLee97_xmnlp_issues,SeanLee97_xmnlp_issues.json,12,"sololex, SeanLee97",14,14_xmnlp_checker_seanlee97_seg,1.0
SeanLee97_xmnlp_issues,SeanLee97_xmnlp_issues.json,11,gdtydm,14,14_xmnlp_checker_seanlee97_seg,1.0
SeanLee97_xmnlp_issues,SeanLee97_xmnlp_issues.json,10,"Danielshara, SeanLee97",14,14_xmnlp_checker_seanlee97_seg,1.0
SeanLee97_xmnlp_issues,SeanLee97_xmnlp_issues.json,9,"rexchoi1983, zero654655902, SeanLee97",14,14_xmnlp_checker_seanlee97_seg,1.0
SeanLee97_xmnlp_issues,SeanLee97_xmnlp_issues.json,8,"SeanLee97, liutianfang",14,14_xmnlp_checker_seanlee97_seg,1.0
SeanLee97_xmnlp_issues,SeanLee97_xmnlp_issues.json,7,"SeanLee97, liutianfang, Sniper970119",14,14_xmnlp_checker_seanlee97_seg,0.5191821258706452
SeanLee97_xmnlp_issues,SeanLee97_xmnlp_issues.json,6,"SeanLee97, cloudfool",14,14_xmnlp_checker_seanlee97_seg,1.0
SeanLee97_xmnlp_issues,SeanLee97_xmnlp_issues.json,5,"Garrybest, SeanLee97, MrRace",14,14_xmnlp_checker_seanlee97_seg,1.0
SeanLee97_xmnlp_issues,SeanLee97_xmnlp_issues.json,4,"SeanLee97, carrotshub",14,14_xmnlp_checker_seanlee97_seg,1.0
SeanLee97_xmnlp_issues,SeanLee97_xmnlp_issues.json,3,"1394125422, SeanLee97",14,14_xmnlp_checker_seanlee97_seg,1.0
SeanLee97_xmnlp_issues,SeanLee97_xmnlp_issues.json,2,"yaleimeng, SeanLee97",14,14_xmnlp_checker_seanlee97_seg,0.9104496353773311
SeanLee97_xmnlp_issues,SeanLee97_xmnlp_issues.json,1,SeanLee97,15,15_tensor_at_task_datarep,0.6621760249678663
seongahjo_Mosaicer_issues,seongahjo_Mosaicer_issues.json,37,seongahjo,15,15_tensor_at_task_datarep,0.6856245653574689
seongahjo_Mosaicer_issues,seongahjo_Mosaicer_issues.json,36,seongahjo,15,15_tensor_at_task_datarep,0.6611740055560488
seongahjo_Mosaicer_issues,seongahjo_Mosaicer_issues.json,35,seongahjo,0,0_model_modelmanager_serving_server,1.0
seongahjo_Mosaicer_issues,seongahjo_Mosaicer_issues.json,34,seongahjo,0,0_model_modelmanager_serving_server,1.0
seongahjo_Mosaicer_issues,seongahjo_Mosaicer_issues.json,31,bbvch13531,13,13_license_demo_lichess_this,1.0
seongahjo_Mosaicer_issues,seongahjo_Mosaicer_issues.json,26,"bbvch13531, seongahjo",48,48_mosaicer_seongahjo_labelling_functionality,1.0
seongahjo_Mosaicer_issues,seongahjo_Mosaicer_issues.json,25,seongahjo,48,48_mosaicer_seongahjo_labelling_functionality,0.975536336196855
seongahjo_Mosaicer_issues,seongahjo_Mosaicer_issues.json,24,seongahjo,13,13_license_demo_lichess_this,0.6352591845073803
seongahjo_Mosaicer_issues,seongahjo_Mosaicer_issues.json,23,seongahjo,48,48_mosaicer_seongahjo_labelling_functionality,1.0
seongahjo_Mosaicer_issues,seongahjo_Mosaicer_issues.json,22,seongahjo,48,48_mosaicer_seongahjo_labelling_functionality,1.0
seongahjo_Mosaicer_issues,seongahjo_Mosaicer_issues.json,20,seongahjo,10,10_dataset_download_datasets_you,0.3389385552535737
seongahjo_Mosaicer_issues,seongahjo_Mosaicer_issues.json,19,seongahjo,48,48_mosaicer_seongahjo_labelling_functionality,1.0
seongahjo_Mosaicer_issues,seongahjo_Mosaicer_issues.json,18,seongahjo,48,48_mosaicer_seongahjo_labelling_functionality,1.0
seongahjo_Mosaicer_issues,seongahjo_Mosaicer_issues.json,17,seongahjo,48,48_mosaicer_seongahjo_labelling_functionality,1.0
seongahjo_Mosaicer_issues,seongahjo_Mosaicer_issues.json,16,seongahjo,48,48_mosaicer_seongahjo_labelling_functionality,1.0
seongahjo_Mosaicer_issues,seongahjo_Mosaicer_issues.json,15,seongahjo,48,48_mosaicer_seongahjo_labelling_functionality,1.0
seongahjo_Mosaicer_issues,seongahjo_Mosaicer_issues.json,14,seongahjo,48,48_mosaicer_seongahjo_labelling_functionality,1.0
seongahjo_Mosaicer_issues,seongahjo_Mosaicer_issues.json,12,"seongahjo, hwonyo",-1,-1_habitat_the_src_to,0.0
seongahjo_Mosaicer_issues,seongahjo_Mosaicer_issues.json,9,seongahjo,48,48_mosaicer_seongahjo_labelling_functionality,0.5494253672264495
seongahjo_Mosaicer_issues,seongahjo_Mosaicer_issues.json,2,seongahjo,29,29_coco_lmdb_761_caffe,0.9587840401610622
sethuiyer_Image-to-Image-Search_issues,sethuiyer_Image-to-Image-Search_issues.json,30,momame,-1,-1_habitat_the_src_to,0.0
sethuiyer_Image-to-Image-Search_issues,sethuiyer_Image-to-Image-Search_issues.json,29,momame,25,25_h5py_self_py_keras,0.8524468738016356
sethuiyer_Image-to-Image-Search_issues,sethuiyer_Image-to-Image-Search_issues.json,24,"JH95-ai, LinuxBeaver",25,25_h5py_self_py_keras,0.9891552374401398
sethuiyer_Image-to-Image-Search_issues,sethuiyer_Image-to-Image-Search_issues.json,20,bthiban,25,25_h5py_self_py_keras,1.0
sethuiyer_Image-to-Image-Search_issues,sethuiyer_Image-to-Image-Search_issues.json,19,ar414-com,0,0_model_modelmanager_serving_server,1.0
sethuiyer_Image-to-Image-Search_issues,sethuiyer_Image-to-Image-Search_issues.json,15,topShotZexN,-1,-1_habitat_the_src_to,0.0
sethuiyer_Image-to-Image-Search_issues,sethuiyer_Image-to-Image-Search_issues.json,14,"vguleria1108, sethuiyer, ar414-com",-1,-1_habitat_the_src_to,0.0
sethuiyer_Image-to-Image-Search_issues,sethuiyer_Image-to-Image-Search_issues.json,10,"0vulns, Skyquek, sethuiyer",6,6_trained_model_pretrained_you,1.0
sethuiyer_Image-to-Image-Search_issues,sethuiyer_Image-to-Image-Search_issues.json,7,"sethuiyer, AhtashamImtiyaz",-1,-1_habitat_the_src_to,0.0
sethuiyer_Image-to-Image-Search_issues,sethuiyer_Image-to-Image-Search_issues.json,6,"Ashwin1234, sethuiyer",-1,-1_habitat_the_src_to,0.0
sethuiyer_Image-to-Image-Search_issues,sethuiyer_Image-to-Image-Search_issues.json,5,"anshul12112, sethuiyer",-1,-1_habitat_the_src_to,0.0
sethuiyer_Image-to-Image-Search_issues,sethuiyer_Image-to-Image-Search_issues.json,4,"anshul12112, sethuiyer",-1,-1_habitat_the_src_to,0.0
sethuiyer_Image-to-Image-Search_issues,sethuiyer_Image-to-Image-Search_issues.json,3,"anshul12112, sethuiyer",-1,-1_habitat_the_src_to,0.0
sethuiyer_Image-to-Image-Search_issues,sethuiyer_Image-to-Image-Search_issues.json,2,"Ashwin1234, sethuiyer",-1,-1_habitat_the_src_to,0.0
sethuiyer_Image-to-Image-Search_issues,sethuiyer_Image-to-Image-Search_issues.json,1,"chinmaydas96, Ashwin1234, DaryaMarkova, sethuiyer",-1,-1_habitat_the_src_to,0.0
SharifAmit_DilatedFCNSegmentation_issues,SharifAmit_DilatedFCNSegmentation_issues.json,9,"wuyang556, SharifAmit",7,7_the_layer_loss_pytorch,0.6941843591821059
SharifAmit_DilatedFCNSegmentation_issues,SharifAmit_DilatedFCNSegmentation_issues.json,8,"wuyang556, SharifAmit",-1,-1_habitat_the_src_to,0.0
SharifAmit_DilatedFCNSegmentation_issues,SharifAmit_DilatedFCNSegmentation_issues.json,7,"LAYNingning, SharifAmit",-1,-1_habitat_the_src_to,0.0
SharifAmit_DilatedFCNSegmentation_issues,SharifAmit_DilatedFCNSegmentation_issues.json,6,"LAYning, SharifAmit",6,6_trained_model_pretrained_you,0.6083334128246908
SharifAmit_DilatedFCNSegmentation_issues,SharifAmit_DilatedFCNSegmentation_issues.json,5,"LAYning, SharifAmit",6,6_trained_model_pretrained_you,0.6518471900545427
SharifAmit_DilatedFCNSegmentation_issues,SharifAmit_DilatedFCNSegmentation_issues.json,3,"LAYning, SharifAmit",6,6_trained_model_pretrained_you,0.5564682175644418
SharifAmit_DilatedFCNSegmentation_issues,SharifAmit_DilatedFCNSegmentation_issues.json,2,"LAYning, SharifAmit",-1,-1_habitat_the_src_to,0.0
SharifAmit_DilatedFCNSegmentation_issues,SharifAmit_DilatedFCNSegmentation_issues.json,1,"defenceVT, LAYning, SharifAmit",6,6_trained_model_pretrained_you,1.0
sirfoga_pygce_issues,sirfoga_pygce_issues.json,17,"suttondaniel, sirfoga",38,38_pygce_garmin_connect_2018,1.0
sirfoga_pygce_issues,sirfoga_pygce_issues.json,16,"FelixHarvey, sirfoga",38,38_pygce_garmin_connect_2018,1.0
sirfoga_pygce_issues,sirfoga_pygce_issues.json,15,jakkarth,38,38_pygce_garmin_connect_2018,1.0
sirfoga_pygce_issues,sirfoga_pygce_issues.json,14,"sirfoga, jakkarth",38,38_pygce_garmin_connect_2018,0.8973870669572923
sirfoga_pygce_issues,sirfoga_pygce_issues.json,13,"sirfoga, jakkarth",38,38_pygce_garmin_connect_2018,1.0
sirfoga_pygce_issues,sirfoga_pygce_issues.json,12,"sirfoga, jakkarth",38,38_pygce_garmin_connect_2018,1.0
sirfoga_pygce_issues,sirfoga_pygce_issues.json,11,"JensSam, sirfoga",38,38_pygce_garmin_connect_2018,0.2941163595902832
sirfoga_pygce_issues,sirfoga_pygce_issues.json,10,sirfoga,38,38_pygce_garmin_connect_2018,1.0
sirfoga_pygce_issues,sirfoga_pygce_issues.json,9,sirfoga,38,38_pygce_garmin_connect_2018,1.0
sirfoga_pygce_issues,sirfoga_pygce_issues.json,8,sirfoga,38,38_pygce_garmin_connect_2018,1.0
sirfoga_pygce_issues,sirfoga_pygce_issues.json,7,"b-paredes, sirfoga",38,38_pygce_garmin_connect_2018,1.0
sirfoga_pygce_issues,sirfoga_pygce_issues.json,6,"sirfoga, bavodaniels",38,38_pygce_garmin_connect_2018,0.399634215672437
sirfoga_pygce_issues,sirfoga_pygce_issues.json,4,"eastabrooka, sirfoga",38,38_pygce_garmin_connect_2018,1.0
sirfoga_pygce_issues,sirfoga_pygce_issues.json,3,"TheKiteRunning, sirfoga",38,38_pygce_garmin_connect_2018,1.0
sirfoga_pygce_issues,sirfoga_pygce_issues.json,2,"sirfoga, jedie",38,38_pygce_garmin_connect_2018,0.6550716988999125
sirfoga_pygce_issues,sirfoga_pygce_issues.json,1,"sirfoga, EmptySoft",15,15_tensor_at_task_datarep,0.6871020302338589
skjerns_AutoSleepScorer_issues,skjerns_AutoSleepScorer_issues.json,36,427smx,-1,-1_habitat_the_src_to,0.0
skjerns_AutoSleepScorer_issues,skjerns_AutoSleepScorer_issues.json,35,427smx,-1,-1_habitat_the_src_to,0.0
skjerns_AutoSleepScorer_issues,skjerns_AutoSleepScorer_issues.json,32,"gsamyak30, skjerns",32,32_eeg_channels_sleep_eog,1.0
skjerns_AutoSleepScorer_issues,skjerns_AutoSleepScorer_issues.json,31,"gsamyak30, skjerns",32,32_eeg_channels_sleep_eog,0.9251940724330395
skjerns_AutoSleepScorer_issues,skjerns_AutoSleepScorer_issues.json,30,"gsamyak30, skjerns",32,32_eeg_channels_sleep_eog,0.9036772255715434
skjerns_AutoSleepScorer_issues,skjerns_AutoSleepScorer_issues.json,29,"gsamyak30, madhhir, skjerns",32,32_eeg_channels_sleep_eog,1.0
skjerns_AutoSleepScorer_issues,skjerns_AutoSleepScorer_issues.json,28,"gsamyak30, madhhir, skjerns",32,32_eeg_channels_sleep_eog,0.9891829116178283
skjerns_AutoSleepScorer_issues,skjerns_AutoSleepScorer_issues.json,27,"gsamyak30, skjerns",32,32_eeg_channels_sleep_eog,1.0
skjerns_AutoSleepScorer_issues,skjerns_AutoSleepScorer_issues.json,26,"gsamyak30, skjerns",32,32_eeg_channels_sleep_eog,0.9345581274164033
skjerns_AutoSleepScorer_issues,skjerns_AutoSleepScorer_issues.json,25,"madhhir, skjerns",-1,-1_habitat_the_src_to,0.0
skjerns_AutoSleepScorer_issues,skjerns_AutoSleepScorer_issues.json,24,"gsamyak30, skjerns",27,27_tensorflow_keras_tf_py,0.9920132985138258
skjerns_AutoSleepScorer_issues,skjerns_AutoSleepScorer_issues.json,23,"gsamyak30, skjerns",27,27_tensorflow_keras_tf_py,0.8156930126206563
skjerns_AutoSleepScorer_issues,skjerns_AutoSleepScorer_issues.json,21,"skjerns, komdec",6,6_trained_model_pretrained_you,0.5385447111159115
skjerns_AutoSleepScorer_issues,skjerns_AutoSleepScorer_issues.json,20,zenbooster,32,32_eeg_channels_sleep_eog,1.0
skjerns_AutoSleepScorer_issues,skjerns_AutoSleepScorer_issues.json,19,"skjerns, zenbooster",32,32_eeg_channels_sleep_eog,1.0
skjerns_AutoSleepScorer_issues,skjerns_AutoSleepScorer_issues.json,18,"skjerns, zenbooster",27,27_tensorflow_keras_tf_py,1.0
skjerns_AutoSleepScorer_issues,skjerns_AutoSleepScorer_issues.json,15,"JimHe1993, skjerns, lhaippp",32,32_eeg_channels_sleep_eog,1.0
skjerns_AutoSleepScorer_issues,skjerns_AutoSleepScorer_issues.json,14,"17bcwu, skjerns",-1,-1_habitat_the_src_to,0.0
skjerns_AutoSleepScorer_issues,skjerns_AutoSleepScorer_issues.json,13,"17bcwu, skjerns",17,17_memory_gpu_batch_size,1.0
skjerns_AutoSleepScorer_issues,skjerns_AutoSleepScorer_issues.json,12,"skjerns, PaulMuadDib",17,17_memory_gpu_batch_size,1.0
skjerns_AutoSleepScorer_issues,skjerns_AutoSleepScorer_issues.json,11,"17bcwu, skjerns, LXElvira",-1,-1_habitat_the_src_to,0.0
skjerns_AutoSleepScorer_issues,skjerns_AutoSleepScorer_issues.json,10,"skjerns, balandongiv",-1,-1_habitat_the_src_to,0.0
skjerns_AutoSleepScorer_issues,skjerns_AutoSleepScorer_issues.json,9,"skjerns, balandongiv, PaulMuadDib",32,32_eeg_channels_sleep_eog,1.0
skjerns_AutoSleepScorer_issues,skjerns_AutoSleepScorer_issues.json,8,"skjerns, PaulMuadDib",-1,-1_habitat_the_src_to,0.0
skjerns_AutoSleepScorer_issues,skjerns_AutoSleepScorer_issues.json,7,"yiboliu94, skjerns, PaulMuadDib",32,32_eeg_channels_sleep_eog,1.0
skjerns_AutoSleepScorer_issues,skjerns_AutoSleepScorer_issues.json,6,"gadallon1, RAllon, skjerns",32,32_eeg_channels_sleep_eog,1.0
skjerns_AutoSleepScorer_issues,skjerns_AutoSleepScorer_issues.json,5,"skjerns, mayeaux",32,32_eeg_channels_sleep_eog,1.0
skjerns_AutoSleepScorer_issues,skjerns_AutoSleepScorer_issues.json,2,"cjpark87, skjerns",25,25_h5py_self_py_keras,0.8887550599293458
skjerns_AutoSleepScorer_issues,skjerns_AutoSleepScorer_issues.json,1,"shqing, skjerns",6,6_trained_model_pretrained_you,0.9691715000091652
subodh-malgonde_vehicle-detection_issues,subodh-malgonde_vehicle-detection_issues.json,12,ApoorvaOjha,44,44_own_dataset_images_train,1.0
subodh-malgonde_vehicle-detection_issues,subodh-malgonde_vehicle-detection_issues.json,11,"ApoorvaOjha, chrisdid4, JaiVallabh",-1,-1_habitat_the_src_to,0.0
subodh-malgonde_vehicle-detection_issues,subodh-malgonde_vehicle-detection_issues.json,10,"gael-gao, pankaj-saha",-1,-1_habitat_the_src_to,0.0
subodh-malgonde_vehicle-detection_issues,subodh-malgonde_vehicle-detection_issues.json,8,"subodh-malgonde, rajabi1372",-1,-1_habitat_the_src_to,0.0
subodh-malgonde_vehicle-detection_issues,subodh-malgonde_vehicle-detection_issues.json,7,"subodh-malgonde, madhu-korada, vieite",21,21_conda_habitat_anaconda_sim,0.9401378768712185
subodh-malgonde_vehicle-detection_issues,subodh-malgonde_vehicle-detection_issues.json,6,"subodh-malgonde, SRugina",-1,-1_habitat_the_src_to,0.0
subodh-malgonde_vehicle-detection_issues,subodh-malgonde_vehicle-detection_issues.json,5,"katrinbujari, subodh-malgonde",-1,-1_habitat_the_src_to,0.0
subodh-malgonde_vehicle-detection_issues,subodh-malgonde_vehicle-detection_issues.json,4,"subodh-malgonde, XiongLianga",-1,-1_habitat_the_src_to,0.0
subodh-malgonde_vehicle-detection_issues,subodh-malgonde_vehicle-detection_issues.json,3,"subodh-malgonde, Sayantan17",-1,-1_habitat_the_src_to,0.0
subodh-malgonde_vehicle-detection_issues,subodh-malgonde_vehicle-detection_issues.json,2,"subodh-malgonde, Angloher, docPhil99, ManjeeraJagiri, aashay96, anandkoirala",6,6_trained_model_pretrained_you,0.576244099791415
subodh-malgonde_vehicle-detection_issues,subodh-malgonde_vehicle-detection_issues.json,1,"subodh-malgonde, wn312991, san-rs",-1,-1_habitat_the_src_to,0.0
sugyan_tf-face-recognizer_issues,sugyan_tf-face-recognizer_issues.json,2,raghuramsadineni,-1,-1_habitat_the_src_to,0.0
t04glovern_stylegan-pokemon_issues,t04glovern_stylegan-pokemon_issues.json,1,jacky22043,42,42_acc_val_epoch_loss,1.0
tech-srl_code2vec_issues,tech-srl_code2vec_issues.json,189,"hy20191108, urialon",13,13_license_demo_lichess_this,0.6023828008705084
tech-srl_code2vec_issues,tech-srl_code2vec_issues.json,188,"anushka192001, urialon",2,2_code2vec_java_the_javaextractor,0.7906510098717126
tech-srl_code2vec_issues,tech-srl_code2vec_issues.json,187,"YogishGayatri, urialon",2,2_code2vec_java_the_javaextractor,0.6468959976141359
tech-srl_code2vec_issues,tech-srl_code2vec_issues.json,186,"XuPing1234, messiGao, urialon, asyed79gatech, zhaojialinnn",2,2_code2vec_java_the_javaextractor,0.32865357029492726
tech-srl_code2vec_issues,tech-srl_code2vec_issues.json,185,"woshizhuchenguang, urialon",34,34_jderobot_detectionsuite_darknet_wiki,0.8139158870908525
tech-srl_code2vec_issues,tech-srl_code2vec_issues.json,184,"YogishGayatri, urialon",2,2_code2vec_java_the_javaextractor,0.7548141933117621
tech-srl_code2vec_issues,tech-srl_code2vec_issues.json,183,"YogishGayatri, urialon",2,2_code2vec_java_the_javaextractor,0.3418135629257517
tech-srl_code2vec_issues,tech-srl_code2vec_issues.json,181,"urialon, lidiancracy",-1,-1_habitat_the_src_to,0.0
tech-srl_code2vec_issues,tech-srl_code2vec_issues.json,180,"asyed79gatech, urialon, shankernamami",2,2_code2vec_java_the_javaextractor,1.0
tech-srl_code2vec_issues,tech-srl_code2vec_issues.json,179,"alakhalil, urialon",-1,-1_habitat_the_src_to,0.0
tech-srl_code2vec_issues,tech-srl_code2vec_issues.json,177,"zunairazaman, urialon, zunairazaman2021",2,2_code2vec_java_the_javaextractor,1.0
tech-srl_code2vec_issues,tech-srl_code2vec_issues.json,176,"urialon, Avv22",2,2_code2vec_java_the_javaextractor,0.8579940004956313
tech-srl_code2vec_issues,tech-srl_code2vec_issues.json,175,"urialon, Avv22",2,2_code2vec_java_the_javaextractor,0.2799492870596276
tech-srl_code2vec_issues,tech-srl_code2vec_issues.json,174,"urialon, Ytz-Ichi",-1,-1_habitat_the_src_to,0.0
tech-srl_code2vec_issues,tech-srl_code2vec_issues.json,173,"anonSubmissionGithub, urialon",2,2_code2vec_java_the_javaextractor,0.5889593559434907
tech-srl_code2vec_issues,tech-srl_code2vec_issues.json,172,"urialon, Ytz-Ichi",2,2_code2vec_java_the_javaextractor,1.0
tech-srl_code2vec_issues,tech-srl_code2vec_issues.json,169,"alsabaawi, urialon",-1,-1_habitat_the_src_to,0.0
tech-srl_code2vec_issues,tech-srl_code2vec_issues.json,168,"XuRuiAngel, urialon, daveymathijssen",2,2_code2vec_java_the_javaextractor,0.9784239246206528
tech-srl_code2vec_issues,tech-srl_code2vec_issues.json,166,"urialon, daveymathijssen",-1,-1_habitat_the_src_to,0.0
tech-srl_code2vec_issues,tech-srl_code2vec_issues.json,165,"naisgud, urialon",6,6_trained_model_pretrained_you,1.0
tech-srl_code2vec_issues,tech-srl_code2vec_issues.json,164,"urialon, daveymathijssen",2,2_code2vec_java_the_javaextractor,0.6224260665337787
tech-srl_code2vec_issues,tech-srl_code2vec_issues.json,163,"urialon, colebuckleyy",2,2_code2vec_java_the_javaextractor,0.9959092516364604
tech-srl_code2vec_issues,tech-srl_code2vec_issues.json,162,"snowlovehang, urialon",2,2_code2vec_java_the_javaextractor,0.49993606575041244
tech-srl_code2vec_issues,tech-srl_code2vec_issues.json,161,"urialon, ngohlong",17,17_memory_gpu_batch_size,1.0
tech-srl_code2vec_issues,tech-srl_code2vec_issues.json,160,"urialon, abitrolly",2,2_code2vec_java_the_javaextractor,0.5798617387785855
tech-srl_code2vec_issues,tech-srl_code2vec_issues.json,159,"urialon, abitrolly",2,2_code2vec_java_the_javaextractor,1.0
tech-srl_code2vec_issues,tech-srl_code2vec_issues.json,158,"ShaliniR11, urialon, zunairazaman2021, Lufedi",2,2_code2vec_java_the_javaextractor,0.31520212175518636
tech-srl_code2vec_issues,tech-srl_code2vec_issues.json,157,"ShaliniR11, urialon",2,2_code2vec_java_the_javaextractor,0.6247589650803773
tech-srl_code2vec_issues,tech-srl_code2vec_issues.json,156,"urialon, colebuckleyy",2,2_code2vec_java_the_javaextractor,0.32007501247177605
tech-srl_code2vec_issues,tech-srl_code2vec_issues.json,153,"yilinfang, urialon",2,2_code2vec_java_the_javaextractor,0.971527841666947
tech-srl_code2vec_issues,tech-srl_code2vec_issues.json,151,"WQR53, urialon",-1,-1_habitat_the_src_to,0.0
tech-srl_code2vec_issues,tech-srl_code2vec_issues.json,150,"urialon, colebuckleyy",2,2_code2vec_java_the_javaextractor,0.9375594000494996
tech-srl_code2vec_issues,tech-srl_code2vec_issues.json,149,"brcsnt, urialon",2,2_code2vec_java_the_javaextractor,0.4126623854431479
tech-srl_code2vec_issues,tech-srl_code2vec_issues.json,148,"smyoder, urialon",-1,-1_habitat_the_src_to,0.0
tech-srl_code2vec_issues,tech-srl_code2vec_issues.json,146,"MayAlsofyani, urialon",2,2_code2vec_java_the_javaextractor,0.7564040672699045
tech-srl_code2vec_issues,tech-srl_code2vec_issues.json,145,"Sichengluis, urialon",2,2_code2vec_java_the_javaextractor,0.7867364303099535
tech-srl_code2vec_issues,tech-srl_code2vec_issues.json,144,"MayAlsofyani, urialon, Veeraraghavans",2,2_code2vec_java_the_javaextractor,0.9159387460016675
tech-srl_code2vec_issues,tech-srl_code2vec_issues.json,143,"brcsnt, urialon",2,2_code2vec_java_the_javaextractor,0.5563267518956813
tech-srl_code2vec_issues,tech-srl_code2vec_issues.json,142,"buptgarden, urialon",30,30_training_predict_save_stop,0.8373825827416227
tech-srl_code2vec_issues,tech-srl_code2vec_issues.json,141,"RichardZapanta, urialon",2,2_code2vec_java_the_javaextractor,1.0
tech-srl_code2vec_issues,tech-srl_code2vec_issues.json,140,"buptgarden, urialon",2,2_code2vec_java_the_javaextractor,0.16395506584538275
tech-srl_code2vec_issues,tech-srl_code2vec_issues.json,138,"allomy, urialon",2,2_code2vec_java_the_javaextractor,0.2928431196294563
tech-srl_code2vec_issues,tech-srl_code2vec_issues.json,137,"urialon, Avv22",-1,-1_habitat_the_src_to,0.0
tech-srl_code2vec_issues,tech-srl_code2vec_issues.json,136,"urialon, sakshi15108",-1,-1_habitat_the_src_to,0.0
tech-srl_code2vec_issues,tech-srl_code2vec_issues.json,135,"lyriccoder, urialon",-1,-1_habitat_the_src_to,0.0
tech-srl_code2vec_issues,tech-srl_code2vec_issues.json,134,"urialon, Avv22",-1,-1_habitat_the_src_to,0.0
tech-srl_code2vec_issues,tech-srl_code2vec_issues.json,133,Avv22,2,2_code2vec_java_the_javaextractor,0.39872071684031224
tech-srl_code2vec_issues,tech-srl_code2vec_issues.json,132,"urialon, Avv22",2,2_code2vec_java_the_javaextractor,0.9071584299350779
tech-srl_code2vec_issues,tech-srl_code2vec_issues.json,131,"allomy, urialon",2,2_code2vec_java_the_javaextractor,0.69649652393376
tech-srl_code2vec_issues,tech-srl_code2vec_issues.json,128,"urialon, anon721702",2,2_code2vec_java_the_javaextractor,0.5129534075322296
tech-srl_code2vec_issues,tech-srl_code2vec_issues.json,127,anon721702,2,2_code2vec_java_the_javaextractor,0.309169964339972
tech-srl_code2vec_issues,tech-srl_code2vec_issues.json,126,"urialon, DJjjjhao",2,2_code2vec_java_the_javaextractor,0.6917310717786156
tech-srl_code2vec_issues,tech-srl_code2vec_issues.json,125,"binglinchengxiash, WQR53, urialon",-1,-1_habitat_the_src_to,0.0
tech-srl_code2vec_issues,tech-srl_code2vec_issues.json,124,"binglinchengxiash, urialon",2,2_code2vec_java_the_javaextractor,0.25870956504669623
tech-srl_code2vec_issues,tech-srl_code2vec_issues.json,123,"mosh98, urialon",2,2_code2vec_java_the_javaextractor,0.36421545223005536
tech-srl_code2vec_issues,tech-srl_code2vec_issues.json,122,"Avv22, urialon, estiver-alvarez, Sohaib90",-1,-1_habitat_the_src_to,0.0
tech-srl_code2vec_issues,tech-srl_code2vec_issues.json,121,"urialon, anon721702",2,2_code2vec_java_the_javaextractor,0.5036804711092546
tech-srl_code2vec_issues,tech-srl_code2vec_issues.json,120,"ArnolFokam, urialon",2,2_code2vec_java_the_javaextractor,0.8554437101496563
tech-srl_code2vec_issues,tech-srl_code2vec_issues.json,119,"arghavanMor, urialon",2,2_code2vec_java_the_javaextractor,0.3635410394096368
tech-srl_code2vec_issues,tech-srl_code2vec_issues.json,117,"urialon, estiver-alvarez, Sohaib90",-1,-1_habitat_the_src_to,0.0
tech-srl_code2vec_issues,tech-srl_code2vec_issues.json,115,"NURx2, urialon",2,2_code2vec_java_the_javaextractor,1.0
tech-srl_code2vec_issues,tech-srl_code2vec_issues.json,114,"arghavanMor, urialon",2,2_code2vec_java_the_javaextractor,0.3418135629257517
tech-srl_code2vec_issues,tech-srl_code2vec_issues.json,113,"BTVinh0409, urialon",2,2_code2vec_java_the_javaextractor,0.3215586781903212
tech-srl_code2vec_issues,tech-srl_code2vec_issues.json,112,"Marvinmw, urialon",2,2_code2vec_java_the_javaextractor,0.2054588761618696
tech-srl_code2vec_issues,tech-srl_code2vec_issues.json,111,"NURx2, urialon",2,2_code2vec_java_the_javaextractor,0.3635410394096368
tech-srl_code2vec_issues,tech-srl_code2vec_issues.json,110,binglinchengxiash,2,2_code2vec_java_the_javaextractor,0.3418135629257517
tech-srl_code2vec_issues,tech-srl_code2vec_issues.json,108,"aishwariyarao217, urialon",2,2_code2vec_java_the_javaextractor,0.8613308208626758
tech-srl_code2vec_issues,tech-srl_code2vec_issues.json,106,"gOATiful, spr593, urialon, HardikPrabhu",-1,-1_habitat_the_src_to,0.0
tech-srl_code2vec_issues,tech-srl_code2vec_issues.json,105,faysalhossain2007,2,2_code2vec_java_the_javaextractor,1.0
tech-srl_code2vec_issues,tech-srl_code2vec_issues.json,104,"urialon, faysalhossain2007",2,2_code2vec_java_the_javaextractor,0.9241519714565437
tech-srl_code2vec_issues,tech-srl_code2vec_issues.json,103,"urialon, sakshi15108",2,2_code2vec_java_the_javaextractor,0.3339351865745667
tech-srl_code2vec_issues,tech-srl_code2vec_issues.json,102,"riyaj8888, urialon",2,2_code2vec_java_the_javaextractor,0.8454925735781195
tech-srl_code2vec_issues,tech-srl_code2vec_issues.json,101,"Avv22, urialon, faysalhossain2007",-1,-1_habitat_the_src_to,0.0
tech-srl_code2vec_issues,tech-srl_code2vec_issues.json,100,"urialon, faysalhossain2007",2,2_code2vec_java_the_javaextractor,1.0
tech-srl_code2vec_issues,tech-srl_code2vec_issues.json,99,"celsofranssa, urialon",2,2_code2vec_java_the_javaextractor,0.5051585827577347
tech-srl_code2vec_issues,tech-srl_code2vec_issues.json,98,"urialon, jeandersonbc",2,2_code2vec_java_the_javaextractor,0.7201760814337642
tech-srl_code2vec_issues,tech-srl_code2vec_issues.json,97,"celsofranssa, urialon, faysalhossain2007",2,2_code2vec_java_the_javaextractor,1.0
tech-srl_code2vec_issues,tech-srl_code2vec_issues.json,96,"celsofranssa, urialon",2,2_code2vec_java_the_javaextractor,0.6692301323413549
tech-srl_code2vec_issues,tech-srl_code2vec_issues.json,95,"urialon, iamchenxin-coder",2,2_code2vec_java_the_javaextractor,0.24193151566950608
tech-srl_code2vec_issues,tech-srl_code2vec_issues.json,94,"urialon, yemao616",-1,-1_habitat_the_src_to,0.0
tech-srl_code2vec_issues,tech-srl_code2vec_issues.json,93,"Kadakol, urialon",2,2_code2vec_java_the_javaextractor,0.2124963952362586
tech-srl_code2vec_issues,tech-srl_code2vec_issues.json,92,"YawWQ, urialon",-1,-1_habitat_the_src_to,0.0
tech-srl_code2vec_issues,tech-srl_code2vec_issues.json,91,"shreyasingh, urialon",2,2_code2vec_java_the_javaextractor,0.9784239246206528
tech-srl_code2vec_issues,tech-srl_code2vec_issues.json,90,"ghost, urialon",2,2_code2vec_java_the_javaextractor,0.6776767386873999
tech-srl_code2vec_issues,tech-srl_code2vec_issues.json,89,"zekidsp, urialon, Makifer",2,2_code2vec_java_the_javaextractor,0.3635410394096368
tech-srl_code2vec_issues,tech-srl_code2vec_issues.json,87,"ahrrao1982, Kadakol, urialon",-1,-1_habitat_the_src_to,0.0
tech-srl_code2vec_issues,tech-srl_code2vec_issues.json,86,"brownies11, urialon",2,2_code2vec_java_the_javaextractor,0.3418135629257517
tech-srl_code2vec_issues,tech-srl_code2vec_issues.json,84,"dhas, urialon",-1,-1_habitat_the_src_to,0.0
tech-srl_code2vec_issues,tech-srl_code2vec_issues.json,83,"urialon, hellokitty753159",2,2_code2vec_java_the_javaextractor,0.28066658527750044
tech-srl_code2vec_issues,tech-srl_code2vec_issues.json,80,"lyqssb, urialon",2,2_code2vec_java_the_javaextractor,0.9959092516364604
tech-srl_code2vec_issues,tech-srl_code2vec_issues.json,79,"urialon, vinayak618",2,2_code2vec_java_the_javaextractor,0.18106124126878986
tech-srl_code2vec_issues,tech-srl_code2vec_issues.json,78,"urialon, vinayak618",17,17_memory_gpu_batch_size,1.0
tech-srl_code2vec_issues,tech-srl_code2vec_issues.json,77,"ghost, urialon",2,2_code2vec_java_the_javaextractor,0.2930917816575085
tech-srl_code2vec_issues,tech-srl_code2vec_issues.json,76,"ghost, urialon",2,2_code2vec_java_the_javaextractor,0.3681255515666447
tech-srl_code2vec_issues,tech-srl_code2vec_issues.json,74,"BrynMarieR, urialon",2,2_code2vec_java_the_javaextractor,0.6455563219575938
tech-srl_code2vec_issues,tech-srl_code2vec_issues.json,72,"kyledampier, urialon, SimoneBrigante",2,2_code2vec_java_the_javaextractor,0.8745625430107773
tech-srl_code2vec_issues,tech-srl_code2vec_issues.json,71,"urialon, SimoneBrigante",2,2_code2vec_java_the_javaextractor,0.3635410394096368
tech-srl_code2vec_issues,tech-srl_code2vec_issues.json,70,"brash6, urialon, hsellik, ShaliniR11, SimoneBrigante",2,2_code2vec_java_the_javaextractor,0.3418135629257517
tech-srl_code2vec_issues,tech-srl_code2vec_issues.json,69,"Gueloi, urialon",2,2_code2vec_java_the_javaextractor,0.5818991826864764
tech-srl_code2vec_issues,tech-srl_code2vec_issues.json,68,"urialon, rrrxderek",2,2_code2vec_java_the_javaextractor,0.3418135629257517
tech-srl_code2vec_issues,tech-srl_code2vec_issues.json,66,"Shushank96, urialon",2,2_code2vec_java_the_javaextractor,0.5645675103379912
tech-srl_code2vec_issues,tech-srl_code2vec_issues.json,65,"shreyasingh, urialon, anki54",-1,-1_habitat_the_src_to,0.0
tech-srl_code2vec_issues,tech-srl_code2vec_issues.json,64,"jumormt, urialon",2,2_code2vec_java_the_javaextractor,0.35266397606216976
tech-srl_code2vec_issues,tech-srl_code2vec_issues.json,63,"hsellik, urialon",2,2_code2vec_java_the_javaextractor,0.4134337814755325
tech-srl_code2vec_issues,tech-srl_code2vec_issues.json,62,"shubhamrsangle, urialon",2,2_code2vec_java_the_javaextractor,0.6736215390540516
tech-srl_code2vec_issues,tech-srl_code2vec_issues.json,61,"shubhamrsangle, urialon",2,2_code2vec_java_the_javaextractor,0.2365319918119444
tech-srl_code2vec_issues,tech-srl_code2vec_issues.json,60,"shubhamrsangle, urialon, anhhaibkhn",2,2_code2vec_java_the_javaextractor,0.9095514724360446
tech-srl_code2vec_issues,tech-srl_code2vec_issues.json,59,"urialon, DungNguyen83",2,2_code2vec_java_the_javaextractor,0.48466775242630633
tech-srl_code2vec_issues,tech-srl_code2vec_issues.json,58,"wblovecoding, urialon",2,2_code2vec_java_the_javaextractor,0.8344073082576797
tech-srl_code2vec_issues,tech-srl_code2vec_issues.json,57,"liangxi11, urialon",2,2_code2vec_java_the_javaextractor,0.5019982704618021
tech-srl_code2vec_issues,tech-srl_code2vec_issues.json,56,"urialon, DavidSUN2",2,2_code2vec_java_the_javaextractor,0.9004955503902583
tech-srl_code2vec_issues,tech-srl_code2vec_issues.json,55,"hussien89aa, urialon",2,2_code2vec_java_the_javaextractor,0.3635410394096368
tech-srl_code2vec_issues,tech-srl_code2vec_issues.json,54,"skarimik, Muralitharan2789, urialon, DavidSUN2",2,2_code2vec_java_the_javaextractor,0.3541441608388461
tech-srl_code2vec_issues,tech-srl_code2vec_issues.json,52,"francefa, urialon",-1,-1_habitat_the_src_to,0.0
tech-srl_code2vec_issues,tech-srl_code2vec_issues.json,50,"Gueloi, urialon",2,2_code2vec_java_the_javaextractor,0.3015561913110736
tech-srl_code2vec_issues,tech-srl_code2vec_issues.json,49,"BUCTwangkun, urialon",2,2_code2vec_java_the_javaextractor,0.508724320950212
tech-srl_code2vec_issues,tech-srl_code2vec_issues.json,48,"lishi0927, urialon",-1,-1_habitat_the_src_to,0.0
tech-srl_code2vec_issues,tech-srl_code2vec_issues.json,47,"utkarsh-agrawaal, urialon",2,2_code2vec_java_the_javaextractor,0.8591213910245987
tech-srl_code2vec_issues,tech-srl_code2vec_issues.json,46,"nickshevr, urialon",2,2_code2vec_java_the_javaextractor,0.9714142896106132
tech-srl_code2vec_issues,tech-srl_code2vec_issues.json,45,"anjandash, urialon",2,2_code2vec_java_the_javaextractor,0.3259201831668581
tech-srl_code2vec_issues,tech-srl_code2vec_issues.json,44,"BUCTwangkun, urialon",10,10_dataset_download_datasets_you,0.32417618557865974
tech-srl_code2vec_issues,tech-srl_code2vec_issues.json,43,"celsofranssa, BUCTwangkun, urialon",2,2_code2vec_java_the_javaextractor,0.7548141933117621
tech-srl_code2vec_issues,tech-srl_code2vec_issues.json,42,"urialon, DavidSUN2, munybt",2,2_code2vec_java_the_javaextractor,0.4834045450314278
tech-srl_code2vec_issues,tech-srl_code2vec_issues.json,41,"brash6, urialon, munybt",2,2_code2vec_java_the_javaextractor,0.5445620598875653
tech-srl_code2vec_issues,tech-srl_code2vec_issues.json,40,"urialon, DungNguyen83",2,2_code2vec_java_the_javaextractor,0.763070572319416
tech-srl_code2vec_issues,tech-srl_code2vec_issues.json,39,"urialon, DungNguyen83",2,2_code2vec_java_the_javaextractor,0.3418135629257517
tech-srl_code2vec_issues,tech-srl_code2vec_issues.json,38,"eladn, urialon, s0l4s",-1,-1_habitat_the_src_to,0.0
tech-srl_code2vec_issues,tech-srl_code2vec_issues.json,36,"eladn, j0rd1smit, urialon",2,2_code2vec_java_the_javaextractor,0.16392099903312102
tech-srl_code2vec_issues,tech-srl_code2vec_issues.json,34,"loopylangur, urialon",2,2_code2vec_java_the_javaextractor,0.4433731524937594
tech-srl_code2vec_issues,tech-srl_code2vec_issues.json,33,"eladn, haldos, urialon, svkeerthy",-1,-1_habitat_the_src_to,0.0
tech-srl_code2vec_issues,tech-srl_code2vec_issues.json,32,"basedrhys, mmsbrggr, urialon",2,2_code2vec_java_the_javaextractor,0.4197324642074273
tech-srl_code2vec_issues,tech-srl_code2vec_issues.json,31,"eladn, jeroenherczeg, urialon",-1,-1_habitat_the_src_to,0.0
tech-srl_code2vec_issues,tech-srl_code2vec_issues.json,30,"iTakeshi, urialon",-1,-1_habitat_the_src_to,0.0
tech-srl_code2vec_issues,tech-srl_code2vec_issues.json,29,"iTakeshi, urialon",27,27_tensorflow_keras_tf_py,0.885626965671169
tech-srl_code2vec_issues,tech-srl_code2vec_issues.json,28,"jeroenherczeg, wangluochao902, urialon",0,0_model_modelmanager_serving_server,0.6321353780211567
tech-srl_code2vec_issues,tech-srl_code2vec_issues.json,26,"hsellik, loopylangur, urialon",2,2_code2vec_java_the_javaextractor,0.3635410394096368
tech-srl_code2vec_issues,tech-srl_code2vec_issues.json,25,"hsellik, guywaldman, urialon, esstorm",2,2_code2vec_java_the_javaextractor,1.0
tech-srl_code2vec_issues,tech-srl_code2vec_issues.json,24,"rcl0, urialon",2,2_code2vec_java_the_javaextractor,0.3635410394096368
tech-srl_code2vec_issues,tech-srl_code2vec_issues.json,23,"yahave, rcl0, urialon, zhaoyiCC",2,2_code2vec_java_the_javaextractor,0.40627790528297614
tech-srl_code2vec_issues,tech-srl_code2vec_issues.json,22,"zyctinker, urialon, zhaoyiCC, LawrenceLemon1999",2,2_code2vec_java_the_javaextractor,0.6506469778812567
tech-srl_code2vec_issues,tech-srl_code2vec_issues.json,21,"urialon, zayedupal",2,2_code2vec_java_the_javaextractor,0.2649387305778234
tech-srl_code2vec_issues,tech-srl_code2vec_issues.json,19,"gosuodin, urialon, hungnt1997",2,2_code2vec_java_the_javaextractor,0.5818991826864764
tech-srl_code2vec_issues,tech-srl_code2vec_issues.json,18,"HyunaShin, urialon",2,2_code2vec_java_the_javaextractor,0.5448471653789972
tech-srl_code2vec_issues,tech-srl_code2vec_issues.json,17,YazaWainakh,-1,-1_habitat_the_src_to,0.0
tech-srl_code2vec_issues,tech-srl_code2vec_issues.json,16,"urialon, hungnt1997",-1,-1_habitat_the_src_to,0.0
tech-srl_code2vec_issues,tech-srl_code2vec_issues.json,15,"clause, urialon",2,2_code2vec_java_the_javaextractor,0.5543388057517904
tech-srl_code2vec_issues,tech-srl_code2vec_issues.json,14,"clause, urialon",2,2_code2vec_java_the_javaextractor,0.5469640747738704
tech-srl_code2vec_issues,tech-srl_code2vec_issues.json,13,"urialon, zayedupal",2,2_code2vec_java_the_javaextractor,0.7117782929138586
tech-srl_code2vec_issues,tech-srl_code2vec_issues.json,11,"danglotb, urialon",-1,-1_habitat_the_src_to,0.0
tech-srl_code2vec_issues,tech-srl_code2vec_issues.json,10,"taxio, urialon",35,35_attention_attentiongan_scheme_mask,0.1582342142415779
tech-srl_code2vec_issues,tech-srl_code2vec_issues.json,9,"mallahyari, mshamrai, urialon",2,2_code2vec_java_the_javaextractor,0.7383981027790911
tech-srl_code2vec_issues,tech-srl_code2vec_issues.json,8,"Shushank96, ngocpq, urialon",2,2_code2vec_java_the_javaextractor,0.28808298554278305
tech-srl_code2vec_issues,tech-srl_code2vec_issues.json,6,"impredicative, mikhfilippov, urialon",2,2_code2vec_java_the_javaextractor,0.8254848387413498
tech-srl_code2vec_issues,tech-srl_code2vec_issues.json,5,"danglotb, urialon, DungNguyen83",2,2_code2vec_java_the_javaextractor,0.6201188113950733
tech-srl_code2vec_issues,tech-srl_code2vec_issues.json,4,"AisheeDasgupta, nitishMehrotra, urialon",-1,-1_habitat_the_src_to,0.0
tech-srl_code2vec_issues,tech-srl_code2vec_issues.json,3,"DungNguyen83, bentrevett, urialon",2,2_code2vec_java_the_javaextractor,0.31404129695150096
tech-srl_code2vec_issues,tech-srl_code2vec_issues.json,2,"egor-bogomolov, urialon",17,17_memory_gpu_batch_size,0.8347738839709783
tech-srl_code2vec_issues,tech-srl_code2vec_issues.json,1,"urialon, onewhl",-1,-1_habitat_the_src_to,0.0
ThibaultGROUEIX_3D-CODED_issues,ThibaultGROUEIX_3D-CODED_issues.json,51,chibi03,11,11_command_deps_habitat_assimp,0.5716802967568766
ThibaultGROUEIX_3D-CODED_issues,ThibaultGROUEIX_3D-CODED_issues.json,50,Daixinxin-cc,6,6_trained_model_pretrained_you,0.9132507247543042
ThibaultGROUEIX_3D-CODED_issues,ThibaultGROUEIX_3D-CODED_issues.json,49,caijinana,-1,-1_habitat_the_src_to,0.0
ThibaultGROUEIX_3D-CODED_issues,ThibaultGROUEIX_3D-CODED_issues.json,48,"caijinana, ThibaultGROUEIX",-1,-1_habitat_the_src_to,0.0
ThibaultGROUEIX_3D-CODED_issues,ThibaultGROUEIX_3D-CODED_issues.json,47,"Daixinxin-cc, zhoaliang",6,6_trained_model_pretrained_you,1.0
ThibaultGROUEIX_3D-CODED_issues,ThibaultGROUEIX_3D-CODED_issues.json,46,"caijinana, ThibaultGROUEIX",-1,-1_habitat_the_src_to,0.0
ThibaultGROUEIX_3D-CODED_issues,ThibaultGROUEIX_3D-CODED_issues.json,45,"njnj0314, ThibaultGROUEIX",-1,-1_habitat_the_src_to,0.0
ThibaultGROUEIX_3D-CODED_issues,ThibaultGROUEIX_3D-CODED_issues.json,44,"hhuang-code, ThibaultGROUEIX",-1,-1_habitat_the_src_to,0.0
ThibaultGROUEIX_3D-CODED_issues,ThibaultGROUEIX_3D-CODED_issues.json,43,"Sentient07, ThibaultGROUEIX",10,10_dataset_download_datasets_you,1.0
ThibaultGROUEIX_3D-CODED_issues,ThibaultGROUEIX_3D-CODED_issues.json,41,"DavidBoja, ThibaultGROUEIX",10,10_dataset_download_datasets_you,0.29026734389175984
ThibaultGROUEIX_3D-CODED_issues,ThibaultGROUEIX_3D-CODED_issues.json,39,"kuzand, ThibaultGROUEIX",-1,-1_habitat_the_src_to,0.0
ThibaultGROUEIX_3D-CODED_issues,ThibaultGROUEIX_3D-CODED_issues.json,38,"kuzand, ThibaultGROUEIX",3,3_camera_agent_sensor_rotation,1.0
ThibaultGROUEIX_3D-CODED_issues,ThibaultGROUEIX_3D-CODED_issues.json,35,"caijinana, kuzand, ThibaultGROUEIX",-1,-1_habitat_the_src_to,0.0
ThibaultGROUEIX_3D-CODED_issues,ThibaultGROUEIX_3D-CODED_issues.json,34,"hitymz, ThibaultGROUEIX",10,10_dataset_download_datasets_you,0.27186889418407345
ThibaultGROUEIX_3D-CODED_issues,ThibaultGROUEIX_3D-CODED_issues.json,33,"Sentient07, hitymz, ThibaultGROUEIX",-1,-1_habitat_the_src_to,0.0
ThibaultGROUEIX_3D-CODED_issues,ThibaultGROUEIX_3D-CODED_issues.json,32,"cainiaoshidai, ThibaultGROUEIX",-1,-1_habitat_the_src_to,0.0
ThibaultGROUEIX_3D-CODED_issues,ThibaultGROUEIX_3D-CODED_issues.json,31,"zhoaliang, qiji77, ThibaultGROUEIX",6,6_trained_model_pretrained_you,0.8827319343391544
ThibaultGROUEIX_3D-CODED_issues,ThibaultGROUEIX_3D-CODED_issues.json,30,"cathylacus, ThibaultGROUEIX",-1,-1_habitat_the_src_to,0.0
ThibaultGROUEIX_3D-CODED_issues,ThibaultGROUEIX_3D-CODED_issues.json,29,"absdnd, ThibaultGROUEIX",-1,-1_habitat_the_src_to,0.0
ThibaultGROUEIX_3D-CODED_issues,ThibaultGROUEIX_3D-CODED_issues.json,28,"qiji77, ThibaultGROUEIX",-1,-1_habitat_the_src_to,0.0
ThibaultGROUEIX_3D-CODED_issues,ThibaultGROUEIX_3D-CODED_issues.json,27,"qiji77, ThibaultGROUEIX",52,52_time_mxnet_training_you,1.0
ThibaultGROUEIX_3D-CODED_issues,ThibaultGROUEIX_3D-CODED_issues.json,26,"cainiaoshidai, ThibaultGROUEIX",7,7_the_layer_loss_pytorch,0.7053818004593364
ThibaultGROUEIX_3D-CODED_issues,ThibaultGROUEIX_3D-CODED_issues.json,25,"Alision-Yan, ThibaultGROUEIX",6,6_trained_model_pretrained_you,0.5872806538110694
ThibaultGROUEIX_3D-CODED_issues,ThibaultGROUEIX_3D-CODED_issues.json,24,"cainiaoshidai, ThibaultGROUEIX",-1,-1_habitat_the_src_to,0.0
ThibaultGROUEIX_3D-CODED_issues,ThibaultGROUEIX_3D-CODED_issues.json,23,"AmmonZ, ThibaultGROUEIX",10,10_dataset_download_datasets_you,0.26944267437126107
ThibaultGROUEIX_3D-CODED_issues,ThibaultGROUEIX_3D-CODED_issues.json,22,"yanghtr, ThibaultGROUEIX",-1,-1_habitat_the_src_to,0.0
ThibaultGROUEIX_3D-CODED_issues,ThibaultGROUEIX_3D-CODED_issues.json,21,"jellyDL, ThibaultGROUEIX",10,10_dataset_download_datasets_you,0.2834095669739494
ThibaultGROUEIX_3D-CODED_issues,ThibaultGROUEIX_3D-CODED_issues.json,20,"yanghtr, ThibaultGROUEIX",-1,-1_habitat_the_src_to,0.0
ThibaultGROUEIX_3D-CODED_issues,ThibaultGROUEIX_3D-CODED_issues.json,18,"ThibaultGROUEIX, jayis520",-1,-1_habitat_the_src_to,0.0
ThibaultGROUEIX_3D-CODED_issues,ThibaultGROUEIX_3D-CODED_issues.json,17,"ThibaultGROUEIX, jayis520",-1,-1_habitat_the_src_to,0.0
ThibaultGROUEIX_3D-CODED_issues,ThibaultGROUEIX_3D-CODED_issues.json,13,"BingEdison, ThibaultGROUEIX",47,47_whu_apps_00000000_00,1.0
ThibaultGROUEIX_3D-CODED_issues,ThibaultGROUEIX_3D-CODED_issues.json,11,"asnt, ThibaultGROUEIX",-1,-1_habitat_the_src_to,0.0
ThibaultGROUEIX_3D-CODED_issues,ThibaultGROUEIX_3D-CODED_issues.json,10,"asnt, lrquad, ThibaultGROUEIX",-1,-1_habitat_the_src_to,0.0
ThibaultGROUEIX_3D-CODED_issues,ThibaultGROUEIX_3D-CODED_issues.json,9,"yyssmm, ThibaultGROUEIX",15,15_tensor_at_task_datarep,0.6599495369677313
ThibaultGROUEIX_3D-CODED_issues,ThibaultGROUEIX_3D-CODED_issues.json,8,"kongsgard, ThibaultGROUEIX",7,7_the_layer_loss_pytorch,0.9622876254334307
ThibaultGROUEIX_3D-CODED_issues,ThibaultGROUEIX_3D-CODED_issues.json,7,"lixiang-ucas, ThibaultGROUEIX",-1,-1_habitat_the_src_to,0.0
ThibaultGROUEIX_3D-CODED_issues,ThibaultGROUEIX_3D-CODED_issues.json,6,"Rookiee, ThibaultGROUEIX",0,0_model_modelmanager_serving_server,0.6935609209792369
ThibaultGROUEIX_3D-CODED_issues,ThibaultGROUEIX_3D-CODED_issues.json,5,"Lordores, ThibaultGROUEIX",6,6_trained_model_pretrained_you,1.0
ThibaultGROUEIX_3D-CODED_issues,ThibaultGROUEIX_3D-CODED_issues.json,4,"awaelchli, palanglois, jjcao, ThibaultGROUEIX",11,11_command_deps_habitat_assimp,0.6335793905358239
ThibaultGROUEIX_3D-CODED_issues,ThibaultGROUEIX_3D-CODED_issues.json,3,"ThibaultGROUEIX, sonnyhu",7,7_the_layer_loss_pytorch,0.8722530809411488
ThibaultGROUEIX_3D-CODED_issues,ThibaultGROUEIX_3D-CODED_issues.json,2,"zeal-up, ThibaultGROUEIX",-1,-1_habitat_the_src_to,0.0
ThibaultGROUEIX_3D-CODED_issues,ThibaultGROUEIX_3D-CODED_issues.json,1,"jiangzhongshi, ThibaultGROUEIX",11,11_command_deps_habitat_assimp,0.5801827306367578
Tian312_EliIE_issues,Tian312_EliIE_issues.json,4,"dru1889, Tian312, erikautenrieth, MeghaSharma21, vaibhav-rj, iCHAIT, sandeepsingh",10,10_dataset_download_datasets_you,0.8034592206623306
Tian312_EliIE_issues,Tian312_EliIE_issues.json,3,"lk4ml, Tian312",-1,-1_habitat_the_src_to,0.0
Tian312_EliIE_issues,Tian312_EliIE_issues.json,1,"Tian312, ryanpmccaffrey",-1,-1_habitat_the_src_to,0.0
TIBHannover_GeoEstimation_issues,TIBHannover_GeoEstimation_issues.json,30,saniawaheed97,10,10_dataset_download_datasets_you,0.29026734389175984
TIBHannover_GeoEstimation_issues,TIBHannover_GeoEstimation_issues.json,29,"Win-commit, Larry-Gan, layzlee",-1,-1_habitat_the_src_to,0.0
TIBHannover_GeoEstimation_issues,TIBHannover_GeoEstimation_issues.json,28,curious-ai-developer,-1,-1_habitat_the_src_to,0.0
TIBHannover_GeoEstimation_issues,TIBHannover_GeoEstimation_issues.json,27,mikelee-dev,-1,-1_habitat_the_src_to,0.0
TIBHannover_GeoEstimation_issues,TIBHannover_GeoEstimation_issues.json,26,"matthewOrd16, eric-mb",13,13_license_demo_lichess_this,0.5238648689737609
TIBHannover_GeoEstimation_issues,TIBHannover_GeoEstimation_issues.json,25,QianC95,-1,-1_habitat_the_src_to,0.0
TIBHannover_GeoEstimation_issues,TIBHannover_GeoEstimation_issues.json,24,alamayreh,17,17_memory_gpu_batch_size,1.0
TIBHannover_GeoEstimation_issues,TIBHannover_GeoEstimation_issues.json,23,"TIB-Visual-Analytics, PeterPilley",-1,-1_habitat_the_src_to,0.0
TIBHannover_GeoEstimation_issues,TIBHannover_GeoEstimation_issues.json,22,"QianC95, grimhandler09",-1,-1_habitat_the_src_to,0.0
TIBHannover_GeoEstimation_issues,TIBHannover_GeoEstimation_issues.json,20,"TIB-Visual-Analytics, gmberton, eric-mb",-1,-1_habitat_the_src_to,0.0
TIBHannover_GeoEstimation_issues,TIBHannover_GeoEstimation_issues.json,19,"TIB-Visual-Analytics, galewis2",-1,-1_habitat_the_src_to,0.0
TIBHannover_GeoEstimation_issues,TIBHannover_GeoEstimation_issues.json,18,"namin-an, saniawaheed97, habedi, Jia-py, Larry-Gan",10,10_dataset_download_datasets_you,0.2691564660040492
TIBHannover_GeoEstimation_issues,TIBHannover_GeoEstimation_issues.json,16,halfendt,0,0_model_modelmanager_serving_server,0.7000092890241609
TIBHannover_GeoEstimation_issues,TIBHannover_GeoEstimation_issues.json,15,"TIB-Visual-Analytics, turicumoperarius, fzweclipse",-1,-1_habitat_the_src_to,0.0
TIBHannover_GeoEstimation_issues,TIBHannover_GeoEstimation_issues.json,14,"TIB-Visual-Analytics, ronme12",-1,-1_habitat_the_src_to,0.0
TIBHannover_GeoEstimation_issues,TIBHannover_GeoEstimation_issues.json,13,"TIB-Visual-Analytics, OSINTRoach",13,13_license_demo_lichess_this,0.5274325011959071
TIBHannover_GeoEstimation_issues,TIBHannover_GeoEstimation_issues.json,12,"chowwil, jtheiner",-1,-1_habitat_the_src_to,0.0
TIBHannover_GeoEstimation_issues,TIBHannover_GeoEstimation_issues.json,11,"chowwil, jtheiner",-1,-1_habitat_the_src_to,0.0
TIBHannover_GeoEstimation_issues,TIBHannover_GeoEstimation_issues.json,10,"TIB-Visual-Analytics, YangBowenn",10,10_dataset_download_datasets_you,0.33022220032920996
TIBHannover_GeoEstimation_issues,TIBHannover_GeoEstimation_issues.json,9,YangBowenn,10,10_dataset_download_datasets_you,0.3222556749596848
TIBHannover_GeoEstimation_issues,TIBHannover_GeoEstimation_issues.json,8,"TIB-Visual-Analytics, ghost",-1,-1_habitat_the_src_to,0.0
TIBHannover_GeoEstimation_issues,TIBHannover_GeoEstimation_issues.json,7,"TIB-Visual-Analytics, ghost",0,0_model_modelmanager_serving_server,0.5459698669264229
TIBHannover_GeoEstimation_issues,TIBHannover_GeoEstimation_issues.json,6,"TIB-Visual-Analytics, ghost",-1,-1_habitat_the_src_to,0.0
TIBHannover_GeoEstimation_issues,TIBHannover_GeoEstimation_issues.json,5,"TIB-Visual-Analytics, ghost",-1,-1_habitat_the_src_to,0.0
TIBHannover_GeoEstimation_issues,TIBHannover_GeoEstimation_issues.json,4,"TIB-Visual-Analytics, jakubklimek",13,13_license_demo_lichess_this,0.5237666742309789
TIBHannover_GeoEstimation_issues,TIBHannover_GeoEstimation_issues.json,3,katrinleinweber,-1,-1_habitat_the_src_to,0.0
TIBHannover_GeoEstimation_issues,TIBHannover_GeoEstimation_issues.json,1,"TIB-Visual-Analytics, katrinleinweber",-1,-1_habitat_the_src_to,0.0
Tiiiger_bert_score_issues,Tiiiger_bert_score_issues.json,202,osmalpkoras,-1,-1_habitat_the_src_to,0.0
Tiiiger_bert_score_issues,Tiiiger_bert_score_issues.json,201,StevenSong,1,1_score_bert_bertscore_the,0.8850483413289233
Tiiiger_bert_score_issues,Tiiiger_bert_score_issues.json,200,"My-laniaKeA, Jacoblincc, nightrain-vampire",1,1_score_bert_bertscore_the,1.0
Tiiiger_bert_score_issues,Tiiiger_bert_score_issues.json,199,"Tiiiger, FranHG",1,1_score_bert_bertscore_the,1.0
Tiiiger_bert_score_issues,Tiiiger_bert_score_issues.json,198,"Tiiiger, zhu-CX",1,1_score_bert_bertscore_the,0.9734877515436026
Tiiiger_bert_score_issues,Tiiiger_bert_score_issues.json,197,"Tiiiger, Ascisel",1,1_score_bert_bertscore_the,1.0
Tiiiger_bert_score_issues,Tiiiger_bert_score_issues.json,196,"dhandhalyabhavik, Tiiiger, Skripkon",1,1_score_bert_bertscore_the,1.0
Tiiiger_bert_score_issues,Tiiiger_bert_score_issues.json,194,davide445,1,1_score_bert_bertscore_the,1.0
Tiiiger_bert_score_issues,Tiiiger_bert_score_issues.json,193,"Tiiiger, holopyolo",1,1_score_bert_bertscore_the,1.0
Tiiiger_bert_score_issues,Tiiiger_bert_score_issues.json,192,gkaradzhov,1,1_score_bert_bertscore_the,1.0
Tiiiger_bert_score_issues,Tiiiger_bert_score_issues.json,190,"yxp008, JingsenZhang",1,1_score_bert_bertscore_the,1.0
Tiiiger_bert_score_issues,Tiiiger_bert_score_issues.json,188,fkurushin,1,1_score_bert_bertscore_the,0.8480575858688725
Tiiiger_bert_score_issues,Tiiiger_bert_score_issues.json,187,"KanTakahiro, carloalbertobono",17,17_memory_gpu_batch_size,0.976882238012838
Tiiiger_bert_score_issues,Tiiiger_bert_score_issues.json,186,schbrough,1,1_score_bert_bertscore_the,1.0
Tiiiger_bert_score_issues,Tiiiger_bert_score_issues.json,185,"Brown-yang, shuaijiumei, 141forever, zxjhellow2, WangYangfan",1,1_score_bert_bertscore_the,0.8541376302022469
Tiiiger_bert_score_issues,Tiiiger_bert_score_issues.json,184,behnazeslami,1,1_score_bert_bertscore_the,1.0
Tiiiger_bert_score_issues,Tiiiger_bert_score_issues.json,183,daehuikim,1,1_score_bert_bertscore_the,1.0
Tiiiger_bert_score_issues,Tiiiger_bert_score_issues.json,182,"hemengjita, ruiguo-bio",1,1_score_bert_bertscore_the,0.5679869322453508
Tiiiger_bert_score_issues,Tiiiger_bert_score_issues.json,180,asumagic,1,1_score_bert_bertscore_the,1.0
Tiiiger_bert_score_issues,Tiiiger_bert_score_issues.json,179,"dt-yuhui, XuJianzhi",1,1_score_bert_bertscore_the,1.0
Tiiiger_bert_score_issues,Tiiiger_bert_score_issues.json,178,jbdel,-1,-1_habitat_the_src_to,0.0
Tiiiger_bert_score_issues,Tiiiger_bert_score_issues.json,177,james-deee,1,1_score_bert_bertscore_the,1.0
Tiiiger_bert_score_issues,Tiiiger_bert_score_issues.json,176,"TweedBeetle, michaelmior",1,1_score_bert_bertscore_the,1.0
Tiiiger_bert_score_issues,Tiiiger_bert_score_issues.json,175,djaym7,1,1_score_bert_bertscore_the,0.9529232376105117
Tiiiger_bert_score_issues,Tiiiger_bert_score_issues.json,174,"isabelcachola, JasonCZH4, sobamchan",1,1_score_bert_bertscore_the,1.0
Tiiiger_bert_score_issues,Tiiiger_bert_score_issues.json,173,xukefaker,1,1_score_bert_bertscore_the,1.0
Tiiiger_bert_score_issues,Tiiiger_bert_score_issues.json,172,ogencoglu,15,15_tensor_at_task_datarep,1.0
Tiiiger_bert_score_issues,Tiiiger_bert_score_issues.json,171,lydia7632,-1,-1_habitat_the_src_to,0.0
Tiiiger_bert_score_issues,Tiiiger_bert_score_issues.json,170,"arvindc28, fkurushin",1,1_score_bert_bertscore_the,0.9439180589667429
Tiiiger_bert_score_issues,Tiiiger_bert_score_issues.json,169,rphlstck,1,1_score_bert_bertscore_the,1.0
Tiiiger_bert_score_issues,Tiiiger_bert_score_issues.json,168,khederyy1997,15,15_tensor_at_task_datarep,0.8778771094888088
Tiiiger_bert_score_issues,Tiiiger_bert_score_issues.json,167,"sajjadIslam2619, felixgwu",1,1_score_bert_bertscore_the,1.0
Tiiiger_bert_score_issues,Tiiiger_bert_score_issues.json,166,RaphaelSilv,1,1_score_bert_bertscore_the,1.0
Tiiiger_bert_score_issues,Tiiiger_bert_score_issues.json,165,p-H-7,1,1_score_bert_bertscore_the,1.0
Tiiiger_bert_score_issues,Tiiiger_bert_score_issues.json,164,"dzf0023, felixgwu",1,1_score_bert_bertscore_the,1.0
Tiiiger_bert_score_issues,Tiiiger_bert_score_issues.json,163,"NiloufarShoeibi, felixgwu",1,1_score_bert_bertscore_the,1.0
Tiiiger_bert_score_issues,Tiiiger_bert_score_issues.json,162,Xiaoffff,1,1_score_bert_bertscore_the,1.0
Tiiiger_bert_score_issues,Tiiiger_bert_score_issues.json,160,tierney6,1,1_score_bert_bertscore_the,1.0
Tiiiger_bert_score_issues,Tiiiger_bert_score_issues.json,159,ivanstepanovftw,1,1_score_bert_bertscore_the,1.0
Tiiiger_bert_score_issues,Tiiiger_bert_score_issues.json,158,seyyedjavadrazavi,1,1_score_bert_bertscore_the,1.0
Tiiiger_bert_score_issues,Tiiiger_bert_score_issues.json,157,"BramVanroy, ahgraber",1,1_score_bert_bertscore_the,1.0
Tiiiger_bert_score_issues,Tiiiger_bert_score_issues.json,156,volhakatebi,1,1_score_bert_bertscore_the,0.9162084586730814
Tiiiger_bert_score_issues,Tiiiger_bert_score_issues.json,155,"oyarsa, JingsenZhang",1,1_score_bert_bertscore_the,1.0
Tiiiger_bert_score_issues,Tiiiger_bert_score_issues.json,154,Tim-Lai-Admiral,1,1_score_bert_bertscore_the,1.0
Tiiiger_bert_score_issues,Tiiiger_bert_score_issues.json,153,"YasamanJafari, JingsenZhang",-1,-1_habitat_the_src_to,0.0
Tiiiger_bert_score_issues,Tiiiger_bert_score_issues.json,152,"Tiiiger, JingsenZhang",1,1_score_bert_bertscore_the,1.0
Tiiiger_bert_score_issues,Tiiiger_bert_score_issues.json,151,agrawalanshul053,1,1_score_bert_bertscore_the,1.0
Tiiiger_bert_score_issues,Tiiiger_bert_score_issues.json,150,"Tiiiger, dchaplinsky",1,1_score_bert_bertscore_the,0.35774388378050115
Tiiiger_bert_score_issues,Tiiiger_bert_score_issues.json,149,"Dlinuigh, felixgwu",17,17_memory_gpu_batch_size,1.0
Tiiiger_bert_score_issues,Tiiiger_bert_score_issues.json,147,shirley-wu,1,1_score_bert_bertscore_the,1.0
Tiiiger_bert_score_issues,Tiiiger_bert_score_issues.json,146,"Tiiiger, JingsenZhang",1,1_score_bert_bertscore_the,0.7959847273455881
Tiiiger_bert_score_issues,Tiiiger_bert_score_issues.json,145,"TristanAlkaid, felixgwu",1,1_score_bert_bertscore_the,0.8565532064345618
Tiiiger_bert_score_issues,Tiiiger_bert_score_issues.json,144,"sanderland, felixgwu",1,1_score_bert_bertscore_the,0.8147958382231717
Tiiiger_bert_score_issues,Tiiiger_bert_score_issues.json,143,"Hou-jing, twadada, felixgwu",16,16_l2_mult_param_bottom,0.79760587231004
Tiiiger_bert_score_issues,Tiiiger_bert_score_issues.json,142,"Tiiiger, seyyedjavadrazavi, felixgwu",1,1_score_bert_bertscore_the,1.0
Tiiiger_bert_score_issues,Tiiiger_bert_score_issues.json,141,"Tiiiger, thangld201",1,1_score_bert_bertscore_the,1.0
Tiiiger_bert_score_issues,Tiiiger_bert_score_issues.json,139,"Tiiiger, thangld201",1,1_score_bert_bertscore_the,0.9612430355970153
Tiiiger_bert_score_issues,Tiiiger_bert_score_issues.json,137,"asnota, felixgwu",1,1_score_bert_bertscore_the,1.0
Tiiiger_bert_score_issues,Tiiiger_bert_score_issues.json,136,"Tiiiger, kumori123",1,1_score_bert_bertscore_the,0.9548278734373028
Tiiiger_bert_score_issues,Tiiiger_bert_score_issues.json,135,"Tiiiger, Persvadisto, Canonize, atineoSE",1,1_score_bert_bertscore_the,0.7937282159655584
Tiiiger_bert_score_issues,Tiiiger_bert_score_issues.json,134,"ppxx21, gmurro",1,1_score_bert_bertscore_the,1.0
Tiiiger_bert_score_issues,Tiiiger_bert_score_issues.json,133,"giuseppeboezio, Tiiiger",1,1_score_bert_bertscore_the,1.0
Tiiiger_bert_score_issues,Tiiiger_bert_score_issues.json,132,"Tiiiger, zhaowei-wang-nlp",1,1_score_bert_bertscore_the,1.0
Tiiiger_bert_score_issues,Tiiiger_bert_score_issues.json,131,"zhhhzhang, felixgwu",1,1_score_bert_bertscore_the,1.0
Tiiiger_bert_score_issues,Tiiiger_bert_score_issues.json,130,"maojinyang, felixgwu",1,1_score_bert_bertscore_the,0.6706246619389494
Tiiiger_bert_score_issues,Tiiiger_bert_score_issues.json,129,"giuseppeboezio, felixgwu",1,1_score_bert_bertscore_the,0.8308523533476443
Tiiiger_bert_score_issues,Tiiiger_bert_score_issues.json,128,"Tiiiger, HarryPeach",1,1_score_bert_bertscore_the,1.0
Tiiiger_bert_score_issues,Tiiiger_bert_score_issues.json,126,"Tiiiger, xinli2008, ivanstepanovftw",1,1_score_bert_bertscore_the,1.0
Tiiiger_bert_score_issues,Tiiiger_bert_score_issues.json,125,"Tiiiger, leisurehippo",6,6_trained_model_pretrained_you,0.9084805678770204
Tiiiger_bert_score_issues,Tiiiger_bert_score_issues.json,124,"Tiiiger, kaliaanup, Peterwwwww, felixgwu",1,1_score_bert_bertscore_the,1.0
Tiiiger_bert_score_issues,Tiiiger_bert_score_issues.json,123,"Tiiiger, joaoaleite",1,1_score_bert_bertscore_the,0.9761156513062001
Tiiiger_bert_score_issues,Tiiiger_bert_score_issues.json,122,"Tiiiger, TarangRanpara",1,1_score_bert_bertscore_the,1.0
Tiiiger_bert_score_issues,Tiiiger_bert_score_issues.json,121,"xu1998hz, felixgwu",-1,-1_habitat_the_src_to,0.0
Tiiiger_bert_score_issues,Tiiiger_bert_score_issues.json,120,"Tiiiger, mattshardlow",1,1_score_bert_bertscore_the,1.0
Tiiiger_bert_score_issues,Tiiiger_bert_score_issues.json,119,"Tiiiger, irejwan",1,1_score_bert_bertscore_the,1.0
Tiiiger_bert_score_issues,Tiiiger_bert_score_issues.json,118,XuelinLuu,1,1_score_bert_bertscore_the,1.0
Tiiiger_bert_score_issues,Tiiiger_bert_score_issues.json,117,"Tiiiger, XuelinLuu",1,1_score_bert_bertscore_the,0.7842163407035817
Tiiiger_bert_score_issues,Tiiiger_bert_score_issues.json,116,"Tiiiger, bigbrother001",-1,-1_habitat_the_src_to,0.0
Tiiiger_bert_score_issues,Tiiiger_bert_score_issues.json,115,justinphan3110,1,1_score_bert_bertscore_the,0.17803254727398624
Tiiiger_bert_score_issues,Tiiiger_bert_score_issues.json,114,"shikhajain, Tiiiger",1,1_score_bert_bertscore_the,1.0
Tiiiger_bert_score_issues,Tiiiger_bert_score_issues.json,113,"long21wt, felixgwu",1,1_score_bert_bertscore_the,0.6616286579334496
Tiiiger_bert_score_issues,Tiiiger_bert_score_issues.json,112,"Tiiiger, AltenLi, felixgwu",1,1_score_bert_bertscore_the,0.793079814966002
Tiiiger_bert_score_issues,Tiiiger_bert_score_issues.json,111,"xinli2008, varshakishore, alkakhurana, felixgwu",1,1_score_bert_bertscore_the,0.9481278661067597
Tiiiger_bert_score_issues,Tiiiger_bert_score_issues.json,110,"Tiiiger, long21wt",1,1_score_bert_bertscore_the,1.0
Tiiiger_bert_score_issues,Tiiiger_bert_score_issues.json,109,"Dom1984, fcakyon",1,1_score_bert_bertscore_the,1.0
Tiiiger_bert_score_issues,Tiiiger_bert_score_issues.json,108,"fcakyon, felixgwu",1,1_score_bert_bertscore_the,0.7949633704893465
Tiiiger_bert_score_issues,Tiiiger_bert_score_issues.json,107,"achingacham, felixgwu",1,1_score_bert_bertscore_the,1.0
Tiiiger_bert_score_issues,Tiiiger_bert_score_issues.json,105,"nikitajz, felixgwu",1,1_score_bert_bertscore_the,1.0
Tiiiger_bert_score_issues,Tiiiger_bert_score_issues.json,104,"Tiiiger, Tushar-Faroque",1,1_score_bert_bertscore_the,1.0
Tiiiger_bert_score_issues,Tiiiger_bert_score_issues.json,103,"romualdoalan, felixgwu",1,1_score_bert_bertscore_the,1.0
Tiiiger_bert_score_issues,Tiiiger_bert_score_issues.json,102,"felixgwu, Tiiiger, EchoFei333",1,1_score_bert_bertscore_the,1.0
Tiiiger_bert_score_issues,Tiiiger_bert_score_issues.json,101,"TanAidan, felixgwu",1,1_score_bert_bertscore_the,1.0
Tiiiger_bert_score_issues,Tiiiger_bert_score_issues.json,100,"hyesunyun, felixgwu",1,1_score_bert_bertscore_the,1.0
Tiiiger_bert_score_issues,Tiiiger_bert_score_issues.json,99,"Tiiiger, amberhuang01",1,1_score_bert_bertscore_the,1.0
Tiiiger_bert_score_issues,Tiiiger_bert_score_issues.json,98,"Tiiiger, AStenco, felixgwu",1,1_score_bert_bertscore_the,1.0
Tiiiger_bert_score_issues,Tiiiger_bert_score_issues.json,97,"Tiiiger, zwhe99",1,1_score_bert_bertscore_the,1.0
Tiiiger_bert_score_issues,Tiiiger_bert_score_issues.json,96,"hemengjita, wingedRuslan, felixgwu",1,1_score_bert_bertscore_the,1.0
Tiiiger_bert_score_issues,Tiiiger_bert_score_issues.json,95,"FelixLabelle, Tiiiger",1,1_score_bert_bertscore_the,0.8850483413289233
Tiiiger_bert_score_issues,Tiiiger_bert_score_issues.json,94,"felixgwu, Tiiiger, danyaljj",1,1_score_bert_bertscore_the,0.8933412325759515
Tiiiger_bert_score_issues,Tiiiger_bert_score_issues.json,93,"felixgwu, liesun1994, danyaljj",-1,-1_habitat_the_src_to,0.0
Tiiiger_bert_score_issues,Tiiiger_bert_score_issues.json,92,"karinseve, felixgwu",1,1_score_bert_bertscore_the,1.0
Tiiiger_bert_score_issues,Tiiiger_bert_score_issues.json,91,"Tiiiger, lytum",1,1_score_bert_bertscore_the,1.0
Tiiiger_bert_score_issues,Tiiiger_bert_score_issues.json,90,"Tiiiger, paulowiz",1,1_score_bert_bertscore_the,0.9960086383457877
Tiiiger_bert_score_issues,Tiiiger_bert_score_issues.json,89,"Tiiiger, serenayj",1,1_score_bert_bertscore_the,0.7130190977273909
Tiiiger_bert_score_issues,Tiiiger_bert_score_issues.json,88,"Tiiiger, nandinib1999",1,1_score_bert_bertscore_the,0.8480575858688725
Tiiiger_bert_score_issues,Tiiiger_bert_score_issues.json,85,"felixgwu, davebulaval, kirzharov",1,1_score_bert_bertscore_the,1.0
Tiiiger_bert_score_issues,Tiiiger_bert_score_issues.json,82,"Tiiiger, Souravroych",1,1_score_bert_bertscore_the,1.0
Tiiiger_bert_score_issues,Tiiiger_bert_score_issues.json,81,"Tiiiger, ozancaglayan, felixgwu",1,1_score_bert_bertscore_the,0.789656975085042
Tiiiger_bert_score_issues,Tiiiger_bert_score_issues.json,80,MichaelJanz,1,1_score_bert_bertscore_the,0.9960086383457877
Tiiiger_bert_score_issues,Tiiiger_bert_score_issues.json,79,"gmihaila, Tiiiger, felixgwu",-1,-1_habitat_the_src_to,0.0
Tiiiger_bert_score_issues,Tiiiger_bert_score_issues.json,78,"Tiiiger, kojimano",1,1_score_bert_bertscore_the,1.0
Tiiiger_bert_score_issues,Tiiiger_bert_score_issues.json,77,"Tiiiger, MichaelJanz, felixgwu",17,17_memory_gpu_batch_size,1.0
Tiiiger_bert_score_issues,Tiiiger_bert_score_issues.json,76,"Tiiiger, varshakishore, dhimasyoga16",1,1_score_bert_bertscore_the,1.0
Tiiiger_bert_score_issues,Tiiiger_bert_score_issues.json,75,"Tiiiger, duongkstn, felixgwu",1,1_score_bert_bertscore_the,1.0
Tiiiger_bert_score_issues,Tiiiger_bert_score_issues.json,73,"Tiiiger, nandinib1999",1,1_score_bert_bertscore_the,1.0
Tiiiger_bert_score_issues,Tiiiger_bert_score_issues.json,72,"Tiiiger, dhimasyoga16",1,1_score_bert_bertscore_the,0.9359241201634447
Tiiiger_bert_score_issues,Tiiiger_bert_score_issues.json,71,"Tiiiger, L-Zhe, felixgwu",1,1_score_bert_bertscore_the,1.0
Tiiiger_bert_score_issues,Tiiiger_bert_score_issues.json,70,"Tiiiger, mhmohona",1,1_score_bert_bertscore_the,1.0
Tiiiger_bert_score_issues,Tiiiger_bert_score_issues.json,65,"tianyi-asapp, chncwang",1,1_score_bert_bertscore_the,0.7295495895690524
Tiiiger_bert_score_issues,Tiiiger_bert_score_issues.json,64,"Tiiiger, datistiquo",1,1_score_bert_bertscore_the,0.893117294775316
Tiiiger_bert_score_issues,Tiiiger_bert_score_issues.json,63,"Tiiiger, ozancaglayan, felixgwu",1,1_score_bert_bertscore_the,1.0
Tiiiger_bert_score_issues,Tiiiger_bert_score_issues.json,62,"achingacham, Tiiiger, astariul, felixgwu",1,1_score_bert_bertscore_the,1.0
Tiiiger_bert_score_issues,Tiiiger_bert_score_issues.json,61,"shikharsingla, felixgwu",1,1_score_bert_bertscore_the,0.8559925828294899
Tiiiger_bert_score_issues,Tiiiger_bert_score_issues.json,60,"Tiiiger, rashad101",1,1_score_bert_bertscore_the,1.0
Tiiiger_bert_score_issues,Tiiiger_bert_score_issues.json,59,"Tiiiger, chncwang",1,1_score_bert_bertscore_the,1.0
Tiiiger_bert_score_issues,Tiiiger_bert_score_issues.json,57,"Tiiiger, Lukecn1",1,1_score_bert_bertscore_the,1.0
Tiiiger_bert_score_issues,Tiiiger_bert_score_issues.json,56,"Tiiiger, chncwang",1,1_score_bert_bertscore_the,1.0
Tiiiger_bert_score_issues,Tiiiger_bert_score_issues.json,55,"Tiiiger, feralvam",1,1_score_bert_bertscore_the,1.0
Tiiiger_bert_score_issues,Tiiiger_bert_score_issues.json,54,"zhiqihuang, felixgwu",1,1_score_bert_bertscore_the,1.0
Tiiiger_bert_score_issues,Tiiiger_bert_score_issues.json,53,"chncwang, felixgwu",1,1_score_bert_bertscore_the,0.7173576152298213
Tiiiger_bert_score_issues,Tiiiger_bert_score_issues.json,52,"Tiiiger, gaceladri",1,1_score_bert_bertscore_the,1.0
Tiiiger_bert_score_issues,Tiiiger_bert_score_issues.json,47,"codewithkaranjeswani, felixgwu",1,1_score_bert_bertscore_the,1.0
Tiiiger_bert_score_issues,Tiiiger_bert_score_issues.json,46,"Tiiiger, areejokaili, felixgwu",1,1_score_bert_bertscore_the,0.940432224161802
Tiiiger_bert_score_issues,Tiiiger_bert_score_issues.json,45,"Tiiiger, loretoparisi, Neuronys",1,1_score_bert_bertscore_the,1.0
Tiiiger_bert_score_issues,Tiiiger_bert_score_issues.json,44,"Tiiiger, liesun1994",1,1_score_bert_bertscore_the,1.0
Tiiiger_bert_score_issues,Tiiiger_bert_score_issues.json,43,"Tiiiger, danyaljj",1,1_score_bert_bertscore_the,1.0
Tiiiger_bert_score_issues,Tiiiger_bert_score_issues.json,42,"liesun1994, felixgwu",1,1_score_bert_bertscore_the,1.0
Tiiiger_bert_score_issues,Tiiiger_bert_score_issues.json,40,"Tiiiger, wlvh, felixgwu",1,1_score_bert_bertscore_the,0.9439180589667429
Tiiiger_bert_score_issues,Tiiiger_bert_score_issues.json,38,"Tiiiger, HOLMEScdk, gmftbyGMFTBY, felixgwu",1,1_score_bert_bertscore_the,1.0
Tiiiger_bert_score_issues,Tiiiger_bert_score_issues.json,37,"Tiiiger, gmftbyGMFTBY, manikbhandari",1,1_score_bert_bertscore_the,1.0
Tiiiger_bert_score_issues,Tiiiger_bert_score_issues.json,36,"Tiiiger, gmftbyGMFTBY",1,1_score_bert_bertscore_the,0.9672569243123958
Tiiiger_bert_score_issues,Tiiiger_bert_score_issues.json,34,"Tiiiger, gmftbyGMFTBY",1,1_score_bert_bertscore_the,1.0
Tiiiger_bert_score_issues,Tiiiger_bert_score_issues.json,33,"Tiiiger, hal3",1,1_score_bert_bertscore_the,1.0
Tiiiger_bert_score_issues,Tiiiger_bert_score_issues.json,32,"Tiiiger, riven314",1,1_score_bert_bertscore_the,0.9365291518376042
Tiiiger_bert_score_issues,Tiiiger_bert_score_issues.json,31,"cainesap, felixgwu",1,1_score_bert_bertscore_the,1.0
Tiiiger_bert_score_issues,Tiiiger_bert_score_issues.json,30,"Tiiiger, feralvam, TheShadow29, felixgwu",1,1_score_bert_bertscore_the,1.0
Tiiiger_bert_score_issues,Tiiiger_bert_score_issues.json,26,"Tiiiger, zysNLP",-1,-1_habitat_the_src_to,0.0
Tiiiger_bert_score_issues,Tiiiger_bert_score_issues.json,25,"Tiiiger, zysNLP",1,1_score_bert_bertscore_the,0.6484592737771618
Tiiiger_bert_score_issues,Tiiiger_bert_score_issues.json,24,"simonefrancia, Tiiiger",1,1_score_bert_bertscore_the,0.9508062135109581
Tiiiger_bert_score_issues,Tiiiger_bert_score_issues.json,23,"Tiiiger, g32M7fT6b8Y, gmftbyGMFTBY",1,1_score_bert_bertscore_the,1.0
Tiiiger_bert_score_issues,Tiiiger_bert_score_issues.json,22,"PierreColombo, ChrisRBXiong, yavuzdrmzksr, felixgwu, GaryYufei",-1,-1_habitat_the_src_to,0.0
Tiiiger_bert_score_issues,Tiiiger_bert_score_issues.json,21,"Tiiiger, sarahwie",1,1_score_bert_bertscore_the,1.0
Tiiiger_bert_score_issues,Tiiiger_bert_score_issues.json,20,"Tiiiger, chikubee, Relento",1,1_score_bert_bertscore_the,0.8491417557107458
Tiiiger_bert_score_issues,Tiiiger_bert_score_issues.json,18,"moon1ite, Tiiiger, felixgwu",1,1_score_bert_bertscore_the,0.4687369567468427
Tiiiger_bert_score_issues,Tiiiger_bert_score_issues.json,17,"ShauryaUppal-1Mg, felixgwu",1,1_score_bert_bertscore_the,0.8391398964546544
Tiiiger_bert_score_issues,Tiiiger_bert_score_issues.json,15,"gonghouyu, ShauryaUppal-1Mg, felixgwu",1,1_score_bert_bertscore_the,0.9307233803554853
Tiiiger_bert_score_issues,Tiiiger_bert_score_issues.json,14,"amarasovic, felixgwu",1,1_score_bert_bertscore_the,1.0
Tiiiger_bert_score_issues,Tiiiger_bert_score_issues.json,13,"peterjliu, Tiiiger",1,1_score_bert_bertscore_the,1.0
Tiiiger_bert_score_issues,Tiiiger_bert_score_issues.json,12,"Tiiiger, Yusifu, felixgwu",1,1_score_bert_bertscore_the,1.0
Tiiiger_bert_score_issues,Tiiiger_bert_score_issues.json,10,"Tiiiger, ZephyrChenzf",1,1_score_bert_bertscore_the,1.0
Tiiiger_bert_score_issues,Tiiiger_bert_score_issues.json,8,"Tiiiger, shoegazerstella",1,1_score_bert_bertscore_the,1.0
Tiiiger_bert_score_issues,Tiiiger_bert_score_issues.json,7,"Tiiiger, loretoparisi, shoegazerstella",1,1_score_bert_bertscore_the,1.0
Tiiiger_bert_score_issues,Tiiiger_bert_score_issues.json,6,"Tiiiger, shoegazerstella",1,1_score_bert_bertscore_the,1.0
Tiiiger_bert_score_issues,Tiiiger_bert_score_issues.json,3,"Tiiiger, HqWu-HITCS, liednik, nicofirst1",1,1_score_bert_bertscore_the,0.6458132146846213
Tiiiger_bert_score_issues,Tiiiger_bert_score_issues.json,1,"felixgwu, wanghm92",1,1_score_bert_bertscore_the,0.7453706447968779
Tixierae_graph_2D_CNN_issues,Tixierae_graph_2D_CNN_issues.json,2,"Tixierae, meghalD",2,2_code2vec_java_the_javaextractor,0.3599618373164159
Tixierae_graph_2D_CNN_issues,Tixierae_graph_2D_CNN_issues.json,1,"Tixierae, PeemapatW",2,2_code2vec_java_the_javaextractor,0.29155597120814575
tlatkowski_inpainting-gmcnn-keras_issues,tlatkowski_inpainting-gmcnn-keras_issues.json,40,"amrzv, github-actions[bot]",-1,-1_habitat_the_src_to,0.0
tlatkowski_inpainting-gmcnn-keras_issues,tlatkowski_inpainting-gmcnn-keras_issues.json,27,"arpit-dhamija, github-actions[bot]",-1,-1_habitat_the_src_to,0.0
tlatkowski_inpainting-gmcnn-keras_issues,tlatkowski_inpainting-gmcnn-keras_issues.json,18,"sergiocasaspastor, github-actions[bot]",16,16_l2_mult_param_bottom,1.0
tlatkowski_inpainting-gmcnn-keras_issues,tlatkowski_inpainting-gmcnn-keras_issues.json,13,"Dutra-Apex, AaronDavis2020, github-actions[bot], daiweiwho",29,29_coco_lmdb_761_caffe,0.9232968138081451
tlatkowski_inpainting-gmcnn-keras_issues,tlatkowski_inpainting-gmcnn-keras_issues.json,12,"Dutra-Apex, KK-MUT",47,47_whu_apps_00000000_00,1.0
tlatkowski_inpainting-gmcnn-keras_issues,tlatkowski_inpainting-gmcnn-keras_issues.json,10,"tlatkowski, garispe",-1,-1_habitat_the_src_to,0.0
tlatkowski_inpainting-gmcnn-keras_issues,tlatkowski_inpainting-gmcnn-keras_issues.json,3,"GauravKrRoy, tlatkowski, shekit",25,25_h5py_self_py_keras,1.0
tlatkowski_inpainting-gmcnn-keras_issues,tlatkowski_inpainting-gmcnn-keras_issues.json,2,"Pavani14, morninglory729, tlatkowski",6,6_trained_model_pretrained_you,0.5659838257239497
tonglei100_look_issues,tonglei100_look_issues.json,3,"tonglei100, mindsheng",-1,-1_habitat_the_src_to,0.0
tonglei100_look_issues,tonglei100_look_issues.json,2,"brianlaibaoqin, tonglei100",14,14_xmnlp_checker_seanlee97_seg,1.0
tonglei100_look_issues,tonglei100_look_issues.json,1,"brianlaibaoqin, tonglei100",14,14_xmnlp_checker_seanlee97_seg,1.0
urduhack_urduhack_issues,urduhack_urduhack_issues.json,154,burhanuddin6,14,14_xmnlp_checker_seanlee97_seg,0.44386249864549815
urduhack_urduhack_issues,urduhack_urduhack_issues.json,153,"MARafey, sharjeel103, avidale, ahsanalidev",-1,-1_habitat_the_src_to,0.0
urduhack_urduhack_issues,urduhack_urduhack_issues.json,150,YasirAminBrohi,24,24_urduhack_text_word_sentence,0.9192871354450491
urduhack_urduhack_issues,urduhack_urduhack_issues.json,149,YasirAminBrohi,24,24_urduhack_text_word_sentence,0.9440935495205539
urduhack_urduhack_issues,urduhack_urduhack_issues.json,147,MZaidAI,24,24_urduhack_text_word_sentence,0.9215184228862586
urduhack_urduhack_issues,urduhack_urduhack_issues.json,146,miradel51,24,24_urduhack_text_word_sentence,0.2668748826913194
urduhack_urduhack_issues,urduhack_urduhack_issues.json,145,"mirfan899, akkefa",24,24_urduhack_text_word_sentence,0.4234324977247574
urduhack_urduhack_issues,urduhack_urduhack_issues.json,144,mirfan899,-1,-1_habitat_the_src_to,0.0
urduhack_urduhack_issues,urduhack_urduhack_issues.json,143,ahsanfarooqui,24,24_urduhack_text_word_sentence,0.5164061633813659
urduhack_urduhack_issues,urduhack_urduhack_issues.json,142,"FunlabStudio, akkefa",24,24_urduhack_text_word_sentence,0.9556246532631779
urduhack_urduhack_issues,urduhack_urduhack_issues.json,141,"GokulNC, akkefa",24,24_urduhack_text_word_sentence,0.6560509790211032
urduhack_urduhack_issues,urduhack_urduhack_issues.json,140,"ahmadarif0099, bm2515",24,24_urduhack_text_word_sentence,0.937364593555983
urduhack_urduhack_issues,urduhack_urduhack_issues.json,139,GokulNC,24,24_urduhack_text_word_sentence,1.0
urduhack_urduhack_issues,urduhack_urduhack_issues.json,138,"bm2515, muhammadfahid51, Khubaibahmed-dev",24,24_urduhack_text_word_sentence,0.8889873832300146
urduhack_urduhack_issues,urduhack_urduhack_issues.json,136,"blackvitriol, muhammadfahid51",1,1_score_bert_bertscore_the,1.0
urduhack_urduhack_issues,urduhack_urduhack_issues.json,130,"issue-label-bot[bot], shahid017, akkefa",-1,-1_habitat_the_src_to,0.0
urduhack_urduhack_issues,urduhack_urduhack_issues.json,118,"AatifMuhammad, issue-label-bot[bot], muhammadfahid51",-1,-1_habitat_the_src_to,0.0
urduhack_urduhack_issues,urduhack_urduhack_issues.json,116,"issue-label-bot[bot], akkefa",-1,-1_habitat_the_src_to,0.0
urduhack_urduhack_issues,urduhack_urduhack_issues.json,111,mirfan899,24,24_urduhack_text_word_sentence,1.0
urduhack_urduhack_issues,urduhack_urduhack_issues.json,110,"mirfan899, akkefa",24,24_urduhack_text_word_sentence,1.0
urduhack_urduhack_issues,urduhack_urduhack_issues.json,108,"mirfan899, akkefa",24,24_urduhack_text_word_sentence,1.0
urduhack_urduhack_issues,urduhack_urduhack_issues.json,107,"akkefa, aliaanne",24,24_urduhack_text_word_sentence,0.5129359982971026
urduhack_urduhack_issues,urduhack_urduhack_issues.json,102,"AatifMuhammad, lock[bot], muhammadfahid51, akkefa",24,24_urduhack_text_word_sentence,0.9215184228862586
urduhack_urduhack_issues,urduhack_urduhack_issues.json,95,akkefa,10,10_dataset_download_datasets_you,0.3202215379652075
urduhack_urduhack_issues,urduhack_urduhack_issues.json,79,"lock[bot], akkefa",-1,-1_habitat_the_src_to,0.0
urduhack_urduhack_issues,urduhack_urduhack_issues.json,78,"lock[bot], akkefa",-1,-1_habitat_the_src_to,0.0
urduhack_urduhack_issues,urduhack_urduhack_issues.json,77,"sami-haq99, lock[bot], muhammadfahid51",24,24_urduhack_text_word_sentence,1.0
urduhack_urduhack_issues,urduhack_urduhack_issues.json,76,"lock[bot], akkefa",24,24_urduhack_text_word_sentence,0.9192871354450491
urduhack_urduhack_issues,urduhack_urduhack_issues.json,72,"lock[bot], naeem6100",24,24_urduhack_text_word_sentence,0.9020421600521661
urduhack_urduhack_issues,urduhack_urduhack_issues.json,71,"lock[bot], muhammadfahid51",-1,-1_habitat_the_src_to,0.0
urduhack_urduhack_issues,urduhack_urduhack_issues.json,70,"lock[bot], muhammadfahid51",-1,-1_habitat_the_src_to,0.0
urduhack_urduhack_issues,urduhack_urduhack_issues.json,69,"lock[bot], muhammadfahid51",-1,-1_habitat_the_src_to,0.0
urduhack_urduhack_issues,urduhack_urduhack_issues.json,68,"lock[bot], naeem6100",24,24_urduhack_text_word_sentence,0.8000966573100706
urduhack_urduhack_issues,urduhack_urduhack_issues.json,66,"lock[bot], talhaanwarch, naeem6100",24,24_urduhack_text_word_sentence,1.0
urduhack_urduhack_issues,urduhack_urduhack_issues.json,61,"lock[bot], muhammadfahid51, akkefa",24,24_urduhack_text_word_sentence,0.8850808455848453
urduhack_urduhack_issues,urduhack_urduhack_issues.json,60,"lock[bot], naeem6100, akkefa",24,24_urduhack_text_word_sentence,1.0
urduhack_urduhack_issues,urduhack_urduhack_issues.json,58,"lock[bot], naeem6100, akkefa",24,24_urduhack_text_word_sentence,1.0
urduhack_urduhack_issues,urduhack_urduhack_issues.json,52,"lock[bot], naeem6100, akkefa",24,24_urduhack_text_word_sentence,1.0
urduhack_urduhack_issues,urduhack_urduhack_issues.json,51,"lock[bot], naeem6100, akkefa",24,24_urduhack_text_word_sentence,0.9043157033905227
urduhack_urduhack_issues,urduhack_urduhack_issues.json,50,"lock[bot], naeem6100, akkefa",24,24_urduhack_text_word_sentence,0.8761868718076818
urduhack_urduhack_issues,urduhack_urduhack_issues.json,48,"lock[bot], naeem6100",24,24_urduhack_text_word_sentence,1.0
urduhack_urduhack_issues,urduhack_urduhack_issues.json,47,"muhammadfahid51, naeem6100, lock[bot]",24,24_urduhack_text_word_sentence,1.0
vietnguyen91_QuickDraw_issues,vietnguyen91_QuickDraw_issues.json,6,Ahm-ed1822,-1,-1_habitat_the_src_to,0.0
vietnguyen91_QuickDraw_issues,vietnguyen91_QuickDraw_issues.json,4,hantzfevry,-1,-1_habitat_the_src_to,0.0
vietnguyen91_QuickDraw_issues,vietnguyen91_QuickDraw_issues.json,3,"paulchou0309, phet2309",26,26_i0906_20224_vec_07,0.622540341486343
vietnguyen91_QuickDraw_issues,vietnguyen91_QuickDraw_issues.json,2,"shubhank008, vietnh1009",52,52_time_mxnet_training_you,1.0
vietnguyen91_Super-mario-bros-A3C-pytorch_issues,vietnguyen91_Super-mario-bros-A3C-pytorch_issues.json,27,HughJ1231,17,17_memory_gpu_batch_size,0.8180462406192976
vietnguyen91_Super-mario-bros-A3C-pytorch_issues,vietnguyen91_Super-mario-bros-A3C-pytorch_issues.json,26,Francesco0101,33,33_action_sac_plt_ep,0.5808961359635214
vietnguyen91_Super-mario-bros-A3C-pytorch_issues,vietnguyen91_Super-mario-bros-A3C-pytorch_issues.json,25,palu001,33,33_action_sac_plt_ep,0.57110199413697
vietnguyen91_Super-mario-bros-A3C-pytorch_issues,vietnguyen91_Super-mario-bros-A3C-pytorch_issues.json,24,ZhuShaoQiang,33,33_action_sac_plt_ep,0.6021150687275493
vietnguyen91_Super-mario-bros-A3C-pytorch_issues,vietnguyen91_Super-mario-bros-A3C-pytorch_issues.json,22,ipanda123,52,52_time_mxnet_training_you,1.0
vietnguyen91_Super-mario-bros-A3C-pytorch_issues,vietnguyen91_Super-mario-bros-A3C-pytorch_issues.json,21,"KeplerBro, PatrcikStar",15,15_tensor_at_task_datarep,0.608261318372222
vietnguyen91_Super-mario-bros-A3C-pytorch_issues,vietnguyen91_Super-mario-bros-A3C-pytorch_issues.json,20,"shuishen49, AndyZCJ",-1,-1_habitat_the_src_to,0.0
vietnguyen91_Super-mario-bros-A3C-pytorch_issues,vietnguyen91_Super-mario-bros-A3C-pytorch_issues.json,19,yatharth004,49,49_tdh_mytest_kel_ternary,1.0
vietnguyen91_Super-mario-bros-A3C-pytorch_issues,vietnguyen91_Super-mario-bros-A3C-pytorch_issues.json,18,"arkseal, qf-123",47,47_whu_apps_00000000_00,1.0
vietnguyen91_Super-mario-bros-A3C-pytorch_issues,vietnguyen91_Super-mario-bros-A3C-pytorch_issues.json,17,QingyvHan,-1,-1_habitat_the_src_to,0.0
vietnguyen91_Super-mario-bros-A3C-pytorch_issues,vietnguyen91_Super-mario-bros-A3C-pytorch_issues.json,16,fuxianh,25,25_h5py_self_py_keras,0.9905042684271128
vietnguyen91_Super-mario-bros-A3C-pytorch_issues,vietnguyen91_Super-mario-bros-A3C-pytorch_issues.json,15,QasimWani,33,33_action_sac_plt_ep,0.518549924408131
vietnguyen91_Super-mario-bros-A3C-pytorch_issues,vietnguyen91_Super-mario-bros-A3C-pytorch_issues.json,14,"QasimWani, yuchensun97",-1,-1_habitat_the_src_to,0.0
vietnguyen91_Super-mario-bros-A3C-pytorch_issues,vietnguyen91_Super-mario-bros-A3C-pytorch_issues.json,12,"Christopher-Lucas-Prime, ctywny, qiaoxianfeng, jokerlegends, EhsanMohd, ZhaoQianfeng",-1,-1_habitat_the_src_to,0.0
vietnguyen91_Super-mario-bros-A3C-pytorch_issues,vietnguyen91_Super-mario-bros-A3C-pytorch_issues.json,11,ghost,30,30_training_predict_save_stop,0.8287462595512736
vietnguyen91_Super-mario-bros-A3C-pytorch_issues,vietnguyen91_Super-mario-bros-A3C-pytorch_issues.json,10,tanjuntao,-1,-1_habitat_the_src_to,0.0
vietnguyen91_Super-mario-bros-A3C-pytorch_issues,vietnguyen91_Super-mario-bros-A3C-pytorch_issues.json,9,"qmkakaxi, vietnh1009",33,33_action_sac_plt_ep,0.5902744669390696
vietnguyen91_Super-mario-bros-A3C-pytorch_issues,vietnguyen91_Super-mario-bros-A3C-pytorch_issues.json,8,"QasimWani, guanzeying, vietnh1009",30,30_training_predict_save_stop,0.9874067816574219
vietnguyen91_Super-mario-bros-A3C-pytorch_issues,vietnguyen91_Super-mario-bros-A3C-pytorch_issues.json,7,"wangxiao5791509, vietnh1009",-1,-1_habitat_the_src_to,0.0
vietnguyen91_Super-mario-bros-A3C-pytorch_issues,vietnguyen91_Super-mario-bros-A3C-pytorch_issues.json,6,lossv,38,38_pygce_garmin_connect_2018,0.20415794235820495
vietnguyen91_Super-mario-bros-A3C-pytorch_issues,vietnguyen91_Super-mario-bros-A3C-pytorch_issues.json,5,xufeng1024,-1,-1_habitat_the_src_to,0.0
vietnguyen91_Super-mario-bros-A3C-pytorch_issues,vietnguyen91_Super-mario-bros-A3C-pytorch_issues.json,4,"cjing9017, ShawnDong98",38,38_pygce_garmin_connect_2018,0.17955750211220264
vietnguyen91_Super-mario-bros-A3C-pytorch_issues,vietnguyen91_Super-mario-bros-A3C-pytorch_issues.json,3,"tranhoangkhuongvn, superzhou111",38,38_pygce_garmin_connect_2018,0.19911125912460753
vietnguyen91_Super-mario-bros-A3C-pytorch_issues,vietnguyen91_Super-mario-bros-A3C-pytorch_issues.json,1,zhengchunqiu,32,32_eeg_channels_sleep_eog,0.5141123131230538
vijuSR_facial_emotion_recognition__EMOJIFIER_issues,vijuSR_facial_emotion_recognition__EMOJIFIER_issues.json,22,kijo3D,-1,-1_habitat_the_src_to,0.0
vijuSR_facial_emotion_recognition__EMOJIFIER_issues,vijuSR_facial_emotion_recognition__EMOJIFIER_issues.json,21,Kalyani3760,-1,-1_habitat_the_src_to,0.0
vijuSR_facial_emotion_recognition__EMOJIFIER_issues,vijuSR_facial_emotion_recognition__EMOJIFIER_issues.json,20,"S-P-E-C-T-R-3, zolatido",-1,-1_habitat_the_src_to,0.0
vijuSR_facial_emotion_recognition__EMOJIFIER_issues,vijuSR_facial_emotion_recognition__EMOJIFIER_issues.json,19,"vijuSR, Jishenshen",-1,-1_habitat_the_src_to,0.0
vijuSR_facial_emotion_recognition__EMOJIFIER_issues,vijuSR_facial_emotion_recognition__EMOJIFIER_issues.json,18,George-Catalin,25,25_h5py_self_py_keras,0.9128149856971749
vijuSR_facial_emotion_recognition__EMOJIFIER_issues,vijuSR_facial_emotion_recognition__EMOJIFIER_issues.json,17,"vijuSR, RIKOYUKI",-1,-1_habitat_the_src_to,0.0
vkuznet_MLaaS4HEP_issues,vkuznet_MLaaS4HEP_issues.json,1,vkuznet,-1,-1_habitat_the_src_to,0.0
wctu_SEAL_issues,wctu_SEAL_issues.json,17,Rebecaa000,6,6_trained_model_pretrained_you,0.6982417739166153
wctu_SEAL_issues,wctu_SEAL_issues.json,16,Adnan1986,15,15_tensor_at_task_datarep,0.6960045997857746
wctu_SEAL_issues,wctu_SEAL_issues.json,15,Adnan1986,47,47_whu_apps_00000000_00,1.0
wctu_SEAL_issues,wctu_SEAL_issues.json,14,SteveJunGao,16,16_l2_mult_param_bottom,0.7676805311945224
wctu_SEAL_issues,wctu_SEAL_issues.json,13,forrestsz,-1,-1_habitat_the_src_to,0.0
wctu_SEAL_issues,wctu_SEAL_issues.json,12,backseason,-1,-1_habitat_the_src_to,0.0
wctu_SEAL_issues,wctu_SEAL_issues.json,10,"Wanger-SJTU, wctu, SteveJunGao, xwasco",6,6_trained_model_pretrained_you,0.5610873441314869
wctu_SEAL_issues,wctu_SEAL_issues.json,9,"liuxy1103, vinjohn",45,45_simplification_code_available_degree,1.0
wctu_SEAL_issues,wctu_SEAL_issues.json,8,VasiliBaranov,13,13_license_demo_lichess_this,1.0
wctu_SEAL_issues,wctu_SEAL_issues.json,7,"wctu, Ashish77IITM, hughplay",15,15_tensor_at_task_datarep,0.7230341614457991
weiaicunzai_pytorch-cifar100_issues,weiaicunzai_pytorch-cifar100_issues.json,96,kaleid0,-1,-1_habitat_the_src_to,0.0
weiaicunzai_pytorch-cifar100_issues,weiaicunzai_pytorch-cifar100_issues.json,92,"EarlyBloomer-byte, lqin0818",-1,-1_habitat_the_src_to,0.0
weiaicunzai_pytorch-cifar100_issues,weiaicunzai_pytorch-cifar100_issues.json,91,EKD01,-1,-1_habitat_the_src_to,0.0
weiaicunzai_pytorch-cifar100_issues,weiaicunzai_pytorch-cifar100_issues.json,90,llsshhQaQ,-1,-1_habitat_the_src_to,0.0
weiaicunzai_pytorch-cifar100_issues,weiaicunzai_pytorch-cifar100_issues.json,88,wupeng1989,-1,-1_habitat_the_src_to,0.0
weiaicunzai_pytorch-cifar100_issues,weiaicunzai_pytorch-cifar100_issues.json,86,holyswordZZQ,7,7_the_layer_loss_pytorch,0.7583748786646627
weiaicunzai_pytorch-cifar100_issues,weiaicunzai_pytorch-cifar100_issues.json,84,coisin-i,-1,-1_habitat_the_src_to,0.0
weiaicunzai_pytorch-cifar100_issues,weiaicunzai_pytorch-cifar100_issues.json,83,1810619,-1,-1_habitat_the_src_to,0.0
weiaicunzai_pytorch-cifar100_issues,weiaicunzai_pytorch-cifar100_issues.json,82,QJ-Chen,35,35_attention_attentiongan_scheme_mask,0.874013661207641
weiaicunzai_pytorch-cifar100_issues,weiaicunzai_pytorch-cifar100_issues.json,81,the-hidden-moon,5,5_egl_habitat_nvidia_cuda,0.2709989422737801
weiaicunzai_pytorch-cifar100_issues,weiaicunzai_pytorch-cifar100_issues.json,76,"Luadoo, LeLe-SouthCity",17,17_memory_gpu_batch_size,1.0
weiaicunzai_pytorch-cifar100_issues,weiaicunzai_pytorch-cifar100_issues.json,75,rascal112,7,7_the_layer_loss_pytorch,0.9923112097725751
weiaicunzai_pytorch-cifar100_issues,weiaicunzai_pytorch-cifar100_issues.json,74,"gems047, tdye24",-1,-1_habitat_the_src_to,0.0
weiaicunzai_pytorch-cifar100_issues,weiaicunzai_pytorch-cifar100_issues.json,73,Tefufen,6,6_trained_model_pretrained_you,1.0
weiaicunzai_pytorch-cifar100_issues,weiaicunzai_pytorch-cifar100_issues.json,72,xwpaul,6,6_trained_model_pretrained_you,0.8770003989842784
weiaicunzai_pytorch-cifar100_issues,weiaicunzai_pytorch-cifar100_issues.json,71,Zxl19990529,-1,-1_habitat_the_src_to,0.0
weiaicunzai_pytorch-cifar100_issues,weiaicunzai_pytorch-cifar100_issues.json,70,Cuibaby,6,6_trained_model_pretrained_you,1.0
weiaicunzai_pytorch-cifar100_issues,weiaicunzai_pytorch-cifar100_issues.json,69,"EddieEduardo, hayleeXinyi, LK-WordSnake",7,7_the_layer_loss_pytorch,1.0
weiaicunzai_pytorch-cifar100_issues,weiaicunzai_pytorch-cifar100_issues.json,68,jasperwt,30,30_training_predict_save_stop,1.0
weiaicunzai_pytorch-cifar100_issues,weiaicunzai_pytorch-cifar100_issues.json,67,abeyang00,-1,-1_habitat_the_src_to,0.0
weiaicunzai_pytorch-cifar100_issues,weiaicunzai_pytorch-cifar100_issues.json,66,hahadashi,-1,-1_habitat_the_src_to,0.0
weiaicunzai_pytorch-cifar100_issues,weiaicunzai_pytorch-cifar100_issues.json,65,ThanhPham1987,-1,-1_habitat_the_src_to,0.0
weiaicunzai_pytorch-cifar100_issues,weiaicunzai_pytorch-cifar100_issues.json,64,keshik6,7,7_the_layer_loss_pytorch,1.0
weiaicunzai_pytorch-cifar100_issues,weiaicunzai_pytorch-cifar100_issues.json,63,"khawar-islam, MohamedA95",44,44_own_dataset_images_train,1.0
weiaicunzai_pytorch-cifar100_issues,weiaicunzai_pytorch-cifar100_issues.json,62,"lewisxiaoxu, YoudaBai",-1,-1_habitat_the_src_to,0.0
weiaicunzai_pytorch-cifar100_issues,weiaicunzai_pytorch-cifar100_issues.json,61,garyxcheng,13,13_license_demo_lichess_this,1.0
weiaicunzai_pytorch-cifar100_issues,weiaicunzai_pytorch-cifar100_issues.json,60,Liudzz,16,16_l2_mult_param_bottom,0.9095601611745651
weiaicunzai_pytorch-cifar100_issues,weiaicunzai_pytorch-cifar100_issues.json,59,junha1125,16,16_l2_mult_param_bottom,0.8484800416193992
weiaicunzai_pytorch-cifar100_issues,weiaicunzai_pytorch-cifar100_issues.json,58,"a957815154, syxadd, bestux7, Crystal-Pi1997",7,7_the_layer_loss_pytorch,0.7720191662849276
weiaicunzai_pytorch-cifar100_issues,weiaicunzai_pytorch-cifar100_issues.json,56,jS5t3r,-1,-1_habitat_the_src_to,0.0
weiaicunzai_pytorch-cifar100_issues,weiaicunzai_pytorch-cifar100_issues.json,55,goodboyanush-deeplite,13,13_license_demo_lichess_this,1.0
weiaicunzai_pytorch-cifar100_issues,weiaicunzai_pytorch-cifar100_issues.json,54,jS5t3r,42,42_acc_val_epoch_loss,0.8504446161743598
weiaicunzai_pytorch-cifar100_issues,weiaicunzai_pytorch-cifar100_issues.json,53,ZhaolinWang0110,-1,-1_habitat_the_src_to,0.0
weiaicunzai_pytorch-cifar100_issues,weiaicunzai_pytorch-cifar100_issues.json,52,crclz,7,7_the_layer_loss_pytorch,1.0
weiaicunzai_pytorch-cifar100_issues,weiaicunzai_pytorch-cifar100_issues.json,51,khawar-islam,-1,-1_habitat_the_src_to,0.0
weiaicunzai_pytorch-cifar100_issues,weiaicunzai_pytorch-cifar100_issues.json,50,"YX1Q2W3E4R5T6Y, MohamedA95",7,7_the_layer_loss_pytorch,0.6426053576894872
weiaicunzai_pytorch-cifar100_issues,weiaicunzai_pytorch-cifar100_issues.json,49,bb912,6,6_trained_model_pretrained_you,1.0
weiaicunzai_pytorch-cifar100_issues,weiaicunzai_pytorch-cifar100_issues.json,47,UestcJay,7,7_the_layer_loss_pytorch,0.8982202653823156
weiaicunzai_pytorch-cifar100_issues,weiaicunzai_pytorch-cifar100_issues.json,46,"s9443112, a957815154, WakingHours-GitHub, chuntiandemaiya",7,7_the_layer_loss_pytorch,0.9781589001516029
weiaicunzai_pytorch-cifar100_issues,weiaicunzai_pytorch-cifar100_issues.json,45,"ygtxr1997, a957815154",14,14_xmnlp_checker_seanlee97_seg,1.0
weiaicunzai_pytorch-cifar100_issues,weiaicunzai_pytorch-cifar100_issues.json,44,SoufSilence,7,7_the_layer_loss_pytorch,0.9194053450918921
weiaicunzai_pytorch-cifar100_issues,weiaicunzai_pytorch-cifar100_issues.json,43,ysh-strive,17,17_memory_gpu_batch_size,1.0
weiaicunzai_pytorch-cifar100_issues,weiaicunzai_pytorch-cifar100_issues.json,42,"guanchuwang, weiaicunzai",-1,-1_habitat_the_src_to,0.0
weiaicunzai_pytorch-cifar100_issues,weiaicunzai_pytorch-cifar100_issues.json,41,"weiaicunzai, wuzuowuyou, robintzeng",16,16_l2_mult_param_bottom,0.7720067228312124
weiaicunzai_pytorch-cifar100_issues,weiaicunzai_pytorch-cifar100_issues.json,40,"wuyuanhang94, richardxing, yukiTemp",7,7_the_layer_loss_pytorch,0.7470515497308114
weiaicunzai_pytorch-cifar100_issues,weiaicunzai_pytorch-cifar100_issues.json,39,"weiaicunzai, xiaoxiannvlgy",47,47_whu_apps_00000000_00,1.0
weiaicunzai_pytorch-cifar100_issues,weiaicunzai_pytorch-cifar100_issues.json,38,boshi1993,6,6_trained_model_pretrained_you,1.0
weiaicunzai_pytorch-cifar100_issues,weiaicunzai_pytorch-cifar100_issues.json,37,"weiaicunzai, JanineCHEN",17,17_memory_gpu_batch_size,1.0
weiaicunzai_pytorch-cifar100_issues,weiaicunzai_pytorch-cifar100_issues.json,36,"weiaicunzai, starsky68, biel-wangdf3, chejulien, whisere, coisin-i, 6sz, ZhaolinWang0110",-1,-1_habitat_the_src_to,0.0
weiaicunzai_pytorch-cifar100_issues,weiaicunzai_pytorch-cifar100_issues.json,35,rsundar96,-1,-1_habitat_the_src_to,0.0
weiaicunzai_pytorch-cifar100_issues,weiaicunzai_pytorch-cifar100_issues.json,34,"weiaicunzai, XueqiaoPeng",-1,-1_habitat_the_src_to,0.0
weiaicunzai_pytorch-cifar100_issues,weiaicunzai_pytorch-cifar100_issues.json,33,"kingrain213, weiaicunzai, XueqiaoPeng",7,7_the_layer_loss_pytorch,0.66086433383994
weiaicunzai_pytorch-cifar100_issues,weiaicunzai_pytorch-cifar100_issues.json,32,"JasperMorrison, weiaicunzai, tehreemnaqvi, jaeho3690",-1,-1_habitat_the_src_to,0.0
weiaicunzai_pytorch-cifar100_issues,weiaicunzai_pytorch-cifar100_issues.json,31,"ShaoZeng, weiaicunzai, monkeyDemon, bokveizen, Vickeyhw",17,17_memory_gpu_batch_size,0.9051673130161697
weiaicunzai_pytorch-cifar100_issues,weiaicunzai_pytorch-cifar100_issues.json,30,GG-yuki,-1,-1_habitat_the_src_to,0.0
weiaicunzai_pytorch-cifar100_issues,weiaicunzai_pytorch-cifar100_issues.json,29,"Liudzz, weiaicunzai, itsShnik, imr555, Shiro-LK, Queuecumber",7,7_the_layer_loss_pytorch,1.0
weiaicunzai_pytorch-cifar100_issues,weiaicunzai_pytorch-cifar100_issues.json,28,"GuaiYiHu, momo1986, weiaicunzai, YTTHH, Senwang98",-1,-1_habitat_the_src_to,0.0
weiaicunzai_pytorch-cifar100_issues,weiaicunzai_pytorch-cifar100_issues.json,27,"valencebond, JiyueWang, animesh-007",7,7_the_layer_loss_pytorch,1.0
weiaicunzai_pytorch-cifar100_issues,weiaicunzai_pytorch-cifar100_issues.json,26,"JiyueWang, sangenan",-1,-1_habitat_the_src_to,0.0
weiaicunzai_pytorch-cifar100_issues,weiaicunzai_pytorch-cifar100_issues.json,25,"cubhe, weiaicunzai, Alexander0211, jkterry1",-1,-1_habitat_the_src_to,0.0
weiaicunzai_pytorch-cifar100_issues,weiaicunzai_pytorch-cifar100_issues.json,24,"YYsmith, Kunkun-Jia, weiaicunzai, bokveizen, Supernova410",-1,-1_habitat_the_src_to,0.0
weiaicunzai_pytorch-cifar100_issues,weiaicunzai_pytorch-cifar100_issues.json,23,"eddiexia98, wqdong8, xyy1991, JiyueWang, THHHomas, ErezBeyond, Pengfight",7,7_the_layer_loss_pytorch,0.8353479603054504
weiaicunzai_pytorch-cifar100_issues,weiaicunzai_pytorch-cifar100_issues.json,22,"DOGEwbx, weiaicunzai",-1,-1_habitat_the_src_to,0.0
weiaicunzai_pytorch-cifar100_issues,weiaicunzai_pytorch-cifar100_issues.json,21,"weiaicunzai, kupferb",-1,-1_habitat_the_src_to,0.0
weiaicunzai_pytorch-cifar100_issues,weiaicunzai_pytorch-cifar100_issues.json,20,"weiaicunzai, TREASUREPPY",-1,-1_habitat_the_src_to,0.0
weiaicunzai_pytorch-cifar100_issues,weiaicunzai_pytorch-cifar100_issues.json,19,Regeee,-1,-1_habitat_the_src_to,0.0
weiaicunzai_pytorch-cifar100_issues,weiaicunzai_pytorch-cifar100_issues.json,18,"weiaicunzai, vinthony",7,7_the_layer_loss_pytorch,1.0
weiaicunzai_pytorch-cifar100_issues,weiaicunzai_pytorch-cifar100_issues.json,17,"tjulyz, animesh-007, weiaicunzai, WeihanLikk, xyy1991, Lornatang, qiulinzhang, Note-Liu, AmigoCDT, Patrickctyyx, ghost",-1,-1_habitat_the_src_to,0.0
weiaicunzai_pytorch-cifar100_issues,weiaicunzai_pytorch-cifar100_issues.json,15,fjk123456,14,14_xmnlp_checker_seanlee97_seg,1.0
weiaicunzai_pytorch-cifar100_issues,weiaicunzai_pytorch-cifar100_issues.json,14,"Clannad000000, weiaicunzai, chituma110",17,17_memory_gpu_batch_size,1.0
weiaicunzai_pytorch-cifar100_issues,weiaicunzai_pytorch-cifar100_issues.json,13,"Lornatang, chenguanfu511, weiaicunzai",6,6_trained_model_pretrained_you,1.0
weiaicunzai_pytorch-cifar100_issues,weiaicunzai_pytorch-cifar100_issues.json,12,"weiaicunzai, cenchaojun",-1,-1_habitat_the_src_to,0.0
weiaicunzai_pytorch-cifar100_issues,weiaicunzai_pytorch-cifar100_issues.json,11,"HTL2018, weiaicunzai",47,47_whu_apps_00000000_00,0.7088714052117483
weiaicunzai_pytorch-cifar100_issues,weiaicunzai_pytorch-cifar100_issues.json,10,"HTL2018, weiaicunzai",-1,-1_habitat_the_src_to,0.0
weiaicunzai_pytorch-cifar100_issues,weiaicunzai_pytorch-cifar100_issues.json,9,"lucgiffon, lionkunonly, weiaicunzai",42,42_acc_val_epoch_loss,0.8491667086397576
weiaicunzai_pytorch-cifar100_issues,weiaicunzai_pytorch-cifar100_issues.json,8,"weiaicunzai, wangyongjie-ntu",6,6_trained_model_pretrained_you,1.0
weiaicunzai_pytorch-cifar100_issues,weiaicunzai_pytorch-cifar100_issues.json,6,"forrestsz, weiaicunzai",7,7_the_layer_loss_pytorch,0.9536382079033284
weiaicunzai_pytorch-cifar100_issues,weiaicunzai_pytorch-cifar100_issues.json,5,"FishWoWater, weiaicunzai",16,16_l2_mult_param_bottom,0.905590270549397
weiaicunzai_pytorch-cifar100_issues,weiaicunzai_pytorch-cifar100_issues.json,4,"SWHL, weiaicunzai",7,7_the_layer_loss_pytorch,1.0
weiaicunzai_pytorch-cifar100_issues,weiaicunzai_pytorch-cifar100_issues.json,3,"doublejtoh, weiaicunzai",7,7_the_layer_loss_pytorch,0.7237552415970182
weiaicunzai_pytorch-cifar100_issues,weiaicunzai_pytorch-cifar100_issues.json,2,"JiyueWang, weiaicunzai, sankin1770",-1,-1_habitat_the_src_to,0.0
weiaicunzai_pytorch-cifar100_issues,weiaicunzai_pytorch-cifar100_issues.json,1,"weiaicunzai, Mengxianke",-1,-1_habitat_the_src_to,0.0
wujixiu_helmet-detection_issues,wujixiu_helmet-detection_issues.json,29,saraRaris,-1,-1_habitat_the_src_to,0.0
wujixiu_helmet-detection_issues,wujixiu_helmet-detection_issues.json,28,zongoalbert,-1,-1_habitat_the_src_to,0.0
wujixiu_helmet-detection_issues,wujixiu_helmet-detection_issues.json,27,"alexkarpxb, zongoalbert, wujixiu",-1,-1_habitat_the_src_to,0.0
wujixiu_helmet-detection_issues,wujixiu_helmet-detection_issues.json,26,"chouxianyu, MajerMartin",13,13_license_demo_lichess_this,1.0
wujixiu_helmet-detection_issues,wujixiu_helmet-detection_issues.json,25,JanikBuecher,6,6_trained_model_pretrained_you,0.9757836241521308
wujixiu_helmet-detection_issues,wujixiu_helmet-detection_issues.json,24,hliu2016,-1,-1_habitat_the_src_to,0.0
wujixiu_helmet-detection_issues,wujixiu_helmet-detection_issues.json,23,"By-he, wujixiu, 0816-Radhu",10,10_dataset_download_datasets_you,0.5213962605578016
wujixiu_helmet-detection_issues,wujixiu_helmet-detection_issues.json,22,"chouxianyu, AndrewChung-GitHub",-1,-1_habitat_the_src_to,0.0
wujixiu_helmet-detection_issues,wujixiu_helmet-detection_issues.json,21,Maharshi-Aupera,-1,-1_habitat_the_src_to,0.0
wujixiu_helmet-detection_issues,wujixiu_helmet-detection_issues.json,20,aboy2018,-1,-1_habitat_the_src_to,0.0
wujixiu_helmet-detection_issues,wujixiu_helmet-detection_issues.json,19,Alvin-YCHEN,14,14_xmnlp_checker_seanlee97_seg,1.0
wujixiu_helmet-detection_issues,wujixiu_helmet-detection_issues.json,18,"XcodeHw, wujixiu",-1,-1_habitat_the_src_to,0.0
wujixiu_helmet-detection_issues,wujixiu_helmet-detection_issues.json,17,cab1211,16,16_l2_mult_param_bottom,0.9351261382757474
wujixiu_helmet-detection_issues,wujixiu_helmet-detection_issues.json,16,qianjun1987,-1,-1_habitat_the_src_to,0.0
wujixiu_helmet-detection_issues,wujixiu_helmet-detection_issues.json,15,bjwbjw,-1,-1_habitat_the_src_to,0.0
wujixiu_helmet-detection_issues,wujixiu_helmet-detection_issues.json,14,bjwbjw,-1,-1_habitat_the_src_to,0.0
wujixiu_helmet-detection_issues,wujixiu_helmet-detection_issues.json,13,"HUSTXUECHENGXI, wujixiu",10,10_dataset_download_datasets_you,0.26916264193782524
wujixiu_helmet-detection_issues,wujixiu_helmet-detection_issues.json,12,wait1988,-1,-1_habitat_the_src_to,0.0
wujixiu_helmet-detection_issues,wujixiu_helmet-detection_issues.json,11,"h-acker, qianjun1987",14,14_xmnlp_checker_seanlee97_seg,1.0
wujixiu_helmet-detection_issues,wujixiu_helmet-detection_issues.json,10,"h-acker, qianjun1987",26,26_i0906_20224_vec_07,1.0
wujixiu_helmet-detection_issues,wujixiu_helmet-detection_issues.json,8,"Siddartha123, wujixiu, qiuchenqqb",-1,-1_habitat_the_src_to,0.0
wujixiu_helmet-detection_issues,wujixiu_helmet-detection_issues.json,7,TianLei15822591582,-1,-1_habitat_the_src_to,0.0
wujixiu_helmet-detection_issues,wujixiu_helmet-detection_issues.json,6,TianLei15822591582,-1,-1_habitat_the_src_to,0.0
wujixiu_helmet-detection_issues,wujixiu_helmet-detection_issues.json,5,"Jai-wei, YuGuii",14,14_xmnlp_checker_seanlee97_seg,1.0
wujixiu_helmet-detection_issues,wujixiu_helmet-detection_issues.json,4,"komalpharate, wujixiu",-1,-1_habitat_the_src_to,0.0
wujixiu_helmet-detection_issues,wujixiu_helmet-detection_issues.json,3,"komalpharate, rsingh2083, wujixiu, sayanmutd, BlcaKHat",-1,-1_habitat_the_src_to,0.0
wujixiu_helmet-detection_issues,wujixiu_helmet-detection_issues.json,2,"Janezzliu, komalpharate, amenegola, codeqby, HarminDo, wujixiu, YuGuii",-1,-1_habitat_the_src_to,0.0
wujixiu_helmet-detection_issues,wujixiu_helmet-detection_issues.json,1,"wujixiu, wwzh2003, hymanzhu1983",6,6_trained_model_pretrained_you,0.5376514398194824
Yochengliu_MLIC-KD-WSD_issues,Yochengliu_MLIC-KD-WSD_issues.json,13,"ShaihW, Yochengliu",6,6_trained_model_pretrained_you,0.5716252385264988
Yochengliu_MLIC-KD-WSD_issues,Yochengliu_MLIC-KD-WSD_issues.json,12,"serena9525, Yochengliu",16,16_l2_mult_param_bottom,0.8156380665858234
Yochengliu_MLIC-KD-WSD_issues,Yochengliu_MLIC-KD-WSD_issues.json,11,"ztwe, Yochengliu",36,36_images_ndf_the_netd,1.0
Yochengliu_MLIC-KD-WSD_issues,Yochengliu_MLIC-KD-WSD_issues.json,10,"ztwe, Yochengliu",-1,-1_habitat_the_src_to,0.0
Yochengliu_MLIC-KD-WSD_issues,Yochengliu_MLIC-KD-WSD_issues.json,9,"ztwe, Yochengliu",16,16_l2_mult_param_bottom,1.0
Yochengliu_MLIC-KD-WSD_issues,Yochengliu_MLIC-KD-WSD_issues.json,8,"ztwe, Yochengliu",16,16_l2_mult_param_bottom,0.9291549196131849
Yochengliu_MLIC-KD-WSD_issues,Yochengliu_MLIC-KD-WSD_issues.json,7,"ztwe, Yochengliu",17,17_memory_gpu_batch_size,1.0
Yochengliu_MLIC-KD-WSD_issues,Yochengliu_MLIC-KD-WSD_issues.json,6,"ztwe, Yochengliu",-1,-1_habitat_the_src_to,0.0
Yochengliu_MLIC-KD-WSD_issues,Yochengliu_MLIC-KD-WSD_issues.json,5,"ztwe, Yochengliu",-1,-1_habitat_the_src_to,0.0
Yochengliu_MLIC-KD-WSD_issues,Yochengliu_MLIC-KD-WSD_issues.json,4,"ztwe, ShaihW",26,26_i0906_20224_vec_07,1.0
Yochengliu_MLIC-KD-WSD_issues,Yochengliu_MLIC-KD-WSD_issues.json,3,ztwe,-1,-1_habitat_the_src_to,0.0
Yochengliu_MLIC-KD-WSD_issues,Yochengliu_MLIC-KD-WSD_issues.json,2,"wywywy01, Yochengliu",-1,-1_habitat_the_src_to,0.0
Yochengliu_MLIC-KD-WSD_issues,Yochengliu_MLIC-KD-WSD_issues.json,1,"ZhangLin-PKU, Yochengliu",-1,-1_habitat_the_src_to,0.0
ZheC_Realtime_Multi-Person_Pose_Estimation_issues,ZheC_Realtime_Multi-Person_Pose_Estimation_issues.json,248,"EasterLily37, BeauDoggie",6,6_trained_model_pretrained_you,0.7687755120907817
ZheC_Realtime_Multi-Person_Pose_Estimation_issues,ZheC_Realtime_Multi-Person_Pose_Estimation_issues.json,247,akmal871026,-1,-1_habitat_the_src_to,0.0
ZheC_Realtime_Multi-Person_Pose_Estimation_issues,ZheC_Realtime_Multi-Person_Pose_Estimation_issues.json,246,"misticalpotion, Gun-mIn, BeauDoggie",10,10_dataset_download_datasets_you,0.2868379958808938
ZheC_Realtime_Multi-Person_Pose_Estimation_issues,ZheC_Realtime_Multi-Person_Pose_Estimation_issues.json,245,"soans1994, BeauDoggie",-1,-1_habitat_the_src_to,0.0
ZheC_Realtime_Multi-Person_Pose_Estimation_issues,ZheC_Realtime_Multi-Person_Pose_Estimation_issues.json,244,"soans1994, cohogain",16,16_l2_mult_param_bottom,0.9460741877459289
ZheC_Realtime_Multi-Person_Pose_Estimation_issues,ZheC_Realtime_Multi-Person_Pose_Estimation_issues.json,243,"Leggerla, misticalpotion, saanvi03",-1,-1_habitat_the_src_to,0.0
ZheC_Realtime_Multi-Person_Pose_Estimation_issues,ZheC_Realtime_Multi-Person_Pose_Estimation_issues.json,241,ArjunBangalore,-1,-1_habitat_the_src_to,0.0
ZheC_Realtime_Multi-Person_Pose_Estimation_issues,ZheC_Realtime_Multi-Person_Pose_Estimation_issues.json,240,kohillyang,-1,-1_habitat_the_src_to,0.0
ZheC_Realtime_Multi-Person_Pose_Estimation_issues,ZheC_Realtime_Multi-Person_Pose_Estimation_issues.json,239,shi-yan,-1,-1_habitat_the_src_to,0.0
ZheC_Realtime_Multi-Person_Pose_Estimation_issues,ZheC_Realtime_Multi-Person_Pose_Estimation_issues.json,238,shi-yan,9,9_zhec_person_the_coco,0.838873327827183
ZheC_Realtime_Multi-Person_Pose_Estimation_issues,ZheC_Realtime_Multi-Person_Pose_Estimation_issues.json,237,mazatov,36,36_images_ndf_the_netd,1.0
ZheC_Realtime_Multi-Person_Pose_Estimation_issues,ZheC_Realtime_Multi-Person_Pose_Estimation_issues.json,235,Angel113110,10,10_dataset_download_datasets_you,0.3267096830605271
ZheC_Realtime_Multi-Person_Pose_Estimation_issues,ZheC_Realtime_Multi-Person_Pose_Estimation_issues.json,234,"MikeEnvi, Angel113110, BeauDoggie, inever789",44,44_own_dataset_images_train,1.0
ZheC_Realtime_Multi-Person_Pose_Estimation_issues,ZheC_Realtime_Multi-Person_Pose_Estimation_issues.json,233,luqiang-guo,6,6_trained_model_pretrained_you,0.921110707442459
ZheC_Realtime_Multi-Person_Pose_Estimation_issues,ZheC_Realtime_Multi-Person_Pose_Estimation_issues.json,232,wine99,26,26_i0906_20224_vec_07,0.714149941328167
ZheC_Realtime_Multi-Person_Pose_Estimation_issues,ZheC_Realtime_Multi-Person_Pose_Estimation_issues.json,230,"xiaonanchong, QuintessaQ",6,6_trained_model_pretrained_you,1.0
ZheC_Realtime_Multi-Person_Pose_Estimation_issues,ZheC_Realtime_Multi-Person_Pose_Estimation_issues.json,229,Aakriti05,-1,-1_habitat_the_src_to,0.0
ZheC_Realtime_Multi-Person_Pose_Estimation_issues,ZheC_Realtime_Multi-Person_Pose_Estimation_issues.json,228,"Aakriti05, oujieww",-1,-1_habitat_the_src_to,0.0
ZheC_Realtime_Multi-Person_Pose_Estimation_issues,ZheC_Realtime_Multi-Person_Pose_Estimation_issues.json,227,"wwxzxd, oujieww",9,9_zhec_person_the_coco,1.0
ZheC_Realtime_Multi-Person_Pose_Estimation_issues,ZheC_Realtime_Multi-Person_Pose_Estimation_issues.json,226,"oujieww, rafuck, wuxiaomin0110, luqiang-guo, SyGoing",16,16_l2_mult_param_bottom,0.7374361900113685
ZheC_Realtime_Multi-Person_Pose_Estimation_issues,ZheC_Realtime_Multi-Person_Pose_Estimation_issues.json,225,www322,-1,-1_habitat_the_src_to,0.0
ZheC_Realtime_Multi-Person_Pose_Estimation_issues,ZheC_Realtime_Multi-Person_Pose_Estimation_issues.json,224,"chenzhekl, Xonxt",-1,-1_habitat_the_src_to,0.0
ZheC_Realtime_Multi-Person_Pose_Estimation_issues,ZheC_Realtime_Multi-Person_Pose_Estimation_issues.json,223,www322,-1,-1_habitat_the_src_to,0.0
ZheC_Realtime_Multi-Person_Pose_Estimation_issues,ZheC_Realtime_Multi-Person_Pose_Estimation_issues.json,222,"mehtadushy, Aakriti05",16,16_l2_mult_param_bottom,0.7375716644122
ZheC_Realtime_Multi-Person_Pose_Estimation_issues,ZheC_Realtime_Multi-Person_Pose_Estimation_issues.json,221,nyck33,-1,-1_habitat_the_src_to,0.0
ZheC_Realtime_Multi-Person_Pose_Estimation_issues,ZheC_Realtime_Multi-Person_Pose_Estimation_issues.json,220,Aakriti05,9,9_zhec_person_the_coco,0.5583930905378913
ZheC_Realtime_Multi-Person_Pose_Estimation_issues,ZheC_Realtime_Multi-Person_Pose_Estimation_issues.json,219,"lucasjinreal, huntkao",-1,-1_habitat_the_src_to,0.0
ZheC_Realtime_Multi-Person_Pose_Estimation_issues,ZheC_Realtime_Multi-Person_Pose_Estimation_issues.json,218,allan030213,-1,-1_habitat_the_src_to,0.0
ZheC_Realtime_Multi-Person_Pose_Estimation_issues,ZheC_Realtime_Multi-Person_Pose_Estimation_issues.json,217,"HARIHARAN1103, ghost, retro2old, utisolichah",-1,-1_habitat_the_src_to,0.0
ZheC_Realtime_Multi-Person_Pose_Estimation_issues,ZheC_Realtime_Multi-Person_Pose_Estimation_issues.json,216,"Aakriti05, NaveenSehgal",-1,-1_habitat_the_src_to,0.0
ZheC_Realtime_Multi-Person_Pose_Estimation_issues,ZheC_Realtime_Multi-Person_Pose_Estimation_issues.json,215,lilyswang,9,9_zhec_person_the_coco,0.4921983738930583
ZheC_Realtime_Multi-Person_Pose_Estimation_issues,ZheC_Realtime_Multi-Person_Pose_Estimation_issues.json,214,chuck0518,0,0_model_modelmanager_serving_server,0.9920409573199094
ZheC_Realtime_Multi-Person_Pose_Estimation_issues,ZheC_Realtime_Multi-Person_Pose_Estimation_issues.json,212,changkk,29,29_coco_lmdb_761_caffe,0.9362217059779512
ZheC_Realtime_Multi-Person_Pose_Estimation_issues,ZheC_Realtime_Multi-Person_Pose_Estimation_issues.json,211,"ZheC, rafikg",9,9_zhec_person_the_coco,0.49704863371875807
ZheC_Realtime_Multi-Person_Pose_Estimation_issues,ZheC_Realtime_Multi-Person_Pose_Estimation_issues.json,209,fanghuaqi,31,31_cityscapes_000000_iou_label,0.5699072231097283
ZheC_Realtime_Multi-Person_Pose_Estimation_issues,ZheC_Realtime_Multi-Person_Pose_Estimation_issues.json,208,"Sierkinhane, ZheC",9,9_zhec_person_the_coco,0.9160639509890497
ZheC_Realtime_Multi-Person_Pose_Estimation_issues,ZheC_Realtime_Multi-Person_Pose_Estimation_issues.json,207,"MarioCavero, golesorkh, MarcosMdo, BeauDoggie",-1,-1_habitat_the_src_to,0.0
ZheC_Realtime_Multi-Person_Pose_Estimation_issues,ZheC_Realtime_Multi-Person_Pose_Estimation_issues.json,206,"XuSen123, gineshidalgo99, Asmox, Hzzone",9,9_zhec_person_the_coco,0.5232561344757769
ZheC_Realtime_Multi-Person_Pose_Estimation_issues,ZheC_Realtime_Multi-Person_Pose_Estimation_issues.json,204,"find1dream, tomercohen11, ZheC",-1,-1_habitat_the_src_to,0.0
ZheC_Realtime_Multi-Person_Pose_Estimation_issues,ZheC_Realtime_Multi-Person_Pose_Estimation_issues.json,203,"ZheC, eddieyi",-1,-1_habitat_the_src_to,0.0
ZheC_Realtime_Multi-Person_Pose_Estimation_issues,ZheC_Realtime_Multi-Person_Pose_Estimation_issues.json,202,"chuanheliu, moin59, ZahraAnam",-1,-1_habitat_the_src_to,0.0
ZheC_Realtime_Multi-Person_Pose_Estimation_issues,ZheC_Realtime_Multi-Person_Pose_Estimation_issues.json,201,lzwisme,49,49_tdh_mytest_kel_ternary,1.0
ZheC_Realtime_Multi-Person_Pose_Estimation_issues,ZheC_Realtime_Multi-Person_Pose_Estimation_issues.json,200,YanYan0716,-1,-1_habitat_the_src_to,0.0
ZheC_Realtime_Multi-Person_Pose_Estimation_issues,ZheC_Realtime_Multi-Person_Pose_Estimation_issues.json,199,"quchang3, qinannan",-1,-1_habitat_the_src_to,0.0
ZheC_Realtime_Multi-Person_Pose_Estimation_issues,ZheC_Realtime_Multi-Person_Pose_Estimation_issues.json,198,SCUT2014,-1,-1_habitat_the_src_to,0.0
ZheC_Realtime_Multi-Person_Pose_Estimation_issues,ZheC_Realtime_Multi-Person_Pose_Estimation_issues.json,197,tianjiahao,-1,-1_habitat_the_src_to,0.0
ZheC_Realtime_Multi-Person_Pose_Estimation_issues,ZheC_Realtime_Multi-Person_Pose_Estimation_issues.json,196,pinkfloyd06,9,9_zhec_person_the_coco,0.572368560472469
ZheC_Realtime_Multi-Person_Pose_Estimation_issues,ZheC_Realtime_Multi-Person_Pose_Estimation_issues.json,195,"MartFire, changkk",26,26_i0906_20224_vec_07,0.9276031081276386
ZheC_Realtime_Multi-Person_Pose_Estimation_issues,ZheC_Realtime_Multi-Person_Pose_Estimation_issues.json,194,"albertchristianto, MarcosMdo, pinkfloyd06",9,9_zhec_person_the_coco,0.5145771463233343
ZheC_Realtime_Multi-Person_Pose_Estimation_issues,ZheC_Realtime_Multi-Person_Pose_Estimation_issues.json,193,yw155,9,9_zhec_person_the_coco,0.6062148015248381
ZheC_Realtime_Multi-Person_Pose_Estimation_issues,ZheC_Realtime_Multi-Person_Pose_Estimation_issues.json,192,pinkfloyd06,9,9_zhec_person_the_coco,1.0
ZheC_Realtime_Multi-Person_Pose_Estimation_issues,ZheC_Realtime_Multi-Person_Pose_Estimation_issues.json,191,Hanhanhan11,-1,-1_habitat_the_src_to,0.0
ZheC_Realtime_Multi-Person_Pose_Estimation_issues,ZheC_Realtime_Multi-Person_Pose_Estimation_issues.json,190,"Hanhanhan11, FoolishMao",36,36_images_ndf_the_netd,0.9696384984018235
ZheC_Realtime_Multi-Person_Pose_Estimation_issues,ZheC_Realtime_Multi-Person_Pose_Estimation_issues.json,189,DongJT1996,9,9_zhec_person_the_coco,0.5536021534927662
ZheC_Realtime_Multi-Person_Pose_Estimation_issues,ZheC_Realtime_Multi-Person_Pose_Estimation_issues.json,188,arnitkun,44,44_own_dataset_images_train,0.9693428520648218
ZheC_Realtime_Multi-Person_Pose_Estimation_issues,ZheC_Realtime_Multi-Person_Pose_Estimation_issues.json,187,"ZheC, donnyyou",-1,-1_habitat_the_src_to,0.0
ZheC_Realtime_Multi-Person_Pose_Estimation_issues,ZheC_Realtime_Multi-Person_Pose_Estimation_issues.json,186,ybai62868,29,29_coco_lmdb_761_caffe,0.9329793080555518
ZheC_Realtime_Multi-Person_Pose_Estimation_issues,ZheC_Realtime_Multi-Person_Pose_Estimation_issues.json,185,AtanaDavid,-1,-1_habitat_the_src_to,0.0
ZheC_Realtime_Multi-Person_Pose_Estimation_issues,ZheC_Realtime_Multi-Person_Pose_Estimation_issues.json,184,"yw155, changkk, weilanShi, MartFire, jpbillzhou",29,29_coco_lmdb_761_caffe,0.9274238230220255
ZheC_Realtime_Multi-Person_Pose_Estimation_issues,ZheC_Realtime_Multi-Person_Pose_Estimation_issues.json,183,"MartFire, rohanchidrewar05",-1,-1_habitat_the_src_to,0.0
ZheC_Realtime_Multi-Person_Pose_Estimation_issues,ZheC_Realtime_Multi-Person_Pose_Estimation_issues.json,182,mashiwei,-1,-1_habitat_the_src_to,0.0
ZheC_Realtime_Multi-Person_Pose_Estimation_issues,ZheC_Realtime_Multi-Person_Pose_Estimation_issues.json,181,"travisCxy, yw155, mashiwei",-1,-1_habitat_the_src_to,0.0
ZheC_Realtime_Multi-Person_Pose_Estimation_issues,ZheC_Realtime_Multi-Person_Pose_Estimation_issues.json,180,"bombs-kim, chuck0518, JustAnotherUsername123",-1,-1_habitat_the_src_to,0.0
ZheC_Realtime_Multi-Person_Pose_Estimation_issues,ZheC_Realtime_Multi-Person_Pose_Estimation_issues.json,179,zsdonghao,9,9_zhec_person_the_coco,0.5875982468110509
ZheC_Realtime_Multi-Person_Pose_Estimation_issues,ZheC_Realtime_Multi-Person_Pose_Estimation_issues.json,177,"Hanhanhan11, xiaofeiwu",7,7_the_layer_loss_pytorch,0.6678771973181588
ZheC_Realtime_Multi-Person_Pose_Estimation_issues,ZheC_Realtime_Multi-Person_Pose_Estimation_issues.json,176,GajjarMihir,7,7_the_layer_loss_pytorch,0.675593891530539
ZheC_Realtime_Multi-Person_Pose_Estimation_issues,ZheC_Realtime_Multi-Person_Pose_Estimation_issues.json,175,"Clanatia, salvador-blanco, changkk",29,29_coco_lmdb_761_caffe,0.9272538295248751
ZheC_Realtime_Multi-Person_Pose_Estimation_issues,ZheC_Realtime_Multi-Person_Pose_Estimation_issues.json,174,"soans1994, yw155, salvador-blanco",6,6_trained_model_pretrained_you,0.7423829434409311
ZheC_Realtime_Multi-Person_Pose_Estimation_issues,ZheC_Realtime_Multi-Person_Pose_Estimation_issues.json,173,yw155,16,16_l2_mult_param_bottom,0.9850740671714281
ZheC_Realtime_Multi-Person_Pose_Estimation_issues,ZheC_Realtime_Multi-Person_Pose_Estimation_issues.json,172,"yw155, ZheC, DavHoffmann",9,9_zhec_person_the_coco,0.6650684961668271
ZheC_Realtime_Multi-Person_Pose_Estimation_issues,ZheC_Realtime_Multi-Person_Pose_Estimation_issues.json,171,"yw155, HuAndrew, ZheC",9,9_zhec_person_the_coco,0.6650684961668271
ZheC_Realtime_Multi-Person_Pose_Estimation_issues,ZheC_Realtime_Multi-Person_Pose_Estimation_issues.json,170,"yw155, ZheC",9,9_zhec_person_the_coco,0.487629239283775
ZheC_Realtime_Multi-Person_Pose_Estimation_issues,ZheC_Realtime_Multi-Person_Pose_Estimation_issues.json,169,"albertchristianto, gineshidalgo99",-1,-1_habitat_the_src_to,0.0
ZheC_Realtime_Multi-Person_Pose_Estimation_issues,ZheC_Realtime_Multi-Person_Pose_Estimation_issues.json,168,"Aakriti05, ZheC, DongJT1996",9,9_zhec_person_the_coco,0.6650684961668271
ZheC_Realtime_Multi-Person_Pose_Estimation_issues,ZheC_Realtime_Multi-Person_Pose_Estimation_issues.json,167,"ZheC, ghost",17,17_memory_gpu_batch_size,1.0
ZheC_Realtime_Multi-Person_Pose_Estimation_issues,ZheC_Realtime_Multi-Person_Pose_Estimation_issues.json,166,"CHANYUEPO, ZheC",-1,-1_habitat_the_src_to,0.0
ZheC_Realtime_Multi-Person_Pose_Estimation_issues,ZheC_Realtime_Multi-Person_Pose_Estimation_issues.json,165,"salvador-blanco, oujieww",-1,-1_habitat_the_src_to,0.0
ZheC_Realtime_Multi-Person_Pose_Estimation_issues,ZheC_Realtime_Multi-Person_Pose_Estimation_issues.json,164,MoonBunnyZZZ,26,26_i0906_20224_vec_07,0.99719700849537
ZheC_Realtime_Multi-Person_Pose_Estimation_issues,ZheC_Realtime_Multi-Person_Pose_Estimation_issues.json,163,"mihaifieraru, ZheC",9,9_zhec_person_the_coco,0.5724737544418433
ZheC_Realtime_Multi-Person_Pose_Estimation_issues,ZheC_Realtime_Multi-Person_Pose_Estimation_issues.json,162,"xxxyyyzzzz, ZheC, albertchristianto",-1,-1_habitat_the_src_to,0.0
ZheC_Realtime_Multi-Person_Pose_Estimation_issues,ZheC_Realtime_Multi-Person_Pose_Estimation_issues.json,161,"mks0601, yw155, ZheC",9,9_zhec_person_the_coco,0.6033983380251465
ZheC_Realtime_Multi-Person_Pose_Estimation_issues,ZheC_Realtime_Multi-Person_Pose_Estimation_issues.json,160,"quchang3, xxxyyyzzzz, ZheC",29,29_coco_lmdb_761_caffe,0.9765286200671767
ZheC_Realtime_Multi-Person_Pose_Estimation_issues,ZheC_Realtime_Multi-Person_Pose_Estimation_issues.json,159,"ZheC, cchamber",-1,-1_habitat_the_src_to,0.0
ZheC_Realtime_Multi-Person_Pose_Estimation_issues,ZheC_Realtime_Multi-Person_Pose_Estimation_issues.json,158,"ZheC, DongJT1996",9,9_zhec_person_the_coco,0.628658883579526
ZheC_Realtime_Multi-Person_Pose_Estimation_issues,ZheC_Realtime_Multi-Person_Pose_Estimation_issues.json,157,"ZheC, anatolix",-1,-1_habitat_the_src_to,0.0
ZheC_Realtime_Multi-Person_Pose_Estimation_issues,ZheC_Realtime_Multi-Person_Pose_Estimation_issues.json,156,"salvador-blanco, BeauDoggie, s1234s030",29,29_coco_lmdb_761_caffe,1.0
ZheC_Realtime_Multi-Person_Pose_Estimation_issues,ZheC_Realtime_Multi-Person_Pose_Estimation_issues.json,155,salvador-blanco,29,29_coco_lmdb_761_caffe,0.971421853519234
ZheC_Realtime_Multi-Person_Pose_Estimation_issues,ZheC_Realtime_Multi-Person_Pose_Estimation_issues.json,154,"Metal-joker, arnitkun, christian-lanius, BeauDoggie, cchamber",44,44_own_dataset_images_train,1.0
ZheC_Realtime_Multi-Person_Pose_Estimation_issues,ZheC_Realtime_Multi-Person_Pose_Estimation_issues.json,153,"ZheC, donnyyou",-1,-1_habitat_the_src_to,0.0
ZheC_Realtime_Multi-Person_Pose_Estimation_issues,ZheC_Realtime_Multi-Person_Pose_Estimation_issues.json,151,"xxxyyyzzzz, ZheC",9,9_zhec_person_the_coco,0.6469646157713329
ZheC_Realtime_Multi-Person_Pose_Estimation_issues,ZheC_Realtime_Multi-Person_Pose_Estimation_issues.json,150,"pavanteja295, ZheC",9,9_zhec_person_the_coco,0.5305803414060675
ZheC_Realtime_Multi-Person_Pose_Estimation_issues,ZheC_Realtime_Multi-Person_Pose_Estimation_issues.json,149,xxxyyyzzzz,-1,-1_habitat_the_src_to,0.0
ZheC_Realtime_Multi-Person_Pose_Estimation_issues,ZheC_Realtime_Multi-Person_Pose_Estimation_issues.json,148,"qnkhuat, cchamber",-1,-1_habitat_the_src_to,0.0
ZheC_Realtime_Multi-Person_Pose_Estimation_issues,ZheC_Realtime_Multi-Person_Pose_Estimation_issues.json,147,pingjun18-li,9,9_zhec_person_the_coco,0.5072831467294616
ZheC_Realtime_Multi-Person_Pose_Estimation_issues,ZheC_Realtime_Multi-Person_Pose_Estimation_issues.json,146,"xxxyyyzzzz, younger-diao",46,46_pose_result_posefix_json,0.8594238492946877
ZheC_Realtime_Multi-Person_Pose_Estimation_issues,ZheC_Realtime_Multi-Person_Pose_Estimation_issues.json,145,"qinannan, salvador-blanco, makeitraina, quchang3",-1,-1_habitat_the_src_to,0.0
ZheC_Realtime_Multi-Person_Pose_Estimation_issues,ZheC_Realtime_Multi-Person_Pose_Estimation_issues.json,144,"gineshidalgo99, JoseRubio15",11,11_command_deps_habitat_assimp,0.6397214388410671
ZheC_Realtime_Multi-Person_Pose_Estimation_issues,ZheC_Realtime_Multi-Person_Pose_Estimation_issues.json,143,"Ai-is-light, ZheC",-1,-1_habitat_the_src_to,0.0
ZheC_Realtime_Multi-Person_Pose_Estimation_issues,ZheC_Realtime_Multi-Person_Pose_Estimation_issues.json,142,"hellojialee, nnop",9,9_zhec_person_the_coco,0.6087386688124724
ZheC_Realtime_Multi-Person_Pose_Estimation_issues,ZheC_Realtime_Multi-Person_Pose_Estimation_issues.json,141,Ai-is-light,31,31_cityscapes_000000_iou_label,0.7649638478627462
ZheC_Realtime_Multi-Person_Pose_Estimation_issues,ZheC_Realtime_Multi-Person_Pose_Estimation_issues.json,140,donnyyou,-1,-1_habitat_the_src_to,0.0
ZheC_Realtime_Multi-Person_Pose_Estimation_issues,ZheC_Realtime_Multi-Person_Pose_Estimation_issues.json,139,"Ai-is-light, hellojialee, Hanhanhan11, Xiangyu-CAS",7,7_the_layer_loss_pytorch,1.0
ZheC_Realtime_Multi-Person_Pose_Estimation_issues,ZheC_Realtime_Multi-Person_Pose_Estimation_issues.json,138,"AndreiCostinescu, haleqiu",6,6_trained_model_pretrained_you,1.0
ZheC_Realtime_Multi-Person_Pose_Estimation_issues,ZheC_Realtime_Multi-Person_Pose_Estimation_issues.json,136,"zubairahmed-ai, ZheC",-1,-1_habitat_the_src_to,0.0
ZheC_Realtime_Multi-Person_Pose_Estimation_issues,ZheC_Realtime_Multi-Person_Pose_Estimation_issues.json,135,"Ai-is-light, hellojialee, shengjunpan",-1,-1_habitat_the_src_to,0.0
ZheC_Realtime_Multi-Person_Pose_Estimation_issues,ZheC_Realtime_Multi-Person_Pose_Estimation_issues.json,134,"hellojialee, nnop, rewonderful",9,9_zhec_person_the_coco,0.7513600312138565
ZheC_Realtime_Multi-Person_Pose_Estimation_issues,ZheC_Realtime_Multi-Person_Pose_Estimation_issues.json,133,dldldlfma,-1,-1_habitat_the_src_to,0.0
ZheC_Realtime_Multi-Person_Pose_Estimation_issues,ZheC_Realtime_Multi-Person_Pose_Estimation_issues.json,132,r1c7,9,9_zhec_person_the_coco,0.47973437788035045
ZheC_Realtime_Multi-Person_Pose_Estimation_issues,ZheC_Realtime_Multi-Person_Pose_Estimation_issues.json,131,"Brave731, ZheC, RayLeijingsi, mkocabas, Xiangyu-CAS, anatolix, Ai-is-light, rocketbear",-1,-1_habitat_the_src_to,0.0
ZheC_Realtime_Multi-Person_Pose_Estimation_issues,ZheC_Realtime_Multi-Person_Pose_Estimation_issues.json,130,younger-diao,-1,-1_habitat_the_src_to,0.0
ZheC_Realtime_Multi-Person_Pose_Estimation_issues,ZheC_Realtime_Multi-Person_Pose_Estimation_issues.json,129,"xiaojieli0903, woodyhu",9,9_zhec_person_the_coco,0.6650684961668271
ZheC_Realtime_Multi-Person_Pose_Estimation_issues,ZheC_Realtime_Multi-Person_Pose_Estimation_issues.json,128,Omnivore-znc,52,52_time_mxnet_training_you,1.0
ZheC_Realtime_Multi-Person_Pose_Estimation_issues,ZheC_Realtime_Multi-Person_Pose_Estimation_issues.json,127,"woxihuanchirou, anatolix",-1,-1_habitat_the_src_to,0.0
ZheC_Realtime_Multi-Person_Pose_Estimation_issues,ZheC_Realtime_Multi-Person_Pose_Estimation_issues.json,126,"Ai-is-light, ZheC, coldgemini, qiujing27",16,16_l2_mult_param_bottom,0.9452667447527205
ZheC_Realtime_Multi-Person_Pose_Estimation_issues,ZheC_Realtime_Multi-Person_Pose_Estimation_issues.json,125,"ZheC, coldgemini",-1,-1_habitat_the_src_to,0.0
ZheC_Realtime_Multi-Person_Pose_Estimation_issues,ZheC_Realtime_Multi-Person_Pose_Estimation_issues.json,124,"anatolix, Ai-is-light, RuWang15, dreaming12580, BeauDoggie",9,9_zhec_person_the_coco,1.0
ZheC_Realtime_Multi-Person_Pose_Estimation_issues,ZheC_Realtime_Multi-Person_Pose_Estimation_issues.json,123,"coldgemini, anatolix",-1,-1_habitat_the_src_to,0.0
ZheC_Realtime_Multi-Person_Pose_Estimation_issues,ZheC_Realtime_Multi-Person_Pose_Estimation_issues.json,122,"Ai-is-light, Omnivore-znc",16,16_l2_mult_param_bottom,0.7375716644122
ZheC_Realtime_Multi-Person_Pose_Estimation_issues,ZheC_Realtime_Multi-Person_Pose_Estimation_issues.json,121,"salvador-blanco, gineshidalgo99",-1,-1_habitat_the_src_to,0.0
ZheC_Realtime_Multi-Person_Pose_Estimation_issues,ZheC_Realtime_Multi-Person_Pose_Estimation_issues.json,120,"samson-wang, destinyzs",-1,-1_habitat_the_src_to,0.0
ZheC_Realtime_Multi-Person_Pose_Estimation_issues,ZheC_Realtime_Multi-Person_Pose_Estimation_issues.json,119,"Ai-is-light, mingmingDiii",9,9_zhec_person_the_coco,0.6650684961668271
ZheC_Realtime_Multi-Person_Pose_Estimation_issues,ZheC_Realtime_Multi-Person_Pose_Estimation_issues.json,118,"last-one, Hanhanhan11, ZheC, anatolix",9,9_zhec_person_the_coco,0.5755347693608898
ZheC_Realtime_Multi-Person_Pose_Estimation_issues,ZheC_Realtime_Multi-Person_Pose_Estimation_issues.json,117,"nnop, anatolix",9,9_zhec_person_the_coco,1.0
ZheC_Realtime_Multi-Person_Pose_Estimation_issues,ZheC_Realtime_Multi-Person_Pose_Estimation_issues.json,116,"weilanShi, destinyzs, moin59",29,29_coco_lmdb_761_caffe,0.8822062607226392
ZheC_Realtime_Multi-Person_Pose_Estimation_issues,ZheC_Realtime_Multi-Person_Pose_Estimation_issues.json,115,"last-one, ZheC",9,9_zhec_person_the_coco,0.5536021534927662
ZheC_Realtime_Multi-Person_Pose_Estimation_issues,ZheC_Realtime_Multi-Person_Pose_Estimation_issues.json,114,"wuchichung, donnyyou, anatolix",9,9_zhec_person_the_coco,1.0
ZheC_Realtime_Multi-Person_Pose_Estimation_issues,ZheC_Realtime_Multi-Person_Pose_Estimation_issues.json,112,"destinyzs, salvador-blanco, bowrian",29,29_coco_lmdb_761_caffe,1.0
ZheC_Realtime_Multi-Person_Pose_Estimation_issues,ZheC_Realtime_Multi-Person_Pose_Estimation_issues.json,111,oujieww,-1,-1_habitat_the_src_to,0.0
ZheC_Realtime_Multi-Person_Pose_Estimation_issues,ZheC_Realtime_Multi-Person_Pose_Estimation_issues.json,110,"ybai62868, RajatGarg45, vrao9, henanjun, oujieww, liaowang0125, HovoTopTal, salvador-blanco, soonchanpark, akmal871026, moin59, BeauDoggie",-1,-1_habitat_the_src_to,0.0
ZheC_Realtime_Multi-Person_Pose_Estimation_issues,ZheC_Realtime_Multi-Person_Pose_Estimation_issues.json,109,"Marcovaldong, xie-dongping, oujieww",29,29_coco_lmdb_761_caffe,0.8982632806633513
ZheC_Realtime_Multi-Person_Pose_Estimation_issues,ZheC_Realtime_Multi-Person_Pose_Estimation_issues.json,108,"ZheC, oujieww",9,9_zhec_person_the_coco,0.49281971427729915
ZheC_Realtime_Multi-Person_Pose_Estimation_issues,ZheC_Realtime_Multi-Person_Pose_Estimation_issues.json,107,joyousrabbit,3,3_camera_agent_sensor_rotation,0.6657461977948437
ZheC_Realtime_Multi-Person_Pose_Estimation_issues,ZheC_Realtime_Multi-Person_Pose_Estimation_issues.json,106,"Gzzgz, feitiandemiaomi, oujieww, salvador-blanco, ktr-hubrt, Ai-is-light",-1,-1_habitat_the_src_to,0.0
ZheC_Realtime_Multi-Person_Pose_Estimation_issues,ZheC_Realtime_Multi-Person_Pose_Estimation_issues.json,105,himanshu-jain16,-1,-1_habitat_the_src_to,0.0
ZheC_Realtime_Multi-Person_Pose_Estimation_issues,ZheC_Realtime_Multi-Person_Pose_Estimation_issues.json,104,ildoonet,16,16_l2_mult_param_bottom,0.7904770937864218
ZheC_Realtime_Multi-Person_Pose_Estimation_issues,ZheC_Realtime_Multi-Person_Pose_Estimation_issues.json,103,"ds2268, oujieww",33,33_action_sac_plt_ep,1.0
ZheC_Realtime_Multi-Person_Pose_Estimation_issues,ZheC_Realtime_Multi-Person_Pose_Estimation_issues.json,102,"coldgemini, Nestarneal, anatolix",16,16_l2_mult_param_bottom,1.0
ZheC_Realtime_Multi-Person_Pose_Estimation_issues,ZheC_Realtime_Multi-Person_Pose_Estimation_issues.json,101,"leodays, xiangweifeng",-1,-1_habitat_the_src_to,0.0
ZheC_Realtime_Multi-Person_Pose_Estimation_issues,ZheC_Realtime_Multi-Person_Pose_Estimation_issues.json,100,"ZheC, xiaojieli0903",17,17_memory_gpu_batch_size,0.847022259154754
ZheC_Realtime_Multi-Person_Pose_Estimation_issues,ZheC_Realtime_Multi-Person_Pose_Estimation_issues.json,99,"ZheC, NIEYALI, anatolix",-1,-1_habitat_the_src_to,0.0
ZheC_Realtime_Multi-Person_Pose_Estimation_issues,ZheC_Realtime_Multi-Person_Pose_Estimation_issues.json,98,"bazhijing, louielu1027, xxxyyyzzzz, xiaojieli0903, YanYan0716",9,9_zhec_person_the_coco,0.639545415330754
ZheC_Realtime_Multi-Person_Pose_Estimation_issues,ZheC_Realtime_Multi-Person_Pose_Estimation_issues.json,97,"lalawuu, xiangweifeng",52,52_time_mxnet_training_you,1.0
ZheC_Realtime_Multi-Person_Pose_Estimation_issues,ZheC_Realtime_Multi-Person_Pose_Estimation_issues.json,96,"michalfaber, anatolix",-1,-1_habitat_the_src_to,0.0
ZheC_Realtime_Multi-Person_Pose_Estimation_issues,ZheC_Realtime_Multi-Person_Pose_Estimation_issues.json,95,xiangweifeng,-1,-1_habitat_the_src_to,0.0
ZheC_Realtime_Multi-Person_Pose_Estimation_issues,ZheC_Realtime_Multi-Person_Pose_Estimation_issues.json,94,"lalawuu, salvador-blanco, xiangweifeng",29,29_coco_lmdb_761_caffe,1.0
ZheC_Realtime_Multi-Person_Pose_Estimation_issues,ZheC_Realtime_Multi-Person_Pose_Estimation_issues.json,93,"xiangweifeng, feitiandemiaomi, liaowang0125, hellojialee, noirmist",9,9_zhec_person_the_coco,1.0
ZheC_Realtime_Multi-Person_Pose_Estimation_issues,ZheC_Realtime_Multi-Person_Pose_Estimation_issues.json,91,"AIHGF, wujiyoung",29,29_coco_lmdb_761_caffe,1.0
ZheC_Realtime_Multi-Person_Pose_Estimation_issues,ZheC_Realtime_Multi-Person_Pose_Estimation_issues.json,90,"vijay1131, dingyiwei, simoooooooon, royshelly1008, siyuhuang, chaomaer, utisolichah, leezhang2, arndey, teaddicted, Sigmadsen",-1,-1_habitat_the_src_to,0.0
ZheC_Realtime_Multi-Person_Pose_Estimation_issues,ZheC_Realtime_Multi-Person_Pose_Estimation_issues.json,89,"gineshidalgo99, Nestarneal, SBoulanger",-1,-1_habitat_the_src_to,0.0
ZheC_Realtime_Multi-Person_Pose_Estimation_issues,ZheC_Realtime_Multi-Person_Pose_Estimation_issues.json,88,g5996706,9,9_zhec_person_the_coco,0.5868434048924944
ZheC_Realtime_Multi-Person_Pose_Estimation_issues,ZheC_Realtime_Multi-Person_Pose_Estimation_issues.json,87,tete1030,9,9_zhec_person_the_coco,0.4846254189078379
ZheC_Realtime_Multi-Person_Pose_Estimation_issues,ZheC_Realtime_Multi-Person_Pose_Estimation_issues.json,86,"ZheC, ZENGXH",-1,-1_habitat_the_src_to,0.0
ZheC_Realtime_Multi-Person_Pose_Estimation_issues,ZheC_Realtime_Multi-Person_Pose_Estimation_issues.json,85,"andyyy60, LCanceled",29,29_coco_lmdb_761_caffe,1.0
ZheC_Realtime_Multi-Person_Pose_Estimation_issues,ZheC_Realtime_Multi-Person_Pose_Estimation_issues.json,84,"gormonn, vipuldivyanshu92, andrewgenesis, xhzcyc, neerajvashistha",6,6_trained_model_pretrained_you,1.0
ZheC_Realtime_Multi-Person_Pose_Estimation_issues,ZheC_Realtime_Multi-Person_Pose_Estimation_issues.json,83,"ildoonet, jjzhang10",7,7_the_layer_loss_pytorch,0.6940799620114231
ZheC_Realtime_Multi-Person_Pose_Estimation_issues,ZheC_Realtime_Multi-Person_Pose_Estimation_issues.json,82,"oujieww, yfji",-1,-1_habitat_the_src_to,0.0
ZheC_Realtime_Multi-Person_Pose_Estimation_issues,ZheC_Realtime_Multi-Person_Pose_Estimation_issues.json,81,"ZheC, yataoz",-1,-1_habitat_the_src_to,0.0
ZheC_Realtime_Multi-Person_Pose_Estimation_issues,ZheC_Realtime_Multi-Person_Pose_Estimation_issues.json,80,"ildoonet, ZheC, dragonfly90, Zumbalamambo",9,9_zhec_person_the_coco,0.5264709072546329
ZheC_Realtime_Multi-Person_Pose_Estimation_issues,ZheC_Realtime_Multi-Person_Pose_Estimation_issues.json,79,nicolocarissimi,-1,-1_habitat_the_src_to,0.0
ZheC_Realtime_Multi-Person_Pose_Estimation_issues,ZheC_Realtime_Multi-Person_Pose_Estimation_issues.json,78,"oujieww, xiangweifeng, joke123kobe",26,26_i0906_20224_vec_07,1.0
ZheC_Realtime_Multi-Person_Pose_Estimation_issues,ZheC_Realtime_Multi-Person_Pose_Estimation_issues.json,77,"Maycbj, oujieww",-1,-1_habitat_the_src_to,0.0
ZheC_Realtime_Multi-Person_Pose_Estimation_issues,ZheC_Realtime_Multi-Person_Pose_Estimation_issues.json,76,jjjkkkjjj,9,9_zhec_person_the_coco,0.6650684961668271
ZheC_Realtime_Multi-Person_Pose_Estimation_issues,ZheC_Realtime_Multi-Person_Pose_Estimation_issues.json,75,"Ai-is-light, zhengthomastang",-1,-1_habitat_the_src_to,0.0
ZheC_Realtime_Multi-Person_Pose_Estimation_issues,ZheC_Realtime_Multi-Person_Pose_Estimation_issues.json,74,"ZheC, nicolocarissimi, lalawuu, xiaojieli0903, legan78, Ai-is-light",-1,-1_habitat_the_src_to,0.0
ZheC_Realtime_Multi-Person_Pose_Estimation_issues,ZheC_Realtime_Multi-Person_Pose_Estimation_issues.json,73,"ZheC, louielu1027, cg3575, hellojialee, ds2268",9,9_zhec_person_the_coco,0.5917387980347076
ZheC_Realtime_Multi-Person_Pose_Estimation_issues,ZheC_Realtime_Multi-Person_Pose_Estimation_issues.json,72,"ZheC, Ding-Liu, xxxyyyzzzz, legan78, Ai-is-light, dragonfly90",-1,-1_habitat_the_src_to,0.0
ZheC_Realtime_Multi-Person_Pose_Estimation_issues,ZheC_Realtime_Multi-Person_Pose_Estimation_issues.json,71,"RuWang15, zhengthomastang, ouceduxzk, anatolix",-1,-1_habitat_the_src_to,0.0
ZheC_Realtime_Multi-Person_Pose_Estimation_issues,ZheC_Realtime_Multi-Person_Pose_Estimation_issues.json,70,"signal926, xiaojieli0903, zilesazoyi2",29,29_coco_lmdb_761_caffe,1.0
ZheC_Realtime_Multi-Person_Pose_Estimation_issues,ZheC_Realtime_Multi-Person_Pose_Estimation_issues.json,69,"Phoebe-star, ZheC",9,9_zhec_person_the_coco,0.549441740615292
ZheC_Realtime_Multi-Person_Pose_Estimation_issues,ZheC_Realtime_Multi-Person_Pose_Estimation_issues.json,68,"ZheC, RAMIREDDYDEVARAM",9,9_zhec_person_the_coco,0.6650684961668271
ZheC_Realtime_Multi-Person_Pose_Estimation_issues,ZheC_Realtime_Multi-Person_Pose_Estimation_issues.json,67,"ZheC, CuiYiZe",3,3_camera_agent_sensor_rotation,0.7666151998972894
ZheC_Realtime_Multi-Person_Pose_Estimation_issues,ZheC_Realtime_Multi-Person_Pose_Estimation_issues.json,66,priyapaul,-1,-1_habitat_the_src_to,0.0
ZheC_Realtime_Multi-Person_Pose_Estimation_issues,ZheC_Realtime_Multi-Person_Pose_Estimation_issues.json,65,"priyapaul, ZheC",9,9_zhec_person_the_coco,0.5536270381757488
ZheC_Realtime_Multi-Person_Pose_Estimation_issues,ZheC_Realtime_Multi-Person_Pose_Estimation_issues.json,64,faj2007,-1,-1_habitat_the_src_to,0.0
ZheC_Realtime_Multi-Person_Pose_Estimation_issues,ZheC_Realtime_Multi-Person_Pose_Estimation_issues.json,63,priyapaul,9,9_zhec_person_the_coco,0.8600555703335421
ZheC_Realtime_Multi-Person_Pose_Estimation_issues,ZheC_Realtime_Multi-Person_Pose_Estimation_issues.json,62,"ZheC, Ending2015a",-1,-1_habitat_the_src_to,0.0
ZheC_Realtime_Multi-Person_Pose_Estimation_issues,ZheC_Realtime_Multi-Person_Pose_Estimation_issues.json,61,"priyapaul, SimonPrPr",-1,-1_habitat_the_src_to,0.0
ZheC_Realtime_Multi-Person_Pose_Estimation_issues,ZheC_Realtime_Multi-Person_Pose_Estimation_issues.json,60,"mdering, BeauDoggie",-1,-1_habitat_the_src_to,0.0
ZheC_Realtime_Multi-Person_Pose_Estimation_issues,ZheC_Realtime_Multi-Person_Pose_Estimation_issues.json,59,"ZheC, liaowang0125",-1,-1_habitat_the_src_to,0.0
ZheC_Realtime_Multi-Person_Pose_Estimation_issues,ZheC_Realtime_Multi-Person_Pose_Estimation_issues.json,58,raymon-tian,-1,-1_habitat_the_src_to,0.0
ZheC_Realtime_Multi-Person_Pose_Estimation_issues,ZheC_Realtime_Multi-Person_Pose_Estimation_issues.json,57,"liviust, ggalan87",9,9_zhec_person_the_coco,0.6650684961668271
ZheC_Realtime_Multi-Person_Pose_Estimation_issues,ZheC_Realtime_Multi-Person_Pose_Estimation_issues.json,56,"FengyangZhang, wine99, SimonPrPr, salvador-blanco, chen-xi-wang",29,29_coco_lmdb_761_caffe,1.0
ZheC_Realtime_Multi-Person_Pose_Estimation_issues,ZheC_Realtime_Multi-Person_Pose_Estimation_issues.json,55,"ZheC, xiaosibai",-1,-1_habitat_the_src_to,0.0
ZheC_Realtime_Multi-Person_Pose_Estimation_issues,ZheC_Realtime_Multi-Person_Pose_Estimation_issues.json,54,"umariqb, liviust, legan78, ggalan87",-1,-1_habitat_the_src_to,0.0
ZheC_Realtime_Multi-Person_Pose_Estimation_issues,ZheC_Realtime_Multi-Person_Pose_Estimation_issues.json,53,priyapaul,9,9_zhec_person_the_coco,0.6650684961668271
ZheC_Realtime_Multi-Person_Pose_Estimation_issues,ZheC_Realtime_Multi-Person_Pose_Estimation_issues.json,52,"jrabary, gineshidalgo99",7,7_the_layer_loss_pytorch,0.7179203439626672
ZheC_Realtime_Multi-Person_Pose_Estimation_issues,ZheC_Realtime_Multi-Person_Pose_Estimation_issues.json,51,priyapaul,-1,-1_habitat_the_src_to,0.0
ZheC_Realtime_Multi-Person_Pose_Estimation_issues,ZheC_Realtime_Multi-Person_Pose_Estimation_issues.json,50,ZdenekM,-1,-1_habitat_the_src_to,0.0
ZheC_Realtime_Multi-Person_Pose_Estimation_issues,ZheC_Realtime_Multi-Person_Pose_Estimation_issues.json,49,"priyapaul, chenqiuhui",9,9_zhec_person_the_coco,0.611069523444778
ZheC_Realtime_Multi-Person_Pose_Estimation_issues,ZheC_Realtime_Multi-Person_Pose_Estimation_issues.json,48,priyapaul,-1,-1_habitat_the_src_to,0.0
ZheC_Realtime_Multi-Person_Pose_Estimation_issues,ZheC_Realtime_Multi-Person_Pose_Estimation_issues.json,47,"ZheC, mddrill, gineshidalgo99, SimonPrPr, salvador-blanco, YanYan0716, xhzcyc",52,52_time_mxnet_training_you,1.0
ZheC_Realtime_Multi-Person_Pose_Estimation_issues,ZheC_Realtime_Multi-Person_Pose_Estimation_issues.json,46,"priyapaul, ZheC",-1,-1_habitat_the_src_to,0.0
ZheC_Realtime_Multi-Person_Pose_Estimation_issues,ZheC_Realtime_Multi-Person_Pose_Estimation_issues.json,45,"priyapaul, ZheC, fmnoori, wiku30",-1,-1_habitat_the_src_to,0.0
ZheC_Realtime_Multi-Person_Pose_Estimation_issues,ZheC_Realtime_Multi-Person_Pose_Estimation_issues.json,44,"yxchng, ZheC, moin59",26,26_i0906_20224_vec_07,1.0
ZheC_Realtime_Multi-Person_Pose_Estimation_issues,ZheC_Realtime_Multi-Person_Pose_Estimation_issues.json,43,yxchng,32,32_eeg_channels_sleep_eog,0.5286291895336312
ZheC_Realtime_Multi-Person_Pose_Estimation_issues,ZheC_Realtime_Multi-Person_Pose_Estimation_issues.json,42,"Minotaur-CN, mddrill, oujieww, wujiyoung",29,29_coco_lmdb_761_caffe,0.9266758659519646
ZheC_Realtime_Multi-Person_Pose_Estimation_issues,ZheC_Realtime_Multi-Person_Pose_Estimation_issues.json,41,farshidfarhat,9,9_zhec_person_the_coco,0.8197144102122537
ZheC_Realtime_Multi-Person_Pose_Estimation_issues,ZheC_Realtime_Multi-Person_Pose_Estimation_issues.json,40,"ZheC, mddrill",26,26_i0906_20224_vec_07,1.0
ZheC_Realtime_Multi-Person_Pose_Estimation_issues,ZheC_Realtime_Multi-Person_Pose_Estimation_issues.json,39,yaochx,-1,-1_habitat_the_src_to,0.0
ZheC_Realtime_Multi-Person_Pose_Estimation_issues,ZheC_Realtime_Multi-Person_Pose_Estimation_issues.json,38,"venus024, ZheC",9,9_zhec_person_the_coco,0.639545415330754
ZheC_Realtime_Multi-Person_Pose_Estimation_issues,ZheC_Realtime_Multi-Person_Pose_Estimation_issues.json,37,"louielu1027, r1c7, ZheC, priyapaul",9,9_zhec_person_the_coco,0.5650283633302892
ZheC_Realtime_Multi-Person_Pose_Estimation_issues,ZheC_Realtime_Multi-Person_Pose_Estimation_issues.json,36,"priyapaul, tensorboy",9,9_zhec_person_the_coco,1.0
ZheC_Realtime_Multi-Person_Pose_Estimation_issues,ZheC_Realtime_Multi-Person_Pose_Estimation_issues.json,35,"ZheC, trantorrepository, priyapaul, lang25150, cg3575, ChenhanXmu, legan78, YanYan0716, xiaoyong, dragonfly90",9,9_zhec_person_the_coco,0.6469646157713329
ZheC_Realtime_Multi-Person_Pose_Estimation_issues,ZheC_Realtime_Multi-Person_Pose_Estimation_issues.json,34,"priyapaul, zhangmGoL",16,16_l2_mult_param_bottom,1.0
ZheC_Realtime_Multi-Person_Pose_Estimation_issues,ZheC_Realtime_Multi-Person_Pose_Estimation_issues.json,33,priyapaul,9,9_zhec_person_the_coco,1.0
ZheC_Realtime_Multi-Person_Pose_Estimation_issues,ZheC_Realtime_Multi-Person_Pose_Estimation_issues.json,32,legan78,29,29_coco_lmdb_761_caffe,1.0
ZheC_Realtime_Multi-Person_Pose_Estimation_issues,ZheC_Realtime_Multi-Person_Pose_Estimation_issues.json,31,"ZheC, priyapaul, yxchng, A-suozhang, weilanShi, wujiyoung",26,26_i0906_20224_vec_07,1.0
ZheC_Realtime_Multi-Person_Pose_Estimation_issues,ZheC_Realtime_Multi-Person_Pose_Estimation_issues.json,30,"wschoi89, gineshidalgo99",-1,-1_habitat_the_src_to,0.0
ZheC_Realtime_Multi-Person_Pose_Estimation_issues,ZheC_Realtime_Multi-Person_Pose_Estimation_issues.json,29,mikeolasz,17,17_memory_gpu_batch_size,1.0
ZheC_Realtime_Multi-Person_Pose_Estimation_issues,ZheC_Realtime_Multi-Person_Pose_Estimation_issues.json,28,"priyapaul, zhangmGoL, ZheC",9,9_zhec_person_the_coco,0.6480962204053388
ZheC_Realtime_Multi-Person_Pose_Estimation_issues,ZheC_Realtime_Multi-Person_Pose_Estimation_issues.json,27,"zhangmGoL, ZheC, hellojialee, jiangwqcooler, xiaoyong",7,7_the_layer_loss_pytorch,0.7793151259757862
ZheC_Realtime_Multi-Person_Pose_Estimation_issues,ZheC_Realtime_Multi-Person_Pose_Estimation_issues.json,26,"priyapaul, ZheC",9,9_zhec_person_the_coco,0.544362164096376
ZheC_Realtime_Multi-Person_Pose_Estimation_issues,ZheC_Realtime_Multi-Person_Pose_Estimation_issues.json,25,"yxchng, ZheC",-1,-1_habitat_the_src_to,0.0
ZheC_Realtime_Multi-Person_Pose_Estimation_issues,ZheC_Realtime_Multi-Person_Pose_Estimation_issues.json,24,"ZheC, NIEYALI",-1,-1_habitat_the_src_to,0.0
ZheC_Realtime_Multi-Person_Pose_Estimation_issues,ZheC_Realtime_Multi-Person_Pose_Estimation_issues.json,23,"wzmsltw, ZheC",-1,-1_habitat_the_src_to,0.0
ZheC_Realtime_Multi-Person_Pose_Estimation_issues,ZheC_Realtime_Multi-Person_Pose_Estimation_issues.json,22,"ZheC, simon199250, gineshidalgo99",5,5_egl_habitat_nvidia_cuda,0.36993497834664524
ZheC_Realtime_Multi-Person_Pose_Estimation_issues,ZheC_Realtime_Multi-Person_Pose_Estimation_issues.json,21,"ZheC, mdouskos",-1,-1_habitat_the_src_to,0.0
ZheC_Realtime_Multi-Person_Pose_Estimation_issues,ZheC_Realtime_Multi-Person_Pose_Estimation_issues.json,20,NIEYALI,-1,-1_habitat_the_src_to,0.0
ZheC_Realtime_Multi-Person_Pose_Estimation_issues,ZheC_Realtime_Multi-Person_Pose_Estimation_issues.json,19,"ZheC, Shaswat27, yw155, guanxiongsun, soans1994, Ai-is-light, yq1011, ds2268, wujiyoung, ildoonet, Nestarneal, jricheimer",16,16_l2_mult_param_bottom,0.8436513887063396
ZheC_Realtime_Multi-Person_Pose_Estimation_issues,ZheC_Realtime_Multi-Person_Pose_Estimation_issues.json,18,"ZheC, srijandas07",-1,-1_habitat_the_src_to,0.0
ZheC_Realtime_Multi-Person_Pose_Estimation_issues,ZheC_Realtime_Multi-Person_Pose_Estimation_issues.json,17,"shihenw, jiexunsee",9,9_zhec_person_the_coco,0.5829737642055453
ZheC_Realtime_Multi-Person_Pose_Estimation_issues,ZheC_Realtime_Multi-Person_Pose_Estimation_issues.json,16,"CJHFUTURE, ZheC",-1,-1_habitat_the_src_to,0.0
ZheC_Realtime_Multi-Person_Pose_Estimation_issues,ZheC_Realtime_Multi-Person_Pose_Estimation_issues.json,15,"CJHFUTURE, ZheC",26,26_i0906_20224_vec_07,1.0
ZheC_Realtime_Multi-Person_Pose_Estimation_issues,ZheC_Realtime_Multi-Person_Pose_Estimation_issues.json,14,amuckrunner,-1,-1_habitat_the_src_to,0.0
ZheC_Realtime_Multi-Person_Pose_Estimation_issues,ZheC_Realtime_Multi-Person_Pose_Estimation_issues.json,13,"ZheC, ZENGXH",9,9_zhec_person_the_coco,0.5357367344994894
ZheC_Realtime_Multi-Person_Pose_Estimation_issues,ZheC_Realtime_Multi-Person_Pose_Estimation_issues.json,12,"KeyKy, tsimk",35,35_attention_attentiongan_scheme_mask,0.1448292994336581
ZheC_Realtime_Multi-Person_Pose_Estimation_issues,ZheC_Realtime_Multi-Person_Pose_Estimation_issues.json,11,alexeyroudenko,-1,-1_habitat_the_src_to,0.0
ZheC_Realtime_Multi-Person_Pose_Estimation_issues,ZheC_Realtime_Multi-Person_Pose_Estimation_issues.json,9,"KeyKy, ZheC, NIEYALI",29,29_coco_lmdb_761_caffe,0.9407382597223438
ZheC_Realtime_Multi-Person_Pose_Estimation_issues,ZheC_Realtime_Multi-Person_Pose_Estimation_issues.json,8,"KeyKy, ZheC",9,9_zhec_person_the_coco,1.0
ZheC_Realtime_Multi-Person_Pose_Estimation_issues,ZheC_Realtime_Multi-Person_Pose_Estimation_issues.json,7,"KeyKy, priyapaul, ZheC, Robert0812",9,9_zhec_person_the_coco,1.0
ZheC_Realtime_Multi-Person_Pose_Estimation_issues,ZheC_Realtime_Multi-Person_Pose_Estimation_issues.json,6,"lukemurray, ZheC, albertchristianto, ZlodeiBaal",-1,-1_habitat_the_src_to,0.0
ZheC_Realtime_Multi-Person_Pose_Estimation_issues,ZheC_Realtime_Multi-Person_Pose_Estimation_issues.json,5,"Prakash19921206, hinmanj, gineshidalgo99, raymondsa",26,26_i0906_20224_vec_07,0.9842565012605208
ZheC_Realtime_Multi-Person_Pose_Estimation_issues,ZheC_Realtime_Multi-Person_Pose_Estimation_issues.json,4,"hasanirtiza, ZheC",9,9_zhec_person_the_coco,0.6281091377135173
ZheC_Realtime_Multi-Person_Pose_Estimation_issues,ZheC_Realtime_Multi-Person_Pose_Estimation_issues.json,3,"r1c7, ZheC",9,9_zhec_person_the_coco,0.5872388988234991
ZheC_Realtime_Multi-Person_Pose_Estimation_issues,ZheC_Realtime_Multi-Person_Pose_Estimation_issues.json,2,"fengshikun, ZheC, soveidadelgarmi, kevin-ssy, NIEYALI",-1,-1_habitat_the_src_to,0.0
ZheC_Realtime_Multi-Person_Pose_Estimation_issues,ZheC_Realtime_Multi-Person_Pose_Estimation_issues.json,1,"ZheC, raymon-tian, gineshidalgo99, ShangxuanWu, sndler, shoCaffeTeria, ResByte, gaopeng-eugene, power0341",-1,-1_habitat_the_src_to,0.0
