source_file,issue_number,title,topic_summary,developers_involved,conversation_type,motivation
alex04072000_CyclicGen_issues.json,14,"How many steps have you trained at stage1 and stage2, respectively?",User asks whether training steps in stage1 must match stage2. A commenter reported missing HED model files; author replied with a download link to the pretrained files.,xiaozhi2015;Sun123-fei,ML-Conversation,Clarify training-step settings for stage1 vs stage2 and obtain missing pretrained model files required to run training/testing.
alex04072000_CyclicGen_issues.json,13,Error while testing the pretrained model,User reports a TensorFlow InvalidArgumentError about incompatible shapes (65536 vs 131072) in Cycle_DVF interpolate/add nodes when testing a pretrained model; no replies yet.,14ashray,SE-Conversation,Seek help debugging a runtime graph shape mismatch error encountered while testing the pretrained model.
alex04072000_CyclicGen_issues.json,12,Pre-trained model restored from chkpt model,User sees a TensorFlow CPU feature guard warning (AVX2/FMA) and a message about restoring a pretrained checkpoint; shares sample run command and inputs/outputs. No comments.,dilipv09,SE-Conversation,Report issues/warnings when restoring and running the pretrained checkpoint and ask for help reproducing inference behavior.
alex04072000_CyclicGen_issues.json,11,Video demo code,User requests demo code to run the model on an entire video (not just two consecutive frames). Another user responded they have the same question.,arianaa30;fmbao,SE-Conversation,Obtain example/demo code showing how to apply the model to a full video sequence and produce output videos.
alex04072000_CyclicGen_issues.json,10,Should I replace CyclicGen_train_stage1's `ucf101_train_files_frameX.txt` to `frameX.txt`  ?,User asks whether to replace the provided ucf101_train_files_frameX.txt with frameX.txt generated by the dataset preparation steps; no replies.,KindleHe,SE-Conversation,Clarify which train-list file should be used for stage1 training and whether to use the generated frameX.txt.
alex04072000_CyclicGen_issues.json,9,Different evalutaion result on UCF dataset using frames generated by run.py,User reports PSNR differences (~0.4dB) between their results and the paper when evaluating frames produced by run.py. Owner suggests applying motion masks and using DVF evaluation code to avoid minor differences; user will try.,MintcakeDotCom;alex04072000,ML-Conversation,Understand discrepancy in evaluation metrics (PSNR) and whether motion masks or evaluation implementation differences cause it.
alex04072000_CyclicGen_issues.json,8,Wrong pixel scale for VGGnet,"Reporter found a bug: VGG16 input pixels are scaled incorrectly (range reversed/scaled wrongly). Owner confirms the bug, explains why edge maps still looked reasonable, and leaves the bug for reproducibility of the paper.",mrchizx;alex04072000,ML-Conversation,Report incorrect pixel scaling when feeding images to VGG16 and question its impact on edge feature extraction and final results.
alex04072000_CyclicGen_issues.json,7,The motion of video is not smooth as your demo video.,User modified run.py to process videos but reports interpolated frames are not temporally centered (interpolated frame closer to frame1) and motion is not as smooth as demo; includes modified test code and processing details. No replies.,minhmanho,Hybrid Conversation,Report poor temporal interpolation quality when running the model on videos and share modified code for troubleshooting (mix of model behavior and runtime code).
alex04072000_CyclicGen_issues.json,6,training data,User asked for links to training and testing datasets. Owner replied with detailed steps to prepare the training dataset (UCF101) and pointed to DVF dataset used for testing; user thanked.,lzhangbj;alex04072000,SE-Conversation,Request download links and instructions for the training and testing datasets used by the project.
alex04072000_CyclicGen_issues.json,5,OP_REQUIRES failed at save_restore_v2_ops.cc:184 : Not found: Key Cycle_DVF/conv10/BatchNorm/beta not found in checkpoint，pretrained_model is wrong,"User reported a checkpoint loading error (missing key) and poor outputs. Owner explained that the imported network must match the checkpoint and provided the correct pretrained model link. Discussion continued about resolution, frame gaps and model capacity leading to poor results at larger sizes.",hhhhhumengshun;alex04072000;treammm,Hybrid Conversation,Resolve checkpoint loading errors and discuss pretrained model choice and limitations (performance degradation at higher resolution/large motions).
alex04072000_CyclicGen_issues.json,4,the extract frame triplets train-dataset,"User requested the extracted frame triplets training dataset. Owner replied with the step-by-step procedure to prepare the dataset from UCF101 (download, split, extract, filter).",cjcjlin;alex04072000,SE-Conversation,Ask for the pre-extracted training triplet dataset or instructions to reproduce it.
alex04072000_CyclicGen_issues.json,3,"how to load  the pretrained model ? the pretrained tf_file have meta index and data ,can you give a demo to reload the pretrained model?",User asked how to reload a TensorFlow pretrained model; reported an OP_REQUIRES missing key error. Later comment indicates the issue was solved by adding the checkpoint file.,l2009312042,SE-Conversation,Get instructions/demo for reloading a TensorFlow pretrained model and troubleshoot missing-key checkpoint errors.
alex04072000_CyclicGen_issues.json,2,An issue in CyclicGen_train_stage1.py,Reporter noticed the training script omitted calculating/adding a reproduction loss term to the total loss. Owner acknowledged and added the missing loss code.,YaoooLiang;alex04072000,ML-Conversation,"Point out a bug in the training script where a loss component was missing, affecting training correctness."
alex04072000_CyclicGen_issues.json,1,High resolution with larger displacement,User reported blurry interpolated frames on high-resolution images with large displacement. Owner explained this is due to motions exceeding the network receptive field and suggested training a larger network or downscaling inputs; further discussion about stronger baselines and GPU memory.,YaoooLiang;alex04072000;scholltan,ML-Conversation,Understand and get suggestions for poor interpolation quality on high-resolution images with large motion (seeking remedies like larger receptive field or dataset changes).
alvarowolfx_gcloud-iot-edge-tensorflow_issues.json,19,installation issue,"Running the edge server fails with a TensorFlow.js runtime error: the input dict image tensor dtype must be int32 but was float32, causing an unhandled promise rejection and process deprecation warning. A comment was posted (empty).",ioeshu;liuqianjin,ML-Conversation,User opened the issue because the edge server throws a dtype mismatch/runtime error during model execution (input tensor type mismatch).
alvarowolfx_gcloud-iot-edge-tensorflow_issues.json,10,Installation Issue ,"Startup fails on a Raspberry Pi: TensorFlow backend initialization cannot locate/compile tfjs native bindings and Node reports 'Cannot find module mdns', leading to npm start exit. No comments.",schmeckm,SE-Conversation,User reported installation/startup failures due to missing native bindings and a missing mdns module preventing the edge server from starting.
alvarowolfx_gcloud-iot-edge-tensorflow_issues.json,2,error: Chip revision is higher than the one configured in menuconfig. Suggest to upgrade it.,Building the example produces an error indicating the chip revision is higher than the configured menuconfig setting; a screenshot was attached. No comments.,ravirajpatil25,SE-Conversation,User opened the issue because the provided example fails to build due to a hardware/chip revision vs. menuconfig mismatch and needs guidance to upgrade configuration.
alvarowolfx_gcloud-iot-edge-tensorflow_issues.json,1,Query regarding project ,"User asked whether the project is still active. A maintainer replied apologizing for the late response and confirmed the project is active, asking if there are specific questions.",Naman9639;alvarowolfx,SE-Conversation,The issue was opened to confirm project activity/status.
americofmoliveira_VesselSegmentation_ESWA_issues.json,6,Template issues when submitting,User asks for the journal (ESWA) Word template to submit a manuscript. No comments or replies present.,SHIJIE0313,SE-Conversation,User needs the journal Word template to prepare and submit a manuscript.
americofmoliveira_VesselSegmentation_ESWA_issues.json,5,How to train the network?,User requests training code. Repository owner replies that training code cannot be shared due to ongoing research but provides network weights for reproducibility; later directs requests for code access to Prof. Carlos A. Silva because the work is restricted by the university.,izhangh;americofmoliveira;ZM-J,ML-Conversation,User wants training code to reproduce the network training; author provides weights but not training code and gives guidance on obtaining access.
americofmoliveira_VesselSegmentation_ESWA_issues.json,4,Could you provide trained model weights if possible?,Issue opened requesting trained model weights. No comments or responses in the thread.,desti-nation,ML-Conversation,Request for pretrained model weights to reproduce or use the model.
americofmoliveira_VesselSegmentation_ESWA_issues.json,3,Another repo for comparison,User suggests another repository (orobix/retina-unet) as a data point for comparison. Owner acknowledges knowing the work and explains they didn't cite it due to lack of an associated paper; cordial exchange follows.,lantiga;americofmoliveira,ML-Conversation,Provide an additional repository for comparison with the project's methods.
americofmoliveira_VesselSegmentation_ESWA_issues.json,2,"No ""calibrations"" folder provided","User reports runtime error when running code for the DRIVE dataset due to a missing 'calibrations' folder. Another user asks what 'calibrations' are. Repository owner confirms the calibration files were missing, adds them, and explains 'calibration' refers to data standardization (zero mean, unit variance).",aakash-saboo;desti-nation;americofmoliveira,Hybrid Conversation,Fix runtime error caused by missing calibration files and clarify what 'calibrations' (data normalization) means for dataset preprocessing.
americofmoliveira_VesselSegmentation_ESWA_issues.json,1,source code,User asks whether source code will be provided for replication. Repository owner replies that the code is now available; user acknowledges.,wellescastro;americofmoliveira,ML-Conversation,User requests source code to replicate the reported ML results; owner subsequently releases the code.
angetato_Optimizers-for-Tensorflow_issues.json,3,"When i change my sgd to Nadam,my loss become to NaN,why?",Author reports that after replacing SGD with Nadam the training loss becomes NaN and asks for reasons; no further details or comments provided.,Crane1043778796,ML-Conversation,Diagnose training instability and understand why Nadam causes loss to diverge/produce NaN.
angetato_Optimizers-for-Tensorflow_issues.json,2,Quick Question on adam.py,"Author questions the implementation detail involving alpha_t and bias-correction terms in adam.py and whether weight decay is being added; commenter explains that the original Adam paper uses bias-corrected estimates (hat m_t, hat v_t) and references Algorithm 1.",btahir;angetato,ML-Conversation,Clarify the mathematical implementation of Adam (bias correction/alpha_t) and ensure correctness relative to the original paper.
angetato_Optimizers-for-Tensorflow_issues.json,1,is AADAM suited for Self driving cars context ?,"Author tested aadam, aadam1, aadam2 on AVOD self-driving pipeline and observed worse performance than Adam; maintainer notes they tested on images/text, suggests data type may explain differences and points to updated optimizer versions.",Oussamab21;angetato,ML-Conversation,Seek guidance on whether AADAM optimizers are appropriate for self-driving (AVOD) use and why they might underperform relative to Adam.
ankur219_ECG-Arrhythmia-classification_issues.json,11,I would like to make realtime arrhythmia classification system,"User asks how to adapt the model for real-time ECG from an AD8232: whether all leads can be fed, whether signals are transformed to 2D and augmented at inference, whether denoising is required for 2D-CNN, and how to scale ADC values (0-1024) to the model's expected input range.",Wilbur0912,ML-Conversation,Clarify preprocessing and input-format requirements to use the published model for real-time ECG data from AD8232 hardware.
ankur219_ECG-Arrhythmia-classification_issues.json,10,Is AD8232 works for this project,Short question (empty body) asking whether the AD8232 sensor is compatible with the project.,Wilbur0912,SE-Conversation,Confirm hardware (AD8232) compatibility with the project.
ankur219_ECG-Arrhythmia-classification_issues.json,9,ModuleNotFoundError: No module named 'util',User cannot run app.py due to missing modules (cannot find 'util' and an issue related to base64 to PIL). Asks for solutions to missing/installation packages.,Zbalabal,SE-Conversation,Resolve runtime/import errors preventing the web app from running.
ankur219_ECG-Arrhythmia-classification_issues.json,8,"Didn,t have static file in this project",User who forked the project reports missing JS/CSS/static templates. A commenter (bzsgbq) pointed to another project (physhik/ecg_mit_bih) as a reference; the original reporter confirmed the fix.,fan9704;bzsgbq,SE-Conversation,Request missing static/template files so the web UI is properly styled and functional.
ankur219_ECG-Arrhythmia-classification_issues.json,7,Some errors in web-app ,User reports that selecting a CSV file produces no action (no predict button). Another commenter reports the same problem and asks for a solution.,Daheess;mrdand,SE-Conversation,Report and seek help fixing the file-upload/predict UI flow in the web app.
ankur219_ECG-Arrhythmia-classification_issues.json,6,AttributeError: 'list' object has no attribute 'items',Model loading fails with Keras/TensorFlow deserialization error (AttributeError during loading HDF5 model). Commenter suggests downgrading Keras to 2.3.1; the reporter confirms that fixed it.,happysheep224;bluecamel,SE-Conversation,Resolve model-loading crash due to library/version compatibility when deserializing a saved Keras model.
ankur219_ECG-Arrhythmia-classification_issues.json,5,Nothing happens after choosing .csv file to upload?,Uploading the sample CSV doesn't show the predict button. Commenters note the newer keras-flask-deploy repo added drag-and-drop code that expects an element missing from this project's index.html (causing failure); suggestions include checking out a specific commit or referencing another project (physhik/ecg_mit_bih) to fix.,windowshopr;bluecamel;Yeafun;bzsgbq,SE-Conversation,Report a front-end bug preventing predictions after CSV upload and seek fixes/workarounds.
ankur219_ECG-Arrhythmia-classification_issues.json,4,validation or test accuracy,"User implemented the paper and used 10 images per category for validation, seeing wildly fluctuating validation accuracy (10-99%) while training accuracy is high. A commenter explains using images from the same patients in train and test invalidates the performance estimate.",DANNALI35;prodanovann,ML-Conversation,Understand reported validation/test accuracy and diagnose possible overfitting or invalid validation setup.
ankur219_ECG-Arrhythmia-classification_issues.json,3,the annotation files,User asks what file types are expected by the beat annotations method in gettingData.py and what type records should be for segmentation; asks whether WFDB library is needed to convert .atr and .hea files to text.,ghadayoussef,ML-Conversation,Clarify required annotation/record file formats and preprocessing steps for the data pipeline.
ankur219_ECG-Arrhythmia-classification_issues.json,2,"Error   File ""app.py"", line 47, in model_predict     ts = int(str(path)[index1:index2]) ValueError: invalid literal for int() with base 10: 'ds/sample'",User gets a ValueError when parsing an integer substring from a path in model_predict (attempt to convert 'ds/sample' to int). Multiple users report the same error; maintainer (ankur219) updated the repo and closed the issue.,robertavram-md;juniorcoder34;jigar786;nikhil-elayath;ankur219,SE-Conversation,Report and fix a parsing bug in model_predict that crashes when handling the sample CSV path.
ankur219_ECG-Arrhythmia-classification_issues.json,1,Training phase,User notes the repo lacks the training phase and requests details on how the neural network was trained. Commenters express the same interest and ask for training instructions or links.,lorenzobrusco;carlosurena;Jay2201,ML-Conversation,Request training code/parameters to reproduce the experiments and train the model oneself.
AVAuco_laeonet_issues.json,4,Failure in example,User retrofitted the example to process multiple videos in a loop and encounters a TensorFlow InvalidArgumentError: 'Tensor rgbinput1 ... was not found in the Graph'. Comment asks whether the user is using the same library versions as documented in the wiki.,RSKothari;mjmarin,SE-Conversation,User opened the issue to get help debugging a runtime TensorFlow error when running the example on multiple videos.
AVAuco_laeonet_issues.json,3,"What is gpu_rate in line 36, ln_demo_det_track_laeo.py","User asks what the gpu_rate parameter means. Comment clarifies it sets the maximum percentage of GPU to allocate to the process (e.g., 0.8).",RSKothari;mjmarin,SE-Conversation,User needs to know how to configure GPU usage for running the demo.
AVAuco_laeonet_issues.json,2,Training code is not available,User inquires about the availability of the training code; no replies yet.,Hamiltonsjtu,ML-Conversation,User wants access to the training code to train or reproduce the model.
AVAuco_laeonet_issues.json,1,Running the code,User reported missing artifacts when attempting to run the code and asked for guidance; later commented they resolved the issue and can run it now.,taureanamir,SE-Conversation,User initially sought help to run the repository code and resolve missing artifacts during setup.
bobbens_sketch_simplification_issues.json,22,Simplification Degree ,"User ran local demo and cannot find the 'Simplification Degree' parameter shown in the online demo; asks how to try that parameter, whether it applies to Pencil Drawing Generation, and how demo models (v3 inking, v4 topsecret) differ from available t7 models.",harpavatkeerti,ML-Conversation,User wants to control simplification degree and understand model variants/differences used in the demo.
bobbens_sketch_simplification_issues.json,21,update code for the latest/recent pytorch version?,User hit ModuleNotFoundError for torch.utils.serialization with newer PyTorch and asked for repo update; user later noted a PR (pull/12) fixes the issue and closed the report.,junguler,SE-Conversation,Make the code compatible with recent PyTorch API changes (serialization import error).
bobbens_sketch_simplification_issues.json,19,About Simplification Degree in Online Demo,User asks how to control the simplification degree shown in the online demo via the code; a commenter also asks whether a newer 'secret' model is available for download because it performs better.,mxllc;krummrey,ML-Conversation,User wants to replicate demo simplification control locally and inquires about availability of improved models.
bobbens_sketch_simplification_issues.json,18,Need some way to download the model like google drive.,"User in mainland China cannot download models using the provided download_models.sh due to network restrictions and requests an alternative direct browser-download (e.g., Google Drive) option.",SandroChen,SE-Conversation,"Provide alternative, more accessible model download method for regions with restricted network access."
bobbens_sketch_simplification_issues.json,15,Run models in LUA,User asks whether it is possible to run the models on Lua (runtime/language compatibility question).,b4zz4,SE-Conversation,Determine if models can be executed in a Lua environment.
bobbens_sketch_simplification_issues.json,14,why i can not download the pretrained model?,User failed to run the download_models.sh on Windows and reported shell syntax errors; later discovered the problem was due to differences between Linux and Windows and resolved it.,nywang2019,SE-Conversation,Troubleshoot inability to run the provided model download script on Windows.
bobbens_sketch_simplification_issues.json,13,please add requirements.txt,User requests a requirements.txt to make building the project easier; another commenter reported the same problem.,JJonesAtAvaya;ahuirecome,SE-Conversation,Make installation and environment setup easier by providing an explicit requirements file.
bobbens_sketch_simplification_issues.json,10,vectorization,User asks how to convert the simplified raster output to vector graphics; maintainer replied with a post-processing pipeline using ImageMagick and Potrace commands.,erikparr;bobbens,SE-Conversation,Learn recommended method/tools to vectorize model outputs.
bobbens_sketch_simplification_issues.json,9,About post processing,User asks what tools/commands the README post-processing line depends on; maintainer clarified the dependencies are potrace and ImageMagick and suggested reading manpages for parameters.,SeaOfOcean;bobbens,SE-Conversation,Clarify post-processing toolchain and parameters used to convert outputs.
bobbens_sketch_simplification_issues.json,8,Update PyTorch API use,"Issue reports deprecated/nonexistent PyTorch module (torch.utils.serialization) causing import errors; discussion includes suggestion to use older PyTorch (0.4.1), contributors offering converted models and a PR, alternative tools (torchfile), and links to pure PyTorch implementations.",virtualritz;bobbens;ramilmsh;Sushanthcheerla99;krummrey;ramgj28;aidreamwin,SE-Conversation,Resolve compatibility with modern PyTorch API and provide converted/native PyTorch models/code so the project runs on newer environments.
bobbens_sketch_simplification_issues.json,6,Why the model can generate different results?,"User observed different outputs for the same input and thought model was non-deterministic; commenters suggested different models were being used, and the maintainer confirmed outputs are deterministic and differences likely due to using different model files.",ghaoziang;json2d;bobbens,ML-Conversation,Understand why outputs vary for the same input—determine if cause is model randomness or different model selection.
bobbens_sketch_simplification_issues.json,5,training dataset release,User requests release of the training dataset; maintainer explained the original dataset can't be released due to copyright but a new dataset without copyright issues is being prepared; others expressed interest in the data/demo availability.,emma-sjwang;bobbens;Yijunmaverick;sarahradial,ML-Conversation,Obtain the training dataset for reference and reproducibility.
bobbens_sketch_simplification_issues.json,4,How to use with your own sketches?,"User wants to run their own scanned pencil drawings through the network and asks about required preprocessing, supported image types/resolutions, and why outputs fail on their images; maintainer explained supported image types, recommended image sizes, and that models were trained on non-photographic data—retraining or newer models would help; commenters shared PyTorch/version errors and troubleshooting requests.",b-adkins;bobbens;jakubLangr;raul1968,Hybrid Conversation,Get guidance on preprocessing and data characteristics needed to get good results on user-supplied sketches and how to adapt or retrain models for different input types.
bobbens_sketch_simplification_issues.json,3,Error when run ./figs.sh,User ran figs.sh and encountered a THCudaCheck FAIL 'out of memory' and a crash; maintainer replied that it's an out-of-memory error (same as another issue).,sherkwast;bobbens,SE-Conversation,Report and get help diagnosing a CUDA out-of-memory crash when running demo scripts.
bobbens_sketch_simplification_issues.json,2,T7 file error on Windows 10,User gets a T7ReaderException 'unknown type id 1064941863' when loading t7 model on Windows; commenters suggested running via Bash on Ubuntu on Windows or changing load_lua call to include long_size=8; maintainer noted limited Windows knowledge but left issue open; several users thanked the workaround.,Alextorres325;tiwawan;lxfly2000;bobbens;dmitriy-kisil;noobgrow;lcxxxiii,SE-Conversation,Fix T7 model loading errors on Windows and find a compatible loading approach or workaround.
bobbens_sketch_simplification_issues.json,1,GPU size error?,"User with GTX 1080Ti (11GB) hit THCudaCheck FAIL 'out of memory' when running simplify.py and asked required compute resources; replies discussed expected image-size dependence, typical CUDA/CuDNN versions used (Cuda 9.1, Cudnn 7.5), memory intensity of torch7 code, and possible conversion to native PyTorch for efficiency; others reported similar OOM on different GPUs.",ygren;bobbens;b4zz4;DifanLiu;laoxihongshi;Gabrielnero000,SE-Conversation,Determine required GPU memory and environment settings after encountering CUDA out-of-memory errors running the model.
breeko_spypy_issues.json,1,problem with tiny-yolo,Reporter found that the tiny yolo VOC cfg file contained HTML instead of the expected cfg; maintainer acknowledged and updated the file.,gemaizi;breeko,SE-Conversation,To report that the tiny-yolo VOC configuration file was incorrectly an HTML file so maintainers could fix it.
cgnorthcutt_benchmarking-keras-pytorch_issues.json,8,Plans for including FLOps and Images/Second?,User requests the benchmark/resource to support measuring FLOPs and throughput (images/second). No discussion yet.,sayakpaul,SE-Conversation,Add performance metrics (compute and throughput) to the benchmarking resource to better compare models.
cgnorthcutt_benchmarking-keras-pytorch_issues.json,4,Image scaling for Inception model in PyTorch incorrect,Reporter points out an incorrect preprocessing step: resizing to 256 before center-cropping to 299 for Inception; suggests resizing the shorter side to ~0.875*img_size (or ~0.9) to match expected behavior and improve accuracy.,rwightman,ML-Conversation,Correct image-scaling/preprocessing for Inception models so benchmarked accuracy matches expected results.
cgnorthcutt_benchmarking-keras-pytorch_issues.json,3,PyTorch ResNet50 Validation Accuracy,"User reports lower-than-expected ResNet50 validation accuracy. Comments attribute differences to environment and preprocessing: PyTorch/CUDA versions, PIL vs OpenCV resizing, bicubic vs bilinear interpolation, and statistical variance. Suggestions include matching preprocessing and possibly fine-tuning or submitting a PR to fix the evaluation code.",ankmathur96;rwightman;cgnorthcutt;ozabluda,Hybrid Conversation,"Diagnose and resolve a discrepancy in ResNet50 validation accuracy by identifying causes (preprocessing, library versions, interpolation) so benchmarks are reproducible and correct."
cgnorthcutt_benchmarking-keras-pytorch_issues.json,1,why resnet architectures perform better in PyTorch and inception architectures perform better in Keras?,"User asked why ResNets seem to perform better in PyTorch while Inception variants do better in Keras. Reply suggests differences are likely due to implementation/training differences, preprocessing, training schedules, and ecosystem influences (e.g., author affiliations).",jiqiujia;cgnorthcutt,ML-Conversation,Understand framework-dependent performance differences across architectures and potential causes like preprocessing and training practices.
ClarityCafe_Ivy_issues.json,10,Modules not being found when running setup.py,Running setup.py raised ModuleNotFoundError for ChatLearner.chatbot; reporter found ChatLearner folder empty. Maintainer explained ChatLearner is a git submodule and advised using git submodule update --init and updated documentation.,FederalX;sr229,SE-Conversation,"Setup fails because a required Git submodule (ChatLearner) was not initialized, causing import errors when running setup.py."
ClarityCafe_Ivy_issues.json,9,CakeChat Encoding does not accept text faces,Tokenizer for CakeChat treated ASCII emoticon (shrug) as many tokens causing poor encoding. Suggestion to add delimiters; issue later closed noting CakeChat was replaced with ChatLearner.,sr229,ML-Conversation,"Tokenizer cannot properly handle text emoticons, harming model input encoding and requiring a tokenizer change or delimiter approach."
ClarityCafe_Ivy_issues.json,8,[Backlog] Voice Engine,Feature/backlog ticket to add a voice engine (Tacotron) and voice model; noted not planned for 1.0 GA and suggested contacting a specific contributor for implementation.,sr229,ML-Conversation,Track future addition of a speech synthesis/voice model component (Tacotron) to the project roadmap.
ClarityCafe_Ivy_issues.json,7,Release 1.0,"Planning item for Release 1.0 mentioning related components/repositories (MAS Injector, CakeChat, Monika corpus). No comments beyond initial poster.",sr229,SE-Conversation,Coordinate and track tasks/resources required for the project's 1.0 release.
ClarityCafe_Ivy_issues.json,6,Switch to CakeChat + Emotional Analysis implementation,Proposal to convert the project to use a forked CakeChat and implement an emotional analysis engine and related corpora; marked as an enhancement and later closed.,sr229,Hybrid Conversation,"Change the system backend to CakeChat and add emotional analysis functionality, combining engineering changes with ML model integration."
ClarityCafe_Ivy_issues.json,5,Monika Corpus,"Discussion about assembling a Monika-centric dataset from sources like Twitter, Monika After Story (MAS), and Cornell; comments include dataset compilation notes, plans to complement datasets, and a suggestion to learn from MAS dialog flow.",sr229;IronworksProductions,ML-Conversation,Collect and curate a comprehensive training corpus centered on the Monika character to improve model responses and behavior.
ClarityCafe_Ivy_issues.json,4,Rewrite to Python 3,Noted codebase or model was written in Python 2.7 and should be ported to Python 3; maintainer marked it superseded by another task.,sr229,SE-Conversation,Modernize codebase by porting from Python 2 to Python 3 for compatibility and maintenance.
ClarityCafe_Ivy_issues.json,3,Ints section is not being read properly ,Bug where 'Ints' section misread occurs only when executing script in a directory without the expected INI file; maintainer confirmed and closed.,sr229,SE-Conversation,Identify and report a runtime/configuration issue related to missing INI files causing parsing failures.
ClarityCafe_Ivy_issues.json,2,vocabs are not valid utf-8 ,UnicodeDecodeError when reading vocabulary files (not UTF-8); maintainer indicated a commit likely fixed it and asked to reopen if persistent.,sr229,SE-Conversation,Resolve encoding errors in vocabulary files that break data preprocessing and model training pipelines.
ClarityCafe_Ivy_issues.json,1,Neural Network Layout,"Initial discussion about choosing the neural network architecture for Rebecca, proposing a recurrent model; maintainer confirmed decision to use a seq2seq approach.",sr229,ML-Conversation,Decide on an appropriate NN architecture (seq2seq/RNN) to support conversational behavior and context handling for the chatbot.
clarkerubber_irwin_issues.json,26,Missing default config file,User reports README's server config JSON is insufficient to run the tool; author later notes they'll investigate and possibly update the README.,054545641,SE-Conversation,User couldn't start the tool because a usable template/default server config file was missing or incomplete.
clarkerubber_irwin_issues.json,25,Updating,"User asks whether anyone is updating the project to current library versions (TF1 reached EOL, Python 3.7 EOL) and offers to do it if not already underway.",ghost,SE-Conversation,"Check if dependency updates (TensorFlow, Python) are being handled or if someone should take them on."
clarkerubber_irwin_issues.json,22,OTB cheating,User exploring testing GM over-the-board cheating detection and obtaining PGN databases for training asks if repo can run standalone without lichess; commenters explain it can run standalone with many modifications and note the repo is old and Lichess won't provide training data or support.,anuchandra;styborski1;scchess,Hybrid Conversation,Determine whether the project can be run standalone for training/testing cheat detection on OTB games without lichess integration.
clarkerubber_irwin_issues.json,20,Setting up the engine ,"User building a Flutter-based chess app requests guidance on setting up the Irwin AI engine locally, setup documentation, how to generate analytical reports, and available features or demo/video links.",Mrugenndra,SE-Conversation,User needs instructions to install and integrate the engine into their backend and to learn available reporting/feature capabilities.
clarkerubber_irwin_issues.json,19,Suggestion: Cheat detection toggle for casual games,User requests an option to turn off cheat detection (or another solution) because study/analysis matches get suspended when analysis board is open.,neel2299,Hybrid Conversation,Allow players to disable or relax cheat detection for casual/study games to avoid unwanted suspensions during analysis.
clarkerubber_irwin_issues.json,17,Support password protected MongoDB,"Discussion about adding MongoDB authentication support for hardening; a commenter asked for motivation, author explained the service's MongoDB is only protected by firewall rules; later it's pointed out README already documents authentication support and the author acknowledges it was supported.",niklasf;jirislav,SE-Conversation,Improve security by supporting password-protected/authenticated MongoDB access because the DB is otherwise exposed to the internet relying only on firewall rules.
clarkerubber_irwin_issues.json,14,Is it currently using by lichess website?,"User asks if this code is actually used by lichess; repository owner confirms yes, user asks for docs, owner says none, and another commenter suggests closing the issue.",B-Esmaili;ornicar;ComputeShader,SE-Conversation,Verify whether this repository is the same/used codebase as lichess's protector and whether docs exist.
clarkerubber_irwin_issues.json,11,FileNotFoundError: [Errno 2] No such file or directory: 'conf/server_config.json',User followed docs but encounters FileNotFoundError for conf/server_config.json and asks why.,elsharkawey,SE-Conversation,Resolve runtime error caused by missing configuration file preventing the project from starting.
clarkerubber_irwin_issues.json,10,Main.py ,"User cannot find main.py to launch the project; commenters explain README refers to an older version, main.py was removed/changed, advise reading source or specific commits, and later someone points to tools.py.",Waxmatuct;DrNixx;gbtami;elsharkawey;pizzalord22;pbx;rainydew,SE-Conversation,User needs clear instructions on how to launch the current version of the project after main.py was removed/changed.
clarkerubber_irwin_issues.json,7,Input LeelaZero evaluations,Proposal to add Leela/LCZero evaluations as input to Irwin's model to improve accuracy; commenter corrects repo link and the author later drops the request citing SF NNUE availability.,ddugovic;ShailChoksi,ML-Conversation,Improve model accuracy by incorporating outputs from modern neural-network chess engines like Leela/LCZero.
clarkerubber_irwin_issues.json,1,Add a license,User requests adding a license compatible with lila; repository owner responds that it's done.,Calinou;clarkerubber,SE-Conversation,Ensure the repository has an appropriate license for compatibility and legal clarity.
dair-iitd_BossNet_issues.json,2,Train issue ,"User ran the training script (python main.py task_id=1 train) and hit a TypeError during validation: 'int' object is not iterable. Stack trace points to main.py batch_predict where `for i, batch in enumerate(batches, total=len(batches))` (or tqdm usage) expects batches to be iterable but is an int. No comments on the issue.",caijie12138,SE-Conversation,User opened the issue asking for help to resolve a runtime TypeError occurring during training/validation caused by treating an int as an iterable (likely a bug in how batches is constructed or passed).
deep-learning-for-humans_fontastic_issues.json,8,Stratified train test split results in a lot duplicate filenames,User reported that a stratified train/test split produced many duplicate filenames in the output CSV; they verified the source directory had no duplicates. A follow-up comment states the duplicate issue was fixed with the train/test split and includes screenshots.,raghothams,Hybrid Conversation,To report and resolve a bug where the stratified train/test splitting produced duplicate entries in the output CSV.
dvgodoy_deepreplay_issues.json,29,KeyError: 'samples',"Users encounter KeyError 'samples' raised in deepreplay callbacks when running example code. Multiple users report same error; maintainer explains it's caused by incompatible, newer Colab package versions and recommends downgrading Keras/TensorFlow/keras-applications. User confirms the downgrade fixed the problem.",MaryamGolchin;Amir-Reza-Sadri;lucianovilasboas;dvgodoy,SE-Conversation,Error raised when running sample code due to incompatible package versions; user sought fix to run examples.
dvgodoy_deepreplay_issues.json,28,ValueError: Unable to create group (name already exists) problem,User gets HDF5 ValueError 'Unable to create group (name already exists)' when using ReplayData repeatedly in Colab. Maintainer suggests deleting the h5 file or changing the group name each run. User tried dynamic group names but still saw errors; maintainer later points to the same compatibility/KeyError issues and suggests downgrading packages. User also later sees an optimizer identifier error when mixing TF/Keras optimizers.,clevilll;dvgodoy,Hybrid Conversation,Avoid HDF5 group name collisions and run deepreplay examples in Google Colab; diagnose persistent errors and environment compatibility problems.
dvgodoy_deepreplay_issues.json,23,Package versions?,User asks which TensorFlow and Keras versions are required to run the code/examples. Maintainer replies it was built for TF 1.x and Keras 2.2.0 (later mentioning TF 1.8 and Keras 2.2.3) and that TF 2.x breaks the code.,nfitch3;dvgodoy,SE-Conversation,Determine the correct tensorflow/keras package versions needed to reproduce the examples and run the library.
dvgodoy_deepreplay_issues.json,20,Custom Activation function,User wants to visualize a custom activation (swish) in deepreplay but receives a ValueError 'Unknown activation function swish' when deserializing Keras objects. No comments; issue open.,zszazi,ML-Conversation,Enable plotting/visualization of models that use custom activation functions in deepreplay.
dvgodoy_deepreplay_issues.json,18,How can catch the animation for much deep network like ResNet using Deepreplay?,User attempts to use DeepReplay with ResNet and gets assertion error 'Only layers with 2 dimensional outputs are supported' and a NameError for ax variable. Maintainer explains deepreplay only supports 2D feature-space layers (2 units) and points out incorrect variable use (ax vs ax_fs).,clevilll;dvgodoy,ML-Conversation,Apply DeepReplay visualizations/animations to deep CNN (ResNet) and understand/resolve errors due to layer dimensionality and usage mistakes.
dvgodoy_deepreplay_issues.json,17,Question: does this work with TF Keras?,User asks about compatibility with tf.keras after seeing errors (MeanMetricWrapper attribute issues and other odd errors). Maintainer fixed some bugs and released v0.1.2a1; further discussion covers minor TF Keras adjustments and visualization limitations for CNNs. Bug in violin plots and activation handling was identified and addressed.,Raukk;dvgodoy,Hybrid Conversation,"Verify and fix compatibility with tf.keras and ensure visualizations (initializers, activations) work when using tf.keras models."
dvgodoy_deepreplay_issues.json,16,Linear or non-linear,"User asks why the decision boundary in the transformed feature space appears linear while in the original space it is nonlinear. Maintainer explains the math: the output z is a linear combination of prior-layer activations, so the boundary (z=0) is linear in the transformed space while earlier nonlinear activations deform the original space.",lubu-Alex;dvgodoy,ML-Conversation,Understand the reason behind observed linear decision boundaries after feature-space transformations in visualizations.
dvgodoy_deepreplay_issues.json,15,AttributeError: 'function' object has no attribute 'encode',"User reports AttributeError 'function' object has no attribute 'encode' when fitting a model. Maintainer suspects custom loss/metric naming issue, requests stack trace, and later releases a version fixing a bug with custom metrics.",mariamjumoke;dvgodoy,SE-Conversation,Resolve runtime error caused by passing function objects (custom metrics) that are not correctly handled/serialized by deepreplay.
dvgodoy_deepreplay_issues.json,14,use fit_generator to load datasets,User asks how to use the library with fit_generator for large image datasets. Maintainer replies the package does not support generators; recommends creating a ReplayData object from a subset to include in the H5 file.,vivekpd15;dvgodoy,SE-Conversation,Support or find workaround for using deepreplay with data generators (large datasets) during training.
dvgodoy_deepreplay_issues.json,13,Custom metrics,User reports that custom metrics passed as functions cause HDF5 dataset creation errors ('function' has no attribute encode). Maintainer acknowledges assuming string metric names and fixes behavior to use function.name when metric is a function; later releases a version addressing the problem.,BWallyn;dvgodoy,SE-Conversation,Handle custom metric functions correctly when saving training metrics into the HDF5 file to avoid encode/serialization errors.
dvgodoy_deepreplay_issues.json,9,hidden_input_1:0 is both fed and fetched.,User reports TensorFlow InvalidArgumentError 'hidden_input_1:0 is both fed and fetched' when building outputs/using replay build outputs; environment listed as Keras 2.2.0 and TensorFlow 1.8.0. No comments provided.,albb762,SE-Conversation,Report and get help diagnosing a TensorFlow/Keras runtime graph error that prevents building internal outputs for visualization.
eatsleepraverepeat_emusic_net_issues.json,1,Appreciate,User expressed appreciation for the project ('It s really interesting') and another contributor replied with a thanks.,tools-only;eatsleepraverepeat,SE-Conversation,Provide positive feedback/appreciation for the project.
ethanwharris_STAWM_issues.json,3,The mnist.gif image,User asks how the mnist.gif visuals were produced and how to apply the affine transform to the red rhomboids; follow-up asks how to access saved stage images in torchbearer state. Maintainer points to visualise.py (red_square/StagesGrid) and torchbearer MakeGrid callback and docs; gif was stitched from images.,ifgovh;ethanwharris,SE-Conversation,"To learn how the gif visualisations were generated, how to apply the affine transform to overlay rhomboids, and how to retrieve saved stage images from torchbearer callbacks."
ethanwharris_STAWM_issues.json,2,RuntimeError: ,"User reported a RuntimeError caused by an invalid shape in theta.view (shape mismatch). Maintainer advised that the codebase uses theta.view(x.size(0), 2, 3) instead of 2,4 and that changing the dimensions should fix the error.",Hirohong21;ethanwharris,SE-Conversation,The user encountered a shape-related runtime crash when running the code and sought help to resolve the traceback.
ethanwharris_STAWM_issues.json,1,Request source code,User requested the ICLR2019 source code release date. Maintainer replied the code would be pushed soon and later confirmed the source was pushed.,pkulangzi;ghost,SE-Conversation,To obtain the implementation/source code for the authors' ICLR2019 paper.
GKalliatakis_Keras-VGG16-places365_issues.json,21,ModuleNotFoundError: No module named 'keras.api',Airflow job on a Mac/AWS-deployed server fails with ModuleNotFoundError: No module named 'keras.api' during imports. The report lists pip install commands for Keras and other packages and a long import traceback ending in the missing keras.api module.,angelorobo,SE-Conversation,Resolve a runtime import/dependency error (missing keras.api) preventing Airflow/DAG code from running.
GKalliatakis_Keras-VGG16-places365_issues.json,20,Is preprocess_input() used for image-mean subtraction?,"User asks where/when preprocess_input in places_utils.py is explicitly called. Comment notes the README example didn't call preprocess_input while tensorflow.keras.applications.vgg16 subtracts the mean, raising the same question.",huntkao;davidwdw,ML-Conversation,Clarify whether preprocess_input (mean subtraction) must be applied for Places/VGG16 preprocessing to get correct model inputs.
GKalliatakis_Keras-VGG16-places365_issues.json,19,"OOM when allocating tensor with shape[25088,4096] and type float on /job:localhost/replica:0/task:0/device:CPU:0 by allocator cpu [Op:Add] name: fc1_233/random_uniform/",User reports an out-of-memory error when allocating a large tensor (25088 x 4096) on CPU during model operation (fc1 random_uniform). No comments provided.,emerald4622,ML-Conversation,Get help to resolve memory OOM during model initialization/operation for a very large fully-connected tensor.
GKalliatakis_Keras-VGG16-places365_issues.json,18,Couldn't manage to import the pre-trained model,User running code in Colab fails with ModuleNotFoundError: No module named vgg16_places_365 when attempting to import the Places365 model. A later commenter reports the same problem.,jam-iee;lilymetime,ML-Conversation,Seek help to import the vgg16_places_365 module in Colab to use the pre-trained model.
GKalliatakis_Keras-VGG16-places365_issues.json,17,Fine Tuning the model,"User asks how to fine-tune the model to add new categories (e.g., 'hypermarkets'). A maintainer points to standard transfer learning documentation and workflow.",ZoulfikarShmayssani;GKalliatakis,ML-Conversation,Learn how to fine-tune the pretrained model to extend it with additional classes.
GKalliatakis_Keras-VGG16-places365_issues.json,15,How to have similar predictions as Places365 Demo,User notes differences between this repo's predictions and the official Places365 demo (missing confidences and different rankings). Discussion identifies differences in network architecture (ResNet vs VGG) and shows how to print confidence scores and top predictions.,northtree;albertobeto,ML-Conversation,Understand why predictions differ from the official demo and how to obtain confidence scores and similar outputs.
GKalliatakis_Keras-VGG16-places365_issues.json,13,places_utils.py and function preprocess_input,"User asks whether preprocess_input from places_utils.py should be used since README examples don't call it, while Keras docs do. Maintainer confirms preprocess_input is necessary for Places preprocessing.",icarocd;GKalliatakis,ML-Conversation,Clarify whether preprocess_input must be applied for correct data preprocessing with Places models.
GKalliatakis_Keras-VGG16-places365_issues.json,12,How to extract features of 4096-d(or features from some other layers) with this model?,User asks how to extract 4096-d features (or other intermediate layer features) from the provided model. Maintainer replies that the model can be used like any Keras model and points to Keras documentation for extracting intermediate features.,hiarsal;GKalliatakis,ML-Conversation,Get instructions for extracting intermediate-layer feature vectors from the pretrained model.
GKalliatakis_Keras-VGG16-places365_issues.json,11,Unable to load keras dependencies,ImportError when attempting 'from keras_applications.imagenet_utils import obtain_input_shape'. User asks if a particular Keras version is required. Maintainer explains imagenet utils are now under keras.applications and shows correct import; user confirms it worked.,icarocd;GKalliatakis,SE-Conversation,Resolve import error caused by changes in Keras module location/versions to successfully load dependencies.
GKalliatakis_Keras-VGG16-places365_issues.json,9,vgg16_hybrid_places_1365a.py predicts only ImageNet classes,User reports hybrid model returns ImageNet classes instead of Places classes. Maintainer reproduces examples and suggests stale cached weights may be the cause (delete old weight files).,atunick;GKalliatakis,ML-Conversation,Investigate why hybrid model outputs ImageNet labels and ensure correct weights/labels for Places predictions.
GKalliatakis_Keras-VGG16-places365_issues.json,7,Web demo provides different labels,User sees different labels between the provided sample code and the web demo for a sample image. Maintainer marks it as duplicate of another issue.,GoncaloBFM;GKalliatakis,ML-Conversation,Understand discrepancy between sample code predictions and the official demo outputs.
GKalliatakis_Keras-VGG16-places365_issues.json,6,How to train a model using my own dataset?,User asks how to train a model on their own dataset. Maintainer links to Keras fine-tuning and transfer learning guides and repository examples.,xeoi;GKalliatakis,ML-Conversation,Request guidance and resources for fine-tuning/training the model on a custom dataset.
GKalliatakis_Keras-VGG16-places365_issues.json,5,Identical & low confidence predictions,"User reports very low/confident identical predictions for many images. Discussion explores preprocess_input, decode_predictions, and suspected wrong converted weights from Caffe to Keras. Multiple contributors try conversions; external converted weights are provided (pavelgonchar) and the issue is resolved by updating weights and README.",several27;GKalliatakis;Oktai15;ppgnk;ramprs;DongChen06;atunick;kelly-xuxixi;pavelgonchar,Hybrid Conversation,Diagnose and fix identical/low-confidence predictions — suspected incorrect weight conversion from Caffe to Keras; obtain correct converted weights and decoding utilities.
GKalliatakis_Keras-VGG16-places365_issues.json,2,Changing batch input shape,User wants to change batch input shape but gets shape mismatch errors (expected 1x224x224x3 but got 1x562x562x3). Maintainer updates code and advises about include_top and input_shape rules; user resolves the problem.,fmaglia;GKalliatakis,SE-Conversation,Learn how to change model input shape / avoid shape-checking errors when loading models or using include_top flag.
GKalliatakis_Keras-VGG16-places365_issues.json,1,The weights of pytorch or Caffe convert to keras,"User asks how to convert Caffe or PyTorch weights to Keras (VGG, ResNet50, DenseNet). Maintainer explains there's no direct converter and suggests rebuilding architectures and loading dumped weights; links to existing implementations.",xjcvip007;GKalliatakis,SE-Conversation,Get guidance on converting pretrained weights from other frameworks (Caffe/PyTorch) into Keras format.
gsurma_cartpole_issues.json,6,"It is NOT a DQN, but good job","Reporter notes the implementation uses LightGBM with Q-learning but is incorrectly named/claimed as a DQN (Deep Q Network), and links to DQN definition for clarification.",steven-ja,ML-Conversation,Point out incorrect naming/claim that the code is a DQN and clarify the distinction between LightGBM Q-learning and true DQN.
gsurma_cartpole_issues.json,4,reward is strange,"User highlights suspicious Q-update logic: using the model's prediction on the next state when updating current Q-values, effectively rewarding the model for the next action and resulting in unusual training behavior.",birdmw,ML-Conversation,Raise concern about incorrect or unusual reward/Q-value update logic in the implementation.
gsurma_cartpole_issues.json,3,List index out of range  error,User encountered a 'list index out of range' when running cartpole.py; later commented that the CSV reader was reading a blank line and adding a simple check (if data: ...) on line 63 of score_logger.py resolved the issue.,chinmaySwami,SE-Conversation,Report a runtime error when running the example and seek help; ultimately to identify and fix a CSV-reading bug causing an index error.
gsurma_cartpole_issues.json,2,How's your code is different from https://github.com/keon/deep-q-learning?,User asks how this repository's implementation differs from the referenced 'keon/deep-q-learning' project; no further details or comments provided.,ramy-e-ali,ML-Conversation,"Request clarification on differences, improvements, or unique aspects compared to an existing deep Q-learning implementation."
gsurma_face_generator_issues.json,1,Fail to get morphed generated image at the end,User converted a Jupyter notebook to a Python script and trained a face generator using ~1000 images from the Celebrities 100K dataset. After 5 epochs the generated sample images are blank; the user attached sample and loss images and asks what is required to get final training samples.,veilupt,ML-Conversation,"User needs help diagnosing why the face generator produces blank outputs after training (questions about dataset size, training procedure, or conversion issues) and whether the full 100K dataset is required."
gsurma_image_generator_issues.json,8,How to save checkpoints?,Author asks how to modify the training code to save model weights/checkpoints after each epoch so long trainings (~48h) can be resumed. No comments.,joandies,SE-Conversation,Enable periodic saving of model weights to resume long training runs and avoid lost work.
gsurma_image_generator_issues.json,7,ValueError,"User receives ValueError: ""Sample larger than population or is negative"" when sampling input images for DCGAN training; code shows image loading and random sampling. No comments.",Raijin003,SE-Conversation,Resolve a runtime sampling error preventing training start (likely sample size vs available images).
gsurma_image_generator_issues.json,6,Graph and samples are empty,"After many epochs the discriminator/generator graphs are empty, outputs are gray and losses become NaN. Commenters report same problem and later note images showed RGB after a few more epochs, suggesting parameter/settings issues.",WaelShaikh;kdazzle;vikasnr,ML-Conversation,Diagnose training instability causing NaN losses and blank/gray generated samples.
gsurma_image_generator_issues.json,5,Issue with running notebook,"User hits ValueError about variable shape mismatch (e.g., conv1 kernel shape 5x5x3x64 vs found 5x5x4x64) and many TensorFlow deprecation warnings. Commenters suggest downgrading to TF1 or disabling v2 behavior and note deprecation-to-keras replacements.",sam2332;markhanslip;NaChuaN666,SE-Conversation,Get the example notebook running by resolving shape mismatch and TF version/deprecation issues.
gsurma_image_generator_issues.json,4,Saving and loading models?,User notices train's checkpoint parameter is unused and asks how to implement saving/loading to resume training. Repo owner points to another project that implements model save/load.,jpfender;gsurma,SE-Conversation,Add checkpoint save/load functionality to be able to pause and resume training on machines not running continuously.
gsurma_image_generator_issues.json,3,Same Hyperparameters different results?,User cannot replicate published loss behavior using same hyperparameters; later resolved by user who corrected the input image size to 128.,artleague,ML-Conversation,Understand why training outcomes differ and ensure correct data preprocessing (image size) for reproducible results.
gsurma_image_generator_issues.json,2,Out of memory,User runs out of memory during training at different epochs depending on GPU. Repo owner explains it's due to accumulating generated images in memory and suggests reducing persistent allocations or storing image paths instead of image arrays.,baizhenmao95;gsurma,SE-Conversation,Prevent out-of-memory crashes when training on custom datasets by reducing memory usage patterns.
gsurma_image_generator_issues.json,1,"""ValueError: Sample larger than population or is negative""",User gets ValueError on training start about sampling larger than population. Maintainer suggests verifying there are images in INPUT_DATA_DIR and that len(input_images) >= BATCH_SIZE. User acknowledges and will check.,ghost;gsurma,SE-Conversation,Fix a sampling error preventing training startup by ensuring dataset and batch-size consistency.
gsurma_text_predictor_issues.json,9,"""Illegal instruction (core dumped)"" error",Author reports a runtime crash ('Illegal instruction (core dumped)') with no additional details or comments.,nullf0,SE-Conversation,Report a runtime crash to get help debugging the error.
gsurma_text_predictor_issues.json,8,Update needed to TensorFlow 2.0,User cannot run the code because tensorflow.contrib was removed in TF 2.0 and the repo is written for Python 2.7; requests an update to support TF 2.0 and Python 3.,N07070,SE-Conversation,Request migration of the codebase to be compatible with TensorFlow 2.0 and Python 3.
gsurma_text_predictor_issues.json,7," File """", line 13     print ""Please select a dataset."" ^ SyntaxError: Missing parentheses in call to 'print'",User gets SyntaxError due to Python2-style print statements when running in Python3. Commenter recommends using the 2to3 conversion tool to update the code.,JuanERombado;joeycurnutt,SE-Conversation,Resolve Python2/3 compatibility so the code runs under Python3 without print-related syntax errors.
gsurma_text_predictor_issues.json,6,Lowercase everything,Author reports that lowercasing all input characters improves network performance (lower loss and clearer pattern finding) and recommends lowercasing input strings.,hermesonbf,ML-Conversation,Suggest a preprocessing change (lowercasing) to improve model training and output quality.
gsurma_text_predictor_issues.json,5,Comments for the hyper parameters,User asks for explanations of hyperparameters like learning rate and decay and how to optimize them to improve results; no replies yet.,hermesonbf,ML-Conversation,Request guidance on the role of hyperparameters and strategies for tuning them.
gsurma_text_predictor_issues.json,3,different result,User observes different outputs across runs with the same settings and asks whether random seeds or probability initialization cause the variance. Commenter confirms differences are expected without fixed seeds and mentions relevant sampling and TensorFlow seed lines.,siusoon;gsurma,ML-Conversation,Understand causes of nondeterministic model outputs and how to achieve reproducible results.
gsurma_text_predictor_issues.json,2,Type Error,Traceback shows TypeError 'can't concat str to bytes'. Commenters suggest checking dataset UTF-8 encoding and Python 2/3 compatibility; converting write calls to write str and updating print statements fixes the issue under Python3.,siusoon;gsurma;fonzai,SE-Conversation,Resolve a TypeError caused by string/bytes mismatch and ensure compatibility with the Python version in use.
gsurma_text_predictor_issues.json,1,Tenserflow serving ?,User asks how to serve the model with TensorFlow Serving. Commenter points to resources on saving/restoring models and suggests loading a model on init and saving periodically with logs.,nidhikamath91;gsurma,SE-Conversation,Get guidance on deploying the trained model using TensorFlow Serving.
Ha0Tang_GestureGAN_issues.json,8,Is there any way I can use the pretrained model to fine-tune it?,User cannot fine-tune with pretrained model due to missing checkpoint file 'latest_net_D1.pth'. Owner explains the discriminator checkpoint is not available and suggests training from scratch then fine-tuning.,ali-ahnaf;Ha0Tang,ML-Conversation,User attempted to continue training with a pretrained model but encountered missing checkpoint files preventing fine-tuning.
Ha0Tang_GestureGAN_issues.json,7,How/Where is the skeleton image embedding implemented? ,User asks where the skeleton image encoder referenced in the paper is implemented in code; notes dataloader splits inputs into four 256x256 blocks (RealA/B/C/D) and uses set_input but cannot find the encoder implementation.,jysa01,ML-Conversation,Clarify where the skeleton-image embedding/encoder described in the paper is implemented in the repository code.
Ha0Tang_GestureGAN_issues.json,6,Filter failure cases manually from train set?,"User observed many training samples with incorrect poses in the senz3d dataset and asks whether bad samples were manually removed or if a list of correct filenames is available. Owner asks for examples and confirms they used all 135,504 samples; user clarifies their interpretation of skeleton files causing perceived wrong poses.",jysa01;Ha0Tang,ML-Conversation,User wanted to know if problematic/mislabeled training samples were manually filtered and requested a list of correct samples to improve training quality.
Ha0Tang_GestureGAN_issues.json,5,Not able to download the pretrained model for CVUSA,User cannot download pretrained models except one; owner replies advising to retry because the first run creates the folder and the second run downloads the models.,DeekshaDixit15;Ha0Tang,SE-Conversation,The user tried to download provided pretrained models but encountered failures and requested updated links or help.
Ha0Tang_GestureGAN_issues.json,4,L2 loss channel-wise missing?,User notices channel-wise L2 loss described in the paper is not implemented; owner explains how to replace L1 with L2 (MSELoss) and notes they found channel-wise L1 worked better empirically; user thanks and will experiment.,Franborat;Ha0Tang,ML-Conversation,"Verify whether the channel-wise L2 loss from the paper was omitted in code or if L1 was intentionally used, and how to obtain channel-wise L2 if desired."
Ha0Tang_GestureGAN_issues.json,3,can't dowload NTU hand digit dataset,User reports broken download link for the NTU hand digit dataset; owner indicates original link expired and points to a prepared-data repository in this project; user confirms they found it.,waterai12;Ha0Tang,SE-Conversation,User couldn't access the dataset via the paper's link and asked for alternative download locations.
Ha0Tang_GestureGAN_issues.json,2,hope the codes can be realeased soon,"User requests code release; owner later replies that code, data, and models are available and apologizes for the late release.",liyulin9541;Ha0Tang,SE-Conversation,Request for the project's code release timeline.
Ha0Tang_GestureGAN_issues.json,1,When will the codes be realeased??,"User asks when the code will be available; owner later confirms code, data, and models have been released and apologizes for the delay.",Muzijiajian;Ha0Tang,SE-Conversation,User inquired about the availability and release date of the repository code.
HendrikStrobelt_detecting-fake-text_issues.json,49,produce a heatmap highlighting word probability differences between AI and human texts to include as an image.,User requests a heatmap/visualization image that highlights word probability differences (GLTR color scheme: green/yellow/orange/red) between human-written and AI-generated texts.,CebelihleNcube,ML-Conversation,Create an image/heatmap comparing token probability distributions between AI and human text for inclusion or presentation.
HendrikStrobelt_detecting-fake-text_issues.json,48,how to detect chinese,User asks whether the project can be used to detect Chinese text and requests guidance on how to achieve that.,xiaohuaaibiancheng,ML-Conversation,Determine if GLTR (or the codebase) supports Chinese detection and get instructions to enable it.
HendrikStrobelt_detecting-fake-text_issues.json,47,kel,Very short/unclear issue body ('a'); a commenter responds asking 'what'.,Adreia67;sperglord8008s,SE-Conversation,Unclear/placeholder post—likely accidental or a test message.
HendrikStrobelt_detecting-fake-text_issues.json,46,Errors with new Python packages versions,"User reports compatibility and behavior errors because requirements.txt uses unfixed package versions (transformers, torch, numpy, connexion, swagger-ui, flask, PyYAML, flask-cors) and asks for exact versions; commenter suggests using a virtualenv and pinning/degrading packages as needed.",alexcla99;Vedantvijayhumbe,SE-Conversation,Request exact package versions to ensure reproducible environment and avoid compatibility errors when running the demo.
HendrikStrobelt_detecting-fake-text_issues.json,45,tdh,Empty/very short issue (no body); no comments.,andrezaparaizo,SE-Conversation,Unclear; likely a placeholder or accidental submission.
HendrikStrobelt_detecting-fake-text_issues.json,43,ConnectionRefusedError: [WinError 10061] No connection could be made because the target machine actively refused it,User reports a ConnectionRefusedError (WinError 10061) when trying to run the BERT server; no further details or comments provided.,Saravananthedeveloper,SE-Conversation,Diagnose and fix server/connection issue preventing the BERT server from accepting connections.
HendrikStrobelt_detecting-fake-text_issues.json,29,demo at http://gltr.io/dist/index.html not working,User reports that the demo page doesn't analyze even short sentences; a commenter later reports it's still not working and suggests removing the link from the README or offering a PR.,vstarko;1Maxnet1,SE-Conversation,Report the broken demo site and request a fix or removal of the broken link.
HendrikStrobelt_detecting-fake-text_issues.json,23,TypeError: Cannot read property 'map' of undefined when using the BERT model,User encountered a frontend TypeError (cannot read property 'map' of undefined) when using BERT; user later identifies the issue: the request always sends 'gpt2 simple' to the analyze function even if the model was BERT.,WissamAntoun,SE-Conversation,"Report and debug a frontend/TypeScript bug where the wrong model identifier is sent, causing runtime errors with BERT."
HendrikStrobelt_detecting-fake-text_issues.json,22,ERROR: Model name 'bert-base-cased' was not found in model...,User cannot load BERT models (error: model name not found or path/url not found) and sees an AttributeError when attempting to move a None model to device; provides large code excerpt showing model/tokenizer loading and inference attempts.,BenF99,ML-Conversation,Get help resolving model-loading errors with HuggingFace/pytorch-pretrained-BERT so the BERTLM can be instantiated and used.
HendrikStrobelt_detecting-fake-text_issues.json,21,Discriminator for evaluating fake text,"User asks for details about the classifier used in the paper's empirical validation (AUC computation): what classifier, training details, and amount of training. Another commenter expresses the same question; the original poster later links to a reproduction repository.",zainsarwar865;izhx,ML-Conversation,"Obtain details (model type, training procedure, features) to reproduce the paper's discriminator results for academic research."
HendrikStrobelt_detecting-fake-text_issues.json,20,API Not Working,User reports the API is not working (no further details provided).,BigSalmon2,SE-Conversation,Alert maintainers that the project's API endpoint(s) are failing and seek resolution.
HendrikStrobelt_detecting-fake-text_issues.json,12,This code is being plagiarised,User points out a GitHub repo that appears to plagiarize this project's code and asks the authors to take notice; a maintainer thanks the reporter.,vipulr8;HendrikStrobelt,SE-Conversation,Report alleged plagiarism of the project's code so maintainers are aware and can take action.
HendrikStrobelt_detecting-fake-text_issues.json,11,Demo Website Not Working,User reported the demo website was not working; a maintainer later replied indicating an update and hoped for more stability.,BigSalmon2;HendrikStrobelt,SE-Conversation,Notify maintainers that the demo website was down or unstable so it could be fixed.
HendrikStrobelt_detecting-fake-text_issues.json,9,KeyError when ’ style apostrophes (or quotations) are inputted as text. ,"User reports a KeyError in the tokenizer when smart quotes or special unicode apostrophes are present (KeyError 8217 / 8220), causing crashes when pasted text contains those characters.",airmak,SE-Conversation,Fix encoding/tokenization bug so pasted text with smart quotes does not raise KeyError and break processing.
HendrikStrobelt_detecting-fake-text_issues.json,7,custom test,User asks how to run GLTR on their text dataset for a final project; maintainer later apologizes for delay.,Jiaxin-Wen;HendrikStrobelt,SE-Conversation,Get guidance on using GLTR to analyze a custom text dataset for a student project.
HendrikStrobelt_detecting-fake-text_issues.json,2,Demo at http://gltr.io/dist/index.html returns 500,"User reported a 500 error from the demo site; a commenter later noted the maintainer fixed it, and another commenter later reported the same error reoccurring.",CT83;thesofakillers,SE-Conversation,Report server-side 500 error on the demo site and request a fix or confirmation it's resolved.
hlzz_DeepMatchVO_issues.json,11,pb,User wants to freeze a TensorFlow checkpoint to a .pb file but fails due to incorrect output node names; posts code snippet and asks how to determine correct output node names.,kingskymoon,SE-Conversation,Export a trained model by freezing checkpoint to a .pb file but encountering errors because of wrong output node names.
hlzz_DeepMatchVO_issues.json,10,"Error: Expected size[2] in [0, 26], but got 1200",Running test_kitti_pose.py produces many TF deprecation warnings and an InvalidArgumentError in Slice (expected size mismatch: expected 2 in range but got 1200). User shows stack trace spanning data loader and inference code and asks what's wrong and how target/source images work.,IaroslavS,Hybrid Conversation,Fix a runtime shape error during inference and clarify the concept of target vs source images used by the code.
hlzz_DeepMatchVO_issues.json,9,feature and matching file,User requests example SIFT feature file and matching .mat or corresponding Matlab code; owner replies they don't have SIFT/matches but preprocessed cam and matching files may reproduce results.,Jacksonfei;hlzz,SE-Conversation,Obtain example feature/match files or Matlab scripts to reproduce experiments.
hlzz_DeepMatchVO_issues.json,8,command.sh,User reports that command.sh cannot be opened.,danbo2,SE-Conversation,Report and get help opening or accessing the command.sh file.
hlzz_DeepMatchVO_issues.json,7,Dataset,User asks if they can use their own data as the input dataset; maintainer replies yes but data must be preprocessed into the required script format.,danbo2;hlzz,SE-Conversation,Clarify whether custom data can be used and what preprocessing is required.
hlzz_DeepMatchVO_issues.json,6,Trajectory Points ,User asks whether the method can provide all trajectory point coordinates (not only keyframes like ORB-SLAM2). Maintainer confirms learning-based method can output poses for all frames and discusses scale/global coordinate alignment options.,danbo2;hlzz,ML-Conversation,Obtain full-frame trajectory coordinates and understand how to convert per-frame poses into global coordinates.
hlzz_DeepMatchVO_issues.json,5,How to generate sequence 00~08 pose ground truth for evaluation,User tried to generate ground truth for sequences 00-08 using repo utilities and got large ATE errors; asks if ground truth generation is incorrect. Maintainer asks whether pose files were generated by this repo.,BassyKuo;hlzz,ML-Conversation,Resolve discrepancies in evaluation ATE by confirming correct method to generate ground-truth poses for sequences 00-08.
hlzz_DeepMatchVO_issues.json,4,About deterministic mask,User asks where deterministic mask is defined in code; maintainer points to specific lines. User follows up asking why mask multiplies projection error; maintainer explains mask removes out-of-bound pixel errors and suggests visualizing with TensorBoard.,WANGYINGYU;hlzz,ML-Conversation,Understand implementation and purpose of the deterministic mask used to filter out invalid pixel projections in loss computation.
hlzz_DeepMatchVO_issues.json,3,can not reproduce full trajectory of 09 sequence,User cannot reproduce the full trajectory alignment for sequence 09 using pre-trained model and evo; maintainer suggests adding 'vas' option for similarity alignment. User confirms that fixes the issue.,AdamAsh2019;hlzz,ML-Conversation,Reproduce published full-sequence trajectory results and resolve scale/alignment issues in evaluation using evo.
hlzz_DeepMatchVO_issues.json,2,我要如何实现,"User (in Chinese) wants to compute world coordinates X,Y,Z of detected objects from camera images. Conversation covers resizing images, monocular depth being up-to-scale, stereo vs monocular, and suggestions to use OpenCV stereo matching or retrain for different intrinsics.",XABxab123;hlzz,ML-Conversation,Learn how to obtain absolute world coordinates of objects using depth estimation or stereo matching and how to apply the repo to their camera data.
hlzz_DeepMatchVO_issues.json,1,SIFT feature matches files format,"User asks about format of SIFT matches file (cam.txt). Maintainer confirms first 100 lines are matches between t and t-1, last 100 between t and t+1 and that x1,y1 are from target. Follow-up discussion covers training from scratch, evaluation instability, and advice to try multiple models.",yzhang93;hlzz,Hybrid Conversation,Clarify feature matches file format for using precomputed matches and discuss training/evaluation discrepancies observed when training from scratch.
hlzz_mirror_issues.json,6,How to generate GL3D gl3d_gt_pairs file for evaluation?,User reports mismatch between weights in provided gl3d_gt_pairs file and values in common_track.txt and mesh_overlap.txt for a GL3D scene and asks how the gt-pair weights were generated. Two other users later asked if the problem was solved.,rann1018;lzfff12;Suxilan,ML-Conversation,"Clarify the procedure/metric used to compute pair weights in gl3d_gt_pairs for evaluation, since observed values differ from other dataset files."
hlzz_mirror_issues.json,5,Paper parameters,"User requests confirmation of the exact commands and parameter settings (inference and retrieval commands, image size, backbone, pooling, ckpt path, output dims) to reproduce the 'Ours' entry in Table 3 of the paper.",rjanvier,ML-Conversation,Ensure experiment/inference parameters match the paper so results can be reproduced.
hlzz_mirror_issues.json,4,The inference procedure cannot work on 'gl3d_data/589c3c497dc3d323d5578468' sub-direction,"User reports an inference failure on one GL3D scene with TensorFlow InvalidArgumentError: Invalid JPEG data or crop window (size 588779), indicating a problematic image/file in that scene; no responses yet.",rann1018,SE-Conversation,Report and get help diagnosing a corrupted/invalid image file causing inference to fail on a specific GL3D scene.
hlzz_mirror_issues.json,3,Data preprocessing,User asks what global_img_list.txt and train_list_with_mask.bin are and which GL3D txt corresponds to global_img_list.txt for preprocessing. Maintainer replied pointing to the updated README.,porcofly;hlzz,SE-Conversation,Understand required preprocessing files and mapping between GL3D dataset files and the project's expected input list/bin files.
hlzz_mirror_issues.json,2,您好，请问可以提供训练代码参考一下吗？,User requested the training code. Maintainer pointed to train.py as an example (may not run with the open-source release but serves as reference); the requester duplicated the response.,porcofly;hlzz,ML-Conversation,Request example training code to use as reference for implementing model training.
IBM_MAX-Fast-Neural-Style-Transfer_issues.json,54,Timeout exceeded while awaiting headers,User reported Docker pull/build failing with client timeout errors when fetching images/manifests from quay.io; later commented the issue was local and resolved after restarting their machine.,josephrocca,SE-Conversation,Report timeout/network error when pulling/building the Docker image.
IBM_MAX-Fast-Neural-Style-Transfer_issues.json,36,Deployment to Red Hat OpenShift fails due to permission error,Deployment raised a PermissionError (Errno 13) when torch.load attempted to open assets/mosaic.pth during startup on OpenShift; issue was closed by a follow-up (PR 37).,ptitzler;MLnick,SE-Conversation,Report and diagnose a permission denied error preventing model file loading during deployment.
IBM_MAX-Fast-Neural-Style-Transfer_issues.json,34,GPU support,User asked if the code can run on GPU; maintainer responded that GPU isn't currently supported and advised modifying the Dockerfile to use an NVIDIA CUDA base image and update PyTorch dependencies.,ofirkris;MLnick,SE-Conversation,Request support/instructions to run the model on GPU-enabled environments.
IBM_MAX-Fast-Neural-Style-Transfer_issues.json,25,inconsistent link to COS directory for model files,User pointed out inconsistent model file URLs between README and Dockerfile and noted they use a deprecated S3 endpoint; comment marked this as a duplicate of issue 24.,xwu0226;bdwyer2,SE-Conversation,Report mismatched and deprecated links to model assets that should be unified/updated.
IBM_MAX-Fast-Neural-Style-Transfer_issues.json,24,inconsistent link to COS directory for model files,Reported that README and Dockerfile point to different model asset URLs and reference a deprecated S3 endpoint; requested links be consistent and use the new cross-region endpoint.,vabarbosa,SE-Conversation,Ensure model asset links are consistent and updated to the current object storage endpoint.
IBM_MAX-Fast-Neural-Style-Transfer_issues.json,16,Remove open command from README,README includes the 'open' command (open result.jpg) which is macOS-specific; the suggestion is to remove it or mark it as Mac-only.,bdwyer2,SE-Conversation,Make README cross-platform by removing or clarifying an OS-specific command.
IBM_MAX-Fast-Neural-Style-Transfer_issues.json,13,Add ability to scale uploaded image,"Proposal to add a scale parameter to downscale uploaded images before prediction to reduce memory usage and control output quality; requires adding scaling in the wrapper, choosing defaults, and adding an API parameter.",ajbozarth,Hybrid Conversation,Allow users to scale images to fit model resource constraints and improve reliability/quality of predictions.
IBM_MAX-Fast-Neural-Style-Transfer_issues.json,11,Model only supports jpeg,Noted the model currently only supports JPEG images and doesn't handle PNGs; suggested either add PNG support or clearly document the JPEG-only limitation.,ajbozarth,ML-Conversation,Clarify or expand supported input image formats to meet user expectations.
IBM_MAX-Fast-Neural-Style-Transfer_issues.json,9,pip install from requirements.txt,"Suggestion to install dependencies from requirements.txt; maintainer commented it's impractical because PyTorch is downloaded from a URL, complicating this approach.",xwu0226;bdwyer2,SE-Conversation,Simplify dependency installation but flag concerns about how PyTorch is distributed.
IBM_MAX-Fast-Neural-Style-Transfer_issues.json,8,Add request param descriptions and update Swagger models help text,"Request to add request parameter descriptions and improve Swagger help text for the API, referencing an example PR from another repo.",xwu0226,SE-Conversation,Improve API documentation and Swagger model descriptions for better usability.
IBM_MAX-Fast-Neural-Style-Transfer_issues.json,2,Running the Container on Mac,"Reported that Docker on macOS doesn't dynamically manage RAM, causing large images (>3MB) to require high RAM (e.g., ~20GB) and fail; suggests documenting that Docker RAM allocation on Mac must match desired image sizes.",anoojpatel,SE-Conversation,Warn Mac users about Docker memory settings to prevent failures when stylizing large images.
IBM_MAX-Inception-ResNet-v2_issues.json,61,Analyze View Issues,Running the new external skill in Choregraphe causes the Analyze view box to error (turns red) with a Python requests ConnectionError/BadStatusLine stack trace when posting the picture.,daniM28,SE-Conversation,User opened the issue to stop the Analyze view runtime error and get the external skill to successfully call the remote service.
IBM_MAX-Inception-ResNet-v2_issues.json,34,/model/metadata does not identify model source,"Model metadata endpoint shows 'source null' even though other fields (id, name, description, license) are present; source is not identified in /model/metadata.",ptitzler,ML-Conversation,Request to have the model source included/identified in the metadata response.
IBM_MAX-Inception-ResNet-v2_issues.json,25,Container slow to start,"Container takes ~90 seconds to become ready on a laptop (most models <30s), causing intermittent Jenkins failures; suggests investigating causes and possibly upgrading TensorFlow.",bdwyer2,SE-Conversation,Reduce container startup time to avoid CI flakiness and improve deployment readiness.
IBM_MAX-Inception-ResNet-v2_issues.json,21,API version/description is outdated,Swagger spec still states v0.1 and an outdated description for 'An API for serving models'.,ptitzler,SE-Conversation,Update the API Swagger/version information and description to reflect the current API.
IBM_MAX-Inception-ResNet-v2_issues.json,18,JPG images containing alpha channel information break /model/predict,"Submitting JPGs with an alpha channel to /model/predict returns HTTP 500 with a ValueError: image shape has 4 channels but the model expects 3, causing inference to fail.",ptitzler,ML-Conversation,Fix /model/predict to handle or reject images with alpha channels (convert to 3-channel RGB or provide clear error handling).
IBM_MAX-Inception-ResNet-v2_issues.json,14,Standardize model file packaging,This model does not package model files into tar.gz like TensorFlow models; references CODAIT production readiness guidelines.,xwu0226,SE-Conversation,"Standardize model packaging format (e.g., tar.gz) for consistency with other models and production readiness."
IBM_MAX-Inception-ResNet-v2_issues.json,13,How to train a custom classifier in this docker ?,User asks how to train a custom classifier inside the docker or add a training option. Comment from maintainer says training options are not currently available but on a longer-term roadmap.,technoartista;MLnick,ML-Conversation,User wants the ability to train or fine-tune the model with custom data within the provided docker container.
IBM_MAX-Inception-ResNet-v2_issues.json,9,pip install from requirements.txt,Request related to installing dependencies via requirements.txt; references an example PR in another repo.,xwu0226,SE-Conversation,Ensure the project installs Python dependencies from requirements.txt (improve dependency management).
IBM_MAX-Inception-ResNet-v2_issues.json,8,Add request param descriptions and update Swagger models help text,"Request to add descriptions for request parameters and update Swagger models help text, with an example PR referenced from another project.",xwu0226,SE-Conversation,Improve API documentation by adding parameter descriptions and updating Swagger help text for clarity.
IBM_MAX-Review-Text-Generator_issues.json,20,inconsistent link to COS directory for model files,README and Dockerfile point to different COS S3 links for model files; both should reference the same files and be updated to the new US cross-region object storage endpoint because the old endpoint is deprecated.,vabarbosa,SE-Conversation,"Fix inconsistent and deprecated object storage links so model files are served from the correct, unified COS endpoint."
IBM_MAX-Review-Text-Generator_issues.json,14,Standardize model file packaging,The repository's model files were not packaged into tar.gz like other TensorFlow models; a commenter confirmed the issue has been resolved.,xwu0226;bdwyer2,SE-Conversation,Standardize model packaging (use tar.gz) to match TensorFlow model conventions and production readiness expectations.
IBM_MAX-Review-Text-Generator_issues.json,12,Add request param descriptions and update Swagger models help text,Request parameter descriptions and Swagger model help text need to be added/updated (example referenced a similar PR in another repo).,xwu0226,SE-Conversation,Improve API documentation by adding parameter descriptions and better help text in Swagger models.
IBM_MAX-Review-Text-Generator_issues.json,10,Chars length in webapp,Webapp/Swagger shows chars example/default as 0 while the API defaults to 100; commenter explains Swagger UI defaults numeric examples to 0 if not specified and recommends populating example values to improve docs.,bdwyer2;MLnick,SE-Conversation,Fix mismatch between UI example/default and API default for 'chars' and populate example values in API docs for clearer requests/responses.
IBM_MAX-Review-Text-Generator_issues.json,4,Tensorflow Error causing model to fail on predict,Model prediction fails with TensorFlow error 'Tensor ... is not an element of this graph' (traceback shown). Discussion notes it's related to Flask version/context/threading and TF graph scoping; author and commenters agreed fixing TF graph scoping and pinning dependencies resolves the issue; related Keras/TensorFlow issue referenced.,ajbozarth;MLnick;feihugis,Hybrid Conversation,Resolve a runtime prediction failure caused by TensorFlow graph scoping/context issues (exacerbated by Flask version/threading behavior) so model.predict works reliably in the web app; also to pin dependencies to prevent regressions.
IBM_MAX-Scene-Classifier_issues.json,44,top k logic issue,Reporter observed inconsistent behavior between a custom sort/top-k implementation and torch.topk; commenter explained dimension semantics of topk and updated the code to use topk to avoid confusion.,tade0726;xuhdev,SE-Conversation,Ensure correct and less confusing top-k logic by aligning custom code with torch.topk behavior.
IBM_MAX-Scene-Classifier_issues.json,26,inconsistent link to COS directory for model files,Reporter found two different links to model files in README vs Dockerfile and noted the links use a deprecated COS endpoint; no comments.,vabarbosa,SE-Conversation,Unify model file links and update them to the new US cross-region object storage endpoint to avoid deprecated URLs.
IBM_MAX-Scene-Classifier_issues.json,23,Fix the spelling of aquarium,Request to rename a misspelled asset file (acquarium.jpg) and update references and screenshots in README; no comments.,ptitzler,SE-Conversation,Correct filename typo and update documentation references/screenshots.
IBM_MAX-Scene-Classifier_issues.json,22,Handle images with alpha channel data,Model predict endpoint returned HTTP 500 for images with alpha channels; commenter referenced a PR that fixes the issue.,ptitzler;kmh4321,SE-Conversation,Make the prediction endpoint robust to images with alpha channels so it doesn't return a 500 error.
IBM_MAX-Scene-Classifier_issues.json,17,Move to MAX-Framework,Request to update the model to use the MAX Framework; no further discussion.,MLnick,SE-Conversation,Migrate the model implementation to the MAX Framework for consistency/standardization.
IBM_MAX-Scene-Classifier_issues.json,14,Standardize model file packaging,Request to package model files into tar.gz like TensorFlow models; commenter noted the issue was fixed by PR #15.,xwu0226;MLnick,SE-Conversation,Standardize model packaging to follow production readiness guidelines (tar.gz packaging).
IBM_MAX-Scene-Classifier_issues.json,9,pip install from requirements.txt,Proposal to install dependencies from requirements.txt; commenters raised practicality concerns about installing torchvision from non-PyPI and later noted pip install syntax.,xwu0226;bdwyer2;asan645,SE-Conversation,"Improve dependency installation by using requirements.txt, while addressing concerns about package sources and install commands."
IBM_MAX-Scene-Classifier_issues.json,8,Add request param descriptions and update Swagger models help text,Request to add request parameter descriptions and update Swagger model help text with an example PR referenced; no comments.,xwu0226,SE-Conversation,Enhance API documentation and Swagger descriptions for better usability.
IBM_MAX-Scene-Classifier_issues.json,4,/model/predict: Handle invalid input gracefully,"Report that invalid input (e.g., wrong file format) causes /model/predict to return HTTP 500 instead of a 400 Bad Request; no comments.",ptitzler,SE-Conversation,Ensure the API returns proper 400 responses for invalid inputs rather than 500 server errors.
IBM_MAX-Weather-Forecaster_issues.json,31,Illegal Instruction (core dumped),"Running the Docker image results in 'Illegal instruction (core dumped)'. Commenter asked for CPU info; reporter said they're on an i7-920 in a VM with a single core. Another commenter noted the CPU likely lacks AVX and pointed to a TensorFlow issue, recommending using a community TensorFlow build or building from source.",TechEdd;bdwyer2;xuhdev,SE-Conversation,Get help debugging a Docker runtime crash caused by unsupported CPU instructions (affecting TensorFlow) so the container can run.
IBM_MAX-Weather-Forecaster_issues.json,21,NOAA raw time series data is irregularly spaced,"Raw NOAA data mixes hourly samples with irregularly spaced samples. The default LSTM isn't suited for this; proposal to either remove non-hourly rows or retrain with an LSTM variant that handles irregular time series (e.g., Time LSTM). Reporter plans to test both options.",edwardleardi,ML-Conversation,Address irregular time spacing in input data to improve model suitability and forecasting accuracy.
IBM_MAX-Weather-Forecaster_issues.json,20,Convert HOURLYPressureTendency variable to be categorical,"HOURLYPressureTendency is actually categorical per NOAA docs (values indicate increase/decrease/no-change over 3 hours). Proposal to convert it to dummy variables (either 9 or bucketed into 3), which will affect preprocessing, models, and tests.",edwardleardi,ML-Conversation,Correct the feature representation by converting a mis-typed numeric field to appropriate categorical encoding for the models.
IBM_MAX-Weather-Forecaster_issues.json,19,Compress multivariate model predictions within proper bounds,"Multivariate model predictions sometimes fall outside valid ranges (e.g., visibility >10 or negative). A commenter noted they added basic postprocessing in a PR but indicated further improvements are possible. Affected variables include visibility, relative humidity, wind speed/direction, and precipitation.",edwardleardi;bdwyer2,ML-Conversation,Ensure model outputs are constrained to physically/valid bounds via postprocessing to improve prediction validity.
IBM_MAX-Weather-Forecaster_issues.json,16,OpenAPI spec: description is missing,The OpenAPI specification for the model-serving API is missing the description field. Issue filed to address the incomplete API spec.,ptitzler,SE-Conversation,Complete the OpenAPI spec so the API documentation and clients have the required description metadata.
IBM_MAX-Weather-Forecaster_issues.json,2,Setup testing,Request to set up testing infrastructure (issue body empty).,bdwyer2,SE-Conversation,Add tests and testing framework to improve project reliability and CI.
IBM_MAX-Weather-Forecaster_issues.json,1,Improve API input format,Current API requires a numpy txt array with a hard-coded shape. Reporter requests JSON/CSV support and single-point predictions; commenter suggested a JSON structure mapping each of the 12 variables to 24/48-hour arrays matching model input shapes. Another commenter asked about predicting for arbitrary lat/lon or polygons and whether additional training data is needed.,MLnick;feihugis;diegoromeroacro,Hybrid Conversation,Make the prediction API more user-friendly and flexible (support JSON/CSV and single/bulk requests) and clarify input format and applicability of the pretrained model to other locations.
IntelAI_inference-model-manager_issues.json,101,Does this setup allow inference on GRU too?,Author asks whether the current setup supports performing inference with GRU models. No additional details or comments provided.,asispatra,ML-Conversation,Clarify if the inference stack supports GRU-based models.
IntelAI_inference-model-manager_issues.json,92,Tenant and endpoint creation fails if [TENANT|ENDPOINT]_RESOURCES not set,"Reporter found that default TENANT/ENDPOINT_RESOURCES in the imm script produce invalid JSON (extra character) when the env vars are unset, causing tenant/endpoint creation to fail. A maintainer could not reproduce the issue and asked to reopen if it reoccurs.",poussa;pawel-pieniazek,SE-Conversation,"Report a bug in installer/script that generates invalid JSON when resource env vars are not set, preventing resource creation."
IntelAI_inference-model-manager_issues.json,87,Management API HTTP response is not JSON,Reporter requested the management API return proper JSON (currently it includes text before JSON making parsing difficult). Maintainers implemented changes and the reporter confirmed it looks good; issue closed.,poussa;joannanosek,SE-Conversation,Make the management API responses valid JSON so clients can reliably parse them.
IntelAI_inference-model-manager_issues.json,85,"When endpoint creation fails, resources are not cleaned up properly","Reporter observed that a failed endpoint creation (e.g., due to invalid JSON) left resources behind and subsequent creations failed with conflicts. Logs show JSON parsing errors and later an AlreadyExists. Maintainers could not reproduce and inspected code, then closed the issue.",poussa;pawel-pieniazek,SE-Conversation,Report potential resource cleanup/rollback bug when endpoint creation fails so platform doesn't end up in a conflicting state.
IntelAI_inference-model-manager_issues.json,84,IMM_CONFIG_PATH env variable does not work,Reporter noted IMM_CONFIG_PATH env variable is ignored by the scripts because the script always sets the path to a fixed value. A maintainer fixed the issue.,poussa;pawel-pieniazek,SE-Conversation,Fix script so IMM_CONFIG_PATH environment variable is respected.
IntelAI_inference-model-manager_issues.json,78,Uninstall fails to delete resources if token not valid,"Uninstaller script deletes resources using a command that requires a valid token; if token is invalid, namespace and resources are left behind. Maintainer marked as fixed.",poussa;pawel-pieniazek,SE-Conversation,Ensure uninstaller cleans up resources even when authentication token is missing or invalid.
IntelAI_inference-model-manager_issues.json,58,Suggestions to improve installer,"A list of suggested installer improvements (skip frequent brew updates on Mac, specify external S3, install ldap from helm subdir, uninstall option, kops vs bare-metal options, skip cert generation, help flags, tunable waits, optional validation, PV for minio). Maintainers discussed which items are addressed, implementation details, and referenced PRs that cover some features.",poussa;kbalka;mareklevv,SE-Conversation,Propose enhancements and configurability for the installer to support more deployment scenarios and usability improvements.
jaredwinick_img2vec-keras_issues.json,5,"raise ValueError(""Tensor %s is not an element of this graph."" % obj)","User reported a TensorFlow/Keras graph error when using Img2Vec in a Flask server. Maintainer asked for TF/Keras versions and linked to a related Keras issue, then closed the issue due to lack of details.",vinnitu;jaredwinick,SE-Conversation,Get help resolving a runtime TensorFlow graph error encountered when integrating Img2Vec with a Flask server.
jaredwinick_img2vec-keras_issues.json,4,example code mentions img_to_vec -> but think it's supposed to be img_to_vec_keras ,"User hit an IndexError running the example (invalid index to scalar variable). Maintainer fixed an import, reproduced the IndexError in Colab, and later resolved it by correcting the shape of an intermediate output variable.",johndpope;jaredwinick,SE-Conversation,Fix example/API naming and resolve a runtime IndexError so the example script runs correctly.
jaredwinick_img2vec-keras_issues.json,3,Example Notebook,Request to develop a more interesting example using Google Colaboratory to demonstrate the library.,jaredwinick,ML-Conversation,Provide a richer Colab example to show library usage and capabilities.
jaredwinick_img2vec-keras_issues.json,2,Make pip installable,Request to make the project pip-installable (from GitHub). Maintainer posted links to resources on configuring packages for pip installation and packaging docs.,jaredwinick,SE-Conversation,"Enable easy installation of the project via pip (e.g., pip install from GitHub)."
jaredwinick_img2vec-keras_issues.json,1,Add README for usage,Request to add a README describing usage of the project (enhancement request).,jaredwinick,SE-Conversation,Provide documentation and usage instructions to help users understand how to use the library.
jiegzhan_time-series-forecasting-rnn-tensorflow_issues.json,7,predict for next 5 timesteps,"Author asks how to extend the model to predict multiple future timesteps (e.g., next 5 or 10 steps). A commenter echoes the same request and inability to figure out code modifications needed to produce a future window of predictions.",vik03;c1p81,ML-Conversation,Request help to implement multi-step (5+ step) forecasting / modify code to output multiple future timesteps.
jiegzhan_time-series-forecasting-rnn-tensorflow_issues.json,5,"""Predicted"" and ""Actual"" labels on the final chart are inversed",Author reports a labeling mix-up in the plotting code: the series labeled as Actual and Predicted are swapped in the final chart (points out specific plot calls showing inversion). No comments.,dmitryaleks,SE-Conversation,Report a bug/mislabeling in the plotting routine so legend labels are reversed.
jiegzhan_time-series-forecasting-rnn-tensorflow_issues.json,4,Multiple inputs,Author wants to use the model on a multivariate time series with 6 input features and 1 output. They ask how to provide a file with 6 columns and how to read and manage multiple inputs for the model; no responses provided.,JuanCaBaqueroB,Hybrid Conversation,Seek guidance on formatting/reading multivariate input data and adapting the model to handle multiple input features.
jiegzhan_time-series-forecasting-rnn-tensorflow_issues.json,3,what is the parameter_file ?,Author asks what the parameter_file contains. A commenter links to the project's config JSON and explains it contains model and training parameters.,SaminSheyda;dmitryaleks,SE-Conversation,Clarify the contents and purpose of the parameter_file (configuration for model and training parameters).
jiegzhan_time-series-forecasting-rnn-tensorflow_issues.json,2,Why did you use model.fit for training? ,Author questions why model.fit was used instead of manual tf.Session training loops (TF1 style). A commenter explains that the code aligns with newer TensorFlow/Keras usage: model.fit is the standard in TensorFlow 2.x.,hana9090;TheEdoardo93,ML-Conversation,Understand rationale for using model.fit (Keras/TensorFlow 2.x style) versus manual session-based training loops.
jiegzhan_time-series-forecasting-rnn-tensorflow_issues.json,1,Why you shuffle the sequence of training data?,"Author questions why training data windows are shuffled given time series ordering matters. One commenter asks if they found the answer; another explains the data is split into windows (inputs X and target Y) and shuffling those windows preserves intra-window order, so shuffling is acceptable.",hana9090;JuanCaBaqueroB;dmitryaleks,ML-Conversation,Seek clarification on preprocessing: why the dataset windows are shuffled despite time ordering being important in time series.
keums_melodyExtraction_JDC_issues.json,3,abouttraining details,Author trained a model on the same datasets but observes either low VR or high VFA in experiments. The author asks if the repository owner can publish the training code to help reproduce and diagnose the issue.,TheagaoMIR,ML-Conversation,Request access to the training code to reproduce experiments and troubleshoot poor VR/VFA results.
keums_melodyExtraction_JDC_issues.json,2,"[freeze_graph] tensorflow.python.framework.errors_impl.InvalidArgumentError: NodeDef expected inputs '' do not match 1 inputs specified; Op<name=Const; signature= -> output:dtype; attr=value:tensor; attr=dtype:type>; NodeDef: bidirectional_1/while/add/y = Const[dtype=DT_INT32, value=Tensor<type: int32 shape: [] values: 1>](bidirectional_1/while/Switch:1)","User reports an exception when attempting to freeze a TensorFlow graph that uses tf.keras layers. The traceback shows an InvalidArgumentError: NodeDef expected inputs do not match 1 inputs specified, referencing a Const node in a bidirectional LSTM loop (bidirectional_1/while/add/y). The user asks how to resolve this error.",mdztravelling,SE-Conversation,Obtain help to fix a TensorFlow graph-freezing error encountered when converting a Keras model to a frozen graph.
kk7nc_HDLTex_issues.json,18,"Hello, I hope you see my issue, and I would get your opinion. ","User questions preprocessing and feature extraction choices: why CountVectorizer was used instead of TF-IDF/ngrams for DNN, why different cleaning functions (clean_str vs text cleaner/Tokenizer) are applied only in loadData, and notes lack of validation and missing y_pred outputs.",TalaN1993,ML-Conversation,"Request clarification on preprocessing, feature extraction choices, and absence of validation/prediction outputs."
kk7nc_HDLTex_issues.json,17,Dataset problem,User noticed the 'Depression' area appears under both Medical and Psychology parent categories in the dataset and asks whether the dual categorization is intentional.,FatosTorba,ML-Conversation,Clarify taxonomy/labeling decisions in the dataset (parent-category assignment for 'Depression').
kk7nc_HDLTex_issues.json,16,how it performs vs bert?,User asks for a comparison of model performance versus BERT.,Sandy4321,ML-Conversation,Determine how the project's model compares to BERT in performance.
kk7nc_HDLTex_issues.json,15,examples,User requests example usage of HDLTex on Web of Science (WoS) data and asks how to produce output as readable text labels (subject category names in order).,si-naja,ML-Conversation,Obtain practical examples and instructions for running HDLTex on WoS and formatting outputs as text label names.
kk7nc_HDLTex_issues.json,13,dataset question,User asks whether there is a validation set provided for the paper/dataset.,1429904852,ML-Conversation,Clarify availability of a validation split for reproducing experiments.
kk7nc_HDLTex_issues.json,12,dataset error？,User reports an issue when sorting metadata XLS: child labels share the same Y2 child index and Y2 is missing index 8 when Y1 is 1; includes screenshots and asks for explanation of label/index inconsistencies.,lalalei21,SE-Conversation,Investigate apparent dataset file/indexing errors and inconsistencies in label indices.
kk7nc_HDLTex_issues.json,11,Regarding multi label problem,User asks whether HDLTex supports hierarchical multi-label classification (multilabel outputs).,spartian,ML-Conversation,Confirm whether the model supports multi-label (hierarchical) classification scenarios.
kk7nc_HDLTex_issues.json,10,Data set label problem,User noted dataset labels are numeric and requested mapping between numeric indices and original label names. Maintainer responded with a link to the dataset webpage explaining the mapping; user acknowledged resolution.,wenyu332;kk7nc,SE-Conversation,Obtain the mapping from numeric label indices to original human-readable label names for the dataset.
kk7nc_HDLTex_issues.json,5,Error in model 0 try to re-generate an other model DNN  0,"User encountered a segmentation fault (core dumped) during training/saving weights (Keras Adagrad) and reported the error. Maintainer asked whether user was running RMDL instead of HDLTex, requested more details (data type, hardware, GPU/CPU), and moved discussion to the RMDL repository.",asifraza151;kk7nc,SE-Conversation,Troubleshoot a runtime crash/segmentation fault during model training.
kk7nc_HDLTex_issues.json,4,Evaluation  procedure used in HDLTex,"User asked about evaluation procedure and Eq.21 from the paper. Maintainer explained that final accuracy is the joint probability across hierarchical levels with examples, clarified baseline differences and use of random seed and hyperparameters; other commenters asked for symbol definitions and number of training epochs.",gourango01;kk7nc;chengdezhi;MarcosFP97,ML-Conversation,Understand how hierarchical accuracy is computed (Eq.21) and details of evaluation/training setup used in the paper.
kk7nc_Text_Classification_issues.json,13,where is the data preprocessing before training the models ?,User asks where the data preprocessing code or steps are located prior to model training. No responses yet.,anwarghammam,ML-Conversation,User needs to find the preprocessing pipeline/code used before training models.
kk7nc_Text_Classification_issues.json,11,which file to run first,User asks what sequence of files to run. A commenter suggests using a different repository if data are embedded and labels are available and provides a link.,rohit-raje-786;self-ms,SE-Conversation,User wants guidance on the correct execution order of project files to run the code.
kk7nc_Text_Classification_issues.json,10,Stemmer Choice,User asks why Porter stemmer was used instead of Snowball (Porter2). Maintainer replies there was no particular reason and invites contributions to switch examples.,AlexanderDavid;kk7nc,ML-Conversation,Clarify rationale behind choosing a specific stemming algorithm in examples and suggest improvement.
kk7nc_Text_Classification_issues.json,8,Classification metrics can't handle a mix of multiclass and continuous-multioutput targets,User reports a ValueError when printing classification metrics due to predicted outputs being probability vectors (shape mismatch) and suggests using np.argmax on predictions. Maintainer acknowledges and fixes; several users confirm the suggested change resolves their issues.,wanderfernandesjunior;kk7nc;Hameedalii;lucasfrr;shrupark,ML-Conversation,Fix README/code to correctly handle predicted probabilities when computing classification metrics (apply argmax to predictions).
kk7nc_Text_Classification_issues.json,7,Typo in one of the code blocks,User reports a typo in a code block where 'Build Model RNN Text predict classes X test Glove' should be 'predicted = model_RNN.predict_classes(X_test_Glove)'. Maintainer acknowledges and will change it.,RabbitJackTrade;kk7nc,SE-Conversation,Correct a documentation/code example typo to prevent confusion when running examples.
kk7nc_Text_Classification_issues.json,5,There is a typo that shows that labels the CNN as an RNN in the CNN section,User submitted a pull request to fix a typo that labels the CNN as an RNN. Maintainer thanks the contributor.,mohandodda0;kk7nc,SE-Conversation,Fix incorrect labeling in documentation to accurately represent the CNN section.
kk7nc_Text_Classification_issues.json,2,There is a error about CBOW and skip-gram picture,User points out that the CBOW and skip-gram images are swapped/mislabeled according to the original Word2Vec paper. Maintainer fixes the image.,yucc2018;kk7nc,ML-Conversation,Correct a conceptual/illustration error in documentation showing CBOW and skip-gram diagrams.
KMouratidis_EDA_miner_public_issues.json,7,Baseline Function,"Request to provide improved baseline estimation methods for time series (better than peakutils/EMA/MA), offer better fitting, and add user controls to select promotion dates and target specific promotions.",KMouratidis,ML-Conversation,Improve baseline modeling for time series/promo analysis and give users control over promo date selection and targeting.
KMouratidis_EDA_miner_public_issues.json,6,Remember previously fitted models,"Concern that fitted models are lost when leaving and returning to the Analyze Predict tab. Suggestions include adding a history of fitted models, storing necessary info in a Dash pattern (hidden div), or handling via a future Trained models tab; comment indicates this will be handled later when productionizing models.",KMouratidis,Hybrid Conversation,Preserve access to previously trained/fitted models for inference and usability instead of losing them when navigating the UI.
KMouratidis_EDA_miner_public_issues.json,5,User interface & styling,"Multiple UI/UX improvements requested: themes (light/dark), consolidate CSS, improve elements (buttons, inputs, dropdowns), add useful side menu, color choices for graphs, review interactivity and mobile responsiveness, and create a programmatic UI for advanced users.",KMouratidis,SE-Conversation,"Enhance the application's look-and-feel, responsiveness, and usability for both basic and advanced users."
KMouratidis_EDA_miner_public_issues.json,4,API integrations,"Add connections to many external APIs (Twitter, Google Sheets, Reddit, Quandl, Spotify, Google Analytics, cloud providers, SQL databases, stock/crypto APIs, RapidAPI, EU datasets, etc.) and expand functionality for currently connected APIs.",KMouratidis,SE-Conversation,Expand data input sources and integrate functionality from a wide range of external APIs to broaden the app's data connectivity.
KMouratidis_EDA_miner_public_issues.json,3,Additional visualizations,"Request to implement many additional chart types and visualizations (scatter, time series, histograms, pie, bubble, filled area, error bars, heatmaps, 2D density, 3D, pairplots, graphs/networks, maps, treemaps, candlestick, dendrograms) and add aggregation capabilities (groupby, count, mean, median, min, max, sum).",KMouratidis,SE-Conversation,"Provide a richer, reusable visualization library across the app to support varied analysis and presentation needs."
KMouratidis_EDA_miner_public_issues.json,2,Machine Learning Algorithms & Pipelines,"Add more ML algorithms (scikit-learn, statsmodels, tensorflow, pytorch, NLP libraries) and implement common pipelines (imputation, scaling, feature extraction, training, ensembles, CV, hyperparameter tuning, dimensionality reduction), plus a graphical model designer with conversion to sklearn pipelines and improved edge/order handling.",KMouratidis,ML-Conversation,Expand available ML algorithms and build reusable pipelines and a graphical designer to simplify model construction and experimentation.
KMouratidis_EDA_miner_public_issues.json,1,Improve upload and general data handling (e.g. via pandas),"Improve data ingestion and handling: robust reading of formats (csv, xls/xlsx, json, feather, html), better type inference for dates/categoricals/missing values, preprocessing pipeline hooks, and improved file storage/upload support (Redis review, multiple/large/resumable uploads).",KMouratidis,SE-Conversation,"Make data upload and preprocessing more robust and flexible to support varied file formats, types, and large/multiple uploads for downstream analysis."
linbo0518_BLSeg_issues.json,2,Understanding fcn.py,"Author asks for clarification of lines 60-64 in fcn.py dealing with score maps (score_pool4, score2, score16) and size/cropping. Maintainer explains those lines perform cropping because the feature map from score_pool4 is larger than score2's output, and points to the FCN architecture reference.",mailvijayasingh;linbo0518,ML-Conversation,User is confused about specific code lines handling feature-map sizing/cropping during FCN upsampling and requests an explanation.
linbo0518_BLSeg_issues.json,1,How to train/test this project on a specific dataset?,Author asks how to train/test the project since no training/testing scripts were found. Repository owner replies with a link to a train.zip containing PyTorch training scripts and offers to share additional scripts; author acknowledges and will try.,AlpacaLLaMa643;linbo0518,ML-Conversation,User wants instructions or scripts to train and evaluate the model on their own dataset because none were present in the repo.
linbo0518_CVBenchmarks_issues.json,1,"A very, very strange result on MobileNet","User reports that running MobileNet benchmarks shows GPU inference much slower than CPU. Environment: MXNet 1.7.0, Ubuntu 20.x, CUDA 10.2, NVIDIA GTX 1070 Ti. Provided per-iteration timings: CPU runs around ~5s, while GPU runs around ~40s per run. No comments yet.",ZinuoCai,SE-Conversation,To report and seek help diagnosing unexpected GPU performance (GPU much slower than CPU) when evaluating MobileNet with MXNet on the specified environment.
liuxinhai_Point2Sequence_issues.json,9,Error when loading pre-trained models,"User cannot load provided pretrained checkpoint with PointNet evaluation script due to missing variable names (checkpoint variables differ from expected names like layer1 seq attention encoder rnn lstm cell...), requests guidance for loading pretrained models. No comments.",zqzqz,SE-Conversation,Resolve a runtime/checkpoint-loading mismatch between model checkpoint variable names and evaluation code so the pretrained model can be used.
liuxinhai_Point2Sequence_issues.json,8,how to set the value of K with different points?,User asks how to choose the K (number of nearest neighbors) used to build local regions for different point counts / datasets. No comments.,longmalongma,ML-Conversation,Seek guidance/best practice for selecting neighborhood size K for different datasets and point counts.
liuxinhai_Point2Sequence_issues.json,7,how to set the value of K with different points?,Duplicate question asking how to set K (nearest neighbors) for different numbers of points/datasets. No comments.,longmalongma,ML-Conversation,Ask for recommendations on choosing K for varying dataset point densities.
liuxinhai_Point2Sequence_issues.json,6,could you tell me the r of two-scale ？,"User asks whether values like 0.4 and 0.8 are best for two-scale settings, then clarifies they meant the K (neighborhood sizes) for two-scale. Single self-comment.",joycewangsy,ML-Conversation,Clarify the recommended K values for the two-scale configuration used by the model.
liuxinhai_Point2Sequence_issues.json,5,can your model deal with large scale point cloud data?,"User asks if the model can handle large-scale point clouds (S3DIS, ScanNet). Repo owner replies it can with modifications but they haven't tried; user raises concerns about computational complexity on ordinary machines.",longmalongma;liuxinhai,Hybrid Conversation,Determine whether the model can be applied to large-scale scene datasets and understand required modifications and computational constraints.
liuxinhai_Point2Sequence_issues.json,4,about s3dis and scannet,User asks why the authors didn't try scene segmentation on S3DIS/ScanNet and whether the model can perform those tasks. Author replies it should work with modifications but they haven't tried.,longmalongma;liuxinhai,Hybrid Conversation,Ask about applicability of the model to scene-level segmentation datasets (S3DIS/ScanNet) and reasons they weren't evaluated.
liuxinhai_Point2Sequence_issues.json,2,can you help me?,User fails training with InvalidArgumentError: No OpKernel registered for FarthestPointSample. Owner advises to compile tf_sampling .so (function only supports GPU) and later provides precompiled .so link; other users report same issue and thank the owner.,longmalongma;liuxinhai;Luznss,SE-Conversation,Fix a runtime error caused by missing/incorrectly compiled custom TensorFlow ops (FarthestPointSample) so the code can run on GPU.
liuxinhai_Point2Sequence_issues.json,1,Pretrained model,User requests pretrained model to reproduce reported ModelNet40 accuracy. Owner provides a Google Drive link to pretrained models and suggests how to evaluate (modify train code or use PointNet evaluate.py); user asks for explicit eval code.,ashawkey;liuxinhai,Hybrid Conversation,Obtain pretrained models and evaluation instructions to reproduce the paper's results and resolve discrepancy in classification accuracy.
liuziwei7_voxel-flow_issues.json,16,How to generate F[motiom] and F[mask]?,User asks how to obtain the visual outputs F_motion and F_mask shown in Figure 2 (e and f). They understand decoder outputs F but don't know how to derive the motion and mask visualizations.,nameless-mqc,ML-Conversation,Clarify how model decoder output maps to motion and mask visualizations in the paper's figures.
liuziwei7_voxel-flow_issues.json,15,"python, tensorflow version and environment details","User requested the Python and TensorFlow versions / environment file. The issue author later posted a conda environment export (Python 3.7, TensorFlow 1.15 and many deps). Another user asked for the environment config as well.",NagabhushanSN95;FlyDre,SE-Conversation,Obtain exact environment (Python/TensorFlow and package list) to reproduce/run the code.
liuziwei7_voxel-flow_issues.json,14,How to generate the test frame.txt & How to use image to synthesize as video,User is confused about how to generate the test frame.txt and how to use a single image (or generated images) to synthesize a video using the repo's tools. No comments yet.,fmbao,SE-Conversation,Need instructions for preparing test file lists and using images to produce video outputs.
liuziwei7_voxel-flow_issues.json,13,Mapping of sequence ids to original frame,"User asks whether the sequence ids in the provided data list (e.g., ucf101 test files frame1.txt) map to original frames in the UCF dataset and which frame comes from which video.",saikatdutta,SE-Conversation,Clarify mapping between sequence IDs in the dataset text files and original UCF video frames for correct data indexing.
liuziwei7_voxel-flow_issues.json,12,"Why preidctiion.shape in voxel_flow_train.py is [2, 256, 256, 3]?","User is confused by the prediction tensor shape [2,256,256,3] produced in voxel_flow_train.py and has been debugging without progress. A commenter reports success running the code.",Informativeinform;xiaozhangyu66,ML-Conversation,Understand why model prediction tensor has that particular shape and confirm whether the code runs as expected.
liuziwei7_voxel-flow_issues.json,11,FileNotFoundError: [Errno 2] No such file or directory: '/home/VoxelFlow/dataset/ucf101_triplets/137560/frame_1.png',User encountered FileNotFoundError when training: missing frame files under dataset/ucf101_triplets. Comments point to README Data Preparation and other users report the same issue and ask how to generate the training triplet dataset from UCF101.,samo313;infrontofme;fmbao;csmodel,SE-Conversation,Resolve missing dataset files and get instructions for preparing/extracting frame triplets for training.
liuziwei7_voxel-flow_issues.json,10,DuplicateFlagError: The flag 'train_dir' is defined twice. ,User hits an absl.flags DuplicateFlagError for 'train_dir' when running voxel_flow_train.py. Other commenters report facing the same error and seeking solutions.,samo313;Ng-ms;Marmar202,SE-Conversation,Get help resolving a runtime/flag definition conflict caused by duplicate flag registrations.
liuziwei7_voxel-flow_issues.json,9,test use any resolution frames,"User asks how to test the model on original-size frames different from training 256x256. They propose resizing inputs to 256x256, running model, rescaling flows to original size and applying bilinear interpolation. Author confirms that procedure and scaling invariance are correct and asks which code part implements it.",jian3xiao;liuziwei7,Hybrid Conversation,Understand the correct inference procedure to apply the model to arbitrary-resolution videos and where it's implemented in code.
liuziwei7_voxel-flow_issues.json,8,Blurred Output,User reports blurred model outputs and attached example images (ground truth vs output). No comments.,YusufBerki,ML-Conversation,Report poor/blurred interpolation results and request help diagnosing output quality issues.
liuziwei7_voxel-flow_issues.json,7,is_train=True when testing? ,User noticed the model uses is_train=True during testing. Author explains this accommodates a legacy batch-norm bug (running mean/variance issues) and that parameters are not updated. Additional comments ask about BatchNorm conversions and environment for PyTorch reproduction.,LucyLu-LX;liuziwei7;Dee-Ma,ML-Conversation,Clarify why the train flag is set True during testing and how to handle batch-norm behavior when reproducing the model.
liuziwei7_voxel-flow_issues.json,6,performance using different dataset,User trained the model on a different subset of UCF101 and sees widely varying PSNR (10-20 dB) not matching the paper's ~30 dB. A commenter asks which dataset/inference details were used.,dlwtojd26;agneevguin,ML-Conversation,Investigate why performance (PSNR) changes significantly when using different dataset splits or preprocessing.
liuziwei7_voxel-flow_issues.json,5,extrapolation,"User asks how to modify the code to train for extrapolation (predict future frames). Replies discuss that voxel flow can be applied recurrently for extrapolation, possible non-recurrent multi-frame strategies, and note repo lacks full reproducibility details.",worldPeacethx;hangg7;liuziwei7;zzwei1,ML-Conversation,Extend the interpolation model to perform extrapolation (future-frame prediction) and get guidance on implementation strategies.
liuziwei7_voxel-flow_issues.json,4,trained model,User requests the pretrained model to reproduce results. The author shared a Google Drive link to the pretrained Deep Voxel Flow model. Other users report issues extracting the downloaded file and note it may correspond to a PyTorch implementation.,stubborn-dwarf;liuziwei7;wuzy2115;MikeChen0720-CGU;NagabhushanSN95,SE-Conversation,Obtain the pretrained model weights for fair evaluation and reproduction of reported results.
liuziwei7_voxel-flow_issues.json,3,Why using 'meshgrid' as a fixed bias?,"User questions the use of a fixed meshgrid in the model (appearing as a fixed bias applied to flow). A commenter explains meshgrid initializes a neutral flow starting point so different inputs don't all map to the same pixel, and notes TF version differences.",ghost;sesse,ML-Conversation,Understand architectural choice of adding a fixed meshgrid instead of learning that offset from previous layer weights.
liuziwei7_voxel-flow_issues.json,2,dataset & network,"User asks three reproduction questions: train/test split of UCF101, how triplet frames were extracted (definition of 'obvious motion'), and whether the repo's network differs from the U-Net-like network in the paper (skip connections). Commenters note loss differences, activation issues, and author explains this repo contains a basic setup without skip connections and points to a PyTorch reimplementation and utils for normalized flow.",AshinCarlXiao;sesse;linchuming;liuziwei7,Hybrid Conversation,Reproduce the paper: need dataset split and triplet extraction procedure plus clarification on network architecture differences from the paper.
liuziwei7_voxel-flow_issues.json,1,training datasets,"User asks how to build the training dataset from UCF. Multiple commenters link to a forked repo with scripts to extract usable frames, describe using PSNR-based filtering to remove low-motion frames, and discuss script usage; some users confirm scripts work while others ask how to run them.",qingsenyangit;sesse;black107;elementCarbon;liuanping;samo313;fmbao,SE-Conversation,Get scripts/instructions to extract/filter frame triplets from UCF101 and build the training dataset for reproducing experiments.
lvapeab_ABiViRNet_issues.json,6,Can you provide the data to be prepared? I'm really hard to find.,"User asks the maintainer to provide the dataset and directory/file structure (images, annotations, captions, features CSVs, train/val/test lists) referenced in the repo because they cannot find or assemble the required data files.",q-rong,SE-Conversation,Request for the actual dataset files and a clear description or examples of the expected data layout so they can run the code.
lvapeab_ABiViRNet_issues.json,5,Where from to download the data and generate features to be used in the code?,User downloaded MSVD but the format differs from the repository's expected input for subsampled features and asks where to obtain the correct data and how to generate features in the expected format.,Arka95,SE-Conversation,Need guidance on obtaining the correct dataset format and preprocessing/feature-extraction steps to produce the CSVs expected by the code.
lvapeab_ABiViRNet_issues.json,4,For Single video as an input,"User asks how to run inference on a single video and where results are stored. Owner advises modifying config.py to change evaluation sets and later points to an interactive captioning script (caption.py) to handle single-video decoding, then closes the issue.",vinaysworld;lvapeab,SE-Conversation,User wants instructions/demonstration to run the trained model on a single video and retrieve/store the output caption(s).
lvapeab_ABiViRNet_issues.json,3,wish to make some changes: different output & no pre-determined images features,User wants to adapt the project to predict a single continuous grade (or binary good/bad) per video and notes there are no annotated frame features. Maintainer recommends replacing the decoder RNN with a classifier (Dense layers) and points to similar classification repos; user asks about Python3 and removing frame features.,ron-weiner;lvapeab,ML-Conversation,Adapt the sequence-to-sequence captioning model into a per-video classifier to predict a quality/score without per-frame annotated features.
lvapeab_ABiViRNet_issues.json,2,running error about main.py,User reports a KeyError in evaluation.py referencing captions file when running main.py and asks how to skip training and run evaluation only. Maintainer reports the issue was solved via email and traced to a minor problem in captions_id_en.,Airotong;lvapeab,SE-Conversation,Report and get help fixing a runtime KeyError caused by captions file formatting and learn how to run evaluation without re-training.
lvapeab_ABiViRNet_issues.json,1,About generate_descriptions_lists.py,"User requests exact formats of caption_id_en and the outputs of generate_descriptions_lists.py (train_descriptions.txt, train_descriptions_counts.npy). Maintainer provides example lines, explains list file splits and the subsample/features preprocessing pipeline, and clarifies that CSVs are frame-level features and subsampling reduces them to fixed frames per video.",Hsiao-hsu-Li;lvapeab,SE-Conversation,"Clarify input/output file formats and the behavior of preprocessing scripts (generate_descriptions_lists.py, subsample frames features.py, generate_features_lists.py) so the user can prepare data correctly."
MLEnthusiast_MHCLN_issues.json,6,数据集问题,Issue opened reporting a dataset problem; no further details or comments provided.,zmmdeid,SE-Conversation,User reported an unspecified dataset-related issue and seeks help or clarification.
MLEnthusiast_MHCLN_issues.json,5,iterations when converging,"User asked how many iterations were used for convergence on UCMD and AID. Maintainer replied that AID used ~25,000 iterations. Conversation moved to sampling strategy: triples are randomly selected offline (batch size 30); user asked about online hard/batch-all mining and maintainer found it an interesting suggestion.",cxy0616;MLEnthusiast,ML-Conversation,Determine the number of training iterations needed for convergence and discuss triplet sampling/hard-mining strategies to potentially improve training.
MLEnthusiast_MHCLN_issues.json,4, pre training models,User asked which TensorFlow pre-trained model to download. Maintainer answered that the pre-trained model is InceptionV3 trained on ImageNet and provided a download link.,ximi2018;MLEnthusiast,ML-Conversation,User needed guidance on which pre-trained TensorFlow model to obtain for use with the code.
MLEnthusiast_MHCLN_issues.json,3,pretrain_model,User reported a 'No such file or directory' error when running extract_features with the Inception V3 checkpoint for the UCMD dataset. The user added a parser argument (model_dir) with default 'inception_v3_ckpt' and marked the issue as solved.,world2025;ximi2018,SE-Conversation,Fix a file/path or argument issue preventing use of the pre-trained checkpoint for feature extraction.
MLEnthusiast_MHCLN_issues.json,2,pre_train model,User reported a 'No such file or directory' error when running extract_features despite downloading the Inception V3 checkpoint; no comments were added before closing.,world2025,SE-Conversation,Resolve missing-file or path problem related to the pre-trained model to allow feature extraction to run.
MLEnthusiast_MHCLN_issues.json,1,experimental result,"User observed lower mAP on UCM than reported in the paper (0.884955 vs 0.904). Maintainer re-ran and obtained ~0.9034, explained variation due to random train/test splits, advised fixing random seed and provided a link to the specific splits used for reproducibility.",Zhangxintong007;MLEnthusiast,ML-Conversation,Understand the discrepancy in experimental mAP results and obtain guidance to reproduce the reported numbers reliably.
NCBI-Hackathons_Semantic-search-log-analysis-pipeline_issues.json,1,Security issue found,Reporter (wendlingd) is receiving a recurring weekly security warning about part of the code and states an intention to update the repository in the coming weeks or months. No comments present.,wendlingd,SE-Conversation,To notify maintainers of recurring security warnings and communicate the plan to update the codebase to resolve the security concern.
nsavinov_SPTM_issues.json,2,Fail to run setup.py in SPTM folder at the step installing ViZDoom.,User cannot install/build ViZDoom inside the provided SPTM anaconda2 environment: pip install fails and make returns a CalledProcessError (make -j15 returned non-zero exit status 2). The user suspects a CUDA/toolchain mismatch (RTX3060 requires newer CUDA than the environment provides). User offered to paste full error log.,BUPT-zeld151,SE-Conversation,"Request help resolving installation/build errors for ViZDoom in the SPTM conda environment, likely due to CUDA/toolchain incompatibility with RTX3060."
nsavinov_SPTM_issues.json,1,"while running your demo, an error occurred","Demo run fails with OSError: [Errno 2] No such file or directory when creating a video writer subprocess (common/video_writer.py line 37). Maintainer suggested printing the command to debug, executing the command manually, or disabling video writing.",Kyridiculous2;nsavinov,SE-Conversation,User opened the issue to get help fixing a runtime error that prevents the demo from running (missing external command or incorrect subprocess invocation for video writing).
Oslandia_osm-data-classification_issues.json,9,Write the how to extract changesets editors by user,Request to create documentation / a how-to showing how to extract changeset editors by user. No further discussion or comments.,garaud,SE-Conversation,Add documentation explaining how to extract changeset editor information per user.
Oslandia_osm-data-classification_issues.json,8,Acknowledgements,User asked permission to thank the project/team in their Master's thesis acknowledgements. Maintainer replied asking about the thesis topic and offered to add the paper reference to the project's README.,ktjaco;garaud,SE-Conversation,User requested permission to acknowledge the project/team in a publication and to coordinate adding a reference.
Oslandia_osm-data-classification_issues.json,7,Refactor the OSM data parsing,Proposal to refactor OSM data parsing: project currently uses pyosmium but only simple features; suggestion to explore pyosmium API and redesign metadata retrieval.,delhomer,SE-Conversation,Improve and redesign the OSM parsing code to better use pyosmium and retrieve metadata more robustly.
Oslandia_osm-data-classification_issues.json,4,Clean the project packaging,Request to clean up project packaging to improve reusability; maintainer later noted packaging was updated to use Poetry and referenced a commit.,delhomer,SE-Conversation,Make packaging clearer and easier to reuse by restructuring packaging (done with Poetry).
Oslandia_osm-data-classification_issues.json,2,Failed Tasks and dependency,"User reported many Luigi tasks failing or pending. Logs showed a UnicodeDecodeError reading CSV, then RuntimeError opening missing osh.pbf (file-not-found), and later NumPy LinAlgError (infs/NaNs) during PCA clustering. Maintainer diagnosed encoding and missing osh.pbf issues, pushed a PR to fix encoding, explained that history (osh.pbf) files are required and Geofabrik download/login changes, and user confirmed the PR + using correct osh.pbf fixed the pipeline.",gangothri1329;delhomer,Hybrid Conversation,"Troubleshoot failing Luigi pipeline runs: diagnose encoding problems on Windows, missing OSM history files (osh.pbf), and numerical errors in PCA/KMeans causing task failures."
Oslandia_osm-data-classification_issues.json,1,Failed dependencies,"User reported Luigi tasks failing/pending. Logs showed a ValueError from random.sample (sample larger than population) when computing cluster silhouette (sampling 2000 users). Maintainer identified the issue (sampling threshold too large for small datasets), fixed it, and user later acknowledged success with the framework.",ktjaco;delhomer,ML-Conversation,Report failing pipeline tasks and get help diagnosing root cause; specifically to fix the cluster silhouette sampling logic that crashed when dataset had fewer users than the hardcoded sample size.
paulfitz_mlsql_issues.json,18,spider .sqlite format,User cannot generate the .sqlite database file for Spider schemas required by Valuenet and asks how to produce the sqlite file from schema SQL; no comments.,papsipublic,SE-Conversation,Need instructions to generate a SQLite database file from schema SQL so Valuenet can execute queries and find DB values.
paulfitz_mlsql_issues.json,15,Error while using mlsql docker,User reports an empty reply from server when running SQLova in Docker and curling the API; maintainer requested docker logs to diagnose.,guptalalit;paulfitz,SE-Conversation,Troubleshoot a Docker deployment issue where the API returns an empty reply.
paulfitz_mlsql_issues.json,14,fetch more than one column,"User asks whether multi-column SELECT (e.g., select col1 col2) is supported; maintainer replies it is not currently supported and suggests asking separate questions.",shambhaviparashar;paulfitz,ML-Conversation,Clarify model capability regarding returning multiple columns in a single question.
paulfitz_mlsql_issues.json,13,custom csv file returning error in postman,User encountered a UTF-8 decode error when uploading a CSV via Postman; user resolved it by converting the file to UTF-8 and maintainer acknowledged.,shambhaviparashar;paulfitz,SE-Conversation,Fix encoding error when sending a custom CSV to the API.
paulfitz_mlsql_issues.json,12,Error when asking about CSV table,User got a PyTorch tensor size mismatch error when querying a CSV (complex comparative question); maintainer suggested it may be a model bug/limitation and recommended reporting upstream if reproducible.,g1644222;paulfitz,ML-Conversation,Identify cause of a runtime tensor size mismatch during model inference on a particular CSV question.
paulfitz_mlsql_issues.json,11,Converting SQL to Answer,User asks where SQL is converted to answer in the code and whether predict.py can generate SQL and answers; maintainer pointed to predict.py where queries are executed in SQLite and noted IRNet lacks value prediction.,Bill-ai;paulfitz,ML-Conversation,Understand where and how SQL query outputs are turned into final answers and whether predict.py can be used for that.
paulfitz_mlsql_issues.json,10,API for SQLova,"User asks how to send/receive data via Postman to the SQLova API on port 5050; community and maintainer explained making a POST with form-data including 'q' and file 'csv', and user confirmed it worked.",Bill-ai;gdgovinddaga6;paulfitz,SE-Conversation,Get example/request format for using the running SQLova API from Postman (how to post question and CSV).
paulfitz_mlsql_issues.json,9,Not working on custom data?,User reports model generates SQL but doesn't return answers on custom CSV; maintainer explained dataset training differences and bind-parameter behavior; user found the real issue: a missing column name in the CSV.,gdgovinddaga6;paulfitz,Hybrid Conversation,Diagnose why model fails to produce answers on custom CSV data and clarify the 'params' behavior in queries.
paulfitz_mlsql_issues.json,8,Running in a local environment,"User asked how to run without Docker and how to map natural language to arithmetic/nth-value outputs; maintainer outlined Dockerfile steps for running locally, asked for examples, and noted some query types are beyond model capability; further requests for help decoding Dockerfile followed.",g1644222;paulfitz;Bill-ai,Hybrid Conversation,Run the system locally (not via Docker) and obtain specific NL-to-arithmetic/nth-value outputs from natural language queries.
paulfitz_mlsql_issues.json,7,MLSQL 与RDkit 是否能够集成，作为药物研发的底层运算模块,User asks whether MLSQL can be integrated with RDKit for drug R&D computations; maintainer replied they have no particular ideas on how to combine them.,chenxingqiang;paulfitz,SE-Conversation,Explore possible integration between MLSQL and RDKit as a computation backend for drug discovery.
paulfitz_mlsql_issues.json,6,How to change vocabulary and also do parameter tuning to the lstms used in SQLova through the docker you created,User asked how to change vocabulary and tune LSTM parameters within the provided Docker container; maintainer advised installing upstream naver/sqlova directly as there's no shortcut.,Priyanka11196;paulfitz,ML-Conversation,Customize model vocabulary and tune LSTM hyperparameters for SQLova running in the Docker environment.
paulfitz_mlsql_issues.json,4,Finetuning,User asked how to fine-tune the model with custom CSV tables and SQL queries; maintainer directed them to upstream training scripts and utilities for converting CSV/questions to expected formats.,sravaniprakash9;paulfitz,ML-Conversation,Obtain guidance on fine-tuning the model using custom tables/questions and providing expected SQL outputs.
paulfitz_mlsql_issues.json,3,"For real industrial application, what strategy to locate the exact table?",User asked how to locate the correct table among many in real-world deployments; maintainer suggested approaches including training on datasets with multiple tables and brute-force running/ranking results per table.,guotong1988;paulfitz,ML-Conversation,Find strategies to identify which table(s) a question pertains to when many tables exist in production.
paulfitz_mlsql_issues.json,2,"Recommand my work, Thank you!","User shared their NL2SQL BERT project and asked for recommendation; maintainer read the paper, added a mention, and requested release of a pretrained model; user agreed to release.",guotong1988;paulfitz,ML-Conversation,Share the user's NL2SQL work and request feedback/mention and possible pretrained model release.
paulfitz_mlsql_issues.json,1,object of type 'NoneType' has no len(),"User experienced a failure when repeatedly posting a file via Python requests (worked first time, failed subsequently); maintainer suggested reading the file contents (use read()) before posting and user confirmed it worked.",gauravgola96;paulfitz,SE-Conversation,Debug repeated file upload failure with requests.post where the file object becomes unreadable after the first request.
phillipi_pix2pix_issues.json,229,Interactive Demo not working,User reports the interactive demo (links to Affinelayer pixsrv / GitHub attachments) is not working; no comments.,evil-pechenka,SE-Conversation,Report that the hosted interactive demo is broken/unreachable and ask for it to be fixed.
phillipi_pix2pix_issues.json,228,how can we train the model for RGBA images ?,User asks whether anyone has trained pix2pix where input and/or output images use RGBA channels (alpha) and whether generation needs to be RGBA; no responses recorded.,roshan2024nar,ML-Conversation,Request guidance on handling 4-channel (RGBA) images in pix2pix training and inference.
phillipi_pix2pix_issues.json,227,Error finetuning ssl4eo_mae_optical model: KeyError: 'model' when loading checkpoint,User reports PyTorch checkpoint-loading error (KeyError: 'model') when finetuning ssl4eo_mae_optical encoder; includes torch.load warning about pickle/weights_only and stack trace showing missing 'model' key in checkpoint; no comments.,alishibli97,SE-Conversation,Get help diagnosing/fixing a checkpoint loading error during model finetuning.
phillipi_pix2pix_issues.json,226,cuda error,User reports runtime CUDA error when running scripts/edges/batch_hed.py: 'Check failed ... driver shutting down' on Ubuntu16 with CUDA 8.0; one short (empty) comment from ALISAXXW.,runboy;ALISAXXW,SE-Conversation,Ask for troubleshooting help for a CUDA driver/runtime failure during edge-detection script execution.
phillipi_pix2pix_issues.json,225,Guidance Needed for Selecting Best Epoch/Weights in Pix2Pix Training,"User shares training metrics (G GAN, G L1, D real/fake, etc.) and asks how to interpret and balance these losses to pick best epoch; asks ideal D real/D fake ranges, visual criteria to prioritize, and community best practices; one empty reply from ALISAXXW.",yagobilel;ALISAXXW,ML-Conversation,Request advice/best practices for selecting best model checkpoint/epoch from GAN training metrics and visual inspection.
phillipi_pix2pix_issues.json,224,Take two inputs for one output,"User proposes extending pix2pix to accept two inputs (image + vector prompt) to produce a modified image (e.g., change lip shape while preserving appearance); includes dataset description; one commenter asks if they've figured it out. Discussion centers on feasibility/approach.",lucydjo;Vinitrajputt,Hybrid Conversation,Explore feasibility and approaches to condition generator on both an image and an instruction-like vector prompt.
phillipi_pix2pix_issues.json,223,Google Colab Notebook,User requests that maintainers create and share a Google Colab notebook for the repository; no comments.,shanmugad,SE-Conversation,Ask for an easy-to-run Colab notebook to help users run the code without local setup.
phillipi_pix2pix_issues.json,222,hi is any one online here? please ping me i want to discuss the issues i am facing while installing the torch requirements,User asks for help installing Torch requirements; reports luarocks install image failing to clone GitHub repo due to connection timed out; commenters include ALISAXXW (empty) and zhangdan8962 reporting same issue.,sahasraa;ALISAXXW;zhangdan8962,SE-Conversation,Get real-time assistance resolving installation/luarocks/git cloning errors when installing Torch dependencies.
phillipi_pix2pix_issues.json,221,If it's possible to modify pix2pix for the vector but not image data?,User asks about applying pix2pix to non-image (vector) data — mapping dataset A (98) to dataset B (1) and using trained mapping to generate B from new A; comments suggest converting 1D/time-series to grayscale images; threaded comments include ALISAXXW and others.,kaia-li;1033216625;ALISAXXW,ML-Conversation,Understand whether pix2pix can be adapted to vector or 1D data and how to format such data for training/inference.
phillipi_pix2pix_issues.json,220,"How to make Custom Pix2Pix model, please use if you want",User provides a custom-pix2pix example/image for inpainting and suggests adding it to docs; no follow-up comments.,MushroomFleet,SE-Conversation,Share example code/assets to help others create custom pix2pix/inpainting models and suggest including it in documentation.
phillipi_pix2pix_issues.json,219,something to help people visualise),User posts a visualization image/link (same author as previous); no comments.,MushroomFleet,SE-Conversation,Provide a visualization aid/resource to help users understand/customize pix2pix.
phillipi_pix2pix_issues.json,218,Easy idea about increasing pix2pix target underestanding,User links to a research paper 'Dynamic Pix2Pix' claiming improved modeling ability with limited data; one maintainer (ALISAXXW) acknowledged; another user asks if code is available.,mohammadrezanaderi4;ALISAXXW;roshan2024nar,ML-Conversation,Share a proposed architecture/paper that may improve pix2pix performance in low-data regimes and inquire about code availability.
phohenecker_pytorch-transformer_issues.json,3,problem of the create_positional_emb function in utils,Reporter notes that the create_positional_emb function appears to remove the last entry of the embedding matrix (possible off-by-one) and asks whether the slicing/shape handling should be different given the embedding matrix shape. No further comments.,naruto7283,SE-Conversation,Report a suspected bug or implementation detail in the positional embedding utility and ask for clarification/correction.
phohenecker_pytorch-transformer_issues.json,2,"Decoder-only mode, image transformer",User asks whether the codebase can be used to implement the Image Transformer as a decoder-only (autoregressive) model rather than encoder-decoder. Maintainer responded they will look into it; user acknowledged.,malbergo;phohenecker,ML-Conversation,"Seek guidance on adapting the repository to an autoregressive, decoder-only image transformer architecture."
phohenecker_pytorch-transformer_issues.json,1,Request: Seq2Seq example (not BERT),"User requests a seq2seq example (e.g., machine translation / GPT-2 style) and clarification of the training procedure. The maintainer replied they would add a GPT-like example and later provided a link to a GPT pretraining example and guidance for adapting to GPT-2 or NMT.",cpury;phohenecker,ML-Conversation,Request example code and instructions for building and training a seq2seq / GPT-style model to aid reproducibility and user adoption.
PINTO0309_Keras-OneClassAnomalyDetection_issues.json,5,Interogations concerning compactloss,"Author questions discrepancy between the paper's compact loss formula and the repository implementation (differences in mean/variance axes, a multiplication by batch size, and a squared term). Commenters reference implementation images and the paper appendix, note that an alternative (variance along axis 1) is possible and that their code was based on the appendix equation.",Sylv-Lej;shinmura0,ML-Conversation,Clarify whether the implemented compact/original loss matches the paper and explain differences that lead to unexpected loss values.
PINTO0309_Keras-OneClassAnomalyDetection_issues.json,4,Consider composite loss,Author asks why the composite loss described in the paper isn't used for backprop in the repo. A co-implementer explains Keras limitations led them to use two-stage training (first l_D then lambda * l_C) and notes composite loss is straightforward in PyTorch.,Sylv-Lej;shinmura0,ML-Conversation,Understand why the composite loss from the paper isn't applied during backpropagation in this implementation and how the authors handled training.
PINTO0309_Keras-OneClassAnomalyDetection_issues.json,3,"Error when checking target: expected dense_1 to have 4 dimensions, but got array with shape (128, 10)","User runs the provided notebook and encounters a Keras ValueError: model expected a 4D target but received shape (128,10). Commenters ask for Keras version and suggest changes for MobileNetV2 (include_top=True) / related commit adjustments as potential fixes.",trittsv;PINTO0309;shinmura0,SE-Conversation,Get help resolving a runtime shape-mismatch error when training the model from the example notebook.
PINTO0309_Keras-OneClassAnomalyDetection_issues.json,2,Is it avaliable for other domain data? Like vehicle runtime dataset.,"User asks whether the approach works for non-image/tabular data (400 columns, 10k rows) for anomaly detection. A maintainer replies that the sample programs are image-focused and suggests converting data into images if possible.",stellarkey;PINTO0309,ML-Conversation,Determine if the repository's anomaly detection methods can be applied to non-image/tabular datasets.
PINTO0309_MobileNet-SSDLite-RealSense-TF_issues.json,6,KeyError: frequency when running code,User gets KeyError 'frequency' from protobuf HasField while running the program on Raspberry Pi with TensorFlow 1.14.0. Maintainer replies that the error comes from protocol buffer mismatch and recommends matching installed tool/library versions to the environment described in the README.,garceling;PINTO0309,SE-Conversation,Resolve a runtime KeyError originating from protobuf when running the project on the user's environment (Raspberry Pi).
PINTO0309_MobileNet-SSDLite-RealSense-TF_issues.json,5,Obtain distance from detected object,User asks how to obtain distance to detected objects (D435i + TensorFlow on Jetson Xavier NX) without OpenGL. Maintainer advises to superimpose D435 depth data onto the project's USB camera sync example implementation and provides a code reference link.,gohsnn;PINTO0309,Hybrid Conversation,Integrate depth data from a RealSense D435i with object detection output to measure distance without using OpenGL.
PINTO0309_MobileNet-SSDLite-RealSense-TF_issues.json,4,"Adding Coral, using RPi 4, and getting X,Y in addition to D","User asks about adding Google Coral USB accelerator, using Raspberry Pi 4, and obtaining X/Y coordinates in addition to depth. Maintainer states Coral wasn't used (repo focused on Pi3-only), might test Pi4 later, and explains how to compute object center (X,Y) from detection box and that RealSense provides a depth 2D array corresponding to image XY.",GOBish;PINTO0309,Hybrid Conversation,"Clarify hardware compatibility (Coral, RPi4) and how to obtain 3D coordinates (X,Y,D) for detected objects."
PINTO0309_MobileNet-SSDLite-RealSense-TF_issues.json,3,Installing librealsense (Step 9) fails on raspbian stretch while make -j1,User fails to build librealsense on Raspberry Pi (Raspbian Stretch) with linker errors referencing libX11 and undefined reference to XConvertSelection. User posts build output image; maintainer points to a StackOverflow thread about similar GLEW/GLFW compile errors and XConvertSelection undefined reference.,cheriyck;PINTO0309,SE-Conversation,Get help resolving build/linker errors when compiling librealsense on Raspbian Stretch so the object detection setup can run on the Pi.
PINTO0309_MobileNet-SSDLite-RealSense-TF_issues.json,2,Neural Compute Stick  can support TF?I want apply  NCS to TF,"User asks whether Neural Compute Stick (NCS) can support TensorFlow. Maintainer links to NCS forum discussion, advises that NCS support for TensorFlow SSD-MobileNet is limited and suggests using OpenVINO on x86_64; notes TensorFlow-to-Caffe conversion is difficult and discouraged. Issue closed after a week.",mk123qwe;PINTO0309,SE-Conversation,Determine if Movidius NCS can be used with TensorFlow models and get guidance on feasible deployment paths.
PINTO0309_MobileNet-SSDLite-RealSense-TF_issues.json,1,"hello,about RealSense and distance","User asks whether the meter distance reported is ground truth and how to get real object position. Maintainer explains D435 measures distance using infrared (considered ground truth), returns distance of the detected object's center, limitations in bright conditions or extreme ranges, provides a code snippet and API link. Follow-up comments discuss hardware cost and unrelated topics; maintainer closes unrelated requests.",mk123qwe;PINTO0309,Hybrid Conversation,Understand how RealSense D435 provides distance measurements and how to obtain the real-world position of detected objects.
PINTO0309_MobileNetV2-PoseEstimation_issues.json,7,OpenVINO 2022.1 not supported,User reports OpenVINO 2022.1 no longer supports IR v5 and conversion with the 2022.1 Model Optimizer produced an incorrect small .bin (weights missing). Commenter pointed to an OpenVINO conversion tutorial/repo as guidance.,cansik;PINTO0309,SE-Conversation,Request help converting/producing a supported IR for newer OpenVINO versions after legacy IR support was removed.
PINTO0309_MobileNetV2-PoseEstimation_issues.json,6,Broken download link for updated quantized model,User reported a broken download link for quantized models/checkpoints; maintainer replied with the repository path where the models can be found.,KushalHM;PINTO0309,SE-Conversation,To obtain working download links or model checkpoints for the updated quantized TFLite models.
PINTO0309_MobileNetV2-PoseEstimation_issues.json,5,Run not via openvino,User asked how to run the provided OpenPose model with TFLite instead of OpenVINO. No comments were provided.,tucachmo2202,SE-Conversation,Seeker wants instructions or direction to run the model using TFLite rather than OpenVINO.
PINTO0309_MobileNetV2-PoseEstimation_issues.json,4,FPS rate for Raspberry pi ,User reports low detection frame rate (~2 FPS) when running on Raspberry Pi with an NCS2 in Async Single Stick Boost Mode. No follow-up comments.,Yaffa16,SE-Conversation,Report performance issue and seek help improving frame rate on Raspberry Pi + NCS2 setup.
PINTO0309_MobileNetV2-PoseEstimation_issues.json,3,"TFlite Models won't produce any pose, only random points everywhere",User observed that TFLite (normal and Edge TPU) models produce random pose points irrespective of people presence. A commenter asked if the issue was resolved; maintainer later reported the bug was fixed and referenced quantization/weight fixes and repo path.,JimWest;Ealuthwala;PINTO0309,ML-Conversation,Report incorrect inference results from TFLite/Edge TPU models (random pose outputs) and request a fix or guidance.
PINTO0309_MobileNetV2-PoseEstimation_issues.json,2,-,Blank/placeholder issue with no body or comments.,lmy931,SE-Conversation,Unclear — likely a placeholder or accidental empty report requesting attention or to be filled later.
PINTO0309_MobileNetV2-PoseEstimation_issues.json,1, Unsupported primitive of type: Interp name: base/layer_14/output/upsample with the CPU models. ,User reported an OpenVINO error about unsupported 'Interp' primitive when running CPU models on Windows. Others reproduced it. Maintainer requested environment details and recommended using CPU extensions or Ubuntu Python; discussion included platform details and Windows instability notes.,rakidedigama;flerkenvn;PINTO0309;Ealuthwala,SE-Conversation,"Resolve runtime error for unsupported layer/primitive when running provided OpenVINO CPU models, especially on Windows, and get guidance on required extensions or platform workarounds."
PINTO0309_OpenVINO-DeeplabV3_issues.json,5,Segmentation fault while running openvino_deeplabv3_test.py ,User reports a segmentation fault (core dumped) when running the OpenVINO DeeplabV3 test script in Python 3.5; no additional comments or troubleshooting provided.,tvijay333,SE-Conversation,Request help diagnosing and fixing a runtime segmentation fault when executing the demo script.
PINTO0309_OpenVINO-DeeplabV3_issues.json,4,python mo_tf.py,"Model Optimizer fails to preprocess a TensorFlow frozen graph, reporting the file is corrupt or unsupported and 'Graph object has no attribute node'; user seeks resolution (no comments).",jiaoxiaosong,SE-Conversation,User opened the issue to get help converting a TensorFlow model with the OpenVINO Model Optimizer due to a preprocessing/format error.
PINTO0309_OpenVINO-DeeplabV3_issues.json,3,C++ demo,User requests a C (or C++) version of the demo to integrate OpenVINO DeeplabV3 into a C project; maintainer (PINTO0309) replied that it's added to the TODO list.,GallonDeng;PINTO0309,SE-Conversation,Request for a C/C++ demo implementation to aid integration of the project into C-based environments.
PINTO0309_OpenVINO-DeeplabV3_issues.json,2,ARM support,"User asks whether ARM is supported; maintainer explains OpenVINO supports ARM but DeeplabV3 has unsupported layers (e.g., Argmax) on NCS2 and may need workarounds. Discussion covers device performance (Celeron, NCS2, Edge TPU) and deployment trade-offs.",hoonkai;PINTO0309;Aaronreb;hgscania,Hybrid Conversation,"Clarify whether the repository/demo runs on ARM devices (e.g., Raspberry Pi) and explain limitations and performance implications for different accelerators."
PINTO0309_OpenVINO-DeeplabV3_issues.json,1, Cannot load library 'lib\libcpu_extension.so': 193 from cwd: D:\freelance\laincy\model-exp-3\OpenVINO-DeeplabV3,"User on Windows couldn't load the CPU extension library; maintainer advised copying the correct cpu_extension DLL (not MKLDNNPlugin), after which the user confirmed it worked.",Arham-Aalam;PINTO0309,SE-Conversation,Resolve a runtime error where the inference engine couldn't load the required CPU extension library on Windows.
PurduePAML_TrojanNN_issues.json,11,Could you please provide the code for train and neuron selection ?,Author cannot reproduce trigger-generation results and requests code for training and neuron selection. Commenters point to a helper file (get_neuron_idx_from_weight.py) and discuss the correct neuron-selection logic: use the next layer's weight matrix and sum over out-features/out-channels to get neuron scores. Clarification: next layer (not preceding) should be used; TrojanZoo author confirms and explains rationale.,CHR-ray;ain-soph;JohnnyQAQ,ML-Conversation,Replicate paper results and get correct implementation/details for selecting neurons and training to generate triggers.
PurduePAML_TrojanNN_issues.json,10,Error: check #seqs and tree: perhaps too many '('?.,User reports a runtime/error message and asks for help; no additional context or replies provided.,zhouxiaofang122,SE-Conversation,Troubleshoot a runtime/parsing error reported by the user.
PurduePAML_TrojanNN_issues.json,9,"Request of Trojaned VGG models (wm_trojanNN, square_trojanNN) in another format or how to convert them",User requests the provided trojaned VGGFace models in TensorFlow/Keras format or instructions to convert from Caffe. Another user asks if any workaround was found.,pkiourti;Bilabb,SE-Conversation,Need models in TensorFlow/Keras (or conversion guidance) to use them in the user's preferred framework.
PurduePAML_TrojanNN_issues.json,7,ground truth labels for VGGFace and Age,User asks whether ground-truth labels for the training images (VGGFace and Age datasets) can be extracted or provided; no responses recorded.,MohammadSamragh,ML-Conversation,Obtain ground-truth labels for datasets to support evaluation or further experiments.
PurduePAML_TrojanNN_issues.json,6,Unable to generate square trigger using act_max.tvd.center_part.py,User cannot recreate provided square trigger; gradients are zero / abs mean too small across iterations. They provided setup and logs. Later commented that problem was solved by adding 'force_backward true' to the prototxt.,davidlee321,SE-Conversation,Fix a Caffe/backprop configuration issue preventing trigger generation.
PurduePAML_TrojanNN_issues.json,5,No such file or directory: 'trec_5500_trim.label',Running data preprocessing failed due to missing trec_5500_trim.label file. User later resolved by running the processing script from the referenced yoonkim CNN-sentence repo rather than this repository.,davidlee321,SE-Conversation,Resolve a missing-dataset/file path error during data preprocessing.
PurduePAML_TrojanNN_issues.json,4,reverse engineer training data,User wants to reverse-engineer training data and was told to set layer to fc8 and comment masking of gradient in act_max_tvd_center_part.py. They ask specifically which code to comment to enable reverse engineering; no replies recorded.,dio4ev,ML-Conversation,Learn how to modify code to reverse-engineer training data from the model's activations/gradients.
PurduePAML_TrojanNN_issues.json,3,Question about trigger generation,"User asks about the role of 'octaves' hyperparameters in act_max_tvd_center_part.py (used for denoising) and whether they need adjusting for different layers/neurons. In a follow-up, they question neuron-selection logic (sum of absolute weights) and note a mismatch with the paper's reported chosen neuron index for fc6.",Karen0103,ML-Conversation,Understand trigger-generation denoising hyperparameters and clarify neuron-selection behavior vs. paper results.
PurduePAML_TrojanNN_issues.json,2,Image Reverse Gradient always 0,"User reports zero gradients when attempting image reversal (set reverse layer to fc8, filter shape 0, starting from average image). A maintainer explains Caffe needs 'force_backward true' in the prototxt to perform backward computation; that fixes the issue.",ChengFu0118;naiyeleo,SE-Conversation,Diagnose and fix zero-gradient/backprop issue in Caffe when running image-reverse code.
RomanovMikeV_setka_issues.json,18,ProgressBar.pbar attribute may not be initialized,User reports that ProgressBar.pbar may be uninitialized when ProgressBar.clear is called and suggests changing an 'elif' to 'else' at line 35 to avoid referencing an uninitialized attribute.,VelikyD,SE-Conversation,Prevent a potential AttributeError / runtime bug in the progress bar clear logic.
RomanovMikeV_setka_issues.json,16,Metrics in log.txt and metrics.txt differ,"User shows detailed numeric output and points out discrepancies between metrics recorded in metrics.txt and those printed in log.txt for validation and test (SSIM, L1/L2, rel, miss rates), indicating inconsistent reporting between files.",SlinkoIgor,ML-Conversation,Investigate and fix inconsistent metric reporting between different log outputs so metrics match across files.
RomanovMikeV_setka_issues.json,15,Epoches in Tensorboard start with 2,User reports that epochs displayed in TensorBoard begin at 2 instead of the expected starting index (no additional comments).,SlinkoIgor,ML-Conversation,Correct epoch indexing in TensorBoard logs to display accurate training progress.
RomanovMikeV_setka_issues.json,14,loss in logging bar is not accumulated,User notes that the logged 'loss' and a metric (depth L1) show values like 'loss 5.76e-01 depth L1 loss 3.84e-01' indicating that loss in the progress/logging bar is not being accumulated properly; also affects TensorBoard plots and leads to misleading plots.,SlinkoIgor,ML-Conversation,Fix incorrect aggregation/accumulation of loss in logging so metrics and TensorBoard plots reflect true averages/sums.
RomanovMikeV_setka_issues.json,13,Cuda tensors in Logging (visualization),User reports a TypeError when converting CUDA tensors to numpy during logging/visualization: code needs to call .cpu() before .numpy() to copy tensors to host memory.,SlinkoIgor,Hybrid Conversation,Avoid runtime errors in visualization by ensuring GPU tensors are moved to CPU before converting to numpy for logging/visualization.
RomanovMikeV_setka_issues.json,12,checkpoint -> noname,User points to a specific line in setka/pipes/TensorBoard.py (link provided) about checkpoint naming resulting in 'noname' in TensorBoard; no further comments.,SlinkoIgor,ML-Conversation,Ensure checkpoints are named properly in TensorBoard to avoid 'noname' placeholders and improve clarity in logs.
RomanovMikeV_setka_issues.json,11,desc -> name,User references a line in setka/pipes/Logger.py (link provided) and suggests changing 'desc' to 'name' (implying a naming/refactor change in the logger API).,SlinkoIgor,SE-Conversation,Rename a logger attribute for clarity / API consistency.
RomanovMikeV_setka_issues.json,10,Logging is not transperent,"User suggests revealing the true nature of 'f' in Logger (it should probably be a class rather than a function) and points to Logger.py line 43, recommending clearer/transparent design.",SlinkoIgor,SE-Conversation,Improve code clarity and API transparency by refactoring logger implementation.
RomanovMikeV_setka_issues.json,4,Bug in WriteToTensorboard method,Reported UnboundLocalError: local variable 'subset' referenced before assignment in scorch callbacks WriteToTensorboard method (stack location provided). Issue was closed later.,valbub,Hybrid Conversation,Fix a runtime error in the TensorBoard writing callback that prevents proper logging during training/validation.
RomanovMikeV_setka_issues.json,3,GPU usage bug,"When a metric returns a GPU tensor during validation, code attempts to call .numpy() directly and fails; should call .cpu().numpy() first to move data to host memory.",valbub,Hybrid Conversation,Ensure metrics that produce GPU tensors are converted to CPU before numpy conversion to avoid runtime errors during validation/logging.
RomanovMikeV_setka_issues.json,2,Typo in scorch.base.Trainer.load,User reported a typo in scorch.base Trainer.load where 'self optimizers' was incorrect; commenter RomanovMikeV replied 'fixed'.,valbub;RomanovMikeV,SE-Conversation,Fix a simple typo/bug in Trainer.load to correct code behavior; the fix was applied.
RRanddom_tf-bilinear-cnn_issues.json,3,Can I get the standford_cars model?,User asks for access to or a copy of the Stanford Cars pretrained model (no additional details provided).,monoloxo,ML-Conversation,Requesting the pretrained Stanford Cars model weights or download instructions.
RRanddom_tf-bilinear-cnn_issues.json,2,Issues compiling code,"User reports build/runtime problems: unclear dataset path instructions in data aircraft data.py, a ModuleNotFoundError for module 'data' when running aircraft data.py, and asks what to do with a downloaded VGG model.",zizi96,SE-Conversation,"Seeking help to resolve import errors, clarify dataset path configuration, and get instructions for using the downloaded VGG model."
RRanddom_tf-bilinear-cnn_issues.json,1,No module named “easydict”,User reported a missing Python dependency ('easydict') causing an error; issue was closed (no further comments).,emiha,SE-Conversation,Reporting a runtime error due to a missing Python package and likely requesting guidance to install or resolve the dependency.
SanjayKhatwani_Handwritten-Math-Expression-Recognition_issues.json,3,where is the features and training_parameters folder?,The author reports missing 'features' and 'training_parameters' folders in the repository and asks where they are located.,GopinathCool,SE-Conversation,To locate required folders needed to inspect training parameters or run training/inference from the repository.
SanjayKhatwani_Handwritten-Math-Expression-Recognition_issues.json,2,Can you share the trained weights ?,The author requests the pretrained model weights from the project so they can use or reproduce the model without retraining.,surajsubramanian,ML-Conversation,To obtain trained model weights for inference or reproducibility without training from scratch.
SanjayKhatwani_Handwritten-Math-Expression-Recognition_issues.json,1,how do test it on camera captured image,The author asks whether the model accepts camera-captured images or only InkML files and how to test the model on images.,dishan14,ML-Conversation,To understand supported input formats and get guidance on testing the model with camera-captured images.
seongahjo_Mosaicer_issues.json,37,Refactoring,Request to refactor the Node.js and Python servers to follow SOLID principles; no comments.,seongahjo,SE-Conversation,Improve code structure and maintainability by applying SOLID principles to server code.
seongahjo_Mosaicer_issues.json,36,Remove dependency from node and python server,Plan to decouple Node and Python servers (remove inter-dependencies) to run them separately; also add face and video upload features; no comments.,seongahjo,Hybrid Conversation,Separate servers for clearer architecture and add upload functionality for face/video processing.
seongahjo_Mosaicer_issues.json,35,Check server status,Request to implement a check that monitors server status and starts the server if it's down to ensure high availability; no comments.,seongahjo,SE-Conversation,Provide high availability by automatically monitoring and restarting the server when down.
seongahjo_Mosaicer_issues.json,34,Async Module to es7 async/await ,Proposal to update async code to ES7 async/await syntax; no comments.,seongahjo,SE-Conversation,Modernize asynchronous codebase for clarity and easier maintenance using async/await.
seongahjo_Mosaicer_issues.json,31,Apache2 and MIT license compatibility ,Question/verification about compatibility between Apache2 and MIT licenses; no comments.,bbvch13531,SE-Conversation,Ensure license compatibility for the project.
seongahjo_Mosaicer_issues.json,26,How about add CODE_OF_CONDUCT.md to Mosaicer?,Suggestion to add a CODE_OF_CONDUCT.md to the project; project owner responded positively and invited a PR.,bbvch13531;seongahjo,SE-Conversation,Introduce a code of conduct to the open source project to set contributor expectations.
seongahjo_Mosaicer_issues.json,25,Better Installation,Improve installation (pip / Docker); owner marked as done and linked commits that add Dockerfile/installation improvements.,seongahjo,SE-Conversation,Make installation easier via packaging and Docker.
seongahjo_Mosaicer_issues.json,24,Better Documentation,"Request to improve project documentation (roadmap, contributing, templates, changelog); no comments.",seongahjo,SE-Conversation,Provide clearer documentation and contributor guidance for the project.
seongahjo_Mosaicer_issues.json,23,Cloud Service,"Proposal to develop a cloud service to share images for digitizing people (e.g., celebrities); owner implemented changes and linked commits.",seongahjo,Hybrid Conversation,Provide a cloud-based capability to share and process images for digitization/face-related workflows.
seongahjo_Mosaicer_issues.json,22,Feedback Process,Change the feedback process; owner implemented changes and linked commit.,seongahjo,SE-Conversation,Improve how feedback is collected and handled in the project.
seongahjo_Mosaicer_issues.json,20,Protocol Buffer,Suggestion to convert text data to serialized format using Protocol Buffers; owner responded that there is no text data to convert and closed the issue.,seongahjo,SE-Conversation,Consider using Protocol Buffers for efficient serialized data transfer if applicable.
seongahjo_Mosaicer_issues.json,19,Multiple Labeling,Request to allow selecting multiple labels during the mosaic labeling process; owner implemented the feature and linked commit.,seongahjo,ML-Conversation,Enable multiple-label assignment for images during the labeling/mosaic process.
seongahjo_Mosaicer_issues.json,18,Change Mosaic Process Order,Change order of mosaic workflow steps (model/video upload and label selection); owner implemented the change and linked commit.,seongahjo,ML-Conversation,Reorder the mosaic workflow to match desired processing and labeling steps.
seongahjo_Mosaicer_issues.json,17,Inception V3,Reference to Inception V3 information and request to integrate/use it; owner implemented changes and linked commit.,seongahjo,ML-Conversation,Integrate or use the Inception V3 model for image-related tasks.
seongahjo_Mosaicer_issues.json,16,Bugs,"List of bugs/maintenance items (license update, iCheck bug); owner fixed them and linked commits.",seongahjo,SE-Conversation,Fix reported bugs and update licensing information.
seongahjo_Mosaicer_issues.json,15,Better naming,Consider changing the name of the Mosaicer web app; no comments.,seongahjo,SE-Conversation,Evaluate and possibly improve the project's branding/name.
seongahjo_Mosaicer_issues.json,14,Extract faces from images,"When users upload images, use face recognition to extract faces automatically; owner implemented the feature and linked commit.",seongahjo,ML-Conversation,Automatically detect and extract faces from uploaded images to streamline processing.
seongahjo_Mosaicer_issues.json,12,Python code-style suggestion,Suggestion to follow PEP8 (4-space indents) for Python code; owner replied about coding convention and PyCharm.,hwonyo;seongahjo,SE-Conversation,Unify Python code style across the project for consistency and readability.
seongahjo_Mosaicer_issues.json,9,upload,Issue about an upload/archi image asset; owner updated image references in a follow-up comment.,seongahjo,SE-Conversation,Fix or clarify image upload/asset references in the project.
seongahjo_Mosaicer_issues.json,2,Binary Convert Issue,Problem with binary conversion script for JPGs; owner marked the issue solved and linked commit.,seongahjo,SE-Conversation,Resolve binary conversion errors in the conversion script.
sethuiyer_Image-to-Image-Search_issues.json,30,Please construct your `Model` instance in graph mode or call `Model.predict` with eager mode enabled.,Flask app crashes when calling visual model.predict: TensorFlow raises ValueError about calling Model.predict in graph mode while the Model was constructed with eager mode enabled. Stack trace points to capgen.get_image_feature -> visual_model.predict.,momame,ML-Conversation,Report a runtime TensorFlow inference error and get help resolving eager vs graph mode mismatch when calling predict.
sethuiyer_Image-to-Image-Search_issues.json,29,    ValueError: Calling `Model.predict` in graph mode is not supported when the `Model` instance was constructed with eager mode enabled. Please construct your `Model` instance in graph mode or call `Model.predict` with eager mode enabled.,Same TensorFlow error as above: calling Model.predict in graph mode while model was constructed with eager mode enabled. Traceback originates from Flask handler calling capgen.visual_model.predict.,momame,ML-Conversation,Notify maintainers of the TF runtime error and seek guidance to fix predict/eager/graph usage.
sethuiyer_Image-to-Image-Search_issues.json,24,capgen error in /static/uploads/ when running the index database,Running index database fails with ModuleNotFoundError: No module named 'capgen'. Comment suggests the file may be missing or path is incorrect.,LinuxBeaver;JH95-ai,SE-Conversation,Report an ImportError when running the index script and get help locating or fixing the capgen module/path.
sethuiyer_Image-to-Image-Search_issues.json,20,"TypeError: ('Keyword argument not understood:', 'input')",Keras model initialization fails with TypeError: Keyword argument not understood: 'input' — stack trace shows Model(...) being called with deprecated/incorrect kwargs (input/output) causing Keras generic utils to reject them.,bthiban,ML-Conversation,Report and resolve an error when constructing the Keras model due to unsupported keyword arguments.
sethuiyer_Image-to-Image-Search_issues.json,19,ERROR: repository docker.io/image_search not found: does not exist or no pull access,User couldn't pull docker image image_search from docker.io. They resolved it by modifying docker-compose to reference a local built image and provided notes about Elasticsearch connection errors; also suggested the docker image may be unmaintained.,ar414-com,SE-Conversation,Report inability to pull a Docker image and share resolution steps and follow-up connectivity issues with Elasticsearch.
sethuiyer_Image-to-Image-Search_issues.json,15,Bad Captions!,User reports poor quality of generated captions across many images and asks for ways to improve caption quality and for any research references used to build the captioner.,topShotZexN,ML-Conversation,Request improvements and citations for the image captioning model to improve caption quality.
sethuiyer_Image-to-Image-Search_issues.json,14,Unable to Search Images,Search endpoint crashes with TypeError 'int object is not subscriptable' when parsing Elasticsearch search results; maintainer asks for Elasticsearch version and later a patch was suggested to adapt to response structure changes (hits.total vs hits.total.value).,vguleria1108;sethuiyer;ar414-com,SE-Conversation,Report search failure due to mismatch between expected and actual Elasticsearch response structure and request guidance or fix.
sethuiyer_Image-to-Image-Search_issues.json,10,Re-tranning model,User asks whether they can re-train the Flickr8k CNN-LSTM model. Owner confirms retraining is planned/possible and mentions adding an interface; another user asks where the training script is located.,0vulns;sethuiyer;Skyquek,ML-Conversation,Inquire about the possibility and method to retrain the provided image captioning model.
sethuiyer_Image-to-Image-Search_issues.json,7,TypeError: '>' not supported between instances of 'dict' and 'int',Search code raises TypeError comparing dict and int. The issue was later resolved in a merge by the maintainer.,AhtashamImtiyaz;sethuiyer,SE-Conversation,Report a runtime TypeError in the search functionality and get it fixed.
sethuiyer_Image-to-Image-Search_issues.json,6,parsing the dataset.json,Code raises KeyError 'filename' when parsing dataset.json; maintainer responded that a new release removes reliance on dataset JSON.,Ashwin1234;sethuiyer,SE-Conversation,Get help resolving JSON parsing errors when preparing/indexing the dataset.
sethuiyer_Image-to-Image-Search_issues.json,5,"raise JSONDecodeError(""Expecting value"", s, err.value) from None",Running custom index script fails with json.decoder.JSONDecodeError Expecting value (empty or malformed JSON). Maintainer points to a new release removing dataset JSON reliance.,anshul12112;sethuiyer,SE-Conversation,Report and seek help for JSON decoding error while loading dataset JSON for indexing.
sethuiyer_Image-to-Image-Search_issues.json,4,"NotFoundError: NotFoundError(404, 'index_not_found_exception', 'no such index')",Elasticsearch returns 404 index_not_found_exception when app tries to search. Maintainer advised to start Elasticsearch and run the index script; new release noted to eliminate dataset JSON reliance.,anshul12112;sethuiyer,SE-Conversation,Report missing Elasticsearch index error and get setup instructions to create the index.
sethuiyer_Image-to-Image-Search_issues.json,3,After uploading a image i am getting following error,Uploading an image triggers a 404 from Elasticsearch due to index not being set up; long troubleshooting thread explains dataset JSON encoding issues and steps to create custom dataset JSON and run index scripts.,anshul12112;sethuiyer,SE-Conversation,Seek help fixing search/upload failure caused by missing or malformed index/dataset JSON.
sethuiyer_Image-to-Image-Search_issues.json,2,Dataset.json,Asking whether descriptions must be entered one-by-one to create dataset.json or if there's another method. Maintainer explains formats and later notes new release that removes dataset JSON dependency.,Ashwin1234;sethuiyer,SE-Conversation,Clarify how to create dataset.json for indexing images and captions.
sethuiyer_Image-to-Image-Search_issues.json,1,Problem with dataset.json,"User asks where to obtain dataset.json; maintainer explains it's part of Flickr8k and points to index.py and dataset sources, later updating repo with a sample dataset JSON and FAQ. Multiple follow-up questions about creating custom dataset JSON were addressed.",DaryaMarkova;sethuiyer;chinmaydas96;Ashwin1234,SE-Conversation,"Understand what dataset.json is, where to get it, and how to prepare it for the project."
SharifAmit_DilatedFCNSegmentation_issues.json,9,Did you load the parameters of vgg19 without the part of fc ?,"User asks whether VGG19 parameters were loaded excluding the fully connected (fc) part. Owner explains the surgery.py transplant function copies matching parameters, coerces shapes, drops unmatched params, converts fully connected layers to convolutional/dilated equivalents and initializes upsampling with bilinear weights. User notes fc6 replacement by a dilated conv changes shape (4096x512x7x7 -> 4096x512x3x3) so some params are discarded; owner confirms the dilation preserves receptive field and reduces parameter count.",wuyang556;SharifAmit,ML-Conversation,Clarify how pretrained VGG19 weights are loaded/transferred when converting fc layers to dilated convolutional layers and what happens to mismatched parameters.
SharifAmit_DilatedFCNSegmentation_issues.json,8,How to initialize the dilated fc6 layer whose kernel size is 3x3 while vgg16 or vgg19' s the parameter of the fc6 layer is 102760488 ?,User asks how to initialize a dilated fc6 layer (3x3) given the large parameter count of original fc6. Owner points to surgery instructions and training instructions in the repo explaining net surgery and subsequent training steps.,wuyang556;SharifAmit,ML-Conversation,User needs guidance on initializing the converted/dilated fc6 layer when performing net surgery from VGG16/VGG19.
SharifAmit_DilatedFCNSegmentation_issues.json,7,the link—FCN2s-Dilated-VGG16,User reports the FCN2s-Dilated-VGG16 download link is inaccessible. Owner provides alternate Google Drive links; user still cannot open and owner supplies separate VGG19 and VGG16 links.,LAYNingning;SharifAmit,SE-Conversation,User couldn't access the provided model download link and requested working links to the FCN2s-Dilated-VGG16 models.
SharifAmit_DilatedFCNSegmentation_issues.json,6,"Learning from you,thank you!","User wants to perform transfer learning from VGG16/VGG19 but has errors writing solver/train prototxt. Owner uploads solver, train, val prototxt and voc data layers, updates README with net surgery and training instructions, and closes the thread.",LAYning;SharifAmit,SE-Conversation,Request for solver/train/test prototxt and guidance to perform transfer learning using the repository's models.
SharifAmit_DilatedFCNSegmentation_issues.json,5,learning,User requests transfer learning files (solver/train prototxt). Owner refers them to the latest issue comment where files were uploaded and closes the issue.,LAYning;SharifAmit,SE-Conversation,User requested upload of prototxt files needed for transfer learning/training.
SharifAmit_DilatedFCNSegmentation_issues.json,3,Train.prototxt and test.prototxt,"User asks for train.prototxt and test.prototxt files. Owner replies they will be uploaded in a major update next week, covering Pascal VOC and Pascal Context data configurations.",LAYning;SharifAmit,SE-Conversation,User needs training and testing prototxt files to run experiments specified by the repo.
SharifAmit_DilatedFCNSegmentation_issues.json,2,the link—FCN2s-Dilated-VGG16,User reports inability to open the FCN2s-Dilated-VGG16 link. Owner provides a Google Drive download link for the model.,LAYning;SharifAmit,SE-Conversation,Resolve broken/inaccessible download link for the pretrained FCN2s-Dilated-VGG16 model.
SharifAmit_DilatedFCNSegmentation_issues.json,1,model available,"User asks if model and training code are available. Owner states models will be uploaded, later confirms models are uploaded and closes the issue. Another user later reports the FCN2s Dilated VGG16 link cannot be opened.",defenceVT;SharifAmit;LAYning,SE-Conversation,User wanted to know availability of the pretrained models and training code in the repository.
sirfoga_pygce_issues.json,17,'WebDriver' object has no attribute 'fill_form_field',User reports scraping stuck at login with AttributeError: WebDriver has no attribute fill_form_field. They adjusted imports from pyhal and then the selenium window closed immediately after update. Maintainer asked to update to latest version and to provide proper output file; user confirmed an output-file fix resolved the webdriver issue.,suttondaniel;sirfoga,SE-Conversation,Fix Selenium/login errors preventing Garmin Connect scraping (attribute error and webdriver closing).
sirfoga_pygce_issues.json,16,Daily summary content failing to load,"Daily summary page wouldn't load in chromedriver after Garmin frontend update. Maintainer pushed a fix for page-load detection; user reported subsequent HTML tag changes caused daily data fields (activities, breakdown, sleep, steps_summary) to be blank. Maintainer requested contributions/PR to update parsing tags.",FelixHarvey;sirfoga,SE-Conversation,Restore ability to load and parse daily summary pages after Garmin UI/front-end update.
sirfoga_pygce_issues.json,15,"Example usage shows -u username, but using -u username results in an error","Help/usage text suggests -u for username, but the CLI treats -u as ambiguous (could mean url), causing failure when users follow the example. No comments; issue closed.",jakkarth,SE-Conversation,Correct CLI usage/help to match actual argument parsing for username flag.
sirfoga_pygce_issues.json,14,"Pygce crashes with ""No such file or directory"" error",Program crashed with FileNotFoundError when attempting to create output directories. User reported the tool printed 'Trying to create output folder in' then crashed. Maintainer updated code to create the output directory when missing; user confirmed resolution.,jakkarth;sirfoga,SE-Conversation,Prevent crashes and provide clearer behavior when output path/directory is missing.
sirfoga_pygce_issues.json,13,"Usage instructions indicate -f option to specify format, but using that option results in an error","User found -f format flag mentioned in usage but actually unrecognized, causing errors. Maintainer fixed the issue in a commit.",jakkarth;sirfoga,SE-Conversation,Fix mismatch between usage output and actual CLI options for output format flag.
sirfoga_pygce_issues.json,12,Missing docs on what a chromedriver is and what to specify,User asked for documentation on what 'chromedriver' argument should be and how to supply it. Maintainer linked chromedriver download and clarified to provide the path; later updated README/usage per commit.,jakkarth;sirfoga,SE-Conversation,Improve documentation and examples describing chromedriver installation and CLI usage.
sirfoga_pygce_issues.json,11,module not found... ,On a Raspberry Pi the installed pygce entrypoint failed with ImportError: No module named models. Maintainer advised setting PYTHONPATH to the pygce folder or reinstalling from cloned repo; newer versions remove the need for this workaround.,JensSam;sirfoga,SE-Conversation,Resolve import/installation issues so pygce runs correctly after installation on Pi.
sirfoga_pygce_issues.json,10,daily step format,Request about output formatting of 15-minute step bin counts (avoid spaces/formatting so numbers like '1 897' are output as '1897'). Marked as enhancement/help wanted; no comments.,sirfoga,SE-Conversation,Provide unformatted numeric output for step counts for easier downstream processing.
sirfoga_pygce_issues.json,9,Garmin step details output off by varying amounts,15-minute bin step counts in generated JSON were missing the last 4–5 hours due to an offset: script started recording later (4–5am). Maintainer determined the cause was timezone/GMT and daylight savings effects and updated behavior to fetch surrounding days and leave timezone adjustments to user.,sirfoga,SE-Conversation,Correct time-offset issues in 15-minute step bin output caused by timezone/daylight-savings handling.
sirfoga_pygce_issues.json,8,Capture 15-min bin steps,Feature request to add a command-line option to download 15-minute bin step data (dailySummaryChart endpoint contains that data). Marked as enhancement.,sirfoga,SE-Conversation,Add support to export detailed 15-minute step bins via CLI.
sirfoga_pygce_issues.json,7,No module named 'hal.internet.selenium_bots',Running help returned ModuleNotFoundError for hal.internet.selenium_bots. Maintainer advised to update to latest version (v2.0.6) where bug was fixed; marked duplicate.,b-paredes;sirfoga,SE-Conversation,Resolve import error caused by outdated dependency or incorrect package structure.
sirfoga_pygce_issues.json,6,cannot import SeleniumFormFiller,ImportError when importing SeleniumFormFiller from hal.internet.selenium; user patched import to use hal.internet.selenium.forms import SeleniumFormFiller. Maintainer noted this was due to a recent pyhal upgrade.,bavodaniels;sirfoga,SE-Conversation,Fix import path mismatch introduced by dependency (pyhal) upgrade so CLI runs.
sirfoga_pygce_issues.json,4,'NoneType' object has no attribute 'date',"Script crashed with AttributeError NoneType.date when parsing daily summaries. Discussion identified causes: Garmin page slow load timing, differences in user-id presence in URLs and HTML across accounts, and missing Breakdown section. Maintainer added different user-id parsing, try/except blocks, and released fixes; user had to force reinstall or revert a change to make login/parse work locally.",eastabrooka;sirfoga,SE-Conversation,Prevent crashes during parsing of daily summary pages caused by site timing and HTML variability.
sirfoga_pygce_issues.json,3,how to use this script for a different garmin website,User asked if script can be used for connect.garmin.cn. Maintainer replied yes: run with url parameter set to the alternate domain and open an issue if bugs found.,TheKiteRunning;sirfoga,SE-Conversation,Confirm regional Garmin domains are supported via URL parameter.
sirfoga_pygce_issues.json,2,"Can i save gpx files from garmin connect, too?!?",User asked about saving GPX files. Maintainer said run with gpx flag and noted requirement for validated GarminConnect cookie to download gpx; suggested Strava alternative. User reported using another exporter and suggested collaboration.,jedie;sirfoga,SE-Conversation,Enable or explain GPX export workflow and authentication requirements.
sirfoga_pygce_issues.json,1,Could not find suitable distribution for Requirement.parse('pyhal'),"User couldn't install pygce due to missing pyhal dependency on PyPI. Conversation covered installing pyhal from source, then further build issues for pyhal (statsmodels/scipy compilation, missing Python headers, BLAS/LAPACK libs). Maintainer provided guidance on required dev packages, possible dependency removal workarounds, and closed for inactivity.",EmptySoft;sirfoga,SE-Conversation,Resolve installation failures caused by missing dependency (pyhal) and build/toolchain issues required to compile scipy/statsmodels.
subodh-malgonde_vehicle-detection_issues.json,12,How to train for custom Dataset?,User asks how to train the project on their own images and annotations and requests references to build object detection from scratch. No comments.,ApoorvaOjha,ML-Conversation,User wants guidance to train the model on a custom dataset and learn how to build object detection from scratch.
subodh-malgonde_vehicle-detection_issues.json,11,train this model in different video,Author asks what changes are needed to train the model on a different video. Follow-up comments show nobody succeeded; a later commenter reports a TypeError when loading weights ('border mode' / Keras API issue).,chrisdid4;ApoorvaOjha;JaiVallabh,ML-Conversation,User wants to adapt/train the model for a different video and needs guidance; follow-ups also surface errors when loading weights (compatibility issues).
subodh-malgonde_vehicle-detection_issues.json,10,Error while loading weights,User reports warnings about Conv2D/MaxPooling2D API and then a TensorFlow InvalidArgumentError / ValueError: 'Negative dimension size caused by subtracting 2 from 1' during load_weights. A commenter reports a similar negative-dimension MaxPool error with different input shapes.,pankaj-saha;gael-gao,SE-Conversation,User attempted to load pretrained weights but hit runtime errors (shape/mismatch in pooling) likely caused by wrong input size or incompatibility between model architecture and framework versions.
subodh-malgonde_vehicle-detection_issues.json,8,program of vehicle-detection,"User reports bounding boxes not appearing though no explicit errors. Owner asks if code was modified, whether YOLO weights were loaded, and what Keras/TensorFlow versions are used; points to environment.yml. User thanks.",rajabi1372;subodh-malgonde,ML-Conversation,"User's detection boxes are not visible in output; they seek troubleshooting (weights, code changes, or version mismatches)."
subodh-malgonde_vehicle-detection_issues.json,7,packages are not found ,"User cannot create the conda environment from environment.yml due to ResolvePackageNotFound for many packages. Owner asks OS and suggests manual installs. Other commenters describe similar missing packages, removal of problematic entries, and subsequent ModuleNotFoundError for cv2, plus guidance about environment name 'keras'.",madhu-korada;subodh-malgonde;vieite,SE-Conversation,User cannot replicate the development environment because conda cannot find certain packages; they need help installing dependencies or adjusting environment.yml for their OS.
subodh-malgonde_vehicle-detection_issues.json,6,"TypeError: expected str, bytes or os.PathLike object, not Sequential",User gets TypeError when calling load_weights sequence of code — passing a Sequential instead of a filename/path. Owner responds that error may be due to Keras API changes and notes repo uses Keras 1.2.1; suggests updating code for newer Keras/TensorFlow. Issue later closed due to inactivity.,SRugina;subodh-malgonde,SE-Conversation,User can't load weights because of an argument/type mismatch likely caused by Keras API differences between repo expectations and user's installed Keras.
subodh-malgonde_vehicle-detection_issues.json,5,cannot load the weight how can I fix it?,"User reports errors when trying to load weights (e.g., 'name null is not defined', 'cannot import name load_weights'). Owner points out load_weights is in utils.py and asks for full traceback. Issue later closed due to inactivity.",katrinbujari;subodh-malgonde,SE-Conversation,User cannot import or call the load_weights function—likely missing utils.py or incorrect import; they seek help to fix the import or missing file.
subodh-malgonde_vehicle-detection_issues.json,4,about the moviepy ,User asks about using moviepy at the end of the notebook and where to find its documentation. Owner replies that moviepy must be installed and provides the version used (moviepy 0.2.2.13) listed in environment.yml. User thanks.,XiongLianga;subodh-malgonde,SE-Conversation,User needs instructions and dependency/version info to process videos with moviepy as used in the notebook.
subodh-malgonde_vehicle-detection_issues.json,3,File error,"User pasted utils load_weights code into site-packages and downloaded tiny yolo weights, then ran load_weights but encountered a 'file error'. Owner asks for the error traceback; later closed due to inactivity.",Sayantan17;subodh-malgonde,SE-Conversation,User attempted to set up load_weights but hit a file-related error when loading tiny YOLO weights and needs help debugging the traceback.
subodh-malgonde_vehicle-detection_issues.json,2,Bounding boxes not showing,User sees bounding boxes only at very small thresholds and randomly placed. Owner asks about preprocessing and image color format (RGB vs BGR) and confirms working weights; conversation reveals Keras 2 API incompatibilities and multiple commenters report fixes (Keras compatibility patch). Owner later reminds repo uses Keras 1.2.1 and TF 0.12.1.,aashay96;subodh-malgonde;Angloher;ManjeeraJagiri;docPhil99;anandkoirala,ML-Conversation,User's detection output is incorrect (missing or random boxes); they're seeking fixes which end up being preprocessing issues or API/version incompatibilities.
subodh-malgonde_vehicle-detection_issues.json,1,please tell me how to run the code? or the  software  requirement,"User asks how to run the code and what software is required. Owner adds environment.yml and explains using conda env create and activating the 'keras' environment, then running Vehicle Detection ipynb. Many follow-up comments discuss Anaconda/conda YAML problems, DLL load failed for cv2, SSL/conda package errors, and missing packages; owner suggests manual installs and platform checks.",wn312991;subodh-malgonde;san-rs,SE-Conversation,User needs setup and dependency instructions to run the notebook; subsequent posts show environment creation and package installation problems on various platforms.
sugyan_tf-face-recognizer_issues.json,2,type conversion,New TensorFlow user asks how to copy/convert a tensor variable into a normal integer variable. No comments or further details provided.,raghuramsadineni,SE-Conversation,User needs guidance on converting a TensorFlow tensor/variable to a native Python integer for use outside the TensorFlow graph.
t04glovern_stylegan-pokemon_issues.json,1,"train.py setting  get wrong Dimensions of inputs should match: shape[0] = [4,512,8,8] vs. shape[1] = [16,1,4,4]","Training fails with a TensorFlow InvalidArgumentError (ConcatOp) due to mismatched tensor shapes during MinibatchStddev concat: shapes [4,512,8,8] vs [16,1,4,4]. The user reports the script runs at resolution 256 but errors at 512 and suspects a missing layer or architecture mismatch causing incompatible feature map sizes.",jacky22043,ML-Conversation,"User opened the issue to get help debugging a shape mismatch error preventing training at 512 resolution (works at 256), likely due to incorrect layer/architecture handling of higher resolution."
Tian312_EliIE_issues.json,4,Training and test annotated dataset,"Author asks where to find the training and test annotated dataset. Multiple commenters report the same need; maintainer Tian312 replied that the dataset is available upon request and provided an email (tk2624@cumc.columbia.edu), and several users note they have emailed to request access.",sandeepsingh;iCHAIT;Tian312;vaibhav-rj;MeghaSharma21;dru1889;erikautenrieth,ML-Conversation,To locate and obtain access to the annotated training and test datasets used by the project.
Tian312_EliIE_issues.json,3,Files not found,User reports runtime error when running the repo: missing annotation/train files under the annotations folder causing NER script to fail. Maintainer Tian312 responded that the dataset is available upon request and asked users to email for access.,lk4ml;Tian312,SE-Conversation,To get the missing annotation/training files required to run the Named Entity Recognition code.
Tian312_EliIE_issues.json,1,Path not specified error,User encountered a 'system cannot find the path specified' error running NamedEntityRecognition.py on Windows. Maintainer Tian312 explained the parser assumes Unix-style paths and advised modifying umls_identify.py to adapt to Windows path formatting.,ryanpmccaffrey;Tian312,SE-Conversation,Resolve a path/OS-formatting error so the NER script runs correctly on Windows.
Tixierae_graph_2D_CNN_issues.json,2,Parameters to run node2vec on custom dataet,"Author asks how to choose node2vec parameters (number of walks, walk length, other args) for a small custom graph classification dataset and plans to convert graphs to 2D histograms for a CNN. Commenter provides rules of thumb: short walk lengths (e.g., 8) and small window sizes (k≈2) for dense/low-diameter graphs, reduce embedding dimensionality for small graphs (e.g., <10 dims for <100 nodes), and use the -w flag for weighted networks; points to external node2vec resources.",meghalD;Tixierae,ML-Conversation,Get guidance on selecting node2vec hyperparameters for effective graph embeddings prior to training a downstream 2D CNN classifier.
Tixierae_graph_2D_CNN_issues.json,1,Question about the result in paper?,"Author asks whether the runtime reported in the paper includes the time to compute graph embeddings (node2vec). Commenter replies that the reported runtime is per CNN epoch only and does not include node embedding time, noting node2vec can be implemented in linear time relative to graph size.",PeemapatW;Tixierae,SE-Conversation,Clarify what components (CNN training vs. embedding computation) are included in the paper's reported runtime.
tlatkowski_inpainting-gmcnn-keras_issues.json,40,Link to dataset is dead,User reports Colab notebook fails because the Places365 dataset download link returns 404. Only an automated GitHub Actions bot commented.,amrzv;github-actions[bot],SE-Conversation,Report a broken dataset URL that prevents running the provided Colab notebook.
tlatkowski_inpainting-gmcnn-keras_issues.json,27,"outputs file is not being made, not able to get output",User cannot find the outputs file/folder after running the code and asks for help; an automated GitHub Actions bot posted a first-issue message.,arpit-dhamija;github-actions[bot],SE-Conversation,Ask for assistance because the expected output files are not being generated by the pipeline.
tlatkowski_inpainting-gmcnn-keras_issues.json,18, Wrong results after Tensorflow 2x model conversion #70 ,User converted the model to TensorFlow 2.x and reports poor training/convergence and unexpected outputs; provides training hyperparameters and sample images. Only an automated bot commented.,sergiocasaspastor;github-actions[bot],ML-Conversation,Seek help diagnosing degraded model behavior after converting code to TensorFlow 2.x.
tlatkowski_inpainting-gmcnn-keras_issues.json,13,Cannot predict image when I do some changes to mask dataset,"User modified mask dataset (using OpenCV erosion) and then the runner cannot predict images; other users report same problem and suggest the error may be due to mixing image formats (e.g., PNG masks vs JPG inputs).",daiweiwho;github-actions[bot];AaronDavis2020;Dutra-Apex,Hybrid Conversation,Find out why altering the mask dataset prevents the model from making predictions (possible data-format or preprocessing mismatch).
tlatkowski_inpainting-gmcnn-keras_issues.json,12,Error,User reports an error when trying to reproduce the algorithm; commenter suggests downgrading/setting specific cudatoolkit and cuDNN versions via conda to resolve the issue.,KK-MUT;Dutra-Apex,SE-Conversation,Ask for help diagnosing a runtime/environment error encountered during reproduction; looking for what is wrong and how to fix it.
tlatkowski_inpainting-gmcnn-keras_issues.json,10,Only one step for training,User observed only a single saved step (step_000) in outputs and thought training ran only one step. Maintainer explained the SAVE_MODEL_STEPS_PERIOD setting controls save frequency and recommended warming up the generator; user closed the issue after adjustment.,garispe;tlatkowski,SE-Conversation,Clarify why only one output image appears and whether training actually proceeded beyond one step.
tlatkowski_inpainting-gmcnn-keras_issues.json,3,Unable to run colab notebook,"User encountered KeyError due to missing config keys when running the Colab notebook; maintainer acknowledged the notebook was outdated, updated it, and asked to recheck. Another user reported a related config KeyError before the fix.",shekit;tlatkowski;GauravKrRoy,SE-Conversation,Report that the Colab notebook is outdated and fails to run due to missing configuration entries.
tlatkowski_inpainting-gmcnn-keras_issues.json,2,Code for model testing,User requests code for testing the model. Maintainer replied they are working on a simple testing script and plan to provide a GUI and trained model later; another user echoed the request.,Pavani14;tlatkowski;morninglory729,SE-Conversation,Request provision of testing code (script/GUI) and potentially pretrained model to run evaluations/demo.
tonglei100_look_issues.json,3,train时报RuntimeError: size mismatch THTensorMath.cpp:961 错误，帮忙看一下啊,Training fails with a PyTorch RuntimeError: size mismatch in a linear layer (m1 64x768 vs m2 960x1024). User posted stack trace and dataset/captcha parameters. Commenter asked/clarified image size and box cropping values; user provided PyTorch version (1.1.0) and image; final suggestions point to IMAGE HEIGHT/WIDTH and box settings (39x30).,mindsheng;tonglei100,ML-Conversation,Resolve a runtime shape mismatch during model training by finding the correct input/image crop dimensions or architecture mismatch causing the linear layer size error.
tonglei100_look_issues.json,2,看了look_example我搞懂了怎么使用，就是pip 安装以后还是不能直接在他人项目代码直接使用,User understood the example but reports that after pip installing the package it cannot be used directly inside another project's code. Short thread with an empty maintainer reply.,brianlaibaoqin;tonglei100,SE-Conversation,Ask why a pip-installed package doesn't work when imported/used in another project's code and seek guidance on proper installation or usage.
tonglei100_look_issues.json,1,能解释一下这个切图参数怎么来的吗？,"User asked how the image cropping (cut) parameters were derived and shared an example image. Maintainer replied with box coordinates (e.g., '4 box box 0 9 3 24 30') and noted the platform ('Windows').",brianlaibaoqin;tonglei100,SE-Conversation,Understand the origin and meaning of the cropping box parameters to correctly preprocess images.
vietnguyen91_QuickDraw_issues.json,6,run the code,User asks for a step-by-step process to run the project code; no further details or comments provided.,Ahm-ed1822,SE-Conversation,User needs basic instructions on how to run the repository code (setup/run steps).
vietnguyen91_QuickDraw_issues.json,4,Does not output anything,"User trained on two classes and got good results, but after drawing (e.g., envelope or tree) nothing is printed; they modified the camera app (removed a contour-related code) and ask if there's a key or action to force predicted output to display.",hantzfevry,Hybrid Conversation,Diagnose why model predictions are not displayed after drawing and whether a user action or fix in the camera app is needed to show output.
vietnguyen91_QuickDraw_issues.json,3,camera take photo,User asks how to make the camera take a photo for the app; commenter suggests connecting the camera to PC or using an IP webcam/USB connection for mobile cameras.,paulchou0309;phet2309,SE-Conversation,User wants to capture photos from a camera (or mobile) to feed into the project and needs guidance on connecting/configuring the camera.
vietnguyen91_QuickDraw_issues.json,2,"Training too slow and not using full GPU, whats the training time ?",User reports very slow training on AWS p2.xlarge with K80 GPU and low GPU memory usage (~300–400MB). Comments suggest verifying CUDA usage and explain that low GPU usage can be due to small batch size or low model complexity; recommend increasing batch size and model depth/width for training on 300 categories. User asks for recommended parameters and how to feed saved image files (not webcam) to the network.,shubhank008;vietnh1009,ML-Conversation,"Understand and resolve unusually slow training and low GPU utilization, get guidance on hyperparameters/model changes for 300 classes, and learn how to use saved image files as input instead of webcam."
vijuSR_facial_emotion_recognition__EMOJIFIER_issues.json,22,Question,User reports difficulty creating the virtual environment and asks how to set the path to the haarcascade_frontalface_default.xml in the config.ini. Provides an example path from their virtual environment.,kijo3D,SE-Conversation,Resolve setup/configuration issues (virtual environment and correct haarcascade XML path) while learning to use GitHub in an informatics class.
vijuSR_facial_emotion_recognition__EMOJIFIER_issues.json,21,Help wanted,"User requests enhancements: replace emoji overlays with an animated cartoon image representing detected emotions, and add music or text corresponding to detected emotions.",Kalyani3760,Hybrid Conversation,"Add UI/UX features that map emotion detection outputs to custom media (cartoon, music, text)."
vijuSR_facial_emotion_recognition__EMOJIFIER_issues.json,20,Error in face_capture.py,Running face_capture.py prints usage and an error about missing required arguments (--emotion_name and --number_of_images). A commenter asked how the issue was solved.,S-P-E-C-T-R-3;zolatido,SE-Conversation,Get help fixing a command-line usage/runtime error when trying to capture face images.
vijuSR_facial_emotion_recognition__EMOJIFIER_issues.json,19,6042 abort      python src/face_capture.py --emotion_name smile --number_of_images 100,User reports the program aborts with '6042 abort' when running face_capture.py to generate facial images. Maintainer asked to confirm setup steps from the README and later closed the issue due to inactivity.,Jishenshen;vijuSR,SE-Conversation,Troubleshoot a crash/abort when attempting to generate training images with the face capture script.
vijuSR_facial_emotion_recognition__EMOJIFIER_issues.json,18,Predictor issue,Running predictor.py opens two camera windows but the overlay stays neutral; console shows softmax output is NaN and confidence issues. User asks what to do to make it work.,George-Catalin,ML-Conversation,Fix prediction/model inference problems (NaN softmax and zero/invalid confidence) so the predictor can detect and overlay emotions correctly.
vijuSR_facial_emotion_recognition__EMOJIFIER_issues.json,17,Can you provide datasets or weights ?,User requested datasets or pretrained weights. Maintainer replied pointing to the README explaining how to create a dataset and later closed the issue.,RIKOYUKI;vijuSR,ML-Conversation,Obtain pretrained models or datasets to run or reproduce the emotion recognition project without creating a dataset from scratch.
vkuznet_MLaaS4HEP_issues.json,1,Create proper shuffle operation while reading multiple files,Request to add support for shuffling when reading data batches from multiple files. The data generator should accept a list of files and be able to read chunks randomly across those files to produce shuffled batches.,vkuznet,Hybrid Conversation,Implement randomized sampling across multiple input files so the data pipeline can produce properly shuffled batches for training and avoid sequential read bias.
wctu_SEAL_issues.json,17,"hi! how can I retraining the PAN model in new dataset,thanks!",User asks how to retrain the PAN model on a new dataset. No comments.,Rebecaa000,ML-Conversation,User wants instructions or guidance to retrain the PAN model on their own dataset.
wctu_SEAL_issues.json,16,Is there a way to use python 3 to run the code?,"User attempted to build C++/Python bindings under Python 3.6 and encountered compilation errors (PyInt_FromLong, Py_InitModule, unresolved externals). They request a Python 3 compatible file or guidance. No comments.",Adnan1986,SE-Conversation,To get the code or build files updated to run under Python 3.6 (compatibility/build issues).
wctu_SEAL_issues.json,15,RuntimeError: CuDNN error: CUDNN_STATUS_EXECUTION_FAILED,User reports runtime CuDNN execution failures when running with specific CUDA/CuDNN/PyTorch combinations and provides environment diagnostics. No comments.,Adnan1986,SE-Conversation,User seeks help resolving a runtime GPU/CuDNN error to get the code running.
wctu_SEAL_issues.json,14,Reproduce numbers in the paper,User used the provided checkpoint on BSD500 and couldn't reproduce reported metrics (ASA and BR) — results are lower than plot in paper. No comments.,SteveJunGao,ML-Conversation,To verify whether the released checkpoint matches the paper's reported evaluation numbers or understand discrepancy.
wctu_SEAL_issues.json,13,the test can be run in pc without gpu?,User asks whether the testing code can run on a CPU-only machine (no GPU) to view model test results. No comments.,forrestsz,SE-Conversation,User wants to know if they can run the test/inference pipeline without GPU resources.
wctu_SEAL_issues.json,12,About the loss function,User praises the work and requests release of the segmentation-aware affinity loss implementation used in the paper. No comments.,backseason,ML-Conversation,"To obtain the code for the segmentation-aware affinity loss, a key contribution in the paper."
wctu_SEAL_issues.json,10,Is trained model on cityScapes avaliable？,Author asked if a Cityscapes-trained model is available. Comments show interest from others; repository owner (wctu) replied that the model is included in the test folder and the asker thanked them.,Wanger-SJTU;xwasco;SteveJunGao;wctu,ML-Conversation,To obtain pretrained model weights trained on Cityscapes for evaluation or use.
wctu_SEAL_issues.json,9,Will the training code be made available?,User asks whether the training code will be published. Later comments repeat the same request multiple times (by liuxy1103). No response is recorded.,vinjohn;liuxy1103,ML-Conversation,To request release of the training code for reproducibility and further work.
wctu_SEAL_issues.json,8,Could you please specify the license for the project?,User requests that the project specify a license (mentions GitHub license templates). No comments.,VasiliBaranov,SE-Conversation,To clarify the project's licensing for reuse and contributions.
wctu_SEAL_issues.json,7,Would you please release ERS_Python module?,User on Python3 encountered ImportError importing ERSModule (undefined symbol Py_InitModule). Repository owner added ERS Python code in test folder and later clarified the distributed ERSModule.so is prebuilt for Python 2; solution is to use Python 2 or rebuild the module for Python 3. Another user reported same error and was guided accordingly.,hughplay;wctu;Ashish77IITM,SE-Conversation,To obtain a Python-compatible ERS module (or guidance) so the test code runs under the user's Python environment (Python 3 compatibility).
Yochengliu_MLIC-KD-WSD_issues.json,13,example in python,"Author asks for a Python (PyCaffe) example to run WSDDN/MLIC evaluator on a single image and how to produce proposals; commenter points to PyCaffe cheat sheet, EdgeBoxes repos (including Python wrapper) and notes VGG-backbone weights initialized with Xavier.",ShaihW;Yochengliu,SE-Conversation,User wants example code and instructions to run evaluation in Python and to produce proposal files and locate backbone weights.
Yochengliu_MLIC-KD-WSD_issues.json,12,VOC07数据集检测map低,User reports low VOC07 mAP and posts training details; maintainer links evaluation script and discusses test loss and learning-rate/epoch settings in follow-ups.,serena9525;Yochengliu,ML-Conversation,User observed unexpectedly low detection mAP on VOC07 and seeks troubleshooting and evaluation guidance.
Yochengliu_MLIC-KD-WSD_issues.json,11,Is NUS-WIDE image too small to use?,User asks whether very small NUS-WIDE images (~100x200) can be resized to larger training scales (672/832); maintainer suggests running controlled experiments comparing scales and measuring classification mAP.,ztwe;Yochengliu,ML-Conversation,Determine whether upscaling small images for training will be suitable and what scale settings to use.
Yochengliu_MLIC-KD-WSD_issues.json,10,How to initial the weights in the training of KD stage2?,"User asks how to pass weight arguments to caffe train for KD stage2; discussion covers ordering of weight reloads, layer name consistency, frozen weights in teacher detection (T_WDet), and presence of two classifiers in stage2 prototxt.",ztwe;Yochengliu,Hybrid Conversation,"User needs correct procedure for initializing weights when training knowledge-distillation stage2, specifically which caffemodels to load and how to avoid overwriting weights."
Yochengliu_MLIC-KD-WSD_issues.json,9,KD stage1 train loss Nan,"User reports NaN training loss in KD stage1; troubleshooting reveals layer name mismatches between models (so weights not loaded), missing conv2_3 check, and shared observations about typical training/test loss magnitudes.",ztwe;Yochengliu,ML-Conversation,Resolve NaN loss during KD stage1 training by ensuring correct weight initialization and prototxt layer name consistency.
Yochengliu_MLIC-KD-WSD_issues.json,8,WSD loss doesn't decrease,"User reports WSDDN training loss stuck high (20-50) around 30k iters; maintainer suggests using ImageNet pretrained model, lowering learning rate, checking score scale/bias and datalist/prototxt settings, checking problematic images or server/gpu issues, and training longer or changing LR schedule.",ztwe;Yochengliu,ML-Conversation,User seeks help why WSDDN training loss remains high and how to get it to converge.
Yochengliu_MLIC-KD-WSD_issues.json,7,train WSD error,User encountered a training error (OOM or runtime failure shown in screenshot) despite large GPU memory; suggestions include decreasing batch size or image size and notes that Caffe MLIC may not support multi-GPU well.,ztwe;Yochengliu,SE-Conversation,Resolve runtime training error (likely memory/GPU multi-GPU support) when running WSDDN.
Yochengliu_MLIC-KD-WSD_issues.json,6,Is the image inputed to Edgebox resize to 672?,"User asks if EdgeBoxes input is resized to 672 during T_WDet training and whether two edgebox score files are the same; maintainer explains EdgeBoxes uses original images to generate proposals and coordinates are dynamically resized in Caffe prototxt, and confirms the files are the same.",ztwe;Yochengliu,Hybrid Conversation,Clarify data preprocessing: how proposals are generated/resized and whether specific score files are identical in training stages.
Yochengliu_MLIC-KD-WSD_issues.json,5,Is the score of edgebox necessary?,User notes difficulty obtaining EdgeBoxes' score via OpenCV; maintainer confirms the score is needed for datalist preparation and suggests setting score to 1 if unavailable.,ztwe;Yochengliu,SE-Conversation,Determine whether EdgeBoxes proposal scores are required in the dataset preparation and how to handle missing scores.
Yochengliu_MLIC-KD-WSD_issues.json,4,train fail,User fails to run 'caffe train' due to protobuf parsing error: SolverParameter has no field named 'name' in the solver prototxt; another user later asks how it was solved but no resolution in thread.,ztwe;ShaihW,SE-Conversation,Fix solver prototxt format/compatibility causing Caffe to fail parsing SolverParameter.
Yochengliu_MLIC-KD-WSD_issues.json,3,build fail,User reports compilation errors on CUDA9/CuDNN7 related to redeclaration of std::vector and default arguments in StrSplit; no comments provided.,ztwe,SE-Conversation,Resolve build/compilation errors when compiling Caffe in the given environment.
Yochengliu_MLIC-KD-WSD_issues.json,2,coco数据集的评价指标MAP,User asks about COCO mAP vs VOC2012 evaluation; maintainer points to a multilabel tools repo as resource.,wywywy01;Yochengliu,ML-Conversation,Clarify evaluation metrics/implementation for COCO mAP and relation to VOC2012.
Yochengliu_MLIC-KD-WSD_issues.json,1, error when I compile caffe,"User experienced multiple compile errors (undefined Half type, missing half.hpp, missing Rand functions, missing headers, template/default-arg issues) while building Caffe; maintainer provided fixes/updates, suggested removing problematic includes and default arguments, added functions, and ultimately user succeeded.",ZhangLin-PKU;Yochengliu,SE-Conversation,Fix numerous compilation errors and missing functions/headers when compiling the modified Caffe repository.
