author_name,developer_type,is_se_engineer,is_ml_engineer,is_hybrid_engineer,total_commits,projects_contributed,total_files_touched,owned_files,bugs_introduced,bugs_fixed,bug_introducing_ratio,deadcode_items_attribute,deadcode_items_class,deadcode_items_function,deadcode_items_other,deadcode_items_property,deadcode_items_total,deadcode_items_variable,design_smell_broken_hierarchy,design_smell_broken_modularization,design_smell_deep_hierarchy,design_smell_deficient_encapsulation,design_smell_feature_envy,design_smell_hub_like_modularization,design_smell_insufficient_modularization,design_smell_multifaceted_abstraction,design_smell_rebellious_hierarchy,design_smell_wide_hierarchy,fix_commit,impl_smell_complex_conditional,impl_smell_complex_method,impl_smell_empty_catch_clause,impl_smell_long_identifier,impl_smell_long_lambda_function,impl_smell_long_message_chain,impl_smell_long_method,impl_smell_long_parameter_list,impl_smell_long_statement,impl_smell_magic_number,impl_smell_missing_default,mlsmell_broadcasting_feature_not_used,mlsmell_chain_indexing,mlsmell_columns_and_datatype_not_explicitly_set,mlsmell_dataframe_conversion_api_misused,mlsmell_deterministic_algorithm_option_not_used,mlsmell_empty_column_misinitialization,mlsmell_gradients_not_cleared,mlsmell_hyperparameters_not_explicitly_set,mlsmell_in_place_apis_misused,mlsmell_matrix_multiplication_api_misused,mlsmell_memory_not_freed,mlsmell_merge_api_parameter_not_explicitly_set,mlsmell_nan_equivalence_comparison_misused,mlsmell_pytorch_call_method_misused,mlsmell_tensor_array_not_used,mlsmell_unnecessary_iteration,szz_introducing_commits_count,vuln_bandit_issues_high,vuln_bandit_issues_low,vuln_bandit_issues_medium,vuln_bandit_issues_total,vuln_bandit_test_ids
AWS Neo,SE-engineer,1,0,0,1,['neo ai neo ai dlr'],10.0,"['neo ai neo ai dlr::install/dlr-1.0-py2.py3-armv7l/test-dlr.py', 'neo ai neo ai dlr::install/dlr-1.0-py2.py3-cuda90-aarch64/test-dlr.py', 'neo ai neo ai dlr::install/dlr-1.0-py2.py3-opencl-x86_64/test-dlr.py', 'neo ai neo ai dlr::tests/test_dlc_python_test.py']",0,0,0.0,0,0,0,14,0,18,4,0,0,0,0,0,0,0,0,0,0,0,0,1,0,0,0,0,0,0,19,11,0,0,0,0,0,0,0,0,0,0,0,0,0,0,0,0,0,0,0,0,0,0,0
Aaditya Paul,SE-engineer,1,0,0,2,['kk7nc RMDL'],2.0,[],0,0,0.0,0,3,8,6,0,21,4,0,0,0,0,0,0,0,2,0,0,0,0,12,0,0,0,0,6,18,135,138,0,0,0,0,0,0,0,0,12,0,0,0,0,0,0,0,0,0,0,0,0,0,0
Abderrahim El Bouziady,SE-engineer,1,0,0,3,['Barqawiz Snnapy2 Filters'],1.0,[],0,0,0.0,0,0,0,6,0,36,30,0,3,0,0,3,0,0,3,0,0,0,0,9,0,0,0,0,3,9,61,87,0,0,0,0,0,0,0,0,0,0,0,0,0,0,0,0,0,0,0,0,0,0,0
Abhishekmamidi,ML-engineer,0,1,0,87,['Abhishekmamidi123 Time Series Forecasting'],4.0,"['Abhishekmamidi123 Time Series Forecasting::Maharashtra/ARIMA.py', 'Abhishekmamidi123 Time Series Forecasting::Maharashtra/Artificial_Neural_Networks.py', 'Abhishekmamidi123 Time Series Forecasting::Maharashtra_rainy_season_analysis/ARIMA.py', 'Abhishekmamidi123 Time Series Forecasting::Maharashtra_rainy_season_analysis/Artificial_Neural_Networks.py']",12,4,0.13793103448275862,0,0,299,580,0,1099,220,0,0,0,0,0,0,75,0,0,0,4,0,75,0,4,0,0,75,376,1117,1639,0,0,684,599,0,0,0,0,151,149,0,0,0,0,0,0,0,12,0,0,0,0,0
Adit Chawdhary,SE-engineer,1,0,0,2,['JustGlowing minisom'],1.0,[],0,0,0.0,0,2,6,60,0,68,0,0,0,0,6,4,0,6,0,0,0,0,2,4,0,4,0,0,0,2,34,92,0,0,0,0,0,0,0,0,0,0,0,0,0,0,0,0,0,0,0,0,0,0,0
Adrian Tobiszewski,SE-engineer,1,0,0,287,['IntelAI OpenVINO model server'],99.0,"['IntelAI OpenVINO model server::client/python/kserve-api/samples/grpc_async_infer_resnet.py', 'IntelAI OpenVINO model server::client/python/kserve-api/samples/grpc_infer_resnet.py', 'IntelAI OpenVINO model server::client/python/kserve-api/samples/grpc_model_metadata.py', 'IntelAI OpenVINO model server::client/python/kserve-api/samples/grpc_model_ready.py', 'IntelAI OpenVINO model server::client/python/kserve-api/samples/grpc_server_live.py', 'IntelAI OpenVINO model server::client/python/kserve-api/samples/grpc_server_metadata.py', 'IntelAI OpenVINO model server::client/python/kserve-api/samples/grpc_server_ready.py', 'IntelAI OpenVINO model server::client/python/kserve-api/samples/http_async_infer_resnet.py', 'IntelAI OpenVINO model server::client/python/kserve-api/samples/http_infer_resnet.py', 'IntelAI OpenVINO model server::client/python/kserve-api/samples/kfs_grpc_model_metadata.py', 'IntelAI OpenVINO model server::client/python/kserve-api/samples/kfs_grpc_model_ready.py', 'IntelAI OpenVINO model server::client/python/kserve-api/samples/kfs_grpc_predict_resnet.py', 'IntelAI OpenVINO model server::client/python/ovmsclient/samples/grpc_get_model_metadata.py', 'IntelAI OpenVINO model server::client/python/ovmsclient/samples/grpc_get_model_status.py', 'IntelAI OpenVINO model server::client/python/ovmsclient/samples/grpc_predict_binary_vehicle_detection.py', 'IntelAI OpenVINO model server::demos/age_gender_recognition/python/age_gender_recognition.py', 'IntelAI OpenVINO model server::demos/benchmark/python/client_kfs.py', 'IntelAI OpenVINO model server::demos/benchmark/python/client_tfs.py', 'IntelAI OpenVINO model server::demos/image_classification_using_tf_model/python/image_classification_using_tf_model.py', 'IntelAI OpenVINO model server::demos/segmentation_using_paddlepaddle_model/python/segmentation_using_paddlepaddle_model.py', 'IntelAI OpenVINO model server::demos/speech_recognition_with_kaldi_model/python/rest_stateful_client.py', 'IntelAI OpenVINO model server::example_client/grpc_binary_client.py', 'IntelAI OpenVINO model server::example_client/stateful/rest_stateful_client.py', 'IntelAI OpenVINO model server::src/bindings/python/tests/run.py', 'IntelAI OpenVINO model server::src/bindings/python/tests/test_ovms_py_tensor.py', 'IntelAI OpenVINO model server::src/python/binding/tests/run.py', 'IntelAI OpenVINO model server::src/python/binding/tests/test_ovms_py_tensor.py', 'IntelAI OpenVINO model server::tests/functional/utils/process.py']",1337,111,4.658536585365853,2487,4213,7501,14057,1338,42439,12843,964,4399,0,7533,11,0,921,10038,540,0,111,315,10115,0,39568,456,2371,4078,6157,151808,75613,0,0,0,0,0,0,0,0,0,0,0,0,0,0,0,0,0,1337,0,0,0,0,0
Afreen Kazi,SE-engineer,1,0,0,3,['JdeRobot DetectionSuite'],1.0,[],0,0,0.0,6,3,0,3,0,45,33,0,3,0,0,15,0,0,6,3,0,0,3,27,0,18,3,0,12,21,300,41,0,0,0,12,6,0,0,0,0,0,0,0,0,0,0,0,0,0,0,0,0,0,0
Ahmad Albarqawi,SE-engineer,1,0,0,5,['Barqawiz Snnapy2 Filters'],3.0,[],0,0,0.0,0,0,0,10,0,65,55,0,5,0,0,5,0,0,5,0,0,0,0,15,0,0,0,0,5,15,110,145,0,0,0,0,0,0,0,0,0,0,0,0,0,0,0,0,0,0,0,0,0,0,0
Ahmad Barqawi,SE-engineer,1,0,0,38,['Barqawiz Snnapy2 Filters'],18.0,"['Barqawiz Snnapy2 Filters::Demo.py', 'Barqawiz Snnapy2 Filters::Snappy2.py', 'Barqawiz Snnapy2 Filters::controls/Detector.py', 'Barqawiz Snnapy2 Filters::controls/FacePainter.py', 'Barqawiz Snnapy2 Filters::controls/__init__.py', 'Barqawiz Snnapy2 Filters::setup.py', 'Barqawiz Snnapy2 Filters::snappy2/Snappy2.py', 'Barqawiz Snnapy2 Filters::snappy2/__init__.py', 'Barqawiz Snnapy2 Filters::snappy2/controls/Detector.py', 'Barqawiz Snnapy2 Filters::snappy2/controls/FacePainter.py', 'Barqawiz Snnapy2 Filters::snappy2/controls/Generate.py', 'Barqawiz Snnapy2 Filters::snappy2/controls/__init__.py', 'Barqawiz Snnapy2 Filters::snappy2/utils/Constants.py', 'Barqawiz Snnapy2 Filters::snappy2/utils/Utility.py', 'Barqawiz Snnapy2 Filters::snappy2/utils/__init__.py', 'Barqawiz Snnapy2 Filters::utils/Constants.py', 'Barqawiz Snnapy2 Filters::utils/Utility.py', 'Barqawiz Snnapy2 Filters::utils/__init__.py']",9,8,0.23684210526315788,0,2,0,66,0,395,327,0,32,0,0,32,0,0,32,0,0,8,0,96,0,0,0,0,32,92,682,934,0,0,0,0,0,0,0,0,0,0,0,0,0,0,0,0,0,9,0,0,0,0,0
Ajay Chainani,SE-engineer,1,0,0,2,['phillipi pix2pix'],1.0,[],0,0,0.0,0,0,2,8,0,12,2,0,0,0,0,2,0,0,0,0,0,0,0,2,0,0,0,0,0,0,26,22,0,0,0,0,0,0,0,0,0,0,0,0,0,0,0,0,0,0,0,0,0,0,0
Akshar Kottuvada,SE-engineer,1,0,0,1,['nikicc twitter emotion recognition'],,[],0,0,0.0,2,0,0,1,0,3,0,0,0,0,0,0,0,0,0,0,0,0,0,0,0,0,0,0,0,0,3,4,0,0,0,3,0,0,0,0,0,0,0,0,0,0,0,0,0,0,0,0,0,0,0
Akshay Chaudhari,SE-engineer,1,0,0,2,['ad12 DOSMA'],3.0,[],0,0,0.0,24,0,8,9,0,83,42,2,5,0,6,7,0,0,7,3,0,0,0,33,0,14,0,0,3,3,261,173,0,0,0,4,0,0,0,0,0,2,0,0,0,0,0,0,0,0,0,0,0,0,0
Alex Bozarth,SE-engineer,1,0,0,14,"['IBM MAX Fast Neural Style Transfer', 'IBM MAX Inception ResNet v2', 'IBM MAX Review Text Generator', 'IBM MAX Scene Classifier', 'IBM MAX Weather Forecaster']",1.0,[],0,0,0.0,0,18,0,37,0,115,60,0,16,0,0,5,0,0,9,0,0,0,0,0,0,0,0,0,0,0,47,154,0,0,0,0,0,0,0,0,0,0,0,0,0,0,7,0,0,0,0,0,0,0,0
Alexander Pivovarov,Hybrid-engineer,0,0,1,91,['neo ai neo ai dlr'],19.0,"['neo ai neo ai dlr::container/ec2_compilation_container/compile_gluoncv.py', 'neo ai neo ai dlr::container/ec2_compilation_container/compile_keras.py', 'neo ai neo ai dlr::container/ec2_compilation_container/compile_tensorflow.py', 'neo ai neo ai dlr::container/ec2_compilation_container/tvm_ec2_compiler_utils.py', 'neo ai neo ai dlr::examples/android/tvm_compiler/compile_gluoncv.py', 'neo ai neo ai dlr::examples/android/tvm_compiler/compile_keras.py', 'neo ai neo ai dlr::examples/android/tvm_compiler/compile_tensorflow.py', 'neo ai neo ai dlr::examples/android/tvm_compiler/tvm_compiler_utils.py', 'neo ai neo ai dlr::python/dlr/libpath.py', 'neo ai neo ai dlr::python/dlr/tf_model.py', 'neo ai neo ai dlr::python/dlr/tflite_model.py', 'neo ai neo ai dlr::tests/python/unittest/test_tf_model.py', 'neo ai neo ai dlr::tests/python/unittest/test_tflite_model.py']",21,11,0.23076923076923078,242,38,475,1155,0,5078,3168,0,0,0,325,435,0,48,176,21,0,11,91,894,0,361,0,49,35,22,5005,3519,0,0,0,0,0,0,0,0,0,0,0,0,0,0,0,0,0,21,0,0,0,0,0
Alexey Svyatkovskiy,SE-engineer,1,0,0,1,['tech srl code2vec'],1.0,['tech srl code2vec::CSharpExtractor/extract.py'],0,0,0.0,0,0,0,9,0,14,5,0,0,0,0,0,0,0,1,0,0,0,0,5,0,2,0,0,0,2,70,25,0,0,0,0,0,0,0,0,0,0,0,0,0,0,0,0,0,0,0,0,0,0,0
Ali Akbar,SE-engineer,1,0,0,1,['kk7nc Text Classification'],,[],0,0,0.0,2,0,3,15,0,22,2,0,0,0,0,0,0,0,0,0,0,0,0,1,0,0,0,0,0,2,23,31,0,0,0,0,0,0,0,0,4,0,0,0,0,0,0,0,0,0,0,0,0,0,0
Alistair Johnson,SE-engineer,1,0,0,2,['Tiiiger bert score'],,[],0,0,0.0,0,0,0,28,0,32,4,4,0,0,8,0,0,0,4,0,0,0,0,20,0,2,0,0,12,14,128,36,0,0,4,14,0,0,0,0,0,0,0,0,0,0,0,0,0,0,0,0,0,0,0
Alvaro,SE-engineer,1,0,0,3,['lvapeab ABiViRNet'],10.0,['lvapeab ABiViRNet::utils/__init__.py'],0,0,0.0,6,8,21,6,0,285,244,0,0,0,0,0,0,0,1,0,0,0,0,7,0,4,0,0,8,5,37,73,0,0,0,0,0,0,0,0,0,0,0,0,0,0,0,0,0,0,0,0,0,0,0
Alvaro Viebrantz,SE-engineer,1,0,0,12,['alvarowolfx gcloud iot edge tensorflow'],,[],0,0,0.0,0,0,22,55,0,121,44,0,0,0,0,0,0,0,0,0,0,0,0,0,0,11,0,0,0,0,77,66,0,0,0,0,0,0,0,0,0,0,0,0,0,0,0,0,0,0,0,0,0,0,0
Am rico Oliveira,ML-engineer,0,1,0,106,['americofmoliveira VesselSegmentation ESWA'],21.0,"['americofmoliveira VesselSegmentation ESWA::code/bsa/CHASE_files.py', 'americofmoliveira VesselSegmentation ESWA::code/bsa/DRIVE_files.py', 'americofmoliveira VesselSegmentation ESWA::code/bsa/STARE_files.py', 'americofmoliveira VesselSegmentation ESWA::code/bsa/batch.py', 'americofmoliveira VesselSegmentation ESWA::code/bsa/cases.py', 'americofmoliveira VesselSegmentation ESWA::code/bsa/data_files.py', 'americofmoliveira VesselSegmentation ESWA::code/bsa/exceptions.py', 'americofmoliveira VesselSegmentation ESWA::code/bsa/file_resource.py', 'americofmoliveira VesselSegmentation ESWA::code/bsa/layers.py', 'americofmoliveira VesselSegmentation ESWA::code/bsa/patch.py', 'americofmoliveira VesselSegmentation ESWA::code/bsa/prediction.py', 'americofmoliveira VesselSegmentation ESWA::code/bsa/transform_image.py', 'americofmoliveira VesselSegmentation ESWA::code/bsa/transform_patch.py', 'americofmoliveira VesselSegmentation ESWA::code/bsa/unet.py', 'americofmoliveira VesselSegmentation ESWA::code/bsa/util.py', 'americofmoliveira VesselSegmentation ESWA::code/bsa/utils/__init__.py', 'americofmoliveira VesselSegmentation ESWA::code/bsa/utils/os_path.py', 'americofmoliveira VesselSegmentation ESWA::code/nnet_state/tmp.py', 'americofmoliveira VesselSegmentation ESWA::code/vessel_seg.py', 'americofmoliveira VesselSegmentation ESWA::image_level_results/file_io.py', 'americofmoliveira VesselSegmentation ESWA::statistical_comparison/file_io.py']",2,3,0.018867924528301886,296,111,703,518,74,1813,111,148,185,0,111,37,0,37,37,0,0,3,0,408,0,0,0,0,0,333,1076,4446,0,0,0,0,0,0,0,0,0,0,0,0,0,0,0,0,0,2,0,37,0,37,B101B101B101B101B101B101B101B101B101B101B101B101B101B101B101B101B101B101B101B101B101B101B101B101B101B101B101B101B101B101B101B101B101B101B101B101B101
Ameer Haj Ali,Hybrid-engineer,0,0,1,1,['tech srl code2vec'],1.0,[],0,0,0.0,6,0,0,29,5,42,2,0,1,0,3,0,0,2,3,2,0,0,1,7,0,42,2,0,1,3,149,46,0,0,0,0,0,0,0,0,0,0,0,0,0,0,0,0,0,0,0,0,0,0,0
Andrea Ponza,SE-engineer,1,0,0,4,['dougsm mvp grasp'],1.0,[],0,0,0.0,80,0,24,76,4,212,28,0,0,0,8,12,0,4,8,0,0,0,0,16,0,8,4,16,8,20,224,636,0,0,0,0,0,0,0,0,0,0,16,0,0,0,0,0,0,0,0,0,0,0,0
Andres F Perez,SE-engineer,1,0,0,3,['afperezm acoustic images distillation'],,[],0,0,0.0,6,0,15,9,0,36,6,0,3,0,6,6,0,0,12,0,0,0,0,30,0,15,0,0,12,54,276,192,0,0,0,0,0,0,0,0,0,0,0,0,0,0,0,0,0,0,0,0,0,0,0
Andres Felipe Perez Murcia,Hybrid-engineer,0,0,1,13,['afperezm acoustic images distillation'],25.0,"['afperezm acoustic images distillation::codebase/__init__.py', 'afperezm acoustic images distillation::codebase/data/__init__.py', 'afperezm acoustic images distillation::codebase/data/actions_data.py', 'afperezm acoustic images distillation::codebase/loggers/__init__.py', 'afperezm acoustic images distillation::codebase/loggers/logger.py', 'afperezm acoustic images distillation::codebase/models/__init__.py', 'afperezm acoustic images distillation::codebase/models/audition.py', 'afperezm acoustic images distillation::codebase/models/dualcamnet.py', 'afperezm acoustic images distillation::codebase/models/hearnet.py', 'afperezm acoustic images distillation::codebase/models/multimodal.py', 'afperezm acoustic images distillation::codebase/models/resnet_temporal.py', 'afperezm acoustic images distillation::codebase/models/resnet_utils.py', 'afperezm acoustic images distillation::codebase/models/shared.py', 'afperezm acoustic images distillation::codebase/models/soundnet.py', 'afperezm acoustic images distillation::codebase/models/vision.py', 'afperezm acoustic images distillation::codebase/trainers/__init__.py', 'afperezm acoustic images distillation::codebase/trainers/one_stream.py', 'afperezm acoustic images distillation::codebase/trainers/two_streams.py', 'afperezm acoustic images distillation::main_s1.py', 'afperezm acoustic images distillation::main_s2.py', 'afperezm acoustic images distillation::setup.py', 'afperezm acoustic images distillation::utils/__init__.py', 'afperezm acoustic images distillation::utils/compute_stats.py', 'afperezm acoustic images distillation::utils/convert_data.py', 'afperezm acoustic images distillation::utils/generate_lists.py']",0,2,0.0,26,0,65,39,0,156,26,0,13,0,26,26,0,0,52,0,0,2,0,130,0,65,0,0,52,234,1203,832,0,0,0,0,0,0,0,0,0,0,0,0,0,0,0,0,0,0,0,0,0,0,0
Andrew Ziem,SE-engineer,1,0,0,1,['gsurma cartpole'],,[],0,0,0.0,0,0,0,2,0,2,0,0,0,0,0,0,0,0,0,0,0,0,0,0,0,0,0,0,0,0,0,0,0,0,0,0,0,0,0,0,0,0,0,0,0,0,0,0,0,0,0,0,0,0,0
Ange Tato,ML-engineer,0,1,0,41,['angetato Optimizers for Tensorflow'],16.0,"['angetato Optimizers for Tensorflow::AAdam.py', 'angetato Optimizers for Tensorflow::AAdam01.py', 'angetato Optimizers for Tensorflow::AAdam02.py', 'angetato Optimizers for Tensorflow::AAdam_Old.py', 'angetato Optimizers for Tensorflow::AAdam_V1.py', 'angetato Optimizers for Tensorflow::Adam.py', 'angetato Optimizers for Tensorflow::NAdam.py', 'angetato Optimizers for Tensorflow::logisticR_mnist.py', 'angetato Optimizers for Tensorflow::mlp_mnist.py', 'angetato Optimizers for Tensorflow::neuralnets-testing-optimizers.py', 'angetato Optimizers for Tensorflow::tf_utils/AAdam.py', 'angetato Optimizers for Tensorflow::tf_utils/AAdam01.py', 'angetato Optimizers for Tensorflow::tf_utils/AAdam02.py', 'angetato Optimizers for Tensorflow::tf_utils/AAdam_Old.py', 'angetato Optimizers for Tensorflow::tf_utils/Adam.py', 'angetato Optimizers for Tensorflow::tf_utils/NAdam.py']",0,0,0.0,0,7,0,1226,0,1819,586,0,0,0,0,0,0,0,0,0,0,0,0,31,0,0,0,0,0,168,197,1710,0,0,0,0,0,0,0,0,0,0,0,0,0,0,0,0,0,0,0,0,0,0,0
Ange Tato the alien,SE-engineer,1,0,0,3,['angetato Optimizers for Tensorflow'],,[],0,0,0.0,0,0,0,126,0,186,60,0,0,0,0,0,0,0,0,0,0,0,0,6,0,0,0,0,0,15,24,159,0,0,0,0,0,0,0,0,0,0,0,0,0,0,0,0,0,0,0,0,0,0,0
Animesh Singh,SE-engineer,1,0,0,6,"['IBM MAX Fast Neural Style Transfer', 'IBM MAX Inception ResNet v2', 'IBM MAX Review Text Generator', 'IBM MAX Scene Classifier', 'IBM MAX Weather Forecaster']",,[],0,0,0.0,0,0,0,0,0,0,0,0,0,0,0,0,0,0,0,0,0,0,0,0,0,0,0,0,0,0,0,0,0,0,0,0,0,0,0,0,0,0,0,0,0,0,0,0,0,0,0,0,0,0,0
Ankit Dhankhar,SE-engineer,1,0,0,1,['JdeRobot DetectionSuite'],,[],0,0,0.0,0,0,0,4,0,4,0,0,0,0,0,0,0,0,0,0,0,0,0,0,0,0,0,0,0,0,0,0,0,0,0,0,0,0,0,0,0,0,0,0,0,0,0,0,0,0,0,0,0,0,0
Ankur Singh,Hybrid-engineer,0,0,1,30,['ankur219 ECG Arrhythmia classification'],6.0,"['ankur219 ECG Arrhythmia classification::app.py', 'ankur219 ECG Arrhythmia classification::cropping.py', 'ankur219 ECG Arrhythmia classification::ecgSignalsToImage.py', 'ankur219 ECG Arrhythmia classification::gettingData.py', 'ankur219 ECG Arrhythmia classification::model.py', 'ankur219 ECG Arrhythmia classification::segmentation.py']",0,0,0.0,0,0,60,119,0,179,0,0,0,0,19,0,0,0,0,0,0,0,0,19,0,0,0,0,19,0,0,694,0,0,0,19,0,0,0,0,0,0,0,0,0,0,0,0,0,0,0,0,0,0,0
Anthony,SE-engineer,1,0,0,3,['ad12 DOSMA'],,[],1,1,0.3333333333333333,69,12,9,28,3,229,108,0,0,0,0,0,0,0,0,0,0,1,0,0,0,0,0,0,0,0,0,0,0,0,0,18,0,0,0,0,0,12,0,0,0,0,0,0,0,1,0,3,0,3,B101B101B101
Antoine J P Tixier,SE-engineer,1,0,0,10,['Tixierae graph 2D CNN'],,[],2,1,0.2,0,0,0,27,0,35,8,0,0,0,0,0,0,0,0,0,0,1,0,4,0,0,0,0,0,0,4,0,0,0,0,0,0,0,0,0,0,0,0,0,0,0,0,0,0,2,0,0,0,0,0
Arjun Desai,SE-engineer,1,0,0,557,['ad12 DOSMA'],205.0,"['ad12 DOSMA::__init__.py', 'ad12 DOSMA::app.py', 'ad12 DOSMA::create_nifti.py', 'ad12 DOSMA::data_io/__init__.py', 'ad12 DOSMA::data_io/dicom_io.py', 'ad12 DOSMA::data_io/fig_format.py', 'ad12 DOSMA::data_io/format_io.py', 'ad12 DOSMA::data_io/format_io_utils.py', 'ad12 DOSMA::data_io/io_utils.py', 'ad12 DOSMA::data_io/med_volume.py', 'ad12 DOSMA::data_io/nifti_io.py', 'ad12 DOSMA::data_io/orientation.py', 'ad12 DOSMA::defaults.py', 'ad12 DOSMA::dess_utils.py', 'ad12 DOSMA::docs/source/conf.py', 'ad12 DOSMA::dosma.py', 'ad12 DOSMA::dosma/__init__.py', 'ad12 DOSMA::dosma/app.py', 'ad12 DOSMA::dosma/cli.py', 'ad12 DOSMA::dosma/core/__init__.py', 'ad12 DOSMA::dosma/core/device.py', 'ad12 DOSMA::dosma/core/fitting.py', 'ad12 DOSMA::dosma/core/io/__init__.py', 'ad12 DOSMA::dosma/core/io/dicom_io.py', 'ad12 DOSMA::dosma/core/io/format_io.py', 'ad12 DOSMA::dosma/core/io/format_io_utils.py', 'ad12 DOSMA::dosma/core/io/nifti_io.py', 'ad12 DOSMA::dosma/core/med_volume.py', 'ad12 DOSMA::dosma/core/numpy_routines.py', 'ad12 DOSMA::dosma/core/orientation.py', 'ad12 DOSMA::dosma/core/quant_vals.py', 'ad12 DOSMA::dosma/core/registration.py', 'ad12 DOSMA::dosma/data_io/__init__.py', 'ad12 DOSMA::dosma/data_io/dicom_io.py', 'ad12 DOSMA::dosma/data_io/format_io.py', 'ad12 DOSMA::dosma/data_io/format_io_utils.py', 'ad12 DOSMA::dosma/data_io/med_volume.py', 'ad12 DOSMA::dosma/data_io/nifti_io.py', 'ad12 DOSMA::dosma/data_io/orientation.py', 'ad12 DOSMA::dosma/defaults.py', 'ad12 DOSMA::dosma/file_constants.py', 'ad12 DOSMA::dosma/gui/__init__.py', 'ad12 DOSMA::dosma/gui/dosma_gui.py', 'ad12 DOSMA::dosma/gui/gui_errors.py', 'ad12 DOSMA::dosma/gui/gui_utils/__init__.py', 'ad12 DOSMA::dosma/gui/gui_utils/console_output.py', 'ad12 DOSMA::dosma/gui/gui_utils/filedialog_reader.py', 'ad12 DOSMA::dosma/gui/gui_utils/gui_utils.py', 'ad12 DOSMA::dosma/gui/im_viewer.py', 'ad12 DOSMA::dosma/gui/ims.py', 'ad12 DOSMA::dosma/gui/preferences_viewer.py', 'ad12 DOSMA::dosma/models/__init__.py', 'ad12 DOSMA::dosma/models/oaiunet2d.py', 'ad12 DOSMA::dosma/models/seg_model.py', 'ad12 DOSMA::dosma/models/stanford_qdess.py', 'ad12 DOSMA::dosma/models/util.py', 'ad12 DOSMA::dosma/msk/__init__.py', 'ad12 DOSMA::dosma/msk/knee.py', 'ad12 DOSMA::dosma/quant_vals.py', 'ad12 DOSMA::dosma/scan_sequences/__init__.py', 'ad12 DOSMA::dosma/scan_sequences/cones.py', 'ad12 DOSMA::dosma/scan_sequences/cube_quant.py', 'ad12 DOSMA::dosma/scan_sequences/mapss.py', 'ad12 DOSMA::dosma/scan_sequences/mri/__init__.py', 'ad12 DOSMA::dosma/scan_sequences/mri/cones.py', 'ad12 DOSMA::dosma/scan_sequences/mri/cube_quant.py', 'ad12 DOSMA::dosma/scan_sequences/mri/mapss.py', 'ad12 DOSMA::dosma/scan_sequences/mri/qdess.py', 'ad12 DOSMA::dosma/scan_sequences/qdess.py', 'ad12 DOSMA::dosma/scan_sequences/scan_io.py', 'ad12 DOSMA::dosma/scan_sequences/scans.py', 'ad12 DOSMA::dosma/tissues/__init__.py', 'ad12 DOSMA::dosma/tissues/femoral_cartilage.py', 'ad12 DOSMA::dosma/tissues/meniscus.py', 'ad12 DOSMA::dosma/tissues/patellar_cartilage.py', 'ad12 DOSMA::dosma/tissues/tibial_cartilage.py', 'ad12 DOSMA::dosma/tissues/tissue.py', 'ad12 DOSMA::dosma/utils/__init__.py', 'ad12 DOSMA::dosma/utils/cmd_line_utils.py', 'ad12 DOSMA::dosma/utils/collect_env.py', 'ad12 DOSMA::dosma/utils/device.py', 'ad12 DOSMA::dosma/utils/env.py', 'ad12 DOSMA::dosma/utils/fits.py', 'ad12 DOSMA::dosma/utils/geometry_utils.py', 'ad12 DOSMA::dosma/utils/img_utils.py', 'ad12 DOSMA::dosma/utils/io_utils.py', 'ad12 DOSMA::dosma/utils/logger.py', 'ad12 DOSMA::dosma/utils/registration.py', 'ad12 DOSMA::file_constants.py', 'ad12 DOSMA::generate_mask.py', 'ad12 DOSMA::gui/__init__.py', 'ad12 DOSMA::gui/dosma_gui.py', 'ad12 DOSMA::gui/gui_errors.py', 'ad12 DOSMA::gui/gui_utils/__init__.py', 'ad12 DOSMA::gui/gui_utils/console_output.py', 'ad12 DOSMA::gui/gui_utils/filedialog_reader.py', 'ad12 DOSMA::gui/gui_utils/gui_utils.py', 'ad12 DOSMA::gui/im_viewer.py', 'ad12 DOSMA::gui/ims.py', 'ad12 DOSMA::gui/preferences_viewer.py', 'ad12 DOSMA::im_utils.py', 'ad12 DOSMA::med_objects/__init__.py', 'ad12 DOSMA::med_objects/med_volume.py', 'ad12 DOSMA::misc/__init__.py', 'ad12 DOSMA::misc/create_nifti.py', 'ad12 DOSMA::models.py', 'ad12 DOSMA::models/__init__.py', 'ad12 DOSMA::models/get_model.py', 'ad12 DOSMA::models/model.py', 'ad12 DOSMA::models/oaiunet2d.py', 'ad12 DOSMA::models/seg_model.py', 'ad12 DOSMA::models/unet2d.py', 'ad12 DOSMA::models/util.py', 'ad12 DOSMA::msk/__init__.py', 'ad12 DOSMA::msk/knee.py', 'ad12 DOSMA::pipeline.py', 'ad12 DOSMA::scan_sequences/__init__.py', 'ad12 DOSMA::scan_sequences/cones.py', 'ad12 DOSMA::scan_sequences/cube_quant.py', 'ad12 DOSMA::scan_sequences/dess.py', 'ad12 DOSMA::scan_sequences/mapss.py', 'ad12 DOSMA::scan_sequences/qdess.py', 'ad12 DOSMA::scan_sequences/scans.py', 'ad12 DOSMA::setup.py', 'ad12 DOSMA::test_pipeline.py', 'ad12 DOSMA::tests/__init__.py', 'ad12 DOSMA::tests/core/__init__.py', 'ad12 DOSMA::tests/core/io/__init__.py', 'ad12 DOSMA::tests/core/io/test_dicom_io.py', 'ad12 DOSMA::tests/core/io/test_format_io.py', 'ad12 DOSMA::tests/core/io/test_format_io_utils.py', 'ad12 DOSMA::tests/core/io/test_inter_io.py', 'ad12 DOSMA::tests/core/io/test_nifti_io.py', 'ad12 DOSMA::tests/core/test_device.py', 'ad12 DOSMA::tests/core/test_fitting.py', 'ad12 DOSMA::tests/core/test_io.py', 'ad12 DOSMA::tests/core/test_med_volume.py', 'ad12 DOSMA::tests/core/test_numpy_routines.py', 'ad12 DOSMA::tests/core/test_orientation.py', 'ad12 DOSMA::tests/core/test_quant_vals.py', 'ad12 DOSMA::tests/core/test_registration.py', 'ad12 DOSMA::tests/data_io/__init__.py', 'ad12 DOSMA::tests/data_io/test_io.py', 'ad12 DOSMA::tests/data_io/test_med_volume.py', 'ad12 DOSMA::tests/data_io/test_orientation.py', 'ad12 DOSMA::tests/models/__init__.py', 'ad12 DOSMA::tests/models/test_oaiunet2d.py', 'ad12 DOSMA::tests/models/test_stanford_qdess.py', 'ad12 DOSMA::tests/models/test_util.py', 'ad12 DOSMA::tests/scan_sequences/__init__.py', 'ad12 DOSMA::tests/scan_sequences/mri/__init__.py', 'ad12 DOSMA::tests/scan_sequences/mri/test_cones.py', 'ad12 DOSMA::tests/scan_sequences/mri/test_cubequant.py', 'ad12 DOSMA::tests/scan_sequences/mri/test_mapss.py', 'ad12 DOSMA::tests/scan_sequences/mri/test_qdess.py', 'ad12 DOSMA::tests/scan_sequences/test_cones.py', 'ad12 DOSMA::tests/scan_sequences/test_cubequant.py', 'ad12 DOSMA::tests/scan_sequences/test_mapss.py', 'ad12 DOSMA::tests/scan_sequences/test_qdess.py', 'ad12 DOSMA::tests/scan_sequences/test_scan_io.py', 'ad12 DOSMA::tests/scans/__init__.py', 'ad12 DOSMA::tests/scans/test_cubequant.py', 'ad12 DOSMA::tests/scans/test_qdess.py', 'ad12 DOSMA::tests/test_cmd_line.py', 'ad12 DOSMA::tests/test_file_constants.py', 'ad12 DOSMA::tests/test_io.py', 'ad12 DOSMA::tests/test_orientation.py', 'ad12 DOSMA::tests/test_pipeline.py', 'ad12 DOSMA::tests/test_preferences.py', 'ad12 DOSMA::tests/test_quant_vals.py', 'ad12 DOSMA::tests/tissues/test_tissue.py', 'ad12 DOSMA::tests/util.py', 'ad12 DOSMA::tests/utils/__init__.py', 'ad12 DOSMA::tests/utils/test_collect_env.py', 'ad12 DOSMA::tests/utils/test_device.py', 'ad12 DOSMA::tests/utils/test_env.py', 'ad12 DOSMA::tests/utils/test_fitting.py', 'ad12 DOSMA::tests/utils/test_io_utils.py', 'ad12 DOSMA::tests/utils/test_logger.py', 'ad12 DOSMA::tests/utils/test_registration.py', 'ad12 DOSMA::tissues/__init__.py', 'ad12 DOSMA::tissues/femoral_cartilage.py', 'ad12 DOSMA::tissues/meniscus.py', 'ad12 DOSMA::tissues/patellar_cartilage.py', 'ad12 DOSMA::tissues/tibial_cartilage.py', 'ad12 DOSMA::tissues/tissue.py', 'ad12 DOSMA::unit_tests/__init__.py', 'ad12 DOSMA::unit_tests/test_cubequant.py', 'ad12 DOSMA::unit_tests/test_io.py', 'ad12 DOSMA::unit_tests/test_orientation.py', 'ad12 DOSMA::unit_tests/test_pipeline.py', 'ad12 DOSMA::unit_tests/test_qdess.py', 'ad12 DOSMA::unit_tests/unittest_utils.py', 'ad12 DOSMA::utils.py', 'ad12 DOSMA::utils/__init__.py', 'ad12 DOSMA::utils/cmd_line_utils.py', 'ad12 DOSMA::utils/dess_utils.py', 'ad12 DOSMA::utils/dicom_utils.py', 'ad12 DOSMA::utils/fits.py', 'ad12 DOSMA::utils/geometry_utils.py', 'ad12 DOSMA::utils/im_utils.py', 'ad12 DOSMA::utils/img_utils.py', 'ad12 DOSMA::utils/io_utils.py', 'ad12 DOSMA::utils/quant_vals.py', 'ad12 DOSMA::utils/vis_utils.py']",573,52,1.0287253141831239,9385,1310,1493,3280,132,28878,13278,666,1259,0,13045,2368,0,355,2711,1013,0,52,66,13647,0,5527,650,0,2155,2933,102275,91481,0,0,0,1890,0,0,0,0,0,1070,0,0,0,0,0,0,0,573,0,83,0,83,B101B101B101B101B101B101B101B101B101B101B101B101B101B101B101B101B101B101B101B101B101B101B101B101B101B101B101B101B101B101B101B101B101B101B101B101B101B101B101B101B101B101B101B101B101B101B101B101B101B101B101B101B101B101B101B101B101B101B101B101B101B101B101B101B101B101B101B101B101B101B101B101B101B101B101B101B101B101B101B101B101B101B101
Arnab,SE-engineer,1,0,0,2,['gsurma text predictor'],,[],0,0,0.0,2,2,0,0,0,4,0,0,0,0,0,0,0,0,0,0,0,0,0,0,0,0,0,0,0,2,4,2,0,0,0,0,0,0,0,0,0,0,0,0,0,0,0,0,0,0,0,0,0,0,0
Ashish Gupta,Hybrid-engineer,0,0,1,6,['neo ai neo ai dlr'],24.0,"['neo ai neo ai dlr::container/inf1_mx_entry.py', 'neo ai neo ai dlr::container/inf1_pyt_entry.py', 'neo ai neo ai dlr::container/sagemaker-pytorch-inferentia-serving/setup.py', 'neo ai neo ai dlr::container/sagemaker-pytorch-inferentia-serving/src/sagemaker_pytorch_inferentia_serving_container/__init__.py', 'neo ai neo ai dlr::container/sagemaker-pytorch-inferentia-serving/src/sagemaker_pytorch_inferentia_serving_container/default_inference_handler.py', 'neo ai neo ai dlr::container/sagemaker-pytorch-inferentia-serving/src/sagemaker_pytorch_inferentia_serving_container/handler_service.py', 'neo ai neo ai dlr::container/sagemaker-pytorch-inferentia-serving/src/sagemaker_pytorch_inferentia_serving_container/serving.py', 'neo ai neo ai dlr::container/sagemaker-tensorflow-inferentia/build_artifacts/__init__.py', 'neo ai neo ai dlr::container/sagemaker-tensorflow-inferentia/build_artifacts/deep_learning_container.py', 'neo ai neo ai dlr::container/sagemaker-tensorflow-inferentia/build_artifacts/dockerd-entrypoint.py', 'neo ai neo ai dlr::container/sagemaker-tensorflow-inferentia/build_artifacts/sagemaker/__init__.py', 'neo ai neo ai dlr::container/sagemaker-tensorflow-inferentia/build_artifacts/sagemaker/multi_model_utils.py', 'neo ai neo ai dlr::container/sample-inf1/inf1_mx.py', 'neo ai neo ai dlr::container/sample-inf1/inf1_pt.py', 'neo ai neo ai dlr::container/sample-inf1/inf1_tf_handler.py', 'neo ai neo ai dlr::container/sample-inf1/inf1_tf_io_handler.py', 'neo ai neo ai dlr::python/dlr/neologger.py']",9,2,1.5,17,3,27,82,0,338,209,0,0,0,21,35,0,3,14,0,0,2,6,62,0,20,0,5,1,0,353,240,0,0,0,0,0,0,0,0,0,0,0,0,0,0,0,0,0,9,0,0,0,0,0
Austin T,SE-engineer,1,0,0,1,['JustGlowing minisom'],1.0,[],4,1,4.0,0,1,2,23,0,26,0,0,0,0,3,2,0,1,1,0,0,1,1,0,0,1,0,0,0,1,12,31,0,0,0,0,0,0,0,0,0,0,0,0,0,0,0,0,0,4,0,0,0,0,0
Bartosz Strzelecki,Hybrid-engineer,0,0,1,124,['IntelAI OpenVINO model server'],76.0,"['IntelAI OpenVINO model server::client/python/kserve-api/samples/grpc_async_infer_resnet.py', 'IntelAI OpenVINO model server::client/python/kserve-api/samples/http_async_infer_resnet.py', 'IntelAI OpenVINO model server::client/python/ovmsclient/lib/ovmsclient/custom/management_client.py', 'IntelAI OpenVINO model server::client/python/ovmsclient/samples/grpc_get_model_metadata.py', 'IntelAI OpenVINO model server::client/python/ovmsclient/samples/grpc_get_model_status.py', 'IntelAI OpenVINO model server::client/python/ovmsclient/samples/grpc_predict_binary_vehicle_detection.py', 'IntelAI OpenVINO model server::demos/benchmark/python/client_tfs.py', 'IntelAI OpenVINO model server::demos/common/stream_client/stream_client.py', 'IntelAI OpenVINO model server::demos/horizontal_text_detection/python/client.py', 'IntelAI OpenVINO model server::demos/horizontal_text_detection/python/rtsp_client.py', 'IntelAI OpenVINO model server::demos/horizontal_text_detection/python/stream_client.py', 'IntelAI OpenVINO model server::demos/image_classification/python/image_classification.py', 'IntelAI OpenVINO model server::demos/image_classification_using_tf_model/python/image_classification_using_tf_model.py', 'IntelAI OpenVINO model server::demos/llama_chat/python/client.py', 'IntelAI OpenVINO model server::demos/llama_chat/python/download_model.py', 'IntelAI OpenVINO model server::demos/mediapipe/holistic_tracking/rtsp_client.py', 'IntelAI OpenVINO model server::demos/mediapipe/iris_tracking/mediapipe_iris_tracking.py', 'IntelAI OpenVINO model server::demos/object_detection/python/object_detection.py', 'IntelAI OpenVINO model server::demos/person_vehicle_bike_detection/python/person_vehicle_bike_detection.py', 'IntelAI OpenVINO model server::demos/python_demos/llm_text_generation/client_unary.py', 'IntelAI OpenVINO model server::demos/python_demos/llm_text_generation/servable_unary/python_model/config.py', 'IntelAI OpenVINO model server::demos/python_demos/llm_text_generation/servable_unary/python_model/model.py', 'IntelAI OpenVINO model server::demos/real_time_stream_analysis/python/client.py', 'IntelAI OpenVINO model server::demos/real_time_stream_analysis/python/http_visualizer.py', 'IntelAI OpenVINO model server::demos/real_time_stream_analysis/python/inference_executor.py', 'IntelAI OpenVINO model server::demos/real_time_stream_analysis/python/inference_manager.py', 'IntelAI OpenVINO model server::demos/real_time_stream_analysis/python/inference_pipeline_handler.py', 'IntelAI OpenVINO model server::demos/real_time_stream_analysis/python/io_processor.py', 'IntelAI OpenVINO model server::demos/real_time_stream_analysis/python/logger.py', 'IntelAI OpenVINO model server::demos/real_time_stream_analysis/python/processing_supervisor.py', 'IntelAI OpenVINO model server::demos/real_time_stream_analysis/python/real_time_stream_analysis.py', 'IntelAI OpenVINO model server::demos/real_time_stream_analysis/python/stream_analyzer.py', 'IntelAI OpenVINO model server::demos/real_time_stream_analysis/python/stream_reader.py', 'IntelAI OpenVINO model server::demos/real_time_stream_analysis/python/use_cases/__init__.py', 'IntelAI OpenVINO model server::demos/real_time_stream_analysis/python/use_cases/person_vehicle_bike_detection/person_vehicle_bike_detection.py', 'IntelAI OpenVINO model server::demos/real_time_stream_analysis/python/use_cases/use_case.py', 'IntelAI OpenVINO model server::demos/real_time_stream_analysis/python/utils.py', 'IntelAI OpenVINO model server::demos/speech_recognition_with_kaldi_model/python/asr_demo/expand_ivectors.py', 'IntelAI OpenVINO model server::demos/speech_recognition_with_kaldi_model/python/grpc_stateful_client.py', 'IntelAI OpenVINO model server::demos/speech_recognition_with_kaldi_model/python/rest_stateful_client.py', 'IntelAI OpenVINO model server::demos/stable-diffusion/python/generate.py', 'IntelAI OpenVINO model server::demos/stable-diffusion/python/stable_diffusion.py', 'IntelAI OpenVINO model server::demos/stable-diffusion/python/text_encoder.py', 'IntelAI OpenVINO model server::demos/stable-diffusion/python/unet.py', 'IntelAI OpenVINO model server::demos/stable-diffusion/python/vae.py', 'IntelAI OpenVINO model server::src/test/mediapipe/python/scripts/relative_base_path.py']",182,49,1.467741935483871,1206,1735,3560,6180,753,19981,6547,452,1806,0,3546,10,0,446,4256,226,0,49,138,4367,0,17881,226,1130,1732,2646,64691,33937,0,0,0,0,0,0,0,0,0,0,0,0,0,0,0,0,0,182,0,0,0,0,0
Beata Szelag,SE-engineer,1,0,0,27,['IntelAI inference model manager'],58.0,"['IntelAI inference model manager::examples/grpc_client/grpc_client_utils.py', 'IntelAI inference model manager::management/management_api/logger.py', 'IntelAI inference model manager::management/management_api/routes.py', 'IntelAI inference model manager::management/management_api/servings/__init__.py', 'IntelAI inference model manager::management/management_api/servings/servings.py', 'IntelAI inference model manager::management/management_api/servings/servings_utils.py', 'IntelAI inference model manager::management/management_api/tenants.py', 'IntelAI inference model manager::management/management_api/utils/__init__.py', 'IntelAI inference model manager::management/management_api/utils/logger.py', 'IntelAI inference model manager::management/management_api/utils/routes.py', 'IntelAI inference model manager::tests/config.py', 'IntelAI inference model manager::tests/e2e_tests/__init__.py', 'IntelAI inference model manager::tests/e2e_tests/inference_endpoints/__init__.py', 'IntelAI inference model manager::tests/e2e_tests/minio_client.py', 'IntelAI inference model manager::tests/e2e_tests/tf_serving_utils/__init__.py', 'IntelAI inference model manager::tests/e2e_tests/tf_serving_utils/classes.py', 'IntelAI inference model manager::tests/e2e_tests/tf_serving_utils/endpoint_utils.py', 'IntelAI inference model manager::tests/e2e_tests/tf_serving_utils/load_numpy.py', 'IntelAI inference model manager::tests/management_api_tests/servings/__init__.py', 'IntelAI inference model manager::tests/management_api_tests/servings/test_servings.py', 'IntelAI inference model manager::tests/tfserving_tests/__init__.py', 'IntelAI inference model manager::tests/tfserving_tests/certificates/__init__.py', 'IntelAI inference model manager::tests/tfserving_tests/config.py', 'IntelAI inference model manager::tests/tfserving_tests/utils/__init__.py', 'IntelAI inference model manager::tests/tfserving_tests/utils/classes.py', 'IntelAI inference model manager::tests/tfserving_tests/utils/load_numpy.py']",12,5,0.4444444444444444,1442,23,162,528,0,2403,248,198,177,0,23,0,0,12,318,0,23,5,0,70,0,959,0,0,1,205,2137,1322,0,0,0,0,0,0,0,0,0,0,0,0,0,0,0,0,0,12,0,0,0,0,0
Birgit Jaekel,ML-engineer,0,1,0,8,['JustGlowing minisom'],,[],0,0,0.0,0,8,24,248,0,280,0,0,0,0,24,16,0,24,0,0,0,0,8,16,0,16,0,0,0,8,136,384,0,0,0,0,0,0,0,0,0,0,0,0,0,0,0,0,0,0,0,0,0,0,0
Blue Tyson,SE-engineer,1,0,0,4,['JustinGOSSES predictatops'],,[],0,0,0.0,20,40,44,208,0,472,160,0,0,0,4,0,0,4,16,0,0,0,0,8,0,356,4,0,16,20,756,192,0,0,48,32,4,0,0,0,0,36,0,0,0,0,0,0,0,0,0,0,0,0,0
Brandon Garcia,SE-engineer,1,0,0,7,['JustGlowing minisom'],1.0,[],0,0,0.0,0,7,43,217,0,274,7,0,0,0,21,21,0,21,0,0,0,0,7,14,0,61,0,0,5,7,166,481,0,0,0,0,0,0,0,0,0,0,0,0,0,0,0,0,0,0,0,0,0,0,0
Branko,SE-engineer,1,0,0,2,['breeko spypy'],,[],0,0,0.0,4,0,2,6,0,20,8,0,2,0,4,0,0,0,0,0,0,0,0,6,0,0,0,0,2,6,36,56,0,0,0,0,0,0,0,0,0,0,0,0,0,0,0,0,0,0,0,0,0,0,0
Branko Blagojevic,SE-engineer,1,0,0,16,['breeko spypy'],6.0,"['breeko spypy::convert.py', 'breeko spypy::detect.py', 'breeko spypy::model_configs.py', 'breeko spypy::summarize.py', 'breeko spypy::track.py', 'breeko spypy::yad2k_out.py']",18,12,1.125,32,0,0,64,0,144,48,0,10,0,32,0,0,0,0,0,0,12,0,28,0,0,0,0,16,30,234,432,0,0,0,0,0,0,0,0,0,0,0,0,0,0,0,0,0,18,0,0,0,0,0
Brannon Dorsey,ML-engineer,0,1,0,6,['phillipi pix2pix'],,[],0,0,0.0,0,0,0,6,0,6,0,0,0,0,0,0,0,0,0,0,0,0,0,0,0,0,0,0,0,0,12,0,0,0,0,0,0,0,0,0,0,0,0,0,0,0,0,0,0,0,0,0,0,0,0
Brendan Dolan Gavitt,SE-engineer,1,0,0,2,['PurduePAML TrojanNN'],,[],0,0,0.0,0,6,10,24,0,52,12,0,4,0,0,4,0,0,2,0,0,0,0,0,0,0,0,0,0,6,18,26,0,0,0,0,0,0,0,0,0,0,0,0,0,0,0,0,0,0,0,0,0,0,0
Brendan Dwyer,SE-engineer,1,0,0,77,"['IBM MAX Fast Neural Style Transfer', 'IBM MAX Inception ResNet v2', 'IBM MAX Review Text Generator', 'IBM MAX Scene Classifier', 'IBM MAX Weather Forecaster']",36.0,"['IBM MAX Fast Neural Style Transfer::api/metadata.py', 'IBM MAX Fast Neural Style Transfer::api/model.py', 'IBM MAX Fast Neural Style Transfer::api/predict.py', 'IBM MAX Fast Neural Style Transfer::app.py', 'IBM MAX Fast Neural Style Transfer::core/backend.py', 'IBM MAX Fast Neural Style Transfer::tests/test.py', 'IBM MAX Inception ResNet v2::api/metadata.py', 'IBM MAX Inception ResNet v2::api/model.py', 'IBM MAX Inception ResNet v2::api/predict.py', 'IBM MAX Inception ResNet v2::app.py', 'IBM MAX Inception ResNet v2::config.py', 'IBM MAX Inception ResNet v2::core/backend.py', 'IBM MAX Inception ResNet v2::tests/test.py', 'IBM MAX Review Text Generator::api/metadata.py', 'IBM MAX Review Text Generator::api/model.py', 'IBM MAX Review Text Generator::api/predict.py', 'IBM MAX Review Text Generator::app.py', 'IBM MAX Review Text Generator::core/model.py', 'IBM MAX Review Text Generator::tests/test.py', 'IBM MAX Weather Forecaster::api/__init__.py', 'IBM MAX Weather Forecaster::api/metadata.py', 'IBM MAX Weather Forecaster::api/predict.py', 'IBM MAX Weather Forecaster::core/__init__.py', 'IBM MAX Weather Forecaster::core/model.py', 'IBM MAX Weather Forecaster::tests/test.py']",22,11,0.2857142857142857,0,22,0,110,0,449,317,0,78,0,0,5,0,0,35,0,0,11,0,0,0,0,0,0,0,0,265,2093,0,0,0,0,0,0,0,0,0,0,0,0,0,0,26,0,0,22,0,0,0,0,0
Burak Kakillioglu,SE-engineer,1,0,0,1,['liuxinhai Point2Sequence'],,[],0,0,0.0,0,0,14,5,0,29,10,0,0,0,0,0,0,0,3,0,0,0,0,2,0,3,0,0,0,13,66,62,0,1,0,0,0,0,0,0,0,0,13,0,0,0,0,0,0,0,0,0,0,0,0
Capuccino,SE-engineer,1,0,0,11,['ClarityCafe Ivy'],2.0,"['ClarityCafe Ivy::routes/chatbot.py', 'ClarityCafe Ivy::setup.py']",3,2,0.2727272727272727,11,0,0,22,0,33,0,0,0,0,33,11,0,0,22,0,0,2,0,0,0,0,0,0,0,0,33,11,0,0,0,0,0,0,0,0,0,0,0,0,0,0,0,0,0,3,0,0,0,0,0
ChenWY,SE-engineer,1,0,0,6,['IXarea LittleGAN'],6.0,[],5,1,0.8333333333333334,13,1,6,4,0,24,0,0,0,0,13,0,0,0,0,0,0,1,0,6,0,0,0,0,7,3,99,446,0,0,0,0,0,0,0,0,0,0,0,0,0,0,0,0,0,5,0,0,0,0,0
Clement Joudet,Hybrid-engineer,0,0,1,77,['clemkoa tooth detection'],11.0,"['clemkoa tooth detection::data_analysis.py', 'clemkoa tooth detection::data_preprocessing.py', 'clemkoa tooth detection::generate_crops.py', 'clemkoa tooth detection::image_preprocessing.py', 'clemkoa tooth detection::inference.py', 'clemkoa tooth detection::scripts/merge_datasets.py', 'clemkoa tooth detection::scripts/vott.py', 'clemkoa tooth detection::tooth_number_classification/data_analysis.py', 'clemkoa tooth detection::tooth_number_classification/train.py', 'clemkoa tooth detection::train.py', 'clemkoa tooth detection::vott.py']",0,0,0.0,0,0,195,302,0,981,484,0,0,0,0,0,0,0,0,0,0,0,0,7,0,0,0,0,0,77,671,1736,0,0,0,0,0,0,0,0,0,0,0,0,0,0,0,0,0,0,0,0,0,0,0
Curtis G Northcutt,SE-engineer,1,0,0,28,['cgnorthcutt benchmarking keras pytorch'],1.0,[],2,2,0.07142857142857142,0,0,0,0,0,0,0,0,0,0,0,0,0,0,0,0,0,2,0,15,0,0,0,0,0,0,255,120,0,0,0,0,0,0,0,0,0,0,0,0,0,0,0,0,0,2,0,0,0,0,0
Curtis Northcutt,SE-engineer,1,0,0,1,['cgnorthcutt benchmarking keras pytorch'],1.0,[],0,0,0.0,0,0,0,0,0,0,0,0,0,0,0,0,0,0,0,0,0,0,0,1,0,0,0,0,0,0,17,8,0,0,0,0,0,0,0,0,0,0,0,0,0,0,0,0,0,0,0,0,0,0,0
Cybulska Natalia,SE-engineer,1,0,0,20,['IntelAI OpenVINO model server'],35.0,"['IntelAI OpenVINO model server::tests/functional/command_wrappers/__init__.py', 'IntelAI OpenVINO model server::tests/functional/command_wrappers/server.py', 'IntelAI OpenVINO model server::tests/functional/fixtures/model_conversion_fixtures.py', 'IntelAI OpenVINO model server::tests/functional/fixtures/model_download_fixtures.py', 'IntelAI OpenVINO model server::tests/functional/fixtures/server_detection_model_fixtures.py', 'IntelAI OpenVINO model server::tests/functional/fixtures/server_for_update_fixtures.py', 'IntelAI OpenVINO model server::tests/functional/fixtures/server_local_models_fixtures.py', 'IntelAI OpenVINO model server::tests/functional/fixtures/server_multi_model_fixtures.py', 'IntelAI OpenVINO model server::tests/functional/fixtures/server_remote_models_fixtures.py', 'IntelAI OpenVINO model server::tests/functional/fixtures/server_with_batching_fixtures.py', 'IntelAI OpenVINO model server::tests/functional/fixtures/server_with_version_policy_fixtures.py', 'IntelAI OpenVINO model server::tests/functional/object_model/minio_docker.py', 'IntelAI OpenVINO model server::tests/functional/object_model/ovms_docker.py', 'IntelAI OpenVINO model server::tests/functional/utils/logger.py', 'IntelAI OpenVINO model server::tests/functional/utils/model_management.py', 'IntelAI OpenVINO model server::tests/functional/utils/parametrization.py', 'IntelAI OpenVINO model server::tests/functional/utils/server.py']",0,0,0.0,0,0,136,10,0,216,70,14,151,0,49,0,0,0,251,0,0,0,13,70,0,858,0,0,81,183,2061,2460,0,0,0,0,0,0,0,0,0,0,0,0,0,0,0,0,0,0,0,0,0,0,0
Damian Kalinowski,SE-engineer,1,0,0,473,['IntelAI OpenVINO model server'],158.0,"['IntelAI OpenVINO model server::client/python/lib/ovmsclient/custom/__init__.py', 'IntelAI OpenVINO model server::client/python/lib/ovmsclient/custom/management_client.py', 'IntelAI OpenVINO model server::client/python/lib/ovmsclient/tfs_compat/__init__.py', 'IntelAI OpenVINO model server::client/python/lib/ovmsclient/tfs_compat/base/__init__.py', 'IntelAI OpenVINO model server::client/python/lib/ovmsclient/tfs_compat/grpc/__init__.py', 'IntelAI OpenVINO model server::client/python/lib/ovmsclient/tfs_compat/http/__init__.py', 'IntelAI OpenVINO model server::client/python/lib/ovmsclient/util/__init__.py', 'IntelAI OpenVINO model server::client/python/lib/tests/test_grpc_requests.py', 'IntelAI OpenVINO model server::client/python/lib/tests/test_grpc_responses.py', 'IntelAI OpenVINO model server::client/python/lib/tests/test_grpc_serving_client.py', 'IntelAI OpenVINO model server::client/python/lib/tests/test_tensors.py', 'IntelAI OpenVINO model server::client/python/samples/imagenet_classes.py', 'IntelAI OpenVINO model server::client/python/samples/utils/resnet_utils.py', 'IntelAI OpenVINO model server::client/python/samples/utils/vehicle_utils.py', 'IntelAI OpenVINO model server::client/python/tensorflow-serving-api/samples/grpc_predict_resnet.py', 'IntelAI OpenVINO model server::demos/classification_using_paddlepaddle_model/python/classification_using_paddlepaddle_model.py', 'IntelAI OpenVINO model server::demos/classification_using_paddlepaddle_model/python/download_model.py', 'IntelAI OpenVINO model server::demos/continuous_batching/openai_client.py', 'IntelAI OpenVINO model server::demos/embeddings/compare_results.py', 'IntelAI OpenVINO model server::demos/gptj_causal_lm/python/app.py', 'IntelAI OpenVINO model server::demos/gptj_causal_lm/python/dag_client.py', 'IntelAI OpenVINO model server::demos/gptj_causal_lm/python/download_model.py', 'IntelAI OpenVINO model server::demos/gptj_causal_lm/python/infer_ovms.py', 'IntelAI OpenVINO model server::demos/gptj_causal_lm/python/infer_torch.py', 'IntelAI OpenVINO model server::demos/image_classification_using_tf_model/python/image_classification_using_tf_model.py', 'IntelAI OpenVINO model server::demos/llama_chat/python/client.py', 'IntelAI OpenVINO model server::demos/llama_chat/python/download_model.py', 'IntelAI OpenVINO model server::demos/python_demos/llm_python_backend/client.py', 'IntelAI OpenVINO model server::demos/python_demos/llm_python_backend/download_model.py', 'IntelAI OpenVINO model server::demos/python_demos/llm_python_backend/servable/config.py', 'IntelAI OpenVINO model server::demos/python_demos/llm_python_backend/servable/model.py', 'IntelAI OpenVINO model server::demos/python_demos/llm_text_generation/client_unary.py', 'IntelAI OpenVINO model server::demos/python_demos/llm_text_generation/servable_stream/config.py', 'IntelAI OpenVINO model server::demos/python_demos/llm_text_generation/servable_stream/model.py', 'IntelAI OpenVINO model server::demos/python_demos/llm_text_generation/servable_unary/config.py', 'IntelAI OpenVINO model server::demos/python_demos/llm_text_generation/servable_unary/model.py', 'IntelAI OpenVINO model server::demos/python_demos/llm_text_generation/utils.py', 'IntelAI OpenVINO model server::demos/python_demos/rag_chatbot/app.py', 'IntelAI OpenVINO model server::demos/python_demos/rag_chatbot/converter.py', 'IntelAI OpenVINO model server::demos/python_demos/rag_chatbot/servable_stream/config.py', 'IntelAI OpenVINO model server::demos/python_demos/rag_chatbot/servable_stream/ov_llm_model.py', 'IntelAI OpenVINO model server::demos/python_demos/rag_chatbot/streamer.py', 'IntelAI OpenVINO model server::demos/segmentation_using_paddlepaddle_model/python/segmentation_using_paddlepaddle_model.py', 'IntelAI OpenVINO model server::demos/speech_recognition_with_kaldi_model/python/asr_demo/live-demo.py', 'IntelAI OpenVINO model server::example_client/camera_client.py', 'IntelAI OpenVINO model server::example_client/east_ocr_client.py', 'IntelAI OpenVINO model server::example_client/faces_analysis_pipeline_client.py', 'IntelAI OpenVINO model server::example_client/image_transformation_client.py', 'IntelAI OpenVINO model server::lib_search.py', 'IntelAI OpenVINO model server::src/test/mediapipe/python/scripts/symmetric_increment_by_2.py', 'IntelAI OpenVINO model server::tests/functional/fixtures/test_files_fixtures.py', 'IntelAI OpenVINO model server::tests/functional/object_model/ovms_binary.py', 'IntelAI OpenVINO model server::tests/functional/utils/logger.py', 'IntelAI OpenVINO model server::tests/functional/utils/other.py', 'IntelAI OpenVINO model server::tests/functional/utils/port_manager.py', 'IntelAI OpenVINO model server::tests/models/argmax_sum.py']",854,145,1.8054968287526427,4387,6441,11729,20738,1741,64676,19640,1387,6643,0,11234,65,0,1261,14292,753,0,145,485,13827,0,58217,538,3537,5762,8899,211333,107670,0,0,0,0,0,0,0,0,0,0,0,0,0,0,0,0,0,854,0,0,0,0,0
Damien Garaud,SE-engineer,1,0,0,90,['Oslandia osm data classification'],32.0,"['Oslandia osm data classification::osmdq/process-changesets-user-history.py', 'Oslandia osm data classification::src/analysis_task.py', 'Oslandia osm data classification::src/count-chageset-by-user.py', 'Oslandia osm data classification::src/count-changeset-by-user.py', 'Oslandia osm data classification::src/extract-changesets.py', 'Oslandia osm data classification::src/extract-user-editor.py', 'Oslandia osm data classification::src/extract_user_editor.py', 'Oslandia osm data classification::src/process-changesets-user-history.py']",11,7,0.12222222222222222,1,255,769,3740,0,5616,851,0,0,0,0,0,0,93,135,0,0,7,0,228,0,10,0,0,36,311,6827,2427,0,0,0,2435,24,0,0,0,0,4233,0,0,0,0,0,0,86,11,0,0,0,0,0
Dan Alberto Rosa De Jes s,SE-engineer,1,0,0,1,['JustGlowing minisom'],1.0,[],0,0,0.0,0,1,3,33,0,37,0,0,0,0,3,2,0,3,0,0,0,0,1,2,0,3,0,0,0,1,17,48,0,0,0,0,0,0,0,0,0,0,0,0,0,0,0,0,0,0,0,0,0,0,0
Daniel Dugovic,ML-engineer,0,1,0,4,['clarkerubber irwin'],2.0,[],0,0,0.0,8,4,0,52,0,76,12,8,4,0,4,0,0,0,12,0,0,0,0,16,0,0,0,0,4,0,116,387,0,0,0,0,0,0,0,0,4,0,0,0,0,0,0,0,0,0,0,0,0,0,0
Daniel Jalova,SE-engineer,1,0,0,6,"['IBM MAX Fast Neural Style Transfer', 'IBM MAX Inception ResNet v2', 'IBM MAX Review Text Generator', 'IBM MAX Scene Classifier']",,[],0,0,0.0,0,6,0,10,0,44,28,0,6,0,0,1,0,0,5,0,0,0,0,0,0,0,0,0,0,0,20,167,0,0,0,0,0,0,0,0,0,0,0,0,0,0,4,0,0,0,0,0,0,0,0
Daniel Stancl,SE-engineer,1,0,0,2,['Tiiiger bert score'],1.0,[],0,0,0.0,0,0,0,28,0,32,4,4,0,0,8,0,0,0,4,0,0,0,0,20,0,2,0,0,6,14,128,36,0,0,4,14,0,0,0,0,0,0,0,0,0,0,0,0,0,0,0,0,0,0,0
Daniel Voigt Godoy,ML-engineer,0,1,0,21,['dvgodoy deepreplay'],16.0,"['dvgodoy deepreplay::deepreplay/datasets/hypercube.py', 'dvgodoy deepreplay::examples/part2_weight_initializers.py']",0,0,0.0,8,9,16,117,76,441,215,0,0,0,33,38,0,3,41,0,0,0,0,14,0,11,0,0,8,26,522,299,0,0,0,3,18,0,0,0,46,3,0,0,0,0,0,0,0,0,0,0,0,0,0
Dar o Here,SE-engineer,1,0,0,3,"['IBM MAX Scene Classifier', 'IBM MAX Weather Forecaster', 'subodh malgonde vehicle detection']",,[],1,1,0.3333333333333333,0,4,1,1,0,12,6,0,2,0,0,0,0,0,2,0,0,1,0,0,0,0,0,0,0,0,8,54,0,0,0,0,0,0,0,0,0,0,0,0,0,0,1,0,0,1,0,0,0,0,0
Dariusz Szyfelbein,SE-engineer,1,0,0,2,['IntelAI OpenVINO model server'],4.0,[],0,0,0.0,0,0,11,0,0,20,9,3,16,0,0,0,0,0,28,0,0,0,1,6,0,96,0,0,8,26,189,170,0,0,0,0,0,0,0,0,0,0,0,0,0,0,0,0,0,0,0,0,0,0,0
Dariusz Trawinski,SE-engineer,1,0,0,21,['IntelAI OpenVINO model server'],3.0,[],1,1,0.047619047619047616,32,14,298,128,35,890,383,37,227,0,183,0,0,23,350,12,0,1,19,336,0,1488,10,60,178,256,5402,2744,0,0,0,0,0,0,0,0,0,0,0,0,0,0,0,0,0,1,0,0,0,0,0
David Pascual Hern ndez,Hybrid-engineer,0,0,1,46,['JdeRobot DetectionSuite'],107.0,"['JdeRobot DetectionSuite::DetectionMetrics/DetectionMetricsLib/python_modules/keras_detect.py', 'JdeRobot DetectionSuite::DetectionMetrics/DetectionMetricsLib/python_modules/keras_utils/__init__.py', 'JdeRobot DetectionSuite::DetectionMetrics/DetectionMetricsLib/python_modules/keras_utils/bounding_box_utils.py', 'JdeRobot DetectionSuite::DetectionMetrics/DetectionMetricsLib/python_modules/keras_utils/keras_layer_AnchorBoxes.py', 'JdeRobot DetectionSuite::DetectionMetrics/DetectionMetricsLib/python_modules/keras_utils/keras_layer_DecodeDetections.py', 'JdeRobot DetectionSuite::DetectionMetrics/DetectionMetricsLib/python_modules/keras_utils/keras_layer_L2Normalization.py', 'JdeRobot DetectionSuite::DetectionMetrics/DetectionMetricsLib/python_modules/keras_utils/keras_ssd_loss.py', 'JdeRobot DetectionSuite::DetectionMetrics/DetectionMetricsLib/python_modules/pytorch_detect.py', 'JdeRobot DetectionSuite::DetectionMetrics/DetectionMetricsLib/python_modules/tensorflow_detect.py', 'JdeRobot DetectionSuite::datasetGenerator/generator.py', 'JdeRobot DetectionSuite::datasetGenerator/loadImage.py', 'JdeRobot DetectionSuite::detectionmetrics/__init__.py', 'JdeRobot DetectionSuite::detectionmetrics/cli/__init__.py', 'JdeRobot DetectionSuite::detectionmetrics/cli/batch.py', 'JdeRobot DetectionSuite::detectionmetrics/cli/computational_cost.py', 'JdeRobot DetectionSuite::detectionmetrics/cli/evaluate.py', 'JdeRobot DetectionSuite::detectionmetrics/datasets/__init__.py', 'JdeRobot DetectionSuite::detectionmetrics/datasets/dataset.py', 'JdeRobot DetectionSuite::detectionmetrics/datasets/gaia.py', 'JdeRobot DetectionSuite::detectionmetrics/datasets/generic.py', 'JdeRobot DetectionSuite::detectionmetrics/datasets/goose.py', 'JdeRobot DetectionSuite::detectionmetrics/datasets/rellis3d.py', 'JdeRobot DetectionSuite::detectionmetrics/datasets/rugd.py', 'JdeRobot DetectionSuite::detectionmetrics/datasets/wildscenes.py', 'JdeRobot DetectionSuite::detectionmetrics/datasets/yolo.py', 'JdeRobot DetectionSuite::detectionmetrics/models/__init__.py', 'JdeRobot DetectionSuite::detectionmetrics/models/model.py', 'JdeRobot DetectionSuite::detectionmetrics/models/onnx.py', 'JdeRobot DetectionSuite::detectionmetrics/models/perception.py', 'JdeRobot DetectionSuite::detectionmetrics/models/tensorflow.py', 'JdeRobot DetectionSuite::detectionmetrics/models/torch.py', 'JdeRobot DetectionSuite::detectionmetrics/models/torch_model_utils/__init__.py', 'JdeRobot DetectionSuite::detectionmetrics/models/torch_model_utils/o3d_kpconv.py', 'JdeRobot DetectionSuite::detectionmetrics/models/torch_model_utils/o3d_randlanet.py', 'JdeRobot DetectionSuite::detectionmetrics/models/utils/torchvision.py', 'JdeRobot DetectionSuite::detectionmetrics/utils/__init__.py', 'JdeRobot DetectionSuite::detectionmetrics/utils/conversion.py', 'JdeRobot DetectionSuite::detectionmetrics/utils/io.py', 'JdeRobot DetectionSuite::detectionmetrics/utils/metrics.py', 'JdeRobot DetectionSuite::detectionmetrics/utils/segmentation_metrics.py', 'JdeRobot DetectionSuite::docs/py_docs/conf.py', 'JdeRobot DetectionSuite::examples/convert_dataset_ontology.py', 'JdeRobot DetectionSuite::examples/gaia.py', 'JdeRobot DetectionSuite::examples/gaia_example.py', 'JdeRobot DetectionSuite::examples/gaia_image.py', 'JdeRobot DetectionSuite::examples/gaia_lidar.py', 'JdeRobot DetectionSuite::examples/gaia_lidar_example.py', 'JdeRobot DetectionSuite::examples/generic.py', 'JdeRobot DetectionSuite::examples/generic_example.py', 'JdeRobot DetectionSuite::examples/generic_image.py', 'JdeRobot DetectionSuite::examples/goose.py', 'JdeRobot DetectionSuite::examples/goose_example.py', 'JdeRobot DetectionSuite::examples/goose_image.py', 'JdeRobot DetectionSuite::examples/goose_lidar.py', 'JdeRobot DetectionSuite::examples/merge_datasets.py', 'JdeRobot DetectionSuite::examples/merge_datasets_example.py', 'JdeRobot DetectionSuite::examples/rellis3d.py', 'JdeRobot DetectionSuite::examples/rellis3d_example.py', 'JdeRobot DetectionSuite::examples/rellis3d_image.py', 'JdeRobot DetectionSuite::examples/rellis3d_lidar.py', 'JdeRobot DetectionSuite::examples/rugd_image.py', 'JdeRobot DetectionSuite::examples/store_image_video.py', 'JdeRobot DetectionSuite::examples/store_lidar_video.py', 'JdeRobot DetectionSuite::examples/tensorflow.py', 'JdeRobot DetectionSuite::examples/tensorflow_computational_cost.py', 'JdeRobot DetectionSuite::examples/tensorflow_computational_cost_example.py', 'JdeRobot DetectionSuite::examples/tensorflow_example.py', 'JdeRobot DetectionSuite::examples/tensorflow_image.py', 'JdeRobot DetectionSuite::examples/torch.py', 'JdeRobot DetectionSuite::examples/torch_computational_cost.py', 'JdeRobot DetectionSuite::examples/torch_example.py', 'JdeRobot DetectionSuite::examples/torch_image.py', 'JdeRobot DetectionSuite::examples/torch_lidar.py', 'JdeRobot DetectionSuite::examples/torch_lidar_computational_cost.py', 'JdeRobot DetectionSuite::examples/torch_lidar_example.py', 'JdeRobot DetectionSuite::examples/torch_native.py', 'JdeRobot DetectionSuite::examples/torch_native_example.py', 'JdeRobot DetectionSuite::examples/torch_native_image.py', 'JdeRobot DetectionSuite::examples/wildscenes_image.py', 'JdeRobot DetectionSuite::py_docs/conf.py', 'JdeRobot DetectionSuite::sampleGenerator/simpleSampleGenerator/main.py', 'JdeRobot DetectionSuite::sampleGenerator/simpleSampleGenerator/sampleGenerator/__init__.py', 'JdeRobot DetectionSuite::sampleGenerator/simpleSampleGenerator/sampleGenerator/sample.py', 'JdeRobot DetectionSuite::tests/__init__.py', 'JdeRobot DetectionSuite::tests/test_lidar.py', 'JdeRobot DetectionSuite::tests/test_metrics.py']",0,0,0.0,168,60,12,203,0,1101,658,0,44,0,18,298,0,0,174,19,0,0,69,610,0,375,44,0,310,389,6494,3023,0,0,0,224,101,0,0,0,0,30,4,0,0,0,0,0,27,0,0,0,0,0,0
David Speck,Hybrid-engineer,0,0,1,24,['kimhc6028 relational networks'],3.0,[],4,2,0.16666666666666666,0,0,0,96,0,120,24,0,0,0,0,0,0,0,0,0,0,2,13,48,0,0,0,0,31,0,161,931,0,0,0,0,0,0,0,0,0,0,0,0,0,0,0,0,0,4,0,0,0,0,0
Dex D Hunter,SE-engineer,1,0,0,2,['phillipi pix2pix'],1.0,[],0,0,0.0,0,0,0,6,0,8,2,0,0,0,0,0,0,0,0,0,0,0,0,0,0,0,0,0,0,0,8,0,0,0,0,0,0,0,0,0,0,0,0,0,0,0,0,0,0,0,0,0,0,0,0
Dhruv Awasthi,SE-engineer,1,0,0,1,['clemkoa tooth detection'],,[],0,0,0.0,0,0,2,6,0,17,9,0,0,0,0,0,0,0,0,0,0,0,0,1,0,0,0,0,0,2,10,10,0,0,0,0,0,0,0,0,0,0,0,0,0,0,0,0,0,0,0,0,0,0,0
Dinesh Raghu,ML-engineer,0,1,0,27,['dair iitd BossNet'],10.0,"['dair iitd BossNet::data_utils.py', 'dair iitd BossNet::memn2n/__init__.py', 'dair iitd BossNet::memn2n/memn2n_dialog_generator.py', 'dair iitd BossNet::single_dialog.py', 'dair iitd BossNet::src/memn2n/__init__.py']",57,11,2.111111111111111,201,0,65,317,34,863,246,0,0,0,86,4,0,18,19,0,0,11,18,277,0,71,37,0,117,194,1814,1124,0,0,0,0,0,0,0,0,0,0,0,0,0,0,0,0,0,57,0,0,0,0,0
Divter,SE-engineer,1,0,0,8,['alvarowolfx gcloud iot edge tensorflow'],,[],3,2,0.375,0,0,0,0,0,0,0,0,0,0,0,0,0,0,0,0,0,2,0,0,0,0,0,0,0,0,0,0,0,0,0,0,0,0,0,0,0,0,0,0,0,0,0,0,0,3,0,0,0,0,0
Doctorado,SE-engineer,1,0,0,1,['JdeRobot DetectionSuite'],,[],0,0,0.0,6,4,6,18,0,56,22,0,0,0,2,1,0,0,0,0,0,0,0,7,0,0,0,0,3,2,45,140,0,0,0,0,0,0,0,0,0,0,2,0,0,0,0,0,0,0,0,0,0,0,0
Dominik Schl sser,SE-engineer,1,0,0,189,['domschl tensor poet'],1.0,['domschl tensor poet::apple_poet.py'],119,20,0.6296296296296297,0,0,0,30,0,36,6,0,0,0,0,0,0,0,0,0,0,20,0,12,0,0,0,0,6,6,30,24,0,0,0,0,0,0,0,0,0,0,0,0,0,0,0,0,0,119,0,0,0,0,0
Dominik Schloesser,ML-engineer,0,1,0,64,['domschl tensor poet'],,[],14,7,0.21875,0,0,0,0,0,0,0,0,0,0,0,0,0,0,0,0,0,7,0,0,0,0,0,0,0,0,0,0,0,0,0,0,0,0,0,0,0,0,0,0,0,0,0,0,0,14,0,0,0,0,0
Doug Morrison,SE-engineer,1,0,0,80,['dougsm mvp grasp'],50.0,"['dougsm mvp grasp::dougsm_helpers/scripts/test_build.py', 'dougsm mvp grasp::dougsm_helpers/setup.py', 'dougsm mvp grasp::dougsm_helpers/src/dougsm_helpers/__init__.py', 'dougsm mvp grasp::dougsm_helpers/src/dougsm_helpers/gridshow.py', 'dougsm mvp grasp::dougsm_helpers/src/dougsm_helpers/ros_control.py', 'dougsm mvp grasp::dougsm_helpers/src/dougsm_helpers/tf_helpers.py', 'dougsm mvp grasp::dougsm_helpers/src/dougsm_helpers/timeit.py', 'dougsm mvp grasp::franka_control_wrappers/ros_nodes/ap_grasping.py', 'dougsm mvp grasp::franka_control_wrappers/ros_nodes/ap_grasping_velo.py', 'dougsm mvp grasp::franka_control_wrappers/ros_nodes/panda_open_loop_grasp.py', 'dougsm mvp grasp::franka_control_wrappers/ros_nodes/set_panda_defaults.py', 'dougsm mvp grasp::franka_control_wrappers/ros_nodes/test_panda_commander.py', 'dougsm mvp grasp::franka_control_wrappers/scripts/ap_grasping.py', 'dougsm mvp grasp::franka_control_wrappers/scripts/panda_open_loop_grasp.py', 'dougsm mvp grasp::franka_control_wrappers/scripts/test_panda_commander.py', 'dougsm mvp grasp::franka_control_wrappers/setup.py', 'dougsm mvp grasp::franka_control_wrappers/src/franka_control_wrappers/__init__.py', 'dougsm mvp grasp::franka_control_wrappers/src/franka_control_wrappers/panda_commander.py', 'dougsm mvp grasp::ggcnn/ros_nodes/active_grasp.py', 'dougsm mvp grasp::ggcnn/ros_nodes/ggcnn_predict_rt.py', 'dougsm mvp grasp::ggcnn/ros_nodes/ggcnn_service.py', 'dougsm mvp grasp::ggcnn/ros_nodes/panda_active_grasp.py', 'dougsm mvp grasp::ggcnn/ros_nodes/panda_open_loop_grasp.py', 'dougsm mvp grasp::ggcnn/ros_nodes/panda_open_loop_grasp_singulated.py', 'dougsm mvp grasp::ggcnn/setup.py', 'dougsm mvp grasp::ggcnn/src/ggcnn/__init__.py', 'dougsm mvp grasp::ggcnn/src/ggcnn/aegrasp.py', 'dougsm mvp grasp::ggcnn/src/ggcnn/ggcnn.py', 'dougsm mvp grasp::ggcnn/src/ggcnn/ggcnn_torch.py', 'dougsm mvp grasp::ggcnn/src/ggcnn/grasp.py', 'dougsm mvp grasp::ggcnn/src/ggcnn/grasp_stats.py', 'dougsm mvp grasp::ggcnn/src/ggcnn/gridshow.py', 'dougsm mvp grasp::ggcnn/src/ggcnn/heightmap.py', 'dougsm mvp grasp::ggcnn/src/ggcnn/models/__init__.py', 'dougsm mvp grasp::ggcnn/src/ggcnn/models/ggcnn_large.py', 'dougsm mvp grasp::ggcnn/src/ggcnn/renderer.py', 'dougsm mvp grasp::mvp_grasping/ros_nodes/ap_grasping.py', 'dougsm mvp grasp::mvp_grasping/ros_nodes/ap_grasping_baseline.py', 'dougsm mvp grasp::mvp_grasping/ros_nodes/ap_grasping_velo.py', 'dougsm mvp grasp::mvp_grasping/ros_nodes/ap_grasping_velo_singulated.py', 'dougsm mvp grasp::mvp_grasping/ros_nodes/grasp_entropy_node.py', 'dougsm mvp grasp::mvp_grasping/ros_nodes/panda_fixed_baseline_grasp.py', 'dougsm mvp grasp::mvp_grasping/ros_nodes/panda_mvp_grasp.py', 'dougsm mvp grasp::mvp_grasping/ros_nodes/panda_open_loop_grasp.py', 'dougsm mvp grasp::mvp_grasping/setup.py', 'dougsm mvp grasp::mvp_grasping/src/mvp_grasping/__init__.py', 'dougsm mvp grasp::mvp_grasping/src/mvp_grasping/grasp_stats.py', 'dougsm mvp grasp::mvp_grasping/src/mvp_grasping/gridworld.py', 'dougsm mvp grasp::mvp_grasping/src/mvp_grasping/panda_base_grasping_controller.py', 'dougsm mvp grasp::mvp_grasping/src/mvp_grasping/renderer.py']",8,6,0.1,1284,7,567,1605,84,4346,799,0,0,0,104,217,0,14,154,0,0,6,8,229,0,118,77,252,158,220,2615,9186,0,0,0,0,0,0,0,0,0,0,258,0,0,0,0,0,0,8,0,0,0,0,0
Edgar Simo Serra,Hybrid-engineer,0,0,1,13,['bobbens sketch simplification'],1.0,['bobbens sketch simplification::simplify.py'],0,1,0.0,0,0,0,0,0,0,0,0,0,0,0,0,0,0,0,0,0,1,0,0,0,0,0,0,0,0,0,0,0,0,0,0,0,0,0,0,0,0,0,0,0,0,0,0,0,0,0,0,0,0,0
Edward Leardi,SE-engineer,1,0,0,1,['IBM MAX Weather Forecaster'],2.0,[],5,1,5.0,0,0,0,2,0,4,2,0,1,0,0,0,0,0,0,0,0,1,0,0,0,0,0,0,0,0,4,64,0,0,0,0,0,0,0,0,0,0,0,0,0,0,0,0,0,5,0,0,0,0,0
Elad,ML-engineer,0,1,0,74,['tech srl code2vec'],16.0,"['tech srl code2vec::code2vec.py', 'tech srl code2vec::common.py', 'tech srl code2vec::config.py', 'tech srl code2vec::keras_attention_layer.py', 'tech srl code2vec::keras_checkpoint_saver_callback.py', 'tech srl code2vec::keras_model.py', 'tech srl code2vec::keras_topk_word_predictions_layer.py', 'tech srl code2vec::keras_word_prediction_layer.py', 'tech srl code2vec::keras_words_subtoken_metrics.py', 'tech srl code2vec::model_base.py', 'tech srl code2vec::path_context_reader.py', 'tech srl code2vec::tensorflow_model.py', 'tech srl code2vec::vocabularies.py']",124,20,1.6756756756756757,225,0,0,1563,201,2309,320,0,4,0,130,62,0,44,186,108,0,20,71,457,0,1665,62,0,43,197,8526,2922,0,0,0,0,0,0,0,0,0,0,0,0,0,0,0,0,0,124,0,5,0,5,B101B101B101B101B101
Elad Nachmias,SE-engineer,1,0,0,1,['tech srl code2vec'],,[],1,1,1.0,6,0,0,30,5,43,2,0,1,0,3,0,0,2,3,2,0,1,1,7,0,42,2,0,1,3,148,46,0,0,0,0,0,0,0,0,0,0,0,0,0,0,0,0,0,1,0,0,0,0,0
Eran Yahav,SE-engineer,1,0,0,1,['tech srl code2vec'],,[],0,1,0.0,0,0,1,8,0,14,5,0,0,0,0,0,0,0,1,0,0,1,0,5,0,2,0,0,0,2,69,25,0,0,0,0,0,0,0,0,0,0,0,0,0,0,0,0,0,0,0,0,0,0,0
Eric Mueller,SE-engineer,1,0,0,69,['TIBHannover GeoEstimation'],11.0,"['TIBHannover GeoEstimation::cnn_architectures/__init__.py', 'TIBHannover GeoEstimation::cnn_architectures/cnn_model.py', 'TIBHannover GeoEstimation::cnn_architectures/resnet_utils.py', 'TIBHannover GeoEstimation::cnn_architectures/resnet_v2.py', 'TIBHannover GeoEstimation::cnn_architectures/vgg.py', 'TIBHannover GeoEstimation::downloader.py', 'TIBHannover GeoEstimation::draw_class_activation_maps.py', 'TIBHannover GeoEstimation::geo_estimation.py', 'TIBHannover GeoEstimation::inference.py', 'TIBHannover GeoEstimation::scene_classification.py', 'TIBHannover GeoEstimation::utils.py']",23,14,0.3333333333333333,257,51,158,82,0,732,184,0,0,0,0,49,0,0,150,0,0,14,0,215,0,0,0,0,13,550,1688,1309,0,0,35,14,0,0,0,0,0,0,0,0,0,0,0,0,0,23,0,0,0,0,0
Eric Mueller Budack,SE-engineer,1,0,0,3,['TIBHannover GeoEstimation'],,[],0,0,0.0,10,2,6,6,0,30,6,0,0,0,0,2,0,0,6,0,0,0,0,12,0,0,0,0,2,22,78,76,0,0,10,4,0,0,0,0,0,0,0,0,0,0,0,0,0,0,0,0,0,0,0
Ethan Harris,SE-engineer,1,0,0,2,['ethanwharris STAWM'],,[],0,0,0.0,12,0,0,116,0,132,4,0,0,0,0,0,0,0,0,0,0,0,0,4,0,0,0,6,0,10,128,56,0,0,0,0,0,0,0,0,2,0,0,0,0,0,0,0,0,0,0,2,0,2,B101B101
Ethan Perez,SE-engineer,1,0,0,6,['Tiiiger bert score'],2.0,[],0,0,0.0,0,0,0,42,0,48,6,0,0,0,20,0,0,0,12,0,0,0,0,42,0,0,0,0,12,42,308,60,0,0,0,30,0,0,0,0,0,0,0,0,0,0,0,0,0,0,0,0,0,0,0
Evangelos Athanasakis,ML-engineer,0,1,0,6,['JustGlowing minisom'],,[],5,1,0.8333333333333334,0,6,12,144,0,162,0,0,0,0,18,12,0,6,0,0,0,1,6,6,0,6,0,0,0,6,90,234,0,0,0,0,0,0,0,0,0,0,0,0,0,0,0,0,0,5,0,0,0,0,0
Favyen Bastani,SE-engineer,1,0,0,2,['phillipi pix2pix'],,[],0,0,0.0,0,0,2,8,0,12,2,0,0,0,0,2,0,0,0,0,0,0,0,2,0,0,0,0,0,0,26,22,0,0,0,0,0,0,0,0,0,0,0,0,0,0,0,0,0,0,0,0,0,0,0
Federico Magliani,SE-engineer,1,0,0,2,['GKalliatakis Keras VGG16 places365'],2.0,[],0,0,0.0,0,0,0,0,0,0,0,0,0,0,4,0,0,0,0,0,0,0,0,4,0,0,0,0,4,4,80,8,0,0,0,0,0,0,0,0,0,0,0,0,0,0,0,0,0,0,0,0,0,0,0
Fei Yao,SE-engineer,1,0,0,1,['JustGlowing minisom'],,[],0,0,0.0,0,1,2,23,0,26,0,0,0,0,3,2,0,1,1,0,0,0,1,0,0,1,0,0,0,1,12,31,0,0,0,0,0,0,0,0,0,0,0,0,0,0,0,0,0,0,0,0,0,0,0
FeiYao Edinburgh,ML-engineer,0,1,0,1,['JustGlowing minisom'],,[],0,0,0.0,0,1,2,23,0,26,0,0,0,0,3,2,0,1,1,0,0,0,1,0,0,1,0,0,0,1,12,31,0,0,0,0,0,0,0,0,0,0,0,0,0,0,0,0,0,0,0,0,0,0,0
Felix Wu,ML-engineer,0,1,0,156,['Tiiiger bert score'],19.0,"['Tiiiger bert score::bert_score/__init__.py', 'Tiiiger bert score::bert_score/score.py', 'Tiiiger bert score::bert_score/scorer.py', 'Tiiiger bert score::bert_score/utils.py', 'Tiiiger bert score::bert_score_cli/__init__.py', 'Tiiiger bert score::bert_score_cli/score.py', 'Tiiiger bert score::bert_score_cli/visualize.py', 'Tiiiger bert score::cli/__init__.py', 'Tiiiger bert score::cli/score.py', 'Tiiiger bert score::cli/visualize.py', 'Tiiiger bert score::example/demo.py', 'Tiiiger bert score::get_rescale_baseline/get_rescale_baseline.py', 'Tiiiger bert score::reproduce/get_wmt17_sys_results.py', 'Tiiiger bert score::reproduce/get_wmt18_seg_results.py', 'Tiiiger bert score::setup.py', 'Tiiiger bert score::tests/test_bert_score.py', 'Tiiiger bert score::tests/test_score_function.py', 'Tiiiger bert score::tests/test_scorer.py', 'Tiiiger bert score::tune_layers/tune_layers.py']",60,20,0.38461538461538464,62,0,0,1302,0,1518,154,84,0,0,552,0,0,0,266,0,0,20,0,1162,0,42,0,0,404,978,8114,1930,0,0,96,760,0,0,0,0,0,0,0,0,0,0,0,0,0,60,0,0,0,0,0
Flavio Giobergia,SE-engineer,1,0,0,3,['JustGlowing minisom'],1.0,[],1,1,0.3333333333333333,0,4,8,84,0,96,0,0,0,0,9,6,0,7,1,0,0,1,3,5,0,5,0,0,0,3,47,128,0,0,0,0,0,0,0,0,0,0,0,0,0,0,0,0,0,1,0,0,0,0,0
Francisco Rivas,SE-engineer,1,0,0,65,['JdeRobot DetectionSuite'],13.0,"['JdeRobot DetectionSuite::DeepLearningSuite/DeepLearningSuiteLib/python_modules/keras_detect.py', 'JdeRobot DetectionSuite::DeepLearningSuite/DeepLearningSuiteLib/python_modules/keras_utils/__init__.py', 'JdeRobot DetectionSuite::DeepLearningSuite/DeepLearningSuiteLib/python_modules/keras_utils/bounding_box_utils.py', 'JdeRobot DetectionSuite::DeepLearningSuite/DeepLearningSuiteLib/python_modules/keras_utils/keras_layer_AnchorBoxes.py', 'JdeRobot DetectionSuite::DeepLearningSuite/DeepLearningSuiteLib/python_modules/keras_utils/keras_layer_DecodeDetections.py', 'JdeRobot DetectionSuite::DeepLearningSuite/DeepLearningSuiteLib/python_modules/keras_utils/keras_layer_L2Normalization.py', 'JdeRobot DetectionSuite::DeepLearningSuite/DeepLearningSuiteLib/python_modules/keras_utils/keras_ssd_loss.py']",9,3,0.13846153846153847,85,34,51,244,0,567,153,0,0,0,17,0,0,0,0,0,0,3,0,85,0,0,0,0,34,34,612,1785,0,0,0,0,0,0,0,0,0,0,34,0,0,0,0,0,0,9,0,0,0,0,0
Fred Reiss,SE-engineer,1,0,0,8,"['IBM MAX Fast Neural Style Transfer', 'IBM MAX Inception ResNet v2', 'IBM MAX Review Text Generator', 'IBM MAX Scene Classifier']",,[],0,0,0.0,0,16,1,18,0,67,32,0,9,0,0,3,0,0,7,0,0,0,0,0,0,0,0,0,0,0,29,14,0,0,0,0,0,0,0,0,0,0,0,0,0,0,5,0,0,0,0,0,0,0,0
GKalliatakis,SE-engineer,1,0,0,13,['GKalliatakis Keras VGG16 places365'],3.0,['GKalliatakis Keras VGG16 places365::vgg16_hybrid_places_1365.py'],14,3,1.0769230769230769,0,0,14,35,0,62,13,0,0,0,26,0,0,0,0,0,0,3,0,28,0,0,0,0,26,26,529,164,0,0,0,0,0,0,0,0,0,0,0,0,0,0,0,0,0,14,0,0,0,0,0
Gabriel Downs,SE-engineer,1,0,0,1,['GKalliatakis Keras VGG16 places365'],1.0,[],2,1,2.0,0,0,1,3,0,4,0,0,0,0,2,0,0,0,0,0,0,1,0,2,0,0,0,0,2,2,42,12,0,0,0,0,0,0,0,0,0,0,0,0,0,0,0,0,0,2,0,0,0,0,0
Gabriela de Queiroz,SE-engineer,1,0,0,1,['IBM MAX Inception ResNet v2'],,[],0,0,0.0,0,2,0,2,0,7,3,0,1,0,0,1,0,0,1,0,0,0,0,0,0,0,0,0,0,0,3,1,0,0,0,0,0,0,0,0,0,0,0,0,0,0,0,0,0,0,0,0,0,0,0
Gavin Suddrey,SE-engineer,1,0,0,3,['dougsm mvp grasp'],4.0,[],0,0,0.0,60,0,18,57,3,161,23,0,0,0,6,9,0,3,6,0,0,0,0,12,0,6,3,12,6,15,174,477,0,0,0,0,0,0,0,0,0,0,12,0,0,0,0,0,0,0,0,0,0,0,0
Geoff Ford,SE-engineer,1,0,0,1,['nikicc twitter emotion recognition'],,[],0,0,0.0,2,0,0,1,0,3,0,0,0,0,0,0,0,0,0,0,0,0,0,0,0,0,0,0,0,0,3,4,0,0,0,3,0,0,0,0,0,0,0,0,0,0,0,0,0,0,0,0,0,0,0
Georg,Hybrid-engineer,0,0,1,2,['jaredwinick img2vec keras'],3.0,[],0,0,0.0,0,0,0,2,0,2,0,0,0,0,0,0,0,0,0,0,0,0,0,0,0,0,0,0,0,0,4,0,0,0,0,0,0,0,0,0,0,0,0,0,0,0,0,0,0,0,0,0,0,0,0
Gines,SE-engineer,1,0,0,2,['ZheC Realtime Multi Person Pose Estimation'],,[],0,0,0.0,0,0,8,0,0,8,0,0,0,0,0,0,0,0,0,0,0,0,0,2,0,0,0,0,0,0,0,66,0,0,0,0,0,0,0,0,0,0,0,0,0,0,0,0,0,0,0,0,0,0,0
GitHub Action,SE-engineer,1,0,0,5,['JdeRobot DetectionSuite'],,[],0,0,0.0,22,9,0,30,0,144,83,0,5,0,4,39,0,0,35,0,0,0,10,94,0,62,5,0,47,56,943,548,0,0,0,32,15,0,0,0,0,6,0,0,0,0,0,0,5,0,0,0,0,0,0
Giuseppe Vettigli,SE-engineer,1,0,0,202,['JustGlowing minisom'],1.0,[],3,3,0.01485148514851485,0,207,595,5292,0,6193,99,0,0,0,608,470,0,384,28,0,0,3,202,306,0,534,0,0,13,211,3045,8951,0,0,0,0,0,0,0,0,0,0,0,0,0,0,0,0,0,3,0,0,0,0,0
Greg,ML-engineer,0,1,0,91,"['gsurma cartpole', 'gsurma face generator', 'gsurma image generator', 'gsurma text predictor']",14.0,"['gsurma cartpole::cartpole.py', 'gsurma cartpole::scores/__init__.py', 'gsurma cartpole::scores/score_logger.py', 'gsurma text predictor::data_loader.py', 'gsurma text predictor::data_provider.py', 'gsurma text predictor::model.py', 'gsurma text predictor::rnn.py', 'gsurma text predictor::rnn_model.py', 'gsurma text predictor::test.py', 'gsurma text predictor::text_predictor.py', 'gsurma text predictor::text_predictor2.py', 'gsurma text predictor::text_predictor3.py', 'gsurma text predictor::train.py', 'gsurma text predictor::utils.py']",4,4,0.04395604395604396,40,40,0,40,0,127,7,0,0,0,0,2,0,0,0,0,0,4,0,2,0,0,0,0,0,42,105,55,0,0,0,0,0,0,0,0,0,0,11,0,0,0,0,0,0,4,0,0,0,0,0
Grigorios Kalliatakis,ML-engineer,0,1,0,38,['GKalliatakis Keras VGG16 places365'],5.0,"['GKalliatakis Keras VGG16 places365::helper_funcions.py', 'GKalliatakis Keras VGG16 places365::helper_functions.py', 'GKalliatakis Keras VGG16 places365::places_utils.py', 'GKalliatakis Keras VGG16 places365::vgg16_hybrid_places_1365.py', 'GKalliatakis Keras VGG16 places365::vgg16_places_365.py']",7,4,0.18421052631578946,0,0,27,63,0,99,9,0,0,0,58,0,0,0,0,0,0,4,0,64,0,0,0,0,58,58,1175,317,0,0,0,0,0,0,0,0,0,0,0,0,0,0,0,0,0,7,0,0,0,0,0
Grubicki Piotr,SE-engineer,1,0,0,1,['IntelAI OpenVINO model server'],,[],0,0,0.0,0,0,6,0,0,11,5,2,8,0,0,0,0,0,14,0,0,0,1,3,0,48,0,0,5,19,96,119,0,0,0,0,0,0,0,0,0,0,0,0,0,0,0,0,0,0,0,0,0,0,0
Gumowski Mariusz,SE-engineer,1,0,0,45,['IntelAI OpenVINO model server'],10.0,[],0,1,0.0,4,0,351,26,0,599,218,33,314,0,70,0,0,0,498,0,0,1,28,187,0,1766,0,0,173,355,5167,4951,0,0,0,0,0,0,0,0,0,0,0,0,0,0,0,0,0,0,0,0,0,0,0
Gyeongsik Moon,SE-engineer,1,0,0,36,['mks0601 PoseFix RELEASE'],2.0,"['mks0601 PoseFix RELEASE::lib/tfflat/base.py', 'mks0601 PoseFix RELEASE::main/model.py']",0,2,0.0,180,0,648,288,0,1440,324,0,36,0,72,72,0,36,180,0,0,2,180,576,0,36,0,0,144,396,2808,9216,0,0,0,0,0,0,0,0,72,0,36,0,0,0,0,0,0,0,0,0,0,0,0
Ha0Tang,SE-engineer,1,0,0,151,['Ha0Tang GestureGAN'],27.0,"['Ha0Tang GestureGAN::data/__init__.py', 'Ha0Tang GestureGAN::data/aligned_dataset.py', 'Ha0Tang GestureGAN::data/base_data_loader.py', 'Ha0Tang GestureGAN::data/base_dataset.py', 'Ha0Tang GestureGAN::data/image_folder.py', 'Ha0Tang GestureGAN::data/single_dataset.py', 'Ha0Tang GestureGAN::data/unaligned_dataset.py', 'Ha0Tang GestureGAN::main.py', 'Ha0Tang GestureGAN::models/__init__.py', 'Ha0Tang GestureGAN::models/base_model.py', 'Ha0Tang GestureGAN::models/gesturegan_onecycle_model.py', 'Ha0Tang GestureGAN::models/gesturegan_twocycle_model.py', 'Ha0Tang GestureGAN::models/networks.py', 'Ha0Tang GestureGAN::models/test_model.py', 'Ha0Tang GestureGAN::options/__init__.py', 'Ha0Tang GestureGAN::options/base_options.py', 'Ha0Tang GestureGAN::options/test_options.py', 'Ha0Tang GestureGAN::options/train_options.py', 'Ha0Tang GestureGAN::scripts/evaluation/IS/inception_score.py', 'Ha0Tang GestureGAN::test.py', 'Ha0Tang GestureGAN::train.py', 'Ha0Tang GestureGAN::util/__init__.py', 'Ha0Tang GestureGAN::util/get_data.py', 'Ha0Tang GestureGAN::util/html.py', 'Ha0Tang GestureGAN::util/image_pool.py', 'Ha0Tang GestureGAN::util/util.py', 'Ha0Tang GestureGAN::util/visualizer.py']",0,0,0.0,137,516,209,0,0,912,50,0,0,0,475,0,0,0,170,0,0,0,0,562,0,85,0,0,85,425,4568,6014,0,0,0,0,0,0,0,0,425,0,0,0,0,0,254,0,0,0,0,170,0,170,B311B311B311B311B311B311B311B311B311B311B311B311B311B311B311B311B311B311B311B311B311B311B311B311B311B311B311B311B311B311B311B311B311B311B311B311B311B311B311B311B311B311B311B311B311B311B311B311B311B311B311B311B311B311B311B311B311B311B311B311B311B311B311B311B311B311B311B311B311B311B311B311B311B311B311B311B311B311B311B311B311B311B311B311B311
Hao,SE-engineer,1,0,0,1,['Ha0Tang GestureGAN'],,[],0,0,0.0,0,0,0,0,0,0,0,0,0,0,0,0,0,0,0,0,0,0,0,0,0,0,0,0,0,0,0,0,0,0,0,0,0,0,0,0,0,0,0,0,0,0,0,0,0,0,0,0,0,0,0
Hao Tang,SE-engineer,1,0,0,28,['Ha0Tang GestureGAN'],,[],1,1,0.03571428571428571,56,140,84,0,0,308,28,0,0,0,168,0,0,0,56,0,0,1,0,196,0,28,0,0,28,140,1484,1848,0,0,0,0,0,0,0,0,140,0,0,0,0,0,84,0,0,1,0,56,0,56,B311B311B311B311B311B311B311B311B311B311B311B311B311B311B311B311B311B311B311B311B311B311B311B311B311B311B311B311
HappyAmazonian,SE-engineer,1,0,0,3,['neo ai neo ai dlr'],,[],1,2,0.3333333333333333,18,3,24,69,0,252,138,0,0,0,24,15,0,3,9,0,0,2,3,39,0,36,0,0,3,6,273,162,0,0,0,0,0,0,0,0,0,0,0,0,0,0,0,0,0,1,0,0,0,0,0
Harish Tummalacherla,SE-engineer,1,0,0,1,['neo ai neo ai dlr'],,[],0,0,0.0,1,0,1,8,0,40,30,0,0,0,2,8,0,1,1,0,0,0,1,10,0,4,0,1,0,0,57,42,0,0,0,0,0,0,0,0,0,0,0,0,0,0,0,0,0,0,0,0,0,0,0
Heecheol,SE-engineer,1,0,0,5,['kimhc6028 relational networks'],4.0,['kimhc6028 relational networks::translator.py'],0,1,0.0,0,0,0,5,0,35,30,0,0,0,0,0,0,0,0,0,0,1,0,10,0,0,0,0,5,0,20,165,0,0,0,0,0,0,0,0,0,0,0,0,0,0,0,0,0,0,0,0,0,0,0
Heecheol Kim,Hybrid-engineer,0,0,1,8,['kimhc6028 relational networks'],3.0,['kimhc6028 relational networks::model.py'],1,3,0.125,0,0,0,6,0,22,16,0,0,0,0,0,0,0,0,0,0,3,0,16,0,0,0,0,8,0,32,269,0,0,0,0,0,0,0,0,0,0,0,0,0,0,0,0,0,1,0,0,0,0,0
Helena Kloosterman,SE-engineer,1,0,0,1,['IntelAI OpenVINO model server'],1.0,[],0,0,0.0,13,32,31,103,6,243,58,4,19,0,31,0,0,4,49,2,0,0,1,47,0,162,2,10,17,28,721,325,0,0,0,0,0,0,0,0,0,0,0,0,0,0,0,0,0,0,0,0,0,0,0
Hendrik Strobelt,SE-engineer,1,0,0,6,['HendrikStrobelt detecting fake text'],1.0,['HendrikStrobelt detecting fake text::backend/api.py'],0,0,0.0,0,0,30,6,0,48,12,0,0,0,0,6,0,0,12,0,0,0,0,6,0,0,0,0,6,0,60,54,0,0,0,0,0,0,0,0,0,0,0,0,0,0,0,0,0,0,0,0,0,0,0
Heo kyungyoung,SE-engineer,1,0,0,1,['seongahjo Mosaicer'],,[],0,0,0.0,0,0,5,5,0,15,5,0,0,0,0,0,0,1,1,0,0,0,2,6,0,2,0,0,4,8,63,36,0,0,0,0,0,0,0,0,0,0,0,0,0,0,0,0,0,0,0,0,0,0,0
Hikari Kibo,SE-engineer,1,0,0,11,['ClarityCafe Ivy'],1.0,[],5,5,0.45454545454545453,11,0,0,22,0,33,0,0,0,0,33,11,0,0,22,0,0,5,0,0,0,0,0,0,0,0,33,11,0,0,0,0,0,0,0,0,0,0,0,0,0,0,0,0,0,5,0,0,0,0,0
Hong Xu,SE-engineer,1,0,0,6,"['IBM MAX Fast Neural Style Transfer', 'IBM MAX Review Text Generator', 'IBM MAX Scene Classifier', 'IBM MAX Weather Forecaster']",7.0,['IBM MAX Weather Forecaster::core/__init__.py'],2,1,0.3333333333333333,0,0,0,15,0,40,25,0,6,0,0,0,0,0,3,0,0,1,0,0,0,0,0,0,0,0,25,205,0,0,0,0,0,0,0,0,0,0,0,0,0,0,3,0,0,2,0,0,0,0,0
Huanli Gong,SE-engineer,1,0,0,3,['IntelAI OpenVINO model server'],1.0,[],0,1,0.0,38,95,87,298,18,687,151,9,54,0,70,0,0,10,136,6,0,1,3,138,0,393,6,20,50,75,2051,872,0,0,0,0,0,0,0,0,0,0,0,0,0,0,0,0,0,0,0,0,0,0,0
Hugo Mercier,SE-engineer,1,0,0,1,['Oslandia osm data classification'],4.0,[],0,0,0.0,0,0,0,14,0,14,0,0,0,0,0,0,0,0,0,0,0,0,0,0,0,0,0,0,0,0,5,0,0,0,0,0,0,0,0,0,0,0,0,0,0,0,0,0,0,0,0,0,0,0,0
Hui Wang,ML-engineer,0,1,0,5,['neo ai neo ai dlr'],,[],2,2,0.4,5,0,5,36,0,197,151,0,0,0,8,27,0,1,5,0,0,2,5,50,0,8,0,5,1,0,232,164,0,0,0,0,0,0,0,0,0,0,0,0,0,0,0,0,0,2,0,0,0,0,0
Hungryof,ML-engineer,0,1,0,4,['phillipi pix2pix'],,[],0,0,0.0,0,0,4,16,0,24,4,0,0,0,0,4,0,0,0,0,0,0,0,4,0,0,0,0,0,0,52,44,0,0,0,0,0,0,0,0,0,0,0,0,0,0,0,0,0,0,0,0,0,0,0
Hyunsu Cho,Hybrid-engineer,0,0,1,2,['neo ai neo ai dlr'],2.0,[],0,0,0.0,0,0,0,28,0,36,8,0,0,0,0,0,0,0,0,0,0,0,0,2,0,0,0,0,0,0,38,22,0,0,0,0,0,0,0,0,0,0,0,0,0,0,0,0,0,0,0,0,0,0,0
Hzzone,SE-engineer,1,0,0,1,['ZheC Realtime Multi Person Pose Estimation'],,[],0,0,0.0,0,0,4,0,0,4,0,0,0,0,0,0,0,0,0,0,0,0,0,1,0,0,0,0,0,0,0,33,0,0,0,0,0,0,0,0,0,0,0,0,0,0,0,0,0,0,0,0,0,0,0
Ikram Ali,SE-engineer,1,0,0,96,['urduhack urduhack'],115.0,"['urduhack urduhack::docs/conf.py', 'urduhack urduhack::setup.py', 'urduhack urduhack::urduhack/__init__.py', 'urduhack urduhack::urduhack/about.py', 'urduhack urduhack::urduhack/arabic/__init__.py', 'urduhack urduhack::urduhack/arabic/tests/__init__.py', 'urduhack urduhack::urduhack/arabic/tests/test_text.py', 'urduhack urduhack::urduhack/arabic/text.py', 'urduhack urduhack::urduhack/command/cli.py', 'urduhack urduhack::urduhack/command/cmd_info.py', 'urduhack urduhack::urduhack/config.py', 'urduhack urduhack::urduhack/conll/__init__.py', 'urduhack urduhack::urduhack/conll/conllable.py', 'urduhack urduhack::urduhack/conll/exception.py', 'urduhack urduhack::urduhack/conll/parser.py', 'urduhack urduhack::urduhack/conll/reader.py', 'urduhack urduhack::urduhack/conll/tests/__init__.py', 'urduhack urduhack::urduhack/conll/tests/test_parser.py', 'urduhack urduhack::urduhack/conll/tests/test_reader.py', 'urduhack urduhack::urduhack/core/__init__.py', 'urduhack urduhack::urduhack/core/unit/__init__.py', 'urduhack urduhack::urduhack/core/unit/document.py', 'urduhack urduhack::urduhack/core/unit/sentence.py', 'urduhack urduhack::urduhack/core/unit/tests/__init__.py', 'urduhack urduhack::urduhack/core/unit/tests/test_document.py', 'urduhack urduhack::urduhack/core/unit/tests/test_sentence.py', 'urduhack urduhack::urduhack/core/unit/tests/test_token.py', 'urduhack urduhack::urduhack/core/unit/token.py', 'urduhack urduhack::urduhack/datasets/__init__.py', 'urduhack urduhack::urduhack/datasets/image/__init__.py', 'urduhack urduhack::urduhack/datasets/image/hand_written.py', 'urduhack urduhack::urduhack/datasets/text/__init__.py', 'urduhack urduhack::urduhack/datasets/text/imdb_urdu.py', 'urduhack urduhack::urduhack/errors.py', 'urduhack urduhack::urduhack/models/__init__.py', 'urduhack urduhack::urduhack/models/common/__init__.py', 'urduhack urduhack::urduhack/models/common/tests/__init__.py', 'urduhack urduhack::urduhack/models/common/tests/test_vocab.py', 'urduhack urduhack::urduhack/models/common/vocab.py', 'urduhack urduhack::urduhack/models/lemmatizer/__init__.py', 'urduhack urduhack::urduhack/models/lemmatizer/lemmatizer.py', 'urduhack urduhack::urduhack/models/ner/__init__.py', 'urduhack urduhack::urduhack/models/ner/model.py', 'urduhack urduhack::urduhack/models/ner/predict.py', 'urduhack urduhack::urduhack/models/pos_tagger/__init__.py', 'urduhack urduhack::urduhack/models/pos_tagger/model.py', 'urduhack urduhack::urduhack/models/pos_tagger/predict.py', 'urduhack urduhack::urduhack/normalization/__init__.py', 'urduhack urduhack::urduhack/normalization/character.py', 'urduhack urduhack::urduhack/normalization/character/__init__.py', 'urduhack urduhack::urduhack/normalization/character/mapping.py', 'urduhack urduhack::urduhack/normalization/character/tests/__init__.py', 'urduhack urduhack::urduhack/normalization/character/tests/test_mapping.py', 'urduhack urduhack::urduhack/normalization/regexes.py', 'urduhack urduhack::urduhack/normalization/space/__init__.py', 'urduhack urduhack::urduhack/normalization/space/tests/__init__.py', 'urduhack urduhack::urduhack/normalization/space/tests/test_words.py', 'urduhack urduhack::urduhack/normalization/space/util.py', 'urduhack urduhack::urduhack/normalization/space/words.py', 'urduhack urduhack::urduhack/normalization/tests/__init__.py', 'urduhack urduhack::urduhack/normalization/tests/test_character.py', 'urduhack urduhack::urduhack/normalization/tests/test_util.py', 'urduhack urduhack::urduhack/normalization/util.py', 'urduhack urduhack::urduhack/pipeline/__init__.py', 'urduhack urduhack::urduhack/pipeline/core.py', 'urduhack urduhack::urduhack/pipeline/parser.py', 'urduhack urduhack::urduhack/pipeline/parsers/__init__.py', 'urduhack urduhack::urduhack/pipeline/parsers/lemma.py', 'urduhack urduhack::urduhack/pipeline/parsers/ner.py', 'urduhack urduhack::urduhack/pipeline/parsers/normalize.py', 'urduhack urduhack::urduhack/pipeline/parsers/pos_tagger.py', 'urduhack urduhack::urduhack/pipeline/parsers/tokenize.py', 'urduhack urduhack::urduhack/preprocess/__init__.py', 'urduhack urduhack::urduhack/preprocess/tests/__init__.py', 'urduhack urduhack::urduhack/preprocess/tests/test_util.py', 'urduhack urduhack::urduhack/preprocess/util.py', 'urduhack urduhack::urduhack/preprocessing/__init__.py', 'urduhack urduhack::urduhack/preprocessing/character.py', 'urduhack urduhack::urduhack/preprocessing/regexes.py', 'urduhack urduhack::urduhack/preprocessing/tests/__init__.py', 'urduhack urduhack::urduhack/preprocessing/tests/test_character.py', 'urduhack urduhack::urduhack/preprocessing/tests/test_util.py', 'urduhack urduhack::urduhack/preprocessing/util.py', 'urduhack urduhack::urduhack/stop_words.py', 'urduhack urduhack::urduhack/tasks/__init__.py', 'urduhack urduhack::urduhack/tasks/_backend/__init__.py', 'urduhack urduhack::urduhack/tasks/_backend/_sentiment.py', 'urduhack urduhack::urduhack/tasks/sentiment.py', 'urduhack urduhack::urduhack/tasks/tests/__init__.py', 'urduhack urduhack::urduhack/tasks/tests/test_sentiment.py', 'urduhack urduhack::urduhack/tests/__init__.py', 'urduhack urduhack::urduhack/tests/test_about.py', 'urduhack urduhack::urduhack/tests/test_stop_words.py', 'urduhack urduhack::urduhack/tests/test_urdu_characters.py', 'urduhack urduhack::urduhack/tokenization/eos.py', 'urduhack urduhack::urduhack/tokenization/tests/test_eos.py', 'urduhack urduhack::urduhack/tokenization/tests/test_keras_tokenizer.py', 'urduhack urduhack::urduhack/tokenization/tests/test_word_tokenizer.py', 'urduhack urduhack::urduhack/tokenization/tests/test_words.py', 'urduhack urduhack::urduhack/tokenization/tokenizer.py', 'urduhack urduhack::urduhack/tokenization/words.py', 'urduhack urduhack::urduhack/tokenization/wtk.py', 'urduhack urduhack::urduhack/urdu_characters.py', 'urduhack urduhack::urduhack/utils/__init__.py', 'urduhack urduhack::urduhack/utils/arabic.py', 'urduhack urduhack::urduhack/utils/conll.py', 'urduhack urduhack::urduhack/utils/io.py', 'urduhack urduhack::urduhack/utils/resources.py', 'urduhack urduhack::urduhack/utils/tests/test_arabic.py', 'urduhack urduhack::urduhack/utils/tests/test_io.py', 'urduhack urduhack::urduhack/utils/tests/test_text.py', 'urduhack urduhack::urduhack/utils/text.py']",132,17,1.375,135,92,287,323,57,3438,2544,0,2,0,1515,63,0,44,782,2,0,17,0,170,0,277,0,0,147,24,7225,1404,0,0,0,0,0,0,0,0,0,0,0,0,0,0,0,0,0,132,0,0,0,0,0
Ioannis Xarchakos,SE-engineer,1,0,0,2,['ixarchakos nba games'],,[],0,0,0.0,0,0,0,0,0,26,26,0,0,0,0,0,0,0,0,0,0,0,0,14,0,4,0,0,0,0,48,32,0,0,0,0,0,0,0,0,0,0,0,0,0,0,0,0,0,0,0,0,0,0,0
Isaac Levy,SE-engineer,1,0,0,4,['clarkerubber irwin'],4.0,[],1,1,0.25,4,12,0,95,0,163,52,8,8,0,4,0,0,0,24,0,0,1,12,36,0,4,0,0,16,1,252,591,0,0,0,0,0,0,0,0,0,0,0,0,0,0,0,0,0,1,0,0,0,0,0
Jacob Gildenblat,SE-engineer,1,0,0,5,['jacobgil keras grad cam'],1.0,['jacobgil keras grad cam::grad-cam.py'],0,0,0.0,0,0,1,0,0,5,4,0,0,0,1,0,0,0,0,0,0,0,0,0,0,4,0,0,0,0,2,17,0,0,0,0,0,0,0,0,4,0,0,0,0,0,0,0,0,0,0,0,0,0,0
Jacob Peddicord,SE-engineer,1,0,0,1,['neo ai neo ai dlr'],,[],0,0,0.0,0,0,0,0,0,0,0,0,0,0,0,0,0,0,0,0,0,0,0,0,0,0,0,0,0,0,0,0,0,0,0,0,0,0,0,0,0,0,0,0,0,0,0,0,0,0,0,0,0,0,0
Jacob27,SE-engineer,1,0,0,2,['IntelAI OpenVINO model server'],1.0,[],0,0,0.0,0,0,12,1,0,18,5,1,11,0,7,0,0,0,26,0,0,0,1,6,0,88,0,0,8,12,191,317,0,0,0,0,0,0,0,0,0,0,0,0,0,0,0,0,0,0,0,0,0,0,0
Jakub Ficek,SE-engineer,1,0,0,48,['IntelAI OpenVINO model server'],4.0,"['IntelAI OpenVINO model server::example_client/grpc_binary_client.py', 'IntelAI OpenVINO model server::example_client/rest_binary_client.py', 'IntelAI OpenVINO model server::example_client/stateful/rest_stateful_client.py']",4,2,0.08333333333333333,86,47,643,161,0,1585,648,69,558,0,250,1,0,23,786,22,0,2,48,641,0,2886,7,81,413,537,11265,5270,0,0,0,0,0,0,0,0,0,0,0,0,0,0,0,0,0,4,0,0,0,0,0
Jakub R a ski,SE-engineer,1,0,0,13,['IntelAI inference model manager'],6.0,[],1,1,0.07692307692307693,61,16,1,66,0,170,26,5,21,0,0,0,0,0,48,0,1,1,0,11,0,198,0,0,0,0,422,154,0,0,0,0,0,0,0,0,0,0,0,0,0,0,0,0,0,1,0,0,0,0,0
James Clarke,SE-engineer,1,0,0,531,['clarkerubber irwin'],189.0,"['clarkerubber irwin::Api.py', 'clarkerubber irwin::Env.py', 'clarkerubber irwin::GatherDataThread.py', 'clarkerubber irwin::RequestAnalyseReportThread.py', 'clarkerubber irwin::WebEnv.py', 'clarkerubber irwin::__init__.py', 'clarkerubber irwin::app.py', 'clarkerubber irwin::basic-queue-manager.py', 'clarkerubber irwin::basicQueueManager.py', 'clarkerubber irwin::bin/inspect_checkpoint.py', 'clarkerubber irwin::bin/mongodb/addDateToPlayer.py', 'clarkerubber irwin::bin/mongodb/addGameAnalysedBool.py', 'clarkerubber irwin::client.py', 'clarkerubber irwin::conf/ConfigWrapper.py', 'clarkerubber irwin::data/__init__.py', 'clarkerubber irwin::deep-queue-manager.py', 'clarkerubber irwin::deepQueueManager.py', 'clarkerubber irwin::default_imports.py', 'clarkerubber irwin::env.py', 'clarkerubber irwin::legits.py', 'clarkerubber irwin::lichess-listener.py', 'clarkerubber irwin::lichessListener.py', 'clarkerubber irwin::main.py', 'clarkerubber irwin::modules/AnalysedGame.py', 'clarkerubber irwin::modules/AnalysedMove.py', 'clarkerubber irwin::modules/Api.py', 'clarkerubber irwin::modules/AssessedMove.py', 'clarkerubber irwin::modules/Game.py', 'clarkerubber irwin::modules/GameAnalysis.py', 'clarkerubber irwin::modules/IrwinReport.py', 'clarkerubber irwin::modules/PlayerAnalysis.py', 'clarkerubber irwin::modules/PlayerAssessment.py', 'clarkerubber irwin::modules/__init__.py', 'clarkerubber irwin::modules/api.py', 'clarkerubber irwin::modules/api/__init__.py', 'clarkerubber irwin::modules/api/api.py', 'clarkerubber irwin::modules/auth/Auth.py', 'clarkerubber irwin::modules/auth/Env.py', 'clarkerubber irwin::modules/auth/Priv.py', 'clarkerubber irwin::modules/auth/Token.py', 'clarkerubber irwin::modules/auth/User.py', 'clarkerubber irwin::modules/bcolors/__init__.py', 'clarkerubber irwin::modules/bcolors/bcolors.py', 'clarkerubber irwin::modules/client/Api.py', 'clarkerubber irwin::modules/client/Env.py', 'clarkerubber irwin::modules/client/Job.py', 'clarkerubber irwin::modules/core/AnalysedMove.py', 'clarkerubber irwin::modules/core/AssessedChunk.py', 'clarkerubber irwin::modules/core/AssessedMove.py', 'clarkerubber irwin::modules/core/Game.py', 'clarkerubber irwin::modules/core/GameAnalyses.py', 'clarkerubber irwin::modules/core/GameAnalysis.py', 'clarkerubber irwin::modules/core/GameAnalysisStore.py', 'clarkerubber irwin::modules/core/Games.py', 'clarkerubber irwin::modules/core/IrwinReport.py', 'clarkerubber irwin::modules/core/MoveAnalysis.py', 'clarkerubber irwin::modules/core/Player.py', 'clarkerubber irwin::modules/core/PlayerAnalysis.py', 'clarkerubber irwin::modules/core/PlayerAnalysisCollection.py', 'clarkerubber irwin::modules/core/PlayerAssessment.py', 'clarkerubber irwin::modules/core/PlayerAssessments.py', 'clarkerubber irwin::modules/core/PlayerEngineStatusBus.py', 'clarkerubber irwin::modules/core/PlayerQueue.py', 'clarkerubber irwin::modules/core/PositionAnalysis.py', 'clarkerubber irwin::modules/core/__init__.py', 'clarkerubber irwin::modules/core/analyse.py', 'clarkerubber irwin::modules/core/recentGames.py', 'clarkerubber irwin::modules/db/DBManager.py', 'clarkerubber irwin::modules/fishnet/__init__.py', 'clarkerubber irwin::modules/fishnet/fishnet.py', 'clarkerubber irwin::modules/game/AnalysedGame.py', 'clarkerubber irwin::modules/game/AnalysedMove.py', 'clarkerubber irwin::modules/game/AnalysedPosition.py', 'clarkerubber irwin::modules/game/Api.py', 'clarkerubber irwin::modules/game/Blurs.py', 'clarkerubber irwin::modules/game/Colour.py', 'clarkerubber irwin::modules/game/EngineEval.py', 'clarkerubber irwin::modules/game/EngineTools.py', 'clarkerubber irwin::modules/game/Env.py', 'clarkerubber irwin::modules/game/Game.py', 'clarkerubber irwin::modules/game/GameAnalysis.py', 'clarkerubber irwin::modules/game/GameAnalysisStore.py', 'clarkerubber irwin::modules/game/GameStore.py', 'clarkerubber irwin::modules/game/MoveAnalysis.py', 'clarkerubber irwin::modules/game/Player.py', 'clarkerubber irwin::modules/game/PositionAnalysis.py', 'clarkerubber irwin::modules/game/__init__.py', 'clarkerubber irwin::modules/http/__init__.py', 'clarkerubber irwin::modules/irwin/AnalysedGameActivation.py', 'clarkerubber irwin::modules/irwin/AnalysedGameModel.py', 'clarkerubber irwin::modules/irwin/AnalysisReport.py', 'clarkerubber irwin::modules/irwin/BasicGameActivation.py', 'clarkerubber irwin::modules/irwin/BasicGameModel.py', 'clarkerubber irwin::modules/irwin/BinaryGameModel.py', 'clarkerubber irwin::modules/irwin/ChunkAnalysis.py', 'clarkerubber irwin::modules/irwin/ChunkAssessment.py', 'clarkerubber irwin::modules/irwin/ConfidentGameAnalysisPivot.py', 'clarkerubber irwin::modules/irwin/Env.py', 'clarkerubber irwin::modules/irwin/Evaluation.py', 'clarkerubber irwin::modules/irwin/FalsePositives.py', 'clarkerubber irwin::modules/irwin/FalseReports.py', 'clarkerubber irwin::modules/irwin/GameAnalysisActivation.py', 'clarkerubber irwin::modules/irwin/GameAnalysisPlayerPivot.py', 'clarkerubber irwin::modules/irwin/GameAssessment.py', 'clarkerubber irwin::modules/irwin/GameBasicActivation.py', 'clarkerubber irwin::modules/irwin/GameCombinedAssessment.py', 'clarkerubber irwin::modules/irwin/GameModel.py', 'clarkerubber irwin::modules/irwin/GamePVAssessment.py', 'clarkerubber irwin::modules/irwin/GameReport.py', 'clarkerubber irwin::modules/irwin/GamesAssessment.py', 'clarkerubber irwin::modules/irwin/Irwin.py', 'clarkerubber irwin::modules/irwin/IrwinReport.py', 'clarkerubber irwin::modules/irwin/MoveAnalysis.py', 'clarkerubber irwin::modules/irwin/MoveAssessment.py', 'clarkerubber irwin::modules/irwin/MoveChunkAssessment.py', 'clarkerubber irwin::modules/irwin/MoveReport.py', 'clarkerubber irwin::modules/irwin/OverallAssessment.py', 'clarkerubber irwin::modules/irwin/PVAssessment.py', 'clarkerubber irwin::modules/irwin/PVDrawAssessment.py', 'clarkerubber irwin::modules/irwin/PVLosingAssessment.py', 'clarkerubber irwin::modules/irwin/PVOverallAssessment.py', 'clarkerubber irwin::modules/irwin/PlayerAssessment.py', 'clarkerubber irwin::modules/irwin/PlayerGameActivations.py', 'clarkerubber irwin::modules/irwin/PlayerGameWords.py', 'clarkerubber irwin::modules/irwin/PlayerModel.py', 'clarkerubber irwin::modules/irwin/PlayerPVAssessment.py', 'clarkerubber irwin::modules/irwin/PlayerReport.py', 'clarkerubber irwin::modules/irwin/Train.py', 'clarkerubber irwin::modules/irwin/TrainNetworks.py', 'clarkerubber irwin::modules/irwin/TrainingStats.py', 'clarkerubber irwin::modules/irwin/__init__.py', 'clarkerubber irwin::modules/irwin/models/chunks/__init__.py', 'clarkerubber irwin::modules/irwin/models/game-combined/__init__.py', 'clarkerubber irwin::modules/irwin/models/game-pvs/__init__.py', 'clarkerubber irwin::modules/irwin/models/games/__init__.py', 'clarkerubber irwin::modules/irwin/models/move-chunks/__init__.py', 'clarkerubber irwin::modules/irwin/models/moves/__init__.py', 'clarkerubber irwin::modules/irwin/models/overall-assessment/__init__.py', 'clarkerubber irwin::modules/irwin/models/player-pvs/__init__.py', 'clarkerubber irwin::modules/irwin/models/player/__init__.py', 'clarkerubber irwin::modules/irwin/models/players/__init__.py', 'clarkerubber irwin::modules/irwin/models/pvs-drawish/__init__.py', 'clarkerubber irwin::modules/irwin/models/pvs-losing/__init__.py', 'clarkerubber irwin::modules/irwin/models/pvs-overall/__init__.py', 'clarkerubber irwin::modules/irwin/models/pvs/__init__.py', 'clarkerubber irwin::modules/irwin/training/AnalysedGameActivation.py', 'clarkerubber irwin::modules/irwin/training/AnalysedModelTraining.py', 'clarkerubber irwin::modules/irwin/training/BasicGameActivation.py', 'clarkerubber irwin::modules/irwin/training/BasicModelTraining.py', 'clarkerubber irwin::modules/irwin/training/Env.py', 'clarkerubber irwin::modules/irwin/training/Evaluation.py', 'clarkerubber irwin::modules/irwin/training/Training.py', 'clarkerubber irwin::modules/irwin/updatePlayerAnalysisResults.py', 'clarkerubber irwin::modules/irwin/updatePlayerEngineStatus.py', 'clarkerubber irwin::modules/irwin/writeCSV.py', 'clarkerubber irwin::modules/lichess/Api.py', 'clarkerubber irwin::modules/lichess/Request.py', 'clarkerubber irwin::modules/queue/BasicPlayerQueue.py', 'clarkerubber irwin::modules/queue/DeepPlayerQueue.py', 'clarkerubber irwin::modules/queue/EngineQueue.py', 'clarkerubber irwin::modules/queue/Env.py', 'clarkerubber irwin::modules/queue/IrwinQueue.py', 'clarkerubber irwin::modules/queue/ModReport.py', 'clarkerubber irwin::modules/queue/Origin.py', 'clarkerubber irwin::modules/queue/Queue.py', 'clarkerubber irwin::modules/queue/Report.py', 'clarkerubber irwin::move-and-chunk-activations-dump.py', 'clarkerubber irwin::move-assessment-graphs.py', 'clarkerubber irwin::moveAssessmentGraphs.py', 'clarkerubber irwin::playerEngineStatusListener.py', 'clarkerubber irwin::pv-histograms.py', 'clarkerubber irwin::pv_histograms.py', 'clarkerubber irwin::scan-update.py', 'clarkerubber irwin::scanAndUpdate.py', 'clarkerubber irwin::test-training.py', 'clarkerubber irwin::test_training.py', 'clarkerubber irwin::tools.py', 'clarkerubber irwin::utils/UpdatePlayerDatabase.py', 'clarkerubber irwin::utils/buildAnalysedPositionTable.py', 'clarkerubber irwin::utils/buildAverageReport.py', 'clarkerubber irwin::utils/buildPositionAnalysisTable.py', 'clarkerubber irwin::utils/mongodb/addDateToPlayer.py', 'clarkerubber irwin::utils/mongodb/addGameAnalysedBool.py', 'clarkerubber irwin::utils/updatePlayerDatabase.py', 'clarkerubber irwin::webapp.py', 'clarkerubber irwin::webapp/DefaultResponse.py', 'clarkerubber irwin::webapp/Env.py', 'clarkerubber irwin::webapp/controllers/api/ApiBlueprint.py', 'clarkerubber irwin::webapp/controllers/api/blueprint.py']",112,65,0.21092278719397364,543,849,882,11261,0,16739,3204,1262,855,0,629,18,0,206,3003,0,0,65,923,3817,0,639,0,0,1435,498,43051,79056,0,0,0,0,0,0,0,0,6,0,0,0,0,0,0,0,0,112,0,0,0,0,0
Jared Winick,SE-engineer,1,0,0,13,['jaredwinick img2vec keras'],7.0,"['jaredwinick img2vec keras::examples/similarity.py', 'jaredwinick img2vec keras::img2vec-keras/__init__.py', 'jaredwinick img2vec keras::img2vec-keras/img_to_vec.py', 'jaredwinick img2vec keras::img2vec_keras/__init__.py', 'jaredwinick img2vec keras::img2vec_keras/img_to_vec.py', 'jaredwinick img2vec keras::img_to_vec.py', 'jaredwinick img2vec keras::setup.py']",3,2,0.23076923076923078,0,0,0,22,0,22,0,0,0,0,0,0,0,0,0,0,0,2,0,0,0,0,0,0,0,0,23,0,0,0,0,0,0,0,0,0,0,0,0,0,0,0,0,0,0,3,0,0,0,0,0
Jaroslaw Szczepanski,SE-engineer,1,0,0,1,['IntelAI OpenVINO model server'],,[],0,0,0.0,0,0,11,1,0,20,8,1,10,0,0,0,0,0,11,0,0,0,1,6,0,40,0,0,4,9,146,76,0,0,0,0,0,0,0,0,0,0,0,0,0,0,0,0,0,0,0,0,0,0,0
Jian Sheng,Hybrid-engineer,0,0,1,7,['neo ai neo ai dlr'],5.0,"['neo ai neo ai dlr::python/dlr/tf2_model.py', 'neo ai neo ai dlr::tests/python/unittest/test_tf2.py']",0,0,0.0,43,7,57,156,0,585,322,0,0,0,55,35,0,7,21,0,0,0,7,90,0,84,0,0,7,14,612,376,0,0,0,0,0,0,0,0,0,0,0,0,0,0,0,0,0,0,0,0,0,0,0
Jian Wang,SE-engineer,1,0,0,6,['iwangjian textsum gan'],2.0,[],0,0,0.0,60,0,0,15,5,95,15,0,0,0,10,15,0,0,10,0,0,0,0,66,0,0,1,0,35,40,397,160,0,0,0,0,0,0,0,0,0,0,0,0,0,0,0,0,0,0,0,0,0,0,0
Jianzhong Xu,SE-engineer,1,0,0,1,['neo ai neo ai dlr'],1.0,[],0,0,0.0,4,1,5,19,0,65,36,0,0,0,5,8,0,1,3,0,0,0,1,10,0,5,0,1,0,0,71,47,0,0,0,0,0,0,0,0,0,0,0,0,0,0,0,0,0,0,0,0,0,0,0
Jie Zhang,ML-engineer,0,1,0,22,['jiegzhan time series forecasting rnn tensorflow'],4.0,"['jiegzhan time series forecasting rnn tensorflow::build_model.py', 'jiegzhan time series forecasting rnn tensorflow::data_helper.py', 'jiegzhan time series forecasting rnn tensorflow::train.py', 'jiegzhan time series forecasting rnn tensorflow::train_predict.py']",0,0,0.0,0,0,12,8,0,20,0,0,0,0,0,0,0,0,2,0,0,0,0,0,0,0,0,0,0,0,24,25,0,0,0,24,18,0,0,0,21,0,0,0,0,0,0,0,0,0,0,0,0,0,0
Jieke Choo,SE-engineer,1,0,0,1,['IntelAI OpenVINO model server'],,[],0,0,0.0,13,32,31,103,6,243,58,4,19,0,31,0,0,4,49,2,0,0,1,48,0,162,2,10,17,28,718,325,0,0,0,0,0,0,0,0,0,0,0,0,0,0,0,0,0,0,0,0,0,0,0
Jihyung Moon,SE-engineer,1,0,0,2,['Tiiiger bert score'],1.0,[],0,0,0.0,6,0,0,4,0,14,4,0,0,0,6,0,0,0,0,0,0,0,0,8,0,0,0,0,0,10,50,14,0,0,0,0,0,0,0,0,0,0,0,0,0,0,0,0,0,0,0,0,0,0,0
Jin Yong Jeffrey Yoo,SE-engineer,1,0,0,2,['Tiiiger bert score'],1.0,[],0,0,0.0,0,0,0,14,0,16,2,0,0,0,6,0,0,0,4,0,0,0,0,14,0,0,0,0,4,14,104,20,0,0,0,10,0,0,0,0,0,0,0,0,0,0,0,0,0,0,0,0,0,0,0
Joanna Nosek,SE-engineer,1,0,0,65,"['IntelAI OpenVINO model server', 'IntelAI inference model manager']",101.0,"['IntelAI inference model manager::common/classes.py', 'IntelAI inference model manager::common/endpoint_utils.py', 'IntelAI inference model manager::common/images_2_numpy.py', 'IntelAI inference model manager::examples/grpc_client/__init__.py', 'IntelAI inference model manager::examples/grpc_client/classes.py', 'IntelAI inference model manager::examples/grpc_client/grpc_client.py', 'IntelAI inference model manager::examples/grpc_client/grpc_client_utils.py', 'IntelAI inference model manager::examples/grpc_client/images_2_numpy.py', 'IntelAI inference model manager::management/management_api/__init__.py', 'IntelAI inference model manager::management/management_api/config.py', 'IntelAI inference model manager::management/management_api/endpoints/endpoint_utils.py', 'IntelAI inference model manager::management/management_api/endpoints/endpoints.py', 'IntelAI inference model manager::management/management_api/logger.py', 'IntelAI inference model manager::management/management_api/models/model_utils.py', 'IntelAI inference model manager::management/management_api/models/models.py', 'IntelAI inference model manager::management/management_api/routes.py', 'IntelAI inference model manager::management/management_api/schemas/__init__.py', 'IntelAI inference model manager::management/management_api/schemas/authenticate.py', 'IntelAI inference model manager::management/management_api/schemas/elements/__init__.py', 'IntelAI inference model manager::management/management_api/schemas/elements/models.py', 'IntelAI inference model manager::management/management_api/schemas/elements/names.py', 'IntelAI inference model manager::management/management_api/schemas/elements/resources.py', 'IntelAI inference model manager::management/management_api/schemas/elements/verifications.py', 'IntelAI inference model manager::management/management_api/schemas/endpoints.py', 'IntelAI inference model manager::management/management_api/schemas/loadschema.py', 'IntelAI inference model manager::management/management_api/schemas/models.py', 'IntelAI inference model manager::management/management_api/schemas/tenants.py', 'IntelAI inference model manager::management/management_api/schemas/uploads.py', 'IntelAI inference model manager::management/management_api/tenants.py', 'IntelAI inference model manager::management/management_api/tenants/tenants.py', 'IntelAI inference model manager::management/management_api/tenants/tenants_utils.py', 'IntelAI inference model manager::management/management_api/upload/multipart.py', 'IntelAI inference model manager::management/management_api/utils/errors_handling.py', 'IntelAI inference model manager::management/management_api/utils/kubernetes_resources.py', 'IntelAI inference model manager::management/management_api/utils/parse_request.py', 'IntelAI inference model manager::management/management_api/utils/routes.py', 'IntelAI inference model manager::management/test/test_endpoints/test_endpoint_utils.py', 'IntelAI inference model manager::management/test/test_endpoints/test_endpoints.py', 'IntelAI inference model manager::management/test/test_models/test_models.py', 'IntelAI inference model manager::scripts/model_upload.py', 'IntelAI inference model manager::tests/__init__.py', 'IntelAI inference model manager::tests/classes.py', 'IntelAI inference model manager::tests/config.py', 'IntelAI inference model manager::tests/conftest.py', 'IntelAI inference model manager::tests/e2e_tests/inference_endpoints/test_inference_endpoints.py', 'IntelAI inference model manager::tests/e2e_tests/tf_serving_utils/classes.py', 'IntelAI inference model manager::tests/e2e_tests/tf_serving_utils/endpoint_utils.py', 'IntelAI inference model manager::tests/integration/test_ovms.py', 'IntelAI inference model manager::tests/management_api_tests/__init__.py', 'IntelAI inference model manager::tests/management_api_tests/config.py', 'IntelAI inference model manager::tests/management_api_tests/endpoints/test_endpoints.py', 'IntelAI inference model manager::tests/management_api_tests/models/__init__.py', 'IntelAI inference model manager::tests/management_api_tests/models/test_models.py', 'IntelAI inference model manager::tests/management_api_tests/tenants/__init__.py', 'IntelAI inference model manager::tests/management_api_tests/tenants/_init__.py', 'IntelAI inference model manager::tests/management_api_tests/tenants/tenant_utils.py', 'IntelAI inference model manager::tests/management_api_tests/tenants/test_tenants.py', 'IntelAI inference model manager::tests/tests.py', 'IntelAI inference model manager::tests/tfserving-tests/__init__.py', 'IntelAI inference model manager::tests/tfserving-tests/classes.py', 'IntelAI inference model manager::tests/tfserving-tests/config.py', 'IntelAI inference model manager::tests/tfserving-tests/tests.py', 'IntelAI inference model manager::tests/tfserving_tests/__init__.py', 'IntelAI inference model manager::tests/tfserving_tests/certificates/__init__.py', 'IntelAI inference model manager::tests/tfserving_tests/certificates/test_certs.py', 'IntelAI inference model manager::tests/tfserving_tests/utils/__init__.py', 'IntelAI inference model manager::tests/tfserving_tests/utils/classes.py', 'IntelAI inference model manager::tests/tfserving_tests/utils/load_numpy.py']",48,12,0.7384615384615385,3034,43,357,1063,0,5020,523,404,363,0,56,0,0,30,715,0,47,12,2,135,0,2168,0,0,25,419,4897,3557,0,0,0,0,0,0,0,0,0,0,0,0,0,0,0,0,0,48,0,0,0,0,0
Joao Messias Lima Pereira,Hybrid-engineer,0,0,1,1,['tech srl code2vec'],1.0,[],0,0,0.0,6,0,0,29,5,42,2,0,1,0,3,0,0,2,3,2,0,0,1,7,0,42,2,0,1,3,151,46,0,0,0,0,0,0,0,0,0,0,0,0,0,0,0,0,0,0,0,0,0,0,0
John Slankas,SE-engineer,1,0,0,1,['nikicc twitter emotion recognition'],1.0,[],0,0,0.0,2,0,0,1,0,3,0,0,0,0,0,0,0,0,0,0,0,0,0,0,0,0,0,0,0,0,3,4,0,0,0,3,0,0,0,0,0,0,0,0,0,0,0,0,0,0,0,0,0,0,0
Jonas Theiner,ML-engineer,0,1,0,4,['TIBHannover GeoEstimation'],12.0,"['TIBHannover GeoEstimation::classification/__init__.py', 'TIBHannover GeoEstimation::classification/dataset.py', 'TIBHannover GeoEstimation::classification/s2_utils.py', 'TIBHannover GeoEstimation::classification/train_base.py', 'TIBHannover GeoEstimation::classification/utils_global.py', 'TIBHannover GeoEstimation::filter_by_downloaded_images.py', 'TIBHannover GeoEstimation::msgpack_viewer.py', 'TIBHannover GeoEstimation::partitioning/assign_classes.py', 'TIBHannover GeoEstimation::partitioning/create_cells.py']",1,1,0.25,12,0,0,38,0,82,32,0,0,0,8,4,0,0,4,0,0,1,0,13,0,8,0,0,0,13,159,136,0,0,0,36,0,0,0,0,0,0,0,0,0,0,0,0,0,1,0,0,0,0,0
Jonathan Street,SE-engineer,1,0,0,6,['NCBI Hackathons Semantic search log analysis pipeline'],16.0,"['NCBI Hackathons Semantic search log analysis pipeline::afterGSprocessing.py', 'NCBI Hackathons Semantic search log analysis pipeline::django/loganalysis/assignment/__init__.py', 'NCBI Hackathons Semantic search log analysis pipeline::django/loganalysis/assignment/admin.py', 'NCBI Hackathons Semantic search log analysis pipeline::django/loganalysis/assignment/apps.py', 'NCBI Hackathons Semantic search log analysis pipeline::django/loganalysis/assignment/forms.py', 'NCBI Hackathons Semantic search log analysis pipeline::django/loganalysis/assignment/migrations/0001_initial.py', 'NCBI Hackathons Semantic search log analysis pipeline::django/loganalysis/assignment/migrations/__init__.py', 'NCBI Hackathons Semantic search log analysis pipeline::django/loganalysis/assignment/models.py', 'NCBI Hackathons Semantic search log analysis pipeline::django/loganalysis/assignment/tests.py', 'NCBI Hackathons Semantic search log analysis pipeline::django/loganalysis/assignment/urls.py', 'NCBI Hackathons Semantic search log analysis pipeline::django/loganalysis/assignment/views.py', 'NCBI Hackathons Semantic search log analysis pipeline::django/loganalysis/loganalysis/__init__.py', 'NCBI Hackathons Semantic search log analysis pipeline::django/loganalysis/loganalysis/settings.py', 'NCBI Hackathons Semantic search log analysis pipeline::django/loganalysis/loganalysis/urls.py', 'NCBI Hackathons Semantic search log analysis pipeline::django/loganalysis/loganalysis/wsgi.py', 'NCBI Hackathons Semantic search log analysis pipeline::django/loganalysis/manage.py']",0,0,0.0,54,12,0,70,0,417,281,0,0,0,6,0,0,0,12,0,0,0,0,0,0,12,0,0,0,0,1097,26,0,0,0,0,0,0,0,0,0,0,0,0,0,0,0,0,0,0,0,0,0,0,0
Joris Gillis,SE-engineer,1,0,0,1,['JustGlowing minisom'],,[],0,0,0.0,0,1,3,32,0,36,0,0,0,0,3,2,0,3,0,0,0,0,1,2,0,2,0,0,0,1,17,48,0,0,0,0,0,0,0,0,0,0,0,0,0,0,0,0,0,0,0,0,0,0,0
Jose Maria Canas Plaza,SE-engineer,1,0,0,1,['JdeRobot DetectionSuite'],,[],0,0,0.0,5,2,3,6,0,25,9,0,0,0,1,0,0,0,0,0,0,0,0,5,0,0,0,0,2,2,36,105,0,0,0,0,0,0,0,0,0,0,2,0,0,0,0,0,0,0,0,0,0,0,0
JoseMaria Ca as,SE-engineer,1,0,0,14,['JdeRobot DetectionSuite'],37.0,[],0,0,0.0,75,47,69,198,0,645,256,0,1,0,23,12,0,0,2,1,0,0,0,88,0,3,1,0,36,26,593,1716,0,0,0,4,0,0,0,0,0,0,26,0,0,0,0,0,1,0,0,0,0,0,0
Joshua Adelman,SE-engineer,1,0,0,1,['urduhack urduhack'],,[],0,0,0.0,6,3,3,8,3,52,29,0,0,0,33,3,0,2,13,0,0,0,0,2,0,5,0,0,2,0,136,28,0,0,0,0,0,0,0,0,0,0,0,0,0,0,0,0,0,0,0,0,0,0,0
Julio Morero,SE-engineer,1,0,0,1,['IntelAI OpenVINO model server'],,[],1,1,1.0,2,2,27,19,7,106,49,4,15,0,29,0,0,4,32,2,0,1,1,38,0,157,2,10,17,23,560,292,0,0,0,0,0,0,0,0,0,0,0,0,0,0,0,0,0,1,0,0,0,0,0
Jun Yan Zhu,SE-engineer,1,0,0,62,['phillipi pix2pix'],2.0,"['phillipi pix2pix::scripts/combine_A_and_B.py', 'phillipi pix2pix::scripts/edges/batch_hed.py']",2,2,0.03225806451612903,0,0,42,220,0,320,58,0,0,0,0,42,0,0,0,0,0,2,0,42,0,0,0,0,0,0,618,462,0,0,0,0,0,0,0,0,0,0,0,0,0,0,0,0,0,2,0,0,0,0,0
JustGlowing,SE-engineer,1,0,0,189,['JustGlowing minisom'],5.0,['JustGlowing minisom::setup.py'],31,19,0.164021164021164,0,180,667,5137,0,6100,116,0,0,0,497,435,0,426,0,0,0,19,188,328,0,662,0,0,32,202,3114,9067,0,0,0,0,0,0,0,0,0,0,0,0,0,0,0,0,0,31,0,0,0,0,0
Justin Gosses,SE-engineer,1,0,0,219,['JustinGOSSES predictatops'],66.0,"['JustinGOSSES predictatops::StratPickSupML/__init__.py', 'JustinGOSSES predictatops::StratPickSupML/balance.py', 'JustinGOSSES predictatops::StratPickSupML/balance_runner.py', 'JustinGOSSES predictatops::StratPickSupML/checkAvailableData.py', 'JustinGOSSES predictatops::StratPickSupML/checkAvailableData_runner.py', 'JustinGOSSES predictatops::StratPickSupML/checkdata.py', 'JustinGOSSES predictatops::StratPickSupML/checkdata_runner.py', 'JustinGOSSES predictatops::StratPickSupML/cli.py', 'JustinGOSSES predictatops::StratPickSupML/configurationplusfiles.py', 'JustinGOSSES predictatops::StratPickSupML/configurationplusfiles_runner.py', 'JustinGOSSES predictatops::StratPickSupML/configurationsplusfiles.py', 'JustinGOSSES predictatops::StratPickSupML/evaluate.py', 'JustinGOSSES predictatops::StratPickSupML/evaluate_runner.py', 'JustinGOSSES predictatops::StratPickSupML/features_runner.py', 'JustinGOSSES predictatops::StratPickSupML/getDemoData.py', 'JustinGOSSES predictatops::StratPickSupML/load.py', 'JustinGOSSES predictatops::StratPickSupML/load_runner.py', 'JustinGOSSES predictatops::StratPickSupML/main.py', 'JustinGOSSES predictatops::StratPickSupML/map.py', 'JustinGOSSES predictatops::StratPickSupML/prediction.py', 'JustinGOSSES predictatops::StratPickSupML/prediction_runner.py', 'JustinGOSSES predictatops::StratPickSupML/split.py', 'JustinGOSSES predictatops::StratPickSupML/split_runner.py', 'JustinGOSSES predictatops::StratPickSupML/trainclasses.py', 'JustinGOSSES predictatops::StratPickSupML/trainclasses_runner.py', 'JustinGOSSES predictatops::StratPickSupML/wellKNN_runner.py', 'JustinGOSSES predictatops::StratPickSupML/wellsKNN.py', 'JustinGOSSES predictatops::checkAvailableData_old.py', 'JustinGOSSES predictatops::checkAvailable_runner_old.py', 'JustinGOSSES predictatops::docs/conf.py', 'JustinGOSSES predictatops::predictatops/__init__.py', 'JustinGOSSES predictatops::predictatops/all_runner.py', 'JustinGOSSES predictatops::predictatops/balance.py', 'JustinGOSSES predictatops::predictatops/balance_runner.py', 'JustinGOSSES predictatops::predictatops/checkdata.py', 'JustinGOSSES predictatops::predictatops/checkdata_runner.py', 'JustinGOSSES predictatops::predictatops/cli.py', 'JustinGOSSES predictatops::predictatops/configurationplusfiles.py', 'JustinGOSSES predictatops::predictatops/configurationplusfiles_runner.py', 'JustinGOSSES predictatops::predictatops/evaluate.py', 'JustinGOSSES predictatops::predictatops/evaluate_runner.py', 'JustinGOSSES predictatops::predictatops/features.py', 'JustinGOSSES predictatops::predictatops/features_runner.py', 'JustinGOSSES predictatops::predictatops/fetch_demo_data.py', 'JustinGOSSES predictatops::predictatops/getDemoData.py', 'JustinGOSSES predictatops::predictatops/load.py', 'JustinGOSSES predictatops::predictatops/load_runner.py', 'JustinGOSSES predictatops::predictatops/main.py', 'JustinGOSSES predictatops::predictatops/map.py', 'JustinGOSSES predictatops::predictatops/plot.py', 'JustinGOSSES predictatops::predictatops/plot_runner.py', 'JustinGOSSES predictatops::predictatops/prediction.py', 'JustinGOSSES predictatops::predictatops/prediction_runner.py', 'JustinGOSSES predictatops::predictatops/predictionclasses.py', 'JustinGOSSES predictatops::predictatops/predictionclasses_runner.py', 'JustinGOSSES predictatops::predictatops/predictionclasses_runner_old.py', 'JustinGOSSES predictatops::predictatops/split.py', 'JustinGOSSES predictatops::predictatops/split_runner.py', 'JustinGOSSES predictatops::predictatops/trainclasses.py', 'JustinGOSSES predictatops::predictatops/trainclasses_runner.py', 'JustinGOSSES predictatops::predictatops/trainclasses_temp.py', 'JustinGOSSES predictatops::predictatops/wellKNN_runner.py', 'JustinGOSSES predictatops::predictatops/wellsKNN.py', 'JustinGOSSES predictatops::predictatops/wellsKNN_runner.py', 'JustinGOSSES predictatops::setup.py', 'JustinGOSSES predictatops::tests/test_StratPickSupML.py']",24,9,0.1095890410958904,904,1215,2036,9148,0,20671,7368,0,2,0,206,0,0,159,703,0,0,9,0,417,0,13763,131,0,192,639,26347,8634,0,0,1848,1385,172,0,0,0,0,1481,0,0,0,0,0,0,0,24,0,2,0,2,B403B403
Justin Shenk,SE-engineer,1,0,0,1,['ZheC Realtime Multi Person Pose Estimation'],,[],1,1,1.0,0,0,4,0,0,4,0,0,0,0,0,0,0,0,0,0,0,1,0,1,0,0,0,0,0,0,0,33,0,0,0,0,0,0,0,0,0,0,0,0,0,0,0,0,0,1,0,0,0,0,0
JustinGOSSES,SE-engineer,1,0,0,5,['JustinGOSSES predictatops'],4.0,[],3,1,0.6,19,20,58,233,0,507,177,0,0,0,5,0,0,5,17,0,0,1,0,12,0,295,2,0,8,13,565,247,0,0,54,34,5,0,0,0,0,39,0,0,0,0,0,0,0,3,0,0,0,0,0
Kale ab,ML-engineer,0,1,0,8,['KaleabTessera ICOOmen ML Model'],,[],0,0,0.0,0,0,0,0,0,0,0,0,0,0,0,0,0,0,0,0,0,0,0,0,0,0,0,0,0,0,0,0,0,0,0,0,0,0,0,0,0,0,0,0,0,0,0,0,0,0,0,0,0,0,0
Kaleab,ML-engineer,0,1,0,15,['KaleabTessera ICOOmen ML Model'],,[],0,0,0.0,0,0,0,0,0,0,0,0,0,0,0,0,0,0,0,0,0,0,0,0,0,0,0,0,0,0,0,0,0,0,0,0,0,0,0,0,0,0,0,0,0,0,0,0,0,0,0,0,0,0,0
KaleabTessera,Hybrid-engineer,0,0,1,13,['KaleabTessera ICOOmen ML Model'],,[],0,0,0.0,0,0,0,0,0,0,0,0,0,0,0,0,0,0,0,0,0,0,0,0,0,0,0,0,0,0,0,0,0,0,0,0,0,0,0,0,0,0,0,0,0,0,0,0,0,0,0,0,0,0,0
Kalinowski Damian,SE-engineer,1,0,0,98,['IntelAI OpenVINO model server'],17.0,['IntelAI OpenVINO model server::tests/performance/grpc_latency.py'],84,12,0.8571428571428571,8,0,826,74,0,1442,534,86,824,0,56,0,0,0,1047,0,0,12,80,426,0,3716,0,0,361,788,11271,8294,0,0,0,0,0,0,0,0,0,0,0,0,0,0,0,0,0,84,0,0,0,0,0
Kamran Kowsari,SE-engineer,1,0,0,952,"['kk7nc HDLTex', 'kk7nc RMDL', 'kk7nc Text Classification']",87.0,"['kk7nc HDLTex::BuildModel.py', 'kk7nc HDLTex::Data_helper.py', 'kk7nc HDLTex::Download_Glove.py', 'kk7nc HDLTex::HDLTex.py', 'kk7nc HDLTex::HDLTex/Data_helper.py', 'kk7nc HDLTex::HDLTex/Download_Glove.py', 'kk7nc HDLTex::HDLTex/HDLTex.py', 'kk7nc HDLTex::HDLTex/WOS_input.py', 'kk7nc HDLTex::WOS_input.py', 'kk7nc HDLTex::setup.py', 'kk7nc RMDL::.py', 'kk7nc RMDL::BuildModel.py', 'kk7nc RMDL::Copy.py', 'kk7nc RMDL::Data_load.py', 'kk7nc RMDL::Download/Download_Glove.py', 'kk7nc RMDL::Download/Download_WOS.py', 'kk7nc RMDL::Download/__init__.py', 'kk7nc RMDL::Download_datasets/Download_Glove.py', 'kk7nc RMDL::Download_datasets/Download_WOS.py', 'kk7nc RMDL::Download_datasets/Glove.py', 'kk7nc RMDL::Download_datasets/WOS_input.py', 'kk7nc RMDL::Download_datasets/stl10_input.py', 'kk7nc RMDL::Examples/20NewsGroup.py', 'kk7nc RMDL::Examples/CIFAR.py', 'kk7nc RMDL::Examples/IMDB.py', 'kk7nc RMDL::Examples/LFW.py', 'kk7nc RMDL::Examples/MNIST.py', 'kk7nc RMDL::Examples/ORL.py', 'kk7nc RMDL::Examples/Reuters-21578.py', 'kk7nc RMDL::Examples/Reuters21578.py', 'kk7nc RMDL::Examples/Text_classification_demo.py', 'kk7nc RMDL::Examples/Text_facebook.py', 'kk7nc RMDL::Examples/Text_pandas.py', 'kk7nc RMDL::Examples/WOS-11967.py', 'kk7nc RMDL::Examples/WOS-46985.py', 'kk7nc RMDL::Examples/WOS-5736.py', 'kk7nc RMDL::Examples/WOS11967.py', 'kk7nc RMDL::Examples/WOS46985.py', 'kk7nc RMDL::Examples/WOS5736.py', 'kk7nc RMDL::Examples/_20NewsGroup.py', 'kk7nc RMDL::Plot.py', 'kk7nc RMDL::RMDL.py', 'kk7nc RMDL::RMDL/BuildModel.py', 'kk7nc RMDL::RMDL/Download/Download_Glove.py', 'kk7nc RMDL::RMDL/Download/Download_WOS.py', 'kk7nc RMDL::RMDL/Download/__init__.py', 'kk7nc RMDL::RMDL/Global.py', 'kk7nc RMDL::RMDL/Plot.py', 'kk7nc RMDL::RMDL/RMDL_Image.py', 'kk7nc RMDL::RMDL/RMDL_Text.py', 'kk7nc RMDL::RMDL/__init__.py', 'kk7nc RMDL::RMDL/test.py', 'kk7nc RMDL::RMDL/text_feature_extraction.py', 'kk7nc RMDL::scr/BuildModel.py', 'kk7nc RMDL::scr/Image_Data_load.py', 'kk7nc RMDL::scr/Plot.py', 'kk7nc RMDL::scr/RMDL.py', 'kk7nc RMDL::scr/RMDL_Image.py', 'kk7nc RMDL::scr/RMDL_Text.py', 'kk7nc RMDL::scr/Text_Data_load.py', 'kk7nc RMDL::setup.py', 'kk7nc RMDL::src/BuildModel.py', 'kk7nc RMDL::src/Global.py', 'kk7nc RMDL::src/Plot.py', 'kk7nc RMDL::src/RMDL.py', 'kk7nc RMDL::src/RMDL_Image.py', 'kk7nc RMDL::src/RMDL_Text.py', 'kk7nc RMDL::src/text_feature_extraction.py', 'kk7nc Text Classification::Data/Download_Glove.py', 'kk7nc Text Classification::Data/Download_WOS.py', 'kk7nc Text Classification::code/Bagging.py', 'kk7nc Text Classification::code/Boost.py', 'kk7nc Text Classification::code/CNN.py', 'kk7nc Text Classification::code/CRF.py', 'kk7nc Text Classification::code/DNN.py', 'kk7nc Text Classification::code/Decision_Tree.py', 'kk7nc Text Classification::code/Hierarchical_Attention_Networks/textClassifierConv.py', 'kk7nc Text Classification::code/Hierarchical_Attention_Networks/textClassifierHATT.py', 'kk7nc Text Classification::code/Hierarchical_Attention_Networks/textClassifierRNN.py', 'kk7nc Text Classification::code/K-nearest_Neighbor.py', 'kk7nc Text Classification::code/MultinomialNB.py', 'kk7nc Text Classification::code/RCNN.py', 'kk7nc Text Classification::code/RNN.py', 'kk7nc Text Classification::code/Random_Forest.py', 'kk7nc Text Classification::code/Rocchio_classification.py', 'kk7nc Text Classification::code/SVM.py']",174,33,0.18277310924369747,180,465,3141,4329,0,9896,1781,0,0,0,0,0,0,0,1080,0,0,33,0,3028,0,0,0,0,1950,3579,34002,23051,0,0,0,46,0,0,0,0,4137,0,0,0,0,0,0,0,0,174,0,0,0,0,0
KamyKowsari,SE-engineer,1,0,0,4,"['kk7nc HDLTex', 'kk7nc RMDL', 'kk7nc Text Classification']",,[],0,0,0.0,0,2,10,12,0,29,5,0,0,0,0,0,0,0,3,0,0,0,0,15,0,0,0,0,8,21,159,164,0,0,0,0,0,0,0,0,17,0,0,0,0,0,0,0,0,0,0,0,0,0,0
Karol Blaszczak,SE-engineer,1,0,0,3,['IntelAI OpenVINO model server'],,[],2,2,0.6666666666666666,58,97,101,285,18,751,192,8,36,0,66,0,0,8,99,4,0,2,3,81,0,314,4,20,29,50,1302,644,0,0,0,0,0,0,0,0,0,0,0,0,0,0,0,0,0,2,0,0,0,0,0
Karolina Sankiewicz,SE-engineer,1,0,0,25,"['IntelAI OpenVINO model server', 'IntelAI inference model manager']",1.0,[],2,2,0.08,971,33,180,387,0,1825,254,131,165,0,95,1,0,16,301,3,14,2,4,106,0,1110,0,30,35,180,2745,1512,0,0,0,0,0,0,0,0,0,0,0,0,0,0,0,0,0,2,0,0,0,0,0
Katarzyna Papis,SE-engineer,1,0,0,1,['IntelAI OpenVINO model server'],5.0,['IntelAI OpenVINO model server::demos/benchmark/python/client_tfs.py'],0,0,0.0,2,2,27,23,6,110,50,4,15,0,29,0,0,4,33,2,0,0,2,39,0,157,2,10,17,25,616,319,0,0,0,0,0,0,0,0,0,0,0,0,0,0,0,0,0,0,0,0,0,0,0
Katrin Leinweber,SE-engineer,1,0,0,1,['TIBHannover GeoEstimation'],,[],0,0,0.0,5,1,3,1,0,13,3,0,0,0,0,1,0,0,3,0,0,0,0,4,0,0,0,0,0,11,33,21,0,0,0,0,0,0,0,0,0,0,0,0,0,0,0,0,0,0,0,0,0,0,0
Katsuya Hyodo,SE-engineer,1,0,0,64,"['PINTO0309 Keras OneClassAnomalyDetection', 'PINTO0309 MobileNet SSDLite RealSense TF', 'PINTO0309 MobileNetV2 PoseEstimation', 'PINTO0309 OpenVINO DeeplabV3']",3.0,"['PINTO0309 Keras OneClassAnomalyDetection::models/tensorflow/quantization/01_freeze_the_saved_model.py', 'PINTO0309 Keras OneClassAnomalyDetection::models/tensorflow/quantization/03_quantization.py', 'PINTO0309 MobileNetV2 PoseEstimation::tflite-usbcamera-cpu-sync.py']",3,1,0.046875,308,114,389,1103,0,3276,1362,0,190,0,317,266,0,38,137,0,0,1,76,969,0,106,38,0,440,879,9073,7789,0,0,0,0,0,0,0,0,0,0,102,0,0,0,0,0,0,3,0,304,0,304,B311B311B311B311B311B311B311B311B311B311B311B311B311B311B311B311B311B311B311B311B311B311B311B311B311B311B311B311B311B311B311B311B311B311B311B311B311B311
Kiana Jafari Meimandi,SE-engineer,1,0,0,4,"['kk7nc HDLTex', 'kk7nc RMDL', 'kk7nc Text Classification']",,[],0,0,0.0,4,1,10,39,0,61,7,0,0,0,0,0,0,0,2,0,0,0,0,10,0,0,0,0,5,14,138,139,0,0,0,0,0,0,0,0,16,0,0,0,0,0,0,0,0,0,0,0,0,0,0
Kim Heecheol,SE-engineer,1,0,0,27,['kimhc6028 relational networks'],3.0,[],0,0,0.0,1,0,0,33,0,154,120,0,0,0,0,0,0,0,0,0,0,0,1,54,0,0,0,0,28,0,115,930,0,0,0,0,0,0,0,0,0,0,0,0,0,0,0,0,0,0,0,0,0,0,0
Kir Zharov,SE-engineer,1,0,0,4,['Tiiiger bert score'],1.0,[],0,0,0.0,0,0,0,28,0,32,4,0,0,0,16,0,0,0,8,0,0,0,0,28,0,0,0,0,12,28,214,40,0,0,0,20,0,0,0,0,0,0,0,0,0,0,0,0,0,0,0,0,0,0,0
Konstantinos Mouratidis,Hybrid-engineer,0,0,1,103,['KMouratidis EDA miner public'],101.0,"['KMouratidis EDA miner public::EDA_miner/__init__.py', 'KMouratidis EDA miner public::EDA_miner/app.py', 'KMouratidis EDA miner public::EDA_miner/apps/__init__.py', 'KMouratidis EDA miner public::EDA_miner/apps/analyze/Classification.py', 'KMouratidis EDA miner public::EDA_miner/apps/analyze/Econometrics.py', 'KMouratidis EDA miner public::EDA_miner/apps/analyze/Model_Builder.py', 'KMouratidis EDA miner public::EDA_miner/apps/analyze/Pipelines.py', 'KMouratidis EDA miner public::EDA_miner/apps/analyze/Regression.py', 'KMouratidis EDA miner public::EDA_miner/apps/analyze/__init__.py', 'KMouratidis EDA miner public::EDA_miner/apps/analyze/models/__init__.py', 'KMouratidis EDA miner public::EDA_miner/apps/analyze/models/pipeline_classes.py', 'KMouratidis EDA miner public::EDA_miner/apps/analyze/models/pipeline_creator.py', 'KMouratidis EDA miner public::EDA_miner/apps/analyze/models/utils.py', 'KMouratidis EDA miner public::EDA_miner/apps/analyze_view.py', 'KMouratidis EDA miner public::EDA_miner/apps/data/APIs.py', 'KMouratidis EDA miner public::EDA_miner/apps/data/Upload.py', 'KMouratidis EDA miner public::EDA_miner/apps/data/View.py', 'KMouratidis EDA miner public::EDA_miner/apps/data/__init__.py', 'KMouratidis EDA miner public::EDA_miner/apps/data/data_utils/__init__.py', 'KMouratidis EDA miner public::EDA_miner/apps/data/data_utils/api_connectors.py', 'KMouratidis EDA miner public::EDA_miner/apps/data/data_utils/api_layouts.py', 'KMouratidis EDA miner public::EDA_miner/apps/exploration/Exploration3D.py', 'KMouratidis EDA miner public::EDA_miner/apps/exploration/KPIs.py', 'KMouratidis EDA miner public::EDA_miner/apps/exploration/Networks.py', 'KMouratidis EDA miner public::EDA_miner/apps/exploration/PDF_report.py', 'KMouratidis EDA miner public::EDA_miner/apps/exploration/TextVisualizations.py', 'KMouratidis EDA miner public::EDA_miner/apps/exploration/graphs/__init__.py', 'KMouratidis EDA miner public::EDA_miner/apps/exploration/graphs/graphs2d.py', 'KMouratidis EDA miner public::EDA_miner/apps/exploration/graphs/graphs3d.py', 'KMouratidis EDA miner public::EDA_miner/apps/exploration/graphs/kpis.py', 'KMouratidis EDA miner public::EDA_miner/apps/exploration/graphs/textviz.py', 'KMouratidis EDA miner public::EDA_miner/apps/exploration_view.py', 'KMouratidis EDA miner public::EDA_miner/layouts.py', 'KMouratidis EDA miner public::EDA_miner/menus.py', 'KMouratidis EDA miner public::EDA_miner/styles.py', 'KMouratidis EDA miner public::__init__.py', 'KMouratidis EDA miner public::app.py', 'KMouratidis EDA miner public::apps/__init__.py', 'KMouratidis EDA miner public::apps/analyze/Classification.py', 'KMouratidis EDA miner public::apps/analyze/Clustering.py', 'KMouratidis EDA miner public::apps/analyze/Econometrics.py', 'KMouratidis EDA miner public::apps/analyze/Model_Builder.py', 'KMouratidis EDA miner public::apps/analyze/Pipelines.py', 'KMouratidis EDA miner public::apps/analyze/Regression.py', 'KMouratidis EDA miner public::apps/analyze/__init__.py', 'KMouratidis EDA miner public::apps/analyze/models/__init__.py', 'KMouratidis EDA miner public::apps/analyze/models/graph_structures.py', 'KMouratidis EDA miner public::apps/analyze/models/pipeline_classes.py', 'KMouratidis EDA miner public::apps/analyze/models/pipeline_creator.py', 'KMouratidis EDA miner public::apps/analyze/models/utils.py', 'KMouratidis EDA miner public::apps/analyze_view.py', 'KMouratidis EDA miner public::apps/data/APIs.py', 'KMouratidis EDA miner public::apps/data/Upload.py', 'KMouratidis EDA miner public::apps/data/View.py', 'KMouratidis EDA miner public::apps/data/__init__.py', 'KMouratidis EDA miner public::apps/data/data_utils/__init__.py', 'KMouratidis EDA miner public::apps/data/data_utils/api_connectors.py', 'KMouratidis EDA miner public::apps/data/data_utils/api_layouts.py', 'KMouratidis EDA miner public::apps/data_view.py', 'KMouratidis EDA miner public::apps/exploration/Exploration.py', 'KMouratidis EDA miner public::apps/exploration/Exploration3D.py', 'KMouratidis EDA miner public::apps/exploration/KPIs.py', 'KMouratidis EDA miner public::apps/exploration/Networks.py', 'KMouratidis EDA miner public::apps/exploration/PDF_report.py', 'KMouratidis EDA miner public::apps/exploration/TextVisualizations.py', 'KMouratidis EDA miner public::apps/exploration/__init__.py', 'KMouratidis EDA miner public::apps/exploration/graphs/__init__.py', 'KMouratidis EDA miner public::apps/exploration/graphs/graphs2d.py', 'KMouratidis EDA miner public::apps/exploration/graphs/graphs3d.py', 'KMouratidis EDA miner public::apps/exploration/graphs/kpis.py', 'KMouratidis EDA miner public::apps/exploration/graphs/layouts.py', 'KMouratidis EDA miner public::apps/exploration/graphs/styles.py', 'KMouratidis EDA miner public::apps/exploration/graphs/textviz.py', 'KMouratidis EDA miner public::apps/exploration/graphs/word_cloud.py', 'KMouratidis EDA miner public::apps/exploration_view.py', 'KMouratidis EDA miner public::docs/all_layouts.py', 'KMouratidis EDA miner public::docs/conf.py', 'KMouratidis EDA miner public::docs/docs.py', 'KMouratidis EDA miner public::docs/generate_modules.py', 'KMouratidis EDA miner public::docs/source/conf.py', 'KMouratidis EDA miner public::layouts.py', 'KMouratidis EDA miner public::menus.py', 'KMouratidis EDA miner public::server.py', 'KMouratidis EDA miner public::styles.py', 'KMouratidis EDA miner public::tests/__init__.py', 'KMouratidis EDA miner public::tests/test_app.py', 'KMouratidis EDA miner public::tests/test_toplevel.py', 'KMouratidis EDA miner public::utils.py']",68,18,0.6601941747572816,300,164,4575,886,0,6679,754,214,71,0,24,18,0,0,1151,0,6,18,10,324,0,545,0,0,240,494,15618,5685,0,0,0,278,0,0,0,0,0,19,0,0,0,0,0,0,0,68,0,0,0,0,0
Kostas Mouratidis,Hybrid-engineer,0,0,1,42,['KMouratidis EDA miner public'],127.0,"['KMouratidis EDA miner public::EDA_miner/__init__.py', 'KMouratidis EDA miner public::EDA_miner/app.py', 'KMouratidis EDA miner public::EDA_miner/app_extensions.py', 'KMouratidis EDA miner public::EDA_miner/apps/analyze/Classification.py', 'KMouratidis EDA miner public::EDA_miner/apps/analyze/Clustering.py', 'KMouratidis EDA miner public::EDA_miner/apps/analyze/Model_Builder.py', 'KMouratidis EDA miner public::EDA_miner/apps/analyze/models/graph_structures.py', 'KMouratidis EDA miner public::EDA_miner/apps/analyze/models/pipeline_classes.py', 'KMouratidis EDA miner public::EDA_miner/apps/analyze/utils.py', 'KMouratidis EDA miner public::EDA_miner/apps/data/APIs.py', 'KMouratidis EDA miner public::EDA_miner/apps/data/Schemata.py', 'KMouratidis EDA miner public::EDA_miner/apps/data/Upload.py', 'KMouratidis EDA miner public::EDA_miner/apps/data/View.py', 'KMouratidis EDA miner public::EDA_miner/apps/data/__init__.py', 'KMouratidis EDA miner public::EDA_miner/apps/data/available_metrics.py', 'KMouratidis EDA miner public::EDA_miner/apps/data/data_utils/api_connectors.py', 'KMouratidis EDA miner public::EDA_miner/apps/data/data_utils/api_layouts.py', 'KMouratidis EDA miner public::EDA_miner/apps/data/data_utils/ganalytics_metrics.py', 'KMouratidis EDA miner public::EDA_miner/apps/data/data_utils/schema_heuristics.py', 'KMouratidis EDA miner public::EDA_miner/apps/data_view.py', 'KMouratidis EDA miner public::EDA_miner/apps/exploration/DashboardMaker.py', 'KMouratidis EDA miner public::EDA_miner/apps/exploration/Exploration.py', 'KMouratidis EDA miner public::EDA_miner/apps/exploration/Maps.py', 'KMouratidis EDA miner public::EDA_miner/apps/exploration/Networks.py', 'KMouratidis EDA miner public::EDA_miner/apps/exploration/__init__.py', 'KMouratidis EDA miner public::EDA_miner/apps/exploration_view.py', 'KMouratidis EDA miner public::EDA_miner/config.py', 'KMouratidis EDA miner public::EDA_miner/dash_rnd/ResizeDraggable.py', 'KMouratidis EDA miner public::EDA_miner/dash_rnd/__init__.py', 'KMouratidis EDA miner public::EDA_miner/dash_rnd/_imports_.py', 'KMouratidis EDA miner public::EDA_miner/data/__init__.py', 'KMouratidis EDA miner public::EDA_miner/data/apis.py', 'KMouratidis EDA miner public::EDA_miner/data/app.py', 'KMouratidis EDA miner public::EDA_miner/data/data_utils/__init__.py', 'KMouratidis EDA miner public::EDA_miner/data/data_utils/api_connectors.py', 'KMouratidis EDA miner public::EDA_miner/data/data_utils/api_layouts.py', 'KMouratidis EDA miner public::EDA_miner/data/data_utils/ganalytics_metrics.py', 'KMouratidis EDA miner public::EDA_miner/data/data_utils/schema_heuristics.py', 'KMouratidis EDA miner public::EDA_miner/data/schemata.py', 'KMouratidis EDA miner public::EDA_miner/data/server.py', 'KMouratidis EDA miner public::EDA_miner/data/upload.py', 'KMouratidis EDA miner public::EDA_miner/data/view.py', 'KMouratidis EDA miner public::EDA_miner/data_server.py', 'KMouratidis EDA miner public::EDA_miner/docs/__init__.py', 'KMouratidis EDA miner public::EDA_miner/docs/all_layouts.py', 'KMouratidis EDA miner public::EDA_miner/docs/app.py', 'KMouratidis EDA miner public::EDA_miner/docs/doc_maker.py', 'KMouratidis EDA miner public::EDA_miner/docs_server.py', 'KMouratidis EDA miner public::EDA_miner/env_template.py', 'KMouratidis EDA miner public::EDA_miner/exceptions.py', 'KMouratidis EDA miner public::EDA_miner/flask_app.py', 'KMouratidis EDA miner public::EDA_miner/forms.py', 'KMouratidis EDA miner public::EDA_miner/google_analytics/app.py', 'KMouratidis EDA miner public::EDA_miner/initialize_project.py', 'KMouratidis EDA miner public::EDA_miner/menus.py', 'KMouratidis EDA miner public::EDA_miner/model_server.py', 'KMouratidis EDA miner public::EDA_miner/modeling/__init__.py', 'KMouratidis EDA miner public::EDA_miner/modeling/app.py', 'KMouratidis EDA miner public::EDA_miner/modeling/model_builder.py', 'KMouratidis EDA miner public::EDA_miner/modeling/models/__init__.py', 'KMouratidis EDA miner public::EDA_miner/modeling/models/graph_structures.py', 'KMouratidis EDA miner public::EDA_miner/modeling/models/pipeline_classes.py', 'KMouratidis EDA miner public::EDA_miner/modeling/models/pipeline_creator.py', 'KMouratidis EDA miner public::EDA_miner/modeling/pipelines.py', 'KMouratidis EDA miner public::EDA_miner/modeling/server.py', 'KMouratidis EDA miner public::EDA_miner/modeling/single_model.py', 'KMouratidis EDA miner public::EDA_miner/modeling/styles.py', 'KMouratidis EDA miner public::EDA_miner/models.py', 'KMouratidis EDA miner public::EDA_miner/presentation/__init__.py', 'KMouratidis EDA miner public::EDA_miner/presentation/app.py', 'KMouratidis EDA miner public::EDA_miner/presentation_server.py', 'KMouratidis EDA miner public::EDA_miner/server.py', 'KMouratidis EDA miner public::EDA_miner/templates/base_dash.py', 'KMouratidis EDA miner public::EDA_miner/users_mgt.py', 'KMouratidis EDA miner public::EDA_miner/utils.py', 'KMouratidis EDA miner public::EDA_miner/visualization/__init__.py', 'KMouratidis EDA miner public::EDA_miner/visualization/app.py', 'KMouratidis EDA miner public::EDA_miner/visualization/chart_maker.py', 'KMouratidis EDA miner public::EDA_miner/visualization/dashboard_maker.py', 'KMouratidis EDA miner public::EDA_miner/visualization/graphs/__init__.py', 'KMouratidis EDA miner public::EDA_miner/visualization/graphs/graphs2d.py', 'KMouratidis EDA miner public::EDA_miner/visualization/graphs/kpis.py', 'KMouratidis EDA miner public::EDA_miner/visualization/graphs/textviz.py', 'KMouratidis EDA miner public::EDA_miner/visualization/graphs/utils.py', 'KMouratidis EDA miner public::EDA_miner/visualization/kpis.py', 'KMouratidis EDA miner public::EDA_miner/visualization/maps.py', 'KMouratidis EDA miner public::EDA_miner/visualization/networks.py', 'KMouratidis EDA miner public::EDA_miner/visualization/server.py', 'KMouratidis EDA miner public::EDA_miner/visualization/text_viz.py', 'KMouratidis EDA miner public::EDA_miner/visualization_server.py', 'KMouratidis EDA miner public::EDA_miner/viz_server.py', 'KMouratidis EDA miner public::EDA_miner/wsgi.py', 'KMouratidis EDA miner public::google_analytics/app.py', 'KMouratidis EDA miner public::tests/apps/data/data_utils/test_data_utils.py', 'KMouratidis EDA miner public::tests/data/__init__.py', 'KMouratidis EDA miner public::tests/data/data_utils/__init__.py', 'KMouratidis EDA miner public::tests/data/data_utils/test_data_utils.py', 'KMouratidis EDA miner public::tests/data/data_utils/test_schema_heuristics.py', 'KMouratidis EDA miner public::tests/test_menus.py', 'KMouratidis EDA miner public::tests/test_tabs.py', 'KMouratidis EDA miner public::tests/test_user_auth.py', 'KMouratidis EDA miner public::tests/test_utils.py', 'KMouratidis EDA miner public::tests/testing_utils.py']",68,13,1.619047619047619,368,86,2242,274,0,3770,800,152,189,0,80,39,0,0,570,0,13,13,0,170,0,225,0,0,149,211,11013,3354,0,0,0,243,0,0,0,0,0,26,0,0,0,0,0,0,0,68,0,0,0,0,0
Krishna Chaitanya Koppolu,SE-engineer,1,0,0,1,['neo ai neo ai dlr'],,[],0,0,0.0,3,1,9,19,0,71,39,0,0,0,6,5,0,1,3,0,0,0,1,8,0,5,0,0,0,0,66,42,0,0,0,0,0,0,0,0,0,0,0,0,0,0,0,0,0,0,0,0,0,0,0
Krzysztof Balka,SE-engineer,1,0,0,18,['IntelAI inference model manager'],41.0,"['IntelAI inference model manager::management/management_api/authenticate/__init__.py', 'IntelAI inference model manager::management/management_api/runner.py', 'IntelAI inference model manager::management/management_api/upload/multipart.py', 'IntelAI inference model manager::management/test/test_auth/test_endpoints_auth.py', 'IntelAI inference model manager::management/test/test_utils/auth_middleware_mock.py', 'IntelAI inference model manager::management/test/test_utils/token_stuff.py', 'IntelAI inference model manager::scripts/common_token.py', 'IntelAI inference model manager::tests/e2e_tests/tf_serving_utils/load_numpy.py']",13,4,0.7222222222222222,1198,14,126,412,0,1935,185,155,134,0,13,0,0,10,250,0,18,4,0,49,0,721,0,0,2,156,1618,1005,0,0,0,0,0,0,0,0,0,0,0,0,0,0,0,0,0,13,0,0,0,0,0
Krzysztof Czarnecki,SE-engineer,1,0,0,5,['IntelAI OpenVINO model server'],16.0,"['IntelAI OpenVINO model server::demos/benchmark/python/client.py', 'IntelAI OpenVINO model server::demos/benchmark/python/client_nvtrt.py', 'IntelAI OpenVINO model server::demos/benchmark/python/client_ovms.py', 'IntelAI OpenVINO model server::demos/benchmark/python/client_tfs.py', 'IntelAI OpenVINO model server::demos/benchmark/python/db_exporter.py', 'IntelAI OpenVINO model server::demos/benchmark/python/main.py', 'IntelAI OpenVINO model server::demos/benchmark/python/metrics.py', 'IntelAI OpenVINO model server::example_client/benchmark/__init__.py', 'IntelAI OpenVINO model server::example_client/benchmark/client.py', 'IntelAI OpenVINO model server::example_client/benchmark/client_nvtrt.py', 'IntelAI OpenVINO model server::example_client/benchmark/client_ovms.py', 'IntelAI OpenVINO model server::example_client/benchmark/db_exporter.py', 'IntelAI OpenVINO model server::example_client/benchmark/main.py', 'IntelAI OpenVINO model server::example_client/benchmark/metrics.py']",0,0,0.0,44,19,120,69,7,435,176,20,75,0,162,0,0,16,143,10,0,0,5,173,0,761,4,50,71,109,2157,1233,0,0,0,0,0,0,0,0,0,0,0,0,0,0,0,0,0,0,0,0,0,0,0
Krzysztof Romanowski,SE-engineer,1,0,0,3,['IntelAI OpenVINO model server'],2.0,[],2,1,0.6666666666666666,0,0,33,3,0,64,28,3,33,0,0,0,0,0,39,0,0,1,3,18,0,120,0,0,12,27,441,229,0,0,0,0,0,0,0,0,0,0,0,0,0,0,0,0,0,2,0,0,0,0,0
Kulakowski Michal,SE-engineer,1,0,0,15,['IntelAI OpenVINO model server'],,[],1,1,0.06666666666666667,0,0,159,15,0,280,106,15,150,0,0,0,0,0,165,0,0,1,15,83,0,597,0,0,60,135,2129,1138,0,0,0,0,0,0,0,0,0,0,0,0,0,0,0,0,0,1,0,0,0,0,0
Kunda,SE-engineer,1,0,0,7,['IntelAI OpenVINO model server'],,[],1,2,0.14285714285714285,105,245,196,763,42,1770,419,28,126,0,238,0,0,28,336,14,0,2,7,273,0,1071,14,70,84,175,4484,2164,0,0,0,0,0,0,0,0,0,0,0,0,0,0,0,0,0,1,0,0,0,0,0
Kyle McDonald,SE-engineer,1,0,0,2,['phillipi pix2pix'],1.0,[],0,2,0.0,0,0,2,8,0,12,2,0,0,0,0,2,0,0,0,0,0,2,0,2,0,0,0,0,0,0,26,22,0,0,0,0,0,0,0,0,0,0,0,0,0,0,0,0,0,0,0,0,0,0,0
Lakin Wecker,SE-engineer,1,0,0,29,['clarkerubber irwin'],12.0,['clarkerubber irwin::modules/http/__init__.py'],5,1,0.1724137931034483,29,58,64,1565,0,1861,145,58,145,0,58,0,0,29,226,0,0,1,58,87,0,36,0,0,29,0,3310,4054,0,0,0,0,0,0,0,0,0,0,0,0,0,0,0,0,0,5,0,0,0,0,0
Leon Lin,SE-engineer,1,0,0,1,['linbo0518 BLSeg'],,[],0,0,0.0,0,0,0,17,0,17,0,0,0,0,0,0,0,0,1,0,0,0,0,0,0,0,0,0,0,2,24,88,0,0,0,0,0,0,0,0,0,0,0,0,0,0,0,0,0,0,0,4,0,4,B101
Li Haipeng,SE-engineer,1,0,0,1,['skjerns AutoSleepScorer'],,[],0,0,0.0,3,2,9,2,0,20,4,0,0,0,0,0,0,0,0,0,0,0,0,9,0,0,0,0,1,4,27,40,0,0,0,1,0,0,0,0,0,1,0,0,0,0,0,0,0,0,0,0,0,0,0
Liangfu Chen,SE-engineer,1,0,0,1,['neo ai neo ai dlr'],,[],0,0,0.0,6,1,9,22,0,84,46,0,0,0,7,5,0,1,3,0,0,0,1,12,0,7,0,0,1,0,80,50,0,0,0,0,0,0,0,0,0,0,0,0,0,0,0,0,0,0,0,0,0,0,0
Loney Ryan,SE-engineer,1,0,0,1,['IntelAI OpenVINO model server'],,[],0,0,0.0,0,0,11,1,0,18,6,1,10,0,0,0,0,0,11,0,0,0,1,5,0,40,0,0,4,9,145,76,0,0,0,0,0,0,0,0,0,0,0,0,0,0,0,0,0,0,0,0,0,0,0
Luca Giommi,SE-engineer,1,0,0,18,['vkuznet MLaaS4HEP'],,[],1,1,0.05555555555555555,0,18,54,144,0,360,144,0,0,0,36,54,0,54,36,0,18,1,18,342,0,0,0,0,73,234,970,540,0,0,0,0,0,0,0,0,0,0,0,0,0,0,0,0,0,1,0,0,0,0,0
Luciano Resende,SE-engineer,1,0,0,1,['IBM MAX Inception ResNet v2'],,[],0,0,0.0,0,2,0,2,0,7,3,0,1,0,0,1,0,0,1,0,0,0,0,0,0,0,0,0,0,0,3,1,0,0,0,0,0,0,0,0,0,0,0,0,0,0,0,0,0,0,0,0,0,0,0
Luis Carlos Rivera,SE-engineer,1,0,0,1,['GKalliatakis Keras VGG16 places365'],1.0,[],1,1,1.0,0,0,1,3,0,4,0,0,0,0,2,0,0,0,0,0,0,1,0,2,0,0,0,0,2,2,42,12,0,0,0,0,0,0,0,0,0,0,0,0,0,0,0,0,0,1,0,0,0,0,0
Manuel,SE-engineer,1,0,0,17,['AVAuco laeonet'],2.0,['AVAuco laeonet::datasets/parse_ava_laeo.py'],1,1,0.058823529411764705,125,14,204,87,0,570,140,0,21,0,62,0,0,0,21,0,0,1,7,168,0,59,0,0,63,119,1238,2884,0,0,0,0,0,0,0,0,0,0,14,0,0,0,0,0,0,1,0,0,0,0,0
Manuel Cuevas,SE-engineer,1,0,0,1,['tlatkowski inpainting gmcnn keras'],,[],0,0,0.0,6,0,3,2,2,16,3,0,3,0,6,0,0,0,3,0,0,0,0,0,0,9,0,0,1,7,38,46,0,0,0,0,0,0,0,0,0,0,0,0,0,0,0,0,0,0,0,0,0,0,0
Marc Bola os Sol,SE-engineer,1,0,0,1,['lvapeab ABiViRNet'],,[],0,0,0.0,0,2,2,0,0,74,70,0,0,0,0,0,0,0,0,0,0,0,0,1,0,0,0,0,2,0,6,20,0,0,0,0,0,0,0,0,0,0,0,0,0,0,0,0,0,0,0,0,0,0,0
MarcBS,SE-engineer,1,0,0,6,['lvapeab ABiViRNet'],16.0,"['lvapeab ABiViRNet::utils/__init__.py', 'lvapeab ABiViRNet::utils/common.py', 'lvapeab ABiViRNet::utils/evaluate_from_file.py', 'lvapeab ABiViRNet::utils/prepare_features.py', 'lvapeab ABiViRNet::utils/pretrain_word_vectors.py', 'lvapeab ABiViRNet::utils/sort_by_split.py', 'lvapeab ABiViRNet::utils/split_features.py', 'lvapeab ABiViRNet::utils/vqaClassNormalizedEval.py', 'lvapeab ABiViRNet::utils/vqaEval.py']",0,0,0.0,18,23,74,17,0,592,460,0,0,0,0,0,0,0,4,0,0,0,0,18,0,7,0,0,18,17,103,160,0,0,0,0,0,0,0,0,0,0,0,0,0,0,0,0,0,0,0,0,0,0,0
Marco Barbieri,SE-engineer,1,0,0,9,['ad12 DOSMA'],2.0,[],8,6,0.8888888888888888,107,12,46,56,0,403,182,10,15,0,4,12,0,0,11,12,0,6,0,76,0,16,0,0,16,4,520,516,0,0,0,8,0,0,0,0,0,8,0,0,0,0,0,0,0,8,0,0,0,0,0
Maria J Molina,SE-engineer,1,0,0,2,['JustGlowing minisom'],1.0,[],0,0,0.0,0,2,18,64,0,88,4,0,0,0,8,8,0,6,0,0,0,0,2,6,0,20,0,0,2,4,42,142,0,0,0,0,0,0,0,0,0,0,0,0,0,0,0,0,0,0,0,0,0,0,0
Mariusz Gumowski,SE-engineer,1,0,0,14,['IntelAI OpenVINO model server'],5.0,[],7,4,0.5,26,63,178,206,12,677,192,16,152,0,39,0,0,6,222,4,0,4,13,160,0,671,4,10,82,147,2978,1391,0,0,0,0,0,0,0,0,0,0,0,0,0,0,0,0,0,7,0,0,0,0,0
Martin Andrews,Hybrid-engineer,0,0,1,6,['kimhc6028 relational networks'],3.0,[],0,0,0.0,0,0,0,18,0,26,8,0,0,0,0,0,0,0,0,0,0,0,0,12,0,0,0,0,6,0,24,216,0,0,0,0,0,0,0,0,0,0,0,0,0,0,0,0,0,0,0,0,0,0,0
Martin Skarzynski,SE-engineer,1,0,0,1,['NCBI Hackathons Semantic search log analysis pipeline'],8.0,"['NCBI Hackathons Semantic search log analysis pipeline::04_Machine_learning_classification.py', 'NCBI Hackathons Semantic search log analysis pipeline::05_Chart_the_trends.py', 'NCBI Hackathons Semantic search log analysis pipeline::05b_Chart_the_trends-BiggestMovers.py', 'NCBI Hackathons Semantic search log analysis pipeline::06_Load_database.py', 'NCBI Hackathons Semantic search log analysis pipeline::07_UI_building.py', 'NCBI Hackathons Semantic search log analysis pipeline::08_Misc_fixes.py']",0,0,0.0,3,0,0,8,0,27,16,0,0,0,1,0,0,0,0,0,0,0,0,0,0,2,0,0,0,0,169,0,0,0,0,0,0,0,0,0,0,0,0,0,0,0,0,0,0,0,0,0,0,0,0
Martmists,SE-engineer,1,0,0,4,['ClarityCafe Ivy'],11.0,"['ClarityCafe Ivy::framework/authentication.py', 'ClarityCafe Ivy::framework/error_handlers/error_4xx.py', 'ClarityCafe Ivy::framework/error_handlers/error_common.py', 'ClarityCafe Ivy::framework/ivy.py', 'ClarityCafe Ivy::framework/objects.py', 'ClarityCafe Ivy::framework/route.py', 'ClarityCafe Ivy::framework/route_wrappers.py', 'ClarityCafe Ivy::framework/routecog.py', 'ClarityCafe Ivy::main.py', 'ClarityCafe Ivy::routes/chatbot.py']",0,0,0.0,3,0,0,6,0,9,0,0,0,0,9,3,0,0,6,0,0,0,0,0,0,0,0,0,0,0,9,3,0,0,0,0,0,0,0,0,0,0,0,0,0,0,0,0,0,0,0,0,0,0,0
Mateusz Choinski,SE-engineer,1,0,0,1,['JustGlowing minisom'],1.0,[],6,1,6.0,0,1,2,18,0,21,0,0,0,0,3,2,0,0,0,0,0,1,1,1,0,1,0,0,0,1,8,29,0,0,0,0,0,0,0,0,0,0,0,0,0,0,0,0,0,6,0,0,0,0,0
Matt Poegel,SE-engineer,1,0,0,1,['JustGlowing minisom'],1.0,[],0,0,0.0,0,1,1,15,0,18,1,0,0,0,0,2,0,0,0,0,0,0,1,1,0,0,0,0,0,1,9,25,0,0,0,0,0,0,0,0,0,0,0,0,0,0,0,0,0,0,0,0,0,0,0
MengYX,Hybrid-engineer,0,0,1,151,['IXarea LittleGAN'],17.0,"['IXarea LittleGAN::config.py', 'IXarea LittleGAN::dataset.py', 'IXarea LittleGAN::eager_trainer.py', 'IXarea LittleGAN::evaluate.py', 'IXarea LittleGAN::fid.py', 'IXarea LittleGAN::func.py', 'IXarea LittleGAN::helper.py', 'IXarea LittleGAN::instance.py', 'IXarea LittleGAN::ixtest.py', 'IXarea LittleGAN::littlegan.py', 'IXarea LittleGAN::main.py', 'IXarea LittleGAN::model.py', 'IXarea LittleGAN::ourgan.py', 'IXarea LittleGAN::smilegan.py', 'IXarea LittleGAN::smliegan.py', 'IXarea LittleGAN::test.py', 'IXarea LittleGAN::utils.py']",87,27,0.5761589403973509,500,68,96,576,0,2123,883,0,3,0,597,0,0,0,28,0,0,27,0,345,0,80,0,0,98,270,3918,6896,0,0,0,0,0,0,0,0,0,0,0,0,0,0,0,0,0,87,0,0,0,0,0
Mi osz eglarski,SE-engineer,1,0,0,296,"['IntelAI OpenVINO model server', 'IntelAI inference model manager']",333.0,"['IntelAI OpenVINO model server::client/python/kserve-api/samples/grpc_model_metadata.py', 'IntelAI OpenVINO model server::client/python/kserve-api/samples/grpc_model_ready.py', 'IntelAI OpenVINO model server::client/python/kserve-api/samples/grpc_server_live.py', 'IntelAI OpenVINO model server::client/python/kserve-api/samples/grpc_server_metadata.py', 'IntelAI OpenVINO model server::client/python/kserve-api/samples/grpc_server_ready.py', 'IntelAI OpenVINO model server::client/python/kserve-api/samples/http_infer_resnet.py', 'IntelAI OpenVINO model server::client/python/kserve-api/samples/http_model_metadata.py', 'IntelAI OpenVINO model server::client/python/kserve-api/samples/http_model_ready.py', 'IntelAI OpenVINO model server::client/python/kserve-api/samples/http_server_live.py', 'IntelAI OpenVINO model server::client/python/kserve-api/samples/http_server_metadata.py', 'IntelAI OpenVINO model server::client/python/kserve-api/samples/http_server_ready.py', 'IntelAI OpenVINO model server::client/python/kserve-api/samples/kfs_grpc_binary_inputs_predict_resnet.py', 'IntelAI OpenVINO model server::client/python/kserve-api/samples/kfs_grpc_model_metadata.py', 'IntelAI OpenVINO model server::client/python/kserve-api/samples/kfs_grpc_model_ready.py', 'IntelAI OpenVINO model server::client/python/lib/ovmsclient/__init__.py', 'IntelAI OpenVINO model server::client/python/lib/ovmsclient/custom/__init__.py', 'IntelAI OpenVINO model server::client/python/lib/ovmsclient/custom/management_client.py', 'IntelAI OpenVINO model server::client/python/lib/ovmsclient/tfs_compat/__init__.py', 'IntelAI OpenVINO model server::client/python/lib/ovmsclient/tfs_compat/base/__init__.py', 'IntelAI OpenVINO model server::client/python/lib/ovmsclient/tfs_compat/base/errors.py', 'IntelAI OpenVINO model server::client/python/lib/ovmsclient/tfs_compat/base/requests.py', 'IntelAI OpenVINO model server::client/python/lib/ovmsclient/tfs_compat/base/responses.py', 'IntelAI OpenVINO model server::client/python/lib/ovmsclient/tfs_compat/base/serving_client.py', 'IntelAI OpenVINO model server::client/python/lib/ovmsclient/tfs_compat/grpc/__init__.py', 'IntelAI OpenVINO model server::client/python/lib/ovmsclient/tfs_compat/grpc/requests.py', 'IntelAI OpenVINO model server::client/python/lib/ovmsclient/tfs_compat/grpc/responses.py', 'IntelAI OpenVINO model server::client/python/lib/ovmsclient/tfs_compat/grpc/serving_client.py', 'IntelAI OpenVINO model server::client/python/lib/ovmsclient/tfs_compat/grpc/tensors.py', 'IntelAI OpenVINO model server::client/python/lib/ovmsclient/tfs_compat/http/__init__.py', 'IntelAI OpenVINO model server::client/python/lib/ovmsclient/tfs_compat/http/requests.py', 'IntelAI OpenVINO model server::client/python/lib/ovmsclient/tfs_compat/http/responses.py', 'IntelAI OpenVINO model server::client/python/lib/ovmsclient/tfs_compat/http/serving_client.py', 'IntelAI OpenVINO model server::client/python/lib/ovmsclient/util/__init__.py', 'IntelAI OpenVINO model server::client/python/lib/ovmsclient/util/ovmsclient_export.py', 'IntelAI OpenVINO model server::client/python/lib/scripts/generate_api.py', 'IntelAI OpenVINO model server::client/python/lib/setup.py', 'IntelAI OpenVINO model server::client/python/lib/tests/config.py', 'IntelAI OpenVINO model server::client/python/lib/tests/test_base_requests.py', 'IntelAI OpenVINO model server::client/python/lib/tests/test_base_serving_client.py', 'IntelAI OpenVINO model server::client/python/lib/tests/test_grpc_requests.py', 'IntelAI OpenVINO model server::client/python/lib/tests/test_grpc_responses.py', 'IntelAI OpenVINO model server::client/python/lib/tests/test_grpc_serving_client.py', 'IntelAI OpenVINO model server::client/python/lib/tests/test_tensors.py', 'IntelAI OpenVINO model server::client/python/lib/tests/tfs_compat_grpc/__init__.py', 'IntelAI OpenVINO model server::client/python/lib/tests/tfs_compat_grpc/config.py', 'IntelAI OpenVINO model server::client/python/lib/tests/tfs_compat_grpc/test_grpc_requests.py', 'IntelAI OpenVINO model server::client/python/lib/tests/tfs_compat_grpc/test_grpc_responses.py', 'IntelAI OpenVINO model server::client/python/lib/tests/tfs_compat_grpc/test_grpc_serving_client.py', 'IntelAI OpenVINO model server::client/python/lib/tests/tfs_compat_grpc/test_tensors.py', 'IntelAI OpenVINO model server::client/python/lib/tests/tfs_compat_grpc/utils.py', 'IntelAI OpenVINO model server::client/python/lib/tests/tfs_compat_http/__init__.py', 'IntelAI OpenVINO model server::client/python/lib/tests/tfs_compat_http/config.py', 'IntelAI OpenVINO model server::client/python/lib/tests/tfs_compat_http/test_http_requests.py', 'IntelAI OpenVINO model server::client/python/lib/tests/tfs_compat_http/test_http_responses.py', 'IntelAI OpenVINO model server::client/python/lib/tests/tfs_compat_http/test_http_serving_client.py', 'IntelAI OpenVINO model server::client/python/ovmsclient/lib/ovmsclient/__init__.py', 'IntelAI OpenVINO model server::client/python/ovmsclient/lib/ovmsclient/custom/__init__.py', 'IntelAI OpenVINO model server::client/python/ovmsclient/lib/ovmsclient/custom/management_client.py', 'IntelAI OpenVINO model server::client/python/ovmsclient/lib/ovmsclient/tfs_compat/__init__.py', 'IntelAI OpenVINO model server::client/python/ovmsclient/lib/ovmsclient/tfs_compat/base/__init__.py', 'IntelAI OpenVINO model server::client/python/ovmsclient/lib/ovmsclient/tfs_compat/base/errors.py', 'IntelAI OpenVINO model server::client/python/ovmsclient/lib/ovmsclient/tfs_compat/base/requests.py', 'IntelAI OpenVINO model server::client/python/ovmsclient/lib/ovmsclient/tfs_compat/base/responses.py', 'IntelAI OpenVINO model server::client/python/ovmsclient/lib/ovmsclient/tfs_compat/base/serving_client.py', 'IntelAI OpenVINO model server::client/python/ovmsclient/lib/ovmsclient/tfs_compat/grpc/__init__.py', 'IntelAI OpenVINO model server::client/python/ovmsclient/lib/ovmsclient/tfs_compat/grpc/requests.py', 'IntelAI OpenVINO model server::client/python/ovmsclient/lib/ovmsclient/tfs_compat/grpc/responses.py', 'IntelAI OpenVINO model server::client/python/ovmsclient/lib/ovmsclient/tfs_compat/grpc/serving_client.py', 'IntelAI OpenVINO model server::client/python/ovmsclient/lib/ovmsclient/tfs_compat/grpc/tensors.py', 'IntelAI OpenVINO model server::client/python/ovmsclient/lib/ovmsclient/tfs_compat/http/__init__.py', 'IntelAI OpenVINO model server::client/python/ovmsclient/lib/ovmsclient/tfs_compat/http/requests.py', 'IntelAI OpenVINO model server::client/python/ovmsclient/lib/ovmsclient/tfs_compat/http/responses.py', 'IntelAI OpenVINO model server::client/python/ovmsclient/lib/ovmsclient/tfs_compat/http/serving_client.py', 'IntelAI OpenVINO model server::client/python/ovmsclient/lib/ovmsclient/util/__init__.py', 'IntelAI OpenVINO model server::client/python/ovmsclient/lib/ovmsclient/util/ovmsclient_export.py', 'IntelAI OpenVINO model server::client/python/ovmsclient/lib/scripts/generate_api.py', 'IntelAI OpenVINO model server::client/python/ovmsclient/lib/scripts/rename_proto_package.py', 'IntelAI OpenVINO model server::client/python/ovmsclient/lib/setup.py', 'IntelAI OpenVINO model server::client/python/ovmsclient/lib/tests/config.py', 'IntelAI OpenVINO model server::client/python/ovmsclient/lib/tests/test_base_requests.py', 'IntelAI OpenVINO model server::client/python/ovmsclient/lib/tests/test_base_serving_client.py', 'IntelAI OpenVINO model server::client/python/ovmsclient/lib/tests/tfs_compat_grpc/__init__.py', 'IntelAI OpenVINO model server::client/python/ovmsclient/lib/tests/tfs_compat_grpc/config.py', 'IntelAI OpenVINO model server::client/python/ovmsclient/lib/tests/tfs_compat_grpc/test_grpc_requests.py', 'IntelAI OpenVINO model server::client/python/ovmsclient/lib/tests/tfs_compat_grpc/test_grpc_responses.py', 'IntelAI OpenVINO model server::client/python/ovmsclient/lib/tests/tfs_compat_grpc/test_grpc_serving_client.py', 'IntelAI OpenVINO model server::client/python/ovmsclient/lib/tests/tfs_compat_grpc/test_tensors.py', 'IntelAI OpenVINO model server::client/python/ovmsclient/lib/tests/tfs_compat_grpc/utils.py', 'IntelAI OpenVINO model server::client/python/ovmsclient/lib/tests/tfs_compat_http/__init__.py', 'IntelAI OpenVINO model server::client/python/ovmsclient/lib/tests/tfs_compat_http/config.py', 'IntelAI OpenVINO model server::client/python/ovmsclient/lib/tests/tfs_compat_http/test_http_requests.py', 'IntelAI OpenVINO model server::client/python/ovmsclient/lib/tests/tfs_compat_http/test_http_responses.py', 'IntelAI OpenVINO model server::client/python/ovmsclient/lib/tests/tfs_compat_http/test_http_serving_client.py', 'IntelAI OpenVINO model server::client/python/ovmsclient/samples/grpc_get_model_metadata.py', 'IntelAI OpenVINO model server::client/python/ovmsclient/samples/grpc_get_model_status.py', 'IntelAI OpenVINO model server::client/python/ovmsclient/samples/grpc_predict_binary_resnet.py', 'IntelAI OpenVINO model server::client/python/ovmsclient/samples/grpc_predict_binary_vehicle_detection.py', 'IntelAI OpenVINO model server::client/python/ovmsclient/samples/grpc_predict_resnet.py', 'IntelAI OpenVINO model server::client/python/ovmsclient/samples/http_get_model_metadata.py', 'IntelAI OpenVINO model server::client/python/ovmsclient/samples/http_get_model_status.py', 'IntelAI OpenVINO model server::client/python/ovmsclient/samples/http_predict_binary_resnet.py', 'IntelAI OpenVINO model server::client/python/ovmsclient/samples/http_predict_binary_vehicle_detection.py', 'IntelAI OpenVINO model server::client/python/ovmsclient/samples/http_predict_resnet.py', 'IntelAI OpenVINO model server::client/python/ovmsclient/samples/utils/common.py', 'IntelAI OpenVINO model server::client/python/ovmsclient/samples/utils/resnet_utils.py', 'IntelAI OpenVINO model server::client/python/ovmsclient/samples/utils/vehicle_utils.py', 'IntelAI OpenVINO model server::client/python/samples/get_grpc_model_metadata.py', 'IntelAI OpenVINO model server::client/python/samples/get_grpc_model_status.py', 'IntelAI OpenVINO model server::client/python/samples/grpc_get_model_metadata.py', 'IntelAI OpenVINO model server::client/python/samples/grpc_get_model_status.py', 'IntelAI OpenVINO model server::client/python/samples/grpc_predict_binary_resnet.py', 'IntelAI OpenVINO model server::client/python/samples/grpc_predict_binary_vehicle_detection.py', 'IntelAI OpenVINO model server::client/python/samples/grpc_predict_resnet.py', 'IntelAI OpenVINO model server::client/python/samples/http_get_model_metadata.py', 'IntelAI OpenVINO model server::client/python/samples/http_get_model_status.py', 'IntelAI OpenVINO model server::client/python/samples/http_predict_binary_resnet.py', 'IntelAI OpenVINO model server::client/python/samples/http_predict_binary_vehicle_detection.py', 'IntelAI OpenVINO model server::client/python/samples/http_predict_resnet.py', 'IntelAI OpenVINO model server::client/python/samples/resnet_grpc_predict.py', 'IntelAI OpenVINO model server::client/python/samples/resnet_grpc_predict_binary.py', 'IntelAI OpenVINO model server::client/python/samples/resnet_grpc_predict_numpy.py', 'IntelAI OpenVINO model server::client/python/samples/utils/common.py', 'IntelAI OpenVINO model server::client/python/samples/utils/resnet_utils.py', 'IntelAI OpenVINO model server::client/python/samples/utils/vehicle_utils.py', 'IntelAI OpenVINO model server::client/python/samples/vehicle_detection_predict_binary.py', 'IntelAI OpenVINO model server::client/python/tensorflow-serving-api/samples/grpc_get_model_metadata.py', 'IntelAI OpenVINO model server::client/python/tensorflow-serving-api/samples/grpc_get_model_status.py', 'IntelAI OpenVINO model server::client/python/tensorflow-serving-api/samples/grpc_predict_binary_resnet.py', 'IntelAI OpenVINO model server::client/python/tensorflow-serving-api/samples/grpc_predict_resnet.py', 'IntelAI OpenVINO model server::client/python/tensorflow-serving-api/samples/rest_get_model_metadata.py', 'IntelAI OpenVINO model server::client/python/tensorflow-serving-api/samples/rest_get_model_status.py', 'IntelAI OpenVINO model server::client/python/tensorflow-serving-api/samples/rest_predict_binary_resnet.py', 'IntelAI OpenVINO model server::client/python/tensorflow-serving-api/samples/rest_predict_resnet.py', 'IntelAI OpenVINO model server::demos/benchmark/python/__init__.py', 'IntelAI OpenVINO model server::demos/benchmark/python/client.py', 'IntelAI OpenVINO model server::demos/bert_question_answering/python/bert_question_answering.py', 'IntelAI OpenVINO model server::demos/bert_question_answering/python/html_reader.py', 'IntelAI OpenVINO model server::demos/bert_question_answering/python/tokens_bert.py', 'IntelAI OpenVINO model server::demos/bert_question_answering/python/utils.py', 'IntelAI OpenVINO model server::demos/common/python/classes.py', 'IntelAI OpenVINO model server::demos/common/python/client_utils.py', 'IntelAI OpenVINO model server::demos/face_analysis_pipeline/python/faces_analysis_pipeline.py', 'IntelAI OpenVINO model server::demos/face_detection/python/face_detection.py', 'IntelAI OpenVINO model server::demos/horizontal_text_detection/python/horizontal_text_detection.py', 'IntelAI OpenVINO model server::demos/image_classification/python/image_classification.py', 'IntelAI OpenVINO model server::demos/image_transformation_node/python/image_transformation_client.py', 'IntelAI OpenVINO model server::demos/multi_faces_analysis_pipeline/python/multi_faces_analysis_pipeline.py', 'IntelAI OpenVINO model server::demos/optical_character_recognition/python/optical_character_recognition.py', 'IntelAI OpenVINO model server::demos/person_vehicle_bike_detection/python/person_vehicle_bike_detection.py', 'IntelAI OpenVINO model server::demos/python_demos/seq2seq_translation/client.py', 'IntelAI OpenVINO model server::demos/python_demos/seq2seq_translation/servable/model.py', 'IntelAI OpenVINO model server::demos/real_time_stream_analysis/python/http_visualizer.py', 'IntelAI OpenVINO model server::demos/real_time_stream_analysis/python/inference_executor.py', 'IntelAI OpenVINO model server::demos/real_time_stream_analysis/python/inference_manager.py', 'IntelAI OpenVINO model server::demos/real_time_stream_analysis/python/inference_pipeline_handler.py', 'IntelAI OpenVINO model server::demos/real_time_stream_analysis/python/io_processor.py', 'IntelAI OpenVINO model server::demos/real_time_stream_analysis/python/logger.py', 'IntelAI OpenVINO model server::demos/real_time_stream_analysis/python/processing_supervisor.py', 'IntelAI OpenVINO model server::demos/real_time_stream_analysis/python/real_time_stream_analysis.py', 'IntelAI OpenVINO model server::demos/real_time_stream_analysis/python/stream_analyzer.py', 'IntelAI OpenVINO model server::demos/real_time_stream_analysis/python/stream_reader.py', 'IntelAI OpenVINO model server::demos/real_time_stream_analysis/python/use_cases/__init__.py', 'IntelAI OpenVINO model server::demos/real_time_stream_analysis/python/use_cases/person_vehicle_bike_detection/person_vehicle_bike_detection.py', 'IntelAI OpenVINO model server::demos/real_time_stream_analysis/python/use_cases/use_case.py', 'IntelAI OpenVINO model server::demos/real_time_stream_analysis/python/utils.py', 'IntelAI OpenVINO model server::demos/segmentation_using_paddlepaddle_model/python/segmentation_using_paddlepaddle_model.py', 'IntelAI OpenVINO model server::demos/single_face_analysis_pipeline/python/single_face_analysis_pipeline.py', 'IntelAI OpenVINO model server::demos/speech_recognition_with_kaldi_model/python/asr_demo/expand_ivectors.py', 'IntelAI OpenVINO model server::demos/speech_recognition_with_kaldi_model/python/grpc_stateful_client.py', 'IntelAI OpenVINO model server::demos/speech_recognition_with_kaldi_model/python/rest_stateful_client.py', 'IntelAI OpenVINO model server::demos/using_onnx_model/python/onnx_model_demo.py', 'IntelAI OpenVINO model server::demos/vehicle_analysis_pipeline/python/vehicles_analysis_pipeline.py', 'IntelAI OpenVINO model server::example_client/benchmark/__init__.py', 'IntelAI OpenVINO model server::example_client/benchmark/client_nvtrt.py', 'IntelAI OpenVINO model server::example_client/benchmark/db_exporter.py', 'IntelAI OpenVINO model server::example_client/grpc_binary_client.py', 'IntelAI OpenVINO model server::example_client/grpc_stateful_client.py', 'IntelAI OpenVINO model server::example_client/stateful/asr_demo/expand_ivectors.py', 'IntelAI OpenVINO model server::example_client/stateful/grpc_stateful_client.py', 'IntelAI OpenVINO model server::example_client/stateful/rest_stateful_client.py', 'IntelAI OpenVINO model server::lib_search.py', 'IntelAI OpenVINO model server::src/bindings/python/tests/run.py', 'IntelAI OpenVINO model server::src/bindings/python/tests/test_ovms_py_tensor.py', 'IntelAI OpenVINO model server::src/python/binding/tests/test_ovms_py_tensor.py', 'IntelAI OpenVINO model server::src/test/llm/prepare_models.py', 'IntelAI OpenVINO model server::src/test/mediapipe/python/exception_script.py', 'IntelAI OpenVINO model server::src/test/mediapipe/python/fail_script.py', 'IntelAI OpenVINO model server::src/test/mediapipe/python/return_false_script.py', 'IntelAI OpenVINO model server::src/test/mediapipe/python/script.py', 'IntelAI OpenVINO model server::src/test/mediapipe/python/script2.py', 'IntelAI OpenVINO model server::src/test/mediapipe/python/scripts/bad_execute_illegal_operation.py', 'IntelAI OpenVINO model server::src/test/mediapipe/python/scripts/bad_execute_import_error.py', 'IntelAI OpenVINO model server::src/test/mediapipe/python/scripts/bad_execute_no_method.py', 'IntelAI OpenVINO model server::src/test/mediapipe/python/scripts/bad_execute_read_more_than_one_input.py', 'IntelAI OpenVINO model server::src/test/mediapipe/python/scripts/bad_execute_throw_exception.py', 'IntelAI OpenVINO model server::src/test/mediapipe/python/scripts/bad_execute_wrong_return_value.py', 'IntelAI OpenVINO model server::src/test/mediapipe/python/scripts/bad_execute_wrong_signature.py', 'IntelAI OpenVINO model server::src/test/mediapipe/python/scripts/bad_initialize_import_outside_class_error.py', 'IntelAI OpenVINO model server::src/test/mediapipe/python/scripts/bad_initialize_no_method.py', 'IntelAI OpenVINO model server::src/test/mediapipe/python/scripts/bad_initialize_return_false.py', 'IntelAI OpenVINO model server::src/test/mediapipe/python/scripts/bad_initialize_throw_exception.py', 'IntelAI OpenVINO model server::src/test/mediapipe/python/scripts/bad_missing_class.py', 'IntelAI OpenVINO model server::src/test/mediapipe/python/scripts/good_initialize_with_arguments.py', 'IntelAI OpenVINO model server::src/test/mediapipe/python/scripts/good_initialize_with_class_members.py', 'IntelAI OpenVINO model server::src/test/mediapipe/python/scripts/return_custom_datatype.py', 'IntelAI OpenVINO model server::src/test/mediapipe/python/scripts/single_io_increment.py', 'IntelAI OpenVINO model server::src/test/mediapipe/python/scripts/single_io_increment_by_2.py', 'IntelAI OpenVINO model server::src/test/mediapipe/python/scripts/symmetric_identity_fp32_only.py', 'IntelAI OpenVINO model server::src/test/mediapipe/python/scripts/symmetric_increment.py', 'IntelAI OpenVINO model server::src/test/mediapipe/python/scripts/symmetric_increment_by_2.py', 'IntelAI OpenVINO model server::src/test/mediapipe/python/scripts/symmetric_increment_generator.py', 'IntelAI OpenVINO model server::src/test/mediapipe/python/scripts/symmetric_scalar_increment.py', 'IntelAI OpenVINO model server::src/test/mediapipe/python/scripts/symmetric_scalar_increment_generator.py', 'IntelAI OpenVINO model server::tools/update_ov/update_ov.py', 'IntelAI OpenVINO model server::utils/update_ov.py', 'IntelAI inference model manager::cli-scripts/refresh_token.py', 'IntelAI inference model manager::cli-scripts/uploader.py', 'IntelAI inference model manager::common/__init__.py', 'IntelAI inference model manager::common/model_upload.py', 'IntelAI inference model manager::examples/grpc_client/grpc_client_utils.py', 'IntelAI inference model manager::examples/grpc_client/images_2_numpy.py', 'IntelAI inference model manager::management/management_api/config.py', 'IntelAI inference model manager::management/management_api/tenants.py', 'IntelAI inference model manager::management/management_api/upload/multipart_utils.py', 'IntelAI inference model manager::management/management_api/utils/parse_request.py', 'IntelAI inference model manager::management/test/test_upload/test_multipart.py', 'IntelAI inference model manager::management/test/test_upload/test_multipart_utils.py', 'IntelAI inference model manager::management/test/test_utils/test_parse_request.py', 'IntelAI inference model manager::tests/e2e_tests/minio_client.py', 'IntelAI inference model manager::tests/e2e_tests/tf_serving_utils/load_numpy.py', 'IntelAI inference model manager::tests/integration/test_ovms.py', 'IntelAI inference model manager::tests/management_api_tests/endpoints/__init__.py', 'IntelAI inference model manager::tests/management_api_tests/endpoints/endpoint_utils.py', 'IntelAI inference model manager::tests/management_api_tests/reused.py', 'IntelAI inference model manager::tests/management_api_tests/tenants/tenant_utils.py', 'IntelAI inference model manager::tests/tfserving_tests/config.py']",241,53,0.8141891891891891,4054,4840,6911,15578,1049,44158,11726,940,4112,0,6599,19,0,739,9080,426,23,53,261,8289,0,34350,324,2017,3285,5381,130732,63332,0,0,0,0,0,0,0,0,0,0,0,0,0,0,0,0,0,241,0,1,0,1,B101
Micha Wilkowski,SE-engineer,1,0,0,1,['IntelAI OpenVINO model server'],1.0,[],0,0,0.0,0,0,7,1,0,12,4,1,10,0,0,0,0,0,12,0,0,0,1,3,0,39,0,0,3,4,88,53,0,0,0,0,0,0,0,0,0,0,0,0,0,0,0,0,0,0,0,0,0,0,0
Michalik Jan,SE-engineer,1,0,0,1,['IntelAI OpenVINO model server'],10.0,[],0,0,0.0,0,0,7,1,0,12,4,1,10,0,0,0,0,0,12,0,0,0,1,3,0,39,0,0,3,4,88,53,0,0,0,0,0,0,0,0,0,0,0,0,0,0,0,0,0,0,0,0,0,0,0
MikeOfZen,SE-engineer,1,0,0,1,['ZheC Realtime Multi Person Pose Estimation'],,[],0,0,0.0,0,0,4,0,0,4,0,0,0,0,0,0,0,0,0,0,0,0,0,1,0,0,0,0,0,0,0,33,0,0,0,0,0,0,0,0,0,0,0,0,0,0,0,0,0,0,0,0,0,0,0
Mohammed Ramli,SE-engineer,1,0,0,1,['sethuiyer Image to Image Search'],1.0,[],0,0,0.0,0,0,7,4,0,15,4,0,0,0,0,0,0,0,4,0,0,0,0,6,0,0,0,0,4,0,7,48,0,0,0,0,0,0,0,0,0,0,0,0,0,0,0,0,0,0,0,0,0,0,0
Mojtaba Heidarysafa,SE-engineer,1,0,0,7,['kk7nc HDLTex'],5.0,['kk7nc HDLTex::HDLTex/BuildModel.py'],0,0,0.0,0,0,0,42,0,49,7,0,0,0,0,0,0,0,7,0,0,0,0,14,0,0,0,0,14,7,215,56,0,0,0,0,0,0,0,0,14,0,0,0,0,0,0,0,0,0,0,0,0,0,0
Muhammad Fahid,SE-engineer,1,0,0,1,['urduhack urduhack'],6.0,[],0,0,0.0,0,1,2,5,0,40,32,0,0,0,21,0,0,0,10,0,0,0,0,2,0,3,0,0,2,1,94,19,0,0,0,0,0,0,0,0,0,0,0,0,0,0,0,0,0,0,0,0,0,0,0
Muhammad Wang,SE-engineer,1,0,0,2,['phillipi pix2pix'],,[],0,0,0.0,0,0,0,2,0,2,0,0,0,0,0,0,0,0,0,0,0,0,0,0,0,0,0,0,0,0,4,0,0,0,0,0,0,0,0,0,0,0,0,0,0,0,0,0,0,0,0,0,0,0,0
Nacho,SE-engineer,1,0,0,1,['JdeRobot DetectionSuite'],,[],0,0,0.0,5,2,3,6,0,25,9,0,0,0,1,0,0,0,0,0,0,0,0,5,0,0,0,0,2,2,36,105,0,0,0,0,0,0,0,0,0,0,2,0,0,0,0,0,0,0,0,0,0,0,0
Nacho Cond s,SE-engineer,1,0,0,1,['JdeRobot DetectionSuite'],,[],0,1,0.0,0,0,0,5,0,5,0,0,0,0,0,0,0,0,0,0,0,1,0,0,0,0,0,0,0,0,0,0,0,0,0,0,0,0,0,0,0,0,0,0,0,0,0,0,0,0,0,0,0,0,0
Naeem Akhtar,SE-engineer,1,0,0,1,['urduhack urduhack'],1.0,[],0,0,0.0,0,0,4,2,0,34,28,0,0,0,10,0,0,0,10,0,0,0,0,2,0,3,0,0,2,0,72,13,0,0,0,0,0,0,0,0,0,0,0,0,0,0,0,0,0,0,0,0,0,0,0
Nag Varun Chunduru,Hybrid-engineer,0,0,1,20,['neo ai neo ai dlr'],10.0,"['neo ai neo ai dlr::python/dlr/api.py', 'neo ai neo ai dlr::python/dlr/tflite_model.py', 'neo ai neo ai dlr::tests/python/integration/load_and_run_relayvm_model.py']",32,10,1.6,47,11,94,279,0,1134,703,0,0,0,87,137,0,20,47,0,0,10,20,188,0,85,0,14,8,0,1244,809,0,0,0,0,0,0,0,0,0,0,0,0,0,0,0,0,0,32,0,0,0,0,0
Nathan Glover,Hybrid-engineer,0,0,1,16,['t04glovern stylegan pokemon'],32.0,"['t04glovern stylegan pokemon::rnn/model.py', 't04glovern stylegan pokemon::rnn/sample.py', 't04glovern stylegan pokemon::rnn/train.py', 't04glovern stylegan pokemon::rnn/utils.py', 't04glovern stylegan pokemon::stylegan/config.py', 't04glovern stylegan pokemon::stylegan/dataset_tool.py', 't04glovern stylegan pokemon::stylegan/dnnlib/__init__.py', 't04glovern stylegan pokemon::stylegan/dnnlib/submission/__init__.py', 't04glovern stylegan pokemon::stylegan/dnnlib/submission/_internal/run.py', 't04glovern stylegan pokemon::stylegan/dnnlib/submission/run_context.py', 't04glovern stylegan pokemon::stylegan/dnnlib/submission/submit.py', 't04glovern stylegan pokemon::stylegan/dnnlib/tflib/__init__.py', 't04glovern stylegan pokemon::stylegan/dnnlib/tflib/autosummary.py', 't04glovern stylegan pokemon::stylegan/dnnlib/tflib/network.py', 't04glovern stylegan pokemon::stylegan/dnnlib/tflib/optimizer.py', 't04glovern stylegan pokemon::stylegan/dnnlib/tflib/tfutil.py', 't04glovern stylegan pokemon::stylegan/dnnlib/util.py', 't04glovern stylegan pokemon::stylegan/invoke.py', 't04glovern stylegan pokemon::stylegan/metrics/__init__.py', 't04glovern stylegan pokemon::stylegan/metrics/frechet_inception_distance.py', 't04glovern stylegan pokemon::stylegan/metrics/linear_separability.py', 't04glovern stylegan pokemon::stylegan/metrics/metric_base.py', 't04glovern stylegan pokemon::stylegan/metrics/perceptual_path_length.py', 't04glovern stylegan pokemon::stylegan/prepare.py', 't04glovern stylegan pokemon::stylegan/train.py', 't04glovern stylegan pokemon::stylegan/training/__init__.py', 't04glovern stylegan pokemon::stylegan/training/dataset.py', 't04glovern stylegan pokemon::stylegan/training/loss.py', 't04glovern stylegan pokemon::stylegan/training/misc.py', 't04glovern stylegan pokemon::stylegan/training/networks_progan.py', 't04glovern stylegan pokemon::stylegan/training/networks_stylegan.py', 't04glovern stylegan pokemon::stylegan/training/training_loop.py']",0,0,0.0,64,96,568,248,0,1216,240,0,16,0,48,77,0,16,32,0,0,0,0,330,0,48,0,0,77,237,978,3370,0,16,0,0,0,0,0,0,16,0,16,0,0,0,0,0,0,0,0,0,0,0,0
Nicholas Johnson,SE-engineer,1,0,0,5,['NCBI Hackathons Semantic search log analysis pipeline'],2.0,[],0,0,0.0,3,0,0,52,0,115,60,0,0,0,5,0,0,0,0,0,0,0,0,0,0,2,0,0,0,0,655,0,0,0,0,0,0,0,0,0,0,0,0,0,0,0,0,0,0,0,0,0,0,0,0
Nick Pentreath,SE-engineer,1,0,0,41,"['IBM MAX Fast Neural Style Transfer', 'IBM MAX Inception ResNet v2', 'IBM MAX Review Text Generator', 'IBM MAX Scene Classifier', 'IBM MAX Weather Forecaster']",47.0,"['IBM MAX Fast Neural Style Transfer::api/__init__.py', 'IBM MAX Fast Neural Style Transfer::api/metadata.py', 'IBM MAX Fast Neural Style Transfer::api/model.py', 'IBM MAX Fast Neural Style Transfer::api/predict.py', 'IBM MAX Fast Neural Style Transfer::app.py', 'IBM MAX Fast Neural Style Transfer::config.py', 'IBM MAX Fast Neural Style Transfer::core/__init__.py', 'IBM MAX Fast Neural Style Transfer::core/backend.py', 'IBM MAX Fast Neural Style Transfer::core/model.py', 'IBM MAX Inception ResNet v2::api/__init__.py', 'IBM MAX Inception ResNet v2::api/metadata.py', 'IBM MAX Inception ResNet v2::api/predict.py', 'IBM MAX Inception ResNet v2::core/__init__.py', 'IBM MAX Inception ResNet v2::core/model.py', 'IBM MAX Review Text Generator::api/__init__.py', 'IBM MAX Review Text Generator::api/metadata.py', 'IBM MAX Review Text Generator::api/model.py', 'IBM MAX Review Text Generator::api/predict.py', 'IBM MAX Review Text Generator::app.py', 'IBM MAX Review Text Generator::config.py', 'IBM MAX Review Text Generator::core/backend.py', 'IBM MAX Review Text Generator::core/model.py', 'IBM MAX Scene Classifier::api/__init__.py', 'IBM MAX Scene Classifier::api/metadata.py', 'IBM MAX Scene Classifier::api/model.py', 'IBM MAX Scene Classifier::api/predict.py', 'IBM MAX Scene Classifier::app.py', 'IBM MAX Scene Classifier::config.py', 'IBM MAX Scene Classifier::core/__init__.py', 'IBM MAX Scene Classifier::core/backend.py', 'IBM MAX Scene Classifier::core/model.py', 'IBM MAX Scene Classifier::tests/test.py', 'IBM MAX Weather Forecaster::api/__init__.py', 'IBM MAX Weather Forecaster::api/model.py', 'IBM MAX Weather Forecaster::app.py', 'IBM MAX Weather Forecaster::config.py', 'IBM MAX Weather Forecaster::core/__init__.py', 'IBM MAX Weather Forecaster::core/backend.py']",34,10,0.8292682926829268,0,52,0,83,0,306,171,0,45,0,0,9,0,0,25,0,0,10,0,0,0,0,0,0,0,0,138,943,0,0,0,0,0,0,0,0,0,0,0,0,0,0,23,0,0,34,0,0,0,0,0
Nico Galoppo,SE-engineer,1,0,0,3,['IntelAI OpenVINO model server'],1.0,[],2,1,0.6666666666666666,22,10,79,50,7,280,112,12,45,0,92,0,0,10,94,6,0,1,3,112,0,483,4,30,47,67,1472,826,0,0,0,0,0,0,0,0,0,0,0,0,0,0,0,0,0,2,0,0,0,0,0
Nicolas Vo,SE-engineer,1,0,0,1,['bobbens sketch simplification'],,[],0,0,0.0,0,0,0,0,0,0,0,0,0,0,0,0,0,0,0,0,0,0,0,0,0,0,0,0,0,0,0,0,0,0,0,0,0,0,0,0,0,0,0,0,0,0,0,0,0,0,0,0,0,0,0
Nikhil Gupta,SE-engineer,1,0,0,8,['dair iitd BossNet'],,[],0,0,0.0,33,0,28,139,21,305,84,0,0,0,28,0,0,0,7,0,0,0,0,98,0,21,12,0,21,49,504,161,0,0,0,0,0,0,0,0,0,0,0,0,0,0,0,0,0,0,0,0,0,0,0
NikhilGupta1997,ML-engineer,0,1,0,112,['dair iitd BossNet'],19.0,"['dair iitd BossNet::src/data.py', 'dair iitd BossNet::src/data_utils.py', 'dair iitd BossNet::src/evaluation.py', 'dair iitd BossNet::src/evaluation_baselines.py', 'dair iitd BossNet::src/main.py', 'dair iitd BossNet::src/measures.py', 'dair iitd BossNet::src/memn2n/attention_wrapper.py', 'dair iitd BossNet::src/memn2n/dynamic_decoder.py', 'dair iitd BossNet::src/memn2n/memn2n_dialog_generator.py', 'dair iitd BossNet::src/params.py', 'dair iitd BossNet::src/resources/__init__.py', 'dair iitd BossNet::src/resources/data.py', 'dair iitd BossNet::src/resources/data_utils.py', 'dair iitd BossNet::src/resources/evaluation.py', 'dair iitd BossNet::src/resources/evaluation_baselines.py', 'dair iitd BossNet::src/resources/measures.py', 'dair iitd BossNet::src/resources/params.py', 'dair iitd BossNet::src/single_dialog.py', 'dair iitd BossNet::src/untitled.py']",94,34,0.8392857142857143,798,0,330,1776,260,4882,1718,2,11,0,576,14,0,108,102,0,0,34,12,1537,0,294,198,0,613,828,8552,4284,0,0,0,0,0,0,0,0,0,0,0,0,0,0,0,0,0,94,0,0,0,0,0
Nikita,SE-engineer,1,0,0,2,['Tiiiger bert score'],8.0,['Tiiiger bert score::tests/custom_assertions.py'],20,2,10.0,0,0,0,28,0,32,4,4,0,0,8,0,0,0,4,0,0,2,0,20,0,2,0,0,6,14,126,36,0,0,4,14,0,0,0,0,0,0,0,0,0,0,0,0,0,20,0,0,0,0,0
Niko Colneri,ML-engineer,0,1,0,1,['nikicc twitter emotion recognition'],,[],0,0,0.0,2,0,0,1,0,3,0,0,0,0,0,0,0,0,0,0,0,0,0,0,0,0,0,0,0,0,3,4,0,0,0,3,0,0,0,0,0,0,0,0,0,0,0,0,0,0,0,0,0,0,0
Nikolay Savinov,Hybrid-engineer,0,0,1,41,['nsavinov SPTM'],21.0,"['nsavinov SPTM::src/common/__init__.py', 'nsavinov SPTM::src/common/constants.py', 'nsavinov SPTM::src/common/register_test_setups.py', 'nsavinov SPTM::src/common/resnet.py', 'nsavinov SPTM::src/common/util.py', 'nsavinov SPTM::src/common/video_writer.py', 'nsavinov SPTM::src/data_generation/apply_random_textures.py', 'nsavinov SPTM::src/test/build_graph.py', 'nsavinov SPTM::src/test/navigator.py', 'nsavinov SPTM::src/test/process_log.py', 'nsavinov SPTM::src/test/run_eval.py', 'nsavinov SPTM::src/test/sptm.py', 'nsavinov SPTM::src/test/test_action_setup.py', 'nsavinov SPTM::src/test/test_navigation_quantitative.py', 'nsavinov SPTM::src/test/test_setup.py', 'nsavinov SPTM::src/test/trajectory_plotter.py', 'nsavinov SPTM::src/train/resave_weights.py', 'nsavinov SPTM::src/train/train.py', 'nsavinov SPTM::src/train/train_action_predictor.py', 'nsavinov SPTM::src/train/train_edge_predictor.py', 'nsavinov SPTM::src/train/train_setup.py']",5,2,0.12195121951219512,108,70,442,398,0,1044,26,0,39,0,0,39,0,0,39,0,0,2,0,132,0,69,0,0,0,70,1500,723,0,0,0,0,0,0,0,0,0,0,0,0,0,0,0,0,0,5,0,0,0,0,0
Nikolay Tyukaev,SE-engineer,1,0,0,1,['IntelAI OpenVINO model server'],,[],4,1,4.0,6,4,22,15,0,80,33,4,14,0,31,0,0,2,27,0,0,1,1,23,0,148,0,10,11,21,404,216,0,0,0,0,0,0,0,0,0,0,0,0,0,0,0,0,0,4,0,0,0,0,0
Nischal,ML-engineer,0,1,0,11,['deep learning for humans fontastic'],15.0,"['deep learning for humans fontastic::fontastic/data_generation/__init__.py', 'deep learning for humans fontastic::fontastic/data_generation/scrape.py', 'deep learning for humans fontastic::fontastic/data_generation/scrape_dafont.py', 'deep learning for humans fontastic::notebooks/gradcam/__init__.py', 'deep learning for humans fontastic::notebooks/gradcam/gradcam.py', 'deep learning for humans fontastic::notebooks/gradcam/misc_functions.py', 'deep learning for humans fontastic::notebooks/models/__init__.py', 'deep learning for humans fontastic::notebooks/models/darknet.py']",0,0,0.0,0,6,24,20,0,90,40,0,0,0,0,0,0,0,0,0,0,0,0,13,0,0,0,0,7,8,165,288,0,0,0,21,0,0,0,0,0,21,0,0,0,0,0,0,0,0,0,0,0,0,0
Nitesh,ML-engineer,0,1,0,1,['ZheC Realtime Multi Person Pose Estimation'],,[],0,0,0.0,0,0,4,0,0,4,0,0,0,0,0,0,0,0,0,0,0,0,0,1,0,0,0,0,0,0,0,33,0,0,0,0,0,0,0,0,0,0,0,0,0,0,0,0,0,0,0,0,0,0,0
NiteshBharadwaj,ML-engineer,0,1,0,1,['ZheC Realtime Multi Person Pose Estimation'],,[],0,0,0.0,0,0,4,0,0,4,0,0,0,0,0,0,0,0,0,0,0,0,0,1,0,0,0,0,0,0,0,33,0,0,0,0,0,0,0,0,0,0,0,0,0,0,0,0,0,0,0,0,0,0,0
Nithish deva Divakar,SE-engineer,1,0,0,1,['GKalliatakis Keras VGG16 places365'],,[],0,0,0.0,0,0,0,2,0,3,1,0,0,0,2,0,0,0,0,0,0,0,0,2,0,0,0,0,2,2,40,12,0,0,0,0,0,0,0,0,0,0,0,0,0,0,0,0,0,0,0,0,0,0,0
Nosek Joanna,SE-engineer,1,0,0,13,['IntelAI OpenVINO model server'],26.0,"['IntelAI OpenVINO model server::tests/functional/fixtures/model_download_fixtures.py', 'IntelAI OpenVINO model server::tests/functional/utils/logger.py']",0,0,0.0,0,0,79,3,0,130,48,10,82,0,28,0,0,0,173,0,0,0,7,45,0,601,0,0,62,111,1403,2010,0,0,0,0,0,0,0,0,0,0,0,0,0,0,0,0,0,0,0,0,0,0,0
Olivier Cahagne AWS,SE-engineer,1,0,0,1,['neo ai neo ai dlr'],,[],0,0,0.0,1,0,1,7,0,39,30,0,0,0,1,5,0,0,1,0,0,0,1,10,0,1,0,1,0,0,43,32,0,0,0,0,0,0,0,0,0,0,0,0,0,0,0,0,0,0,0,0,0,0,0
Olivier Courtin,SE-engineer,1,0,0,1,['Oslandia osm data classification'],,[],0,0,0.0,0,0,0,0,0,0,0,0,0,0,0,0,0,0,0,0,0,0,0,0,0,0,0,0,0,0,0,0,0,0,0,0,0,0,0,0,0,0,0,0,0,0,0,0,0,0,0,0,0,0,0
PINTO,SE-engineer,1,0,0,272,"['PINTO0309 Keras OneClassAnomalyDetection', 'PINTO0309 MobileNet SSDLite RealSense TF', 'PINTO0309 OpenVINO DeeplabV3']",1.0,[],0,0,0.0,83,3,336,255,0,1405,728,0,0,0,258,0,0,0,40,0,0,0,0,135,0,395,0,0,281,364,5159,1853,0,0,0,0,0,0,0,0,0,0,0,0,0,0,0,0,0,0,0,0,0,0,0
PINTO0309,ML-engineer,0,1,0,133,"['PINTO0309 Keras OneClassAnomalyDetection', 'PINTO0309 MobileNet SSDLite RealSense TF', 'PINTO0309 MobileNetV2 PoseEstimation', 'PINTO0309 OpenVINO DeeplabV3']",60.0,"['PINTO0309 Keras OneClassAnomalyDetection::calc_ROC.py', 'PINTO0309 Keras OneClassAnomalyDetection::data_loader.py', 'PINTO0309 Keras OneClassAnomalyDetection::data_resizer.py', 'PINTO0309 Keras OneClassAnomalyDetection::data_resizer2.py', 'PINTO0309 Keras OneClassAnomalyDetection::generation_ref_data.py', 'PINTO0309 Keras OneClassAnomalyDetection::infrate_image.py', 'PINTO0309 Keras OneClassAnomalyDetection::main_openvino.py', 'PINTO0309 Keras OneClassAnomalyDetection::main_tflite.py', 'PINTO0309 Keras OneClassAnomalyDetection::models/pytorch/weights.py', 'PINTO0309 Keras OneClassAnomalyDetection::train.py', 'PINTO0309 Keras OneClassAnomalyDetection::train2.py', 'PINTO0309 MobileNet SSDLite RealSense TF::MobileNetSSDwithRealSenseTF.py', 'PINTO0309 MobileNet SSDLite RealSense TF::tfconverter.py', 'PINTO0309 MobileNet SSDLite RealSense TF::visualization_utils.py', 'PINTO0309 MobileNetV2 PoseEstimation::freeze_graph.py', 'PINTO0309 MobileNetV2 PoseEstimation::model_compression.py', 'PINTO0309 MobileNetV2 PoseEstimation::model_compression_quantize.py', 'PINTO0309 MobileNetV2 PoseEstimation::openvino-usbcamera-cpu-ncs2-async.py', 'PINTO0309 MobileNetV2 PoseEstimation::openvino-usbcamera-cpu-ncs2-sync.py', 'PINTO0309 MobileNetV2 PoseEstimation::tf_pose/__init__.py', 'PINTO0309 MobileNetV2 PoseEstimation::tf_pose/common.py', 'PINTO0309 MobileNetV2 PoseEstimation::tf_pose/datum_pb2.py', 'PINTO0309 MobileNetV2 PoseEstimation::tf_pose/estimator.py', 'PINTO0309 MobileNetV2 PoseEstimation::tf_pose/eval.py', 'PINTO0309 MobileNetV2 PoseEstimation::tf_pose/mobilenet/__init__.py', 'PINTO0309 MobileNetV2 PoseEstimation::tf_pose/mobilenet/conv_blocks.py', 'PINTO0309 MobileNetV2 PoseEstimation::tf_pose/mobilenet/mobilenet.py', 'PINTO0309 MobileNetV2 PoseEstimation::tf_pose/mobilenet/mobilenet_v2.py', 'PINTO0309 MobileNetV2 PoseEstimation::tf_pose/network_base.py', 'PINTO0309 MobileNetV2 PoseEstimation::tf_pose/network_cmu.py', 'PINTO0309 MobileNetV2 PoseEstimation::tf_pose/network_dsconv.py', 'PINTO0309 MobileNetV2 PoseEstimation::tf_pose/network_mobilenet.py', 'PINTO0309 MobileNetV2 PoseEstimation::tf_pose/network_mobilenet_thin.py', 'PINTO0309 MobileNetV2 PoseEstimation::tf_pose/network_mobilenet_v2.py', 'PINTO0309 MobileNetV2 PoseEstimation::tf_pose/networks.py', 'PINTO0309 MobileNetV2 PoseEstimation::tf_pose/pafprocess/__init__.py', 'PINTO0309 MobileNetV2 PoseEstimation::tf_pose/pafprocess/pafprocess.py', 'PINTO0309 MobileNetV2 PoseEstimation::tf_pose/pafprocess/setup.py', 'PINTO0309 MobileNetV2 PoseEstimation::tf_pose/pose_augment.py', 'PINTO0309 MobileNetV2 PoseEstimation::tf_pose/pose_dataset.py', 'PINTO0309 MobileNetV2 PoseEstimation::tf_pose/pystopwatch.py', 'PINTO0309 MobileNetV2 PoseEstimation::tf_pose/runner.py', 'PINTO0309 MobileNetV2 PoseEstimation::tf_pose/slidingwindow/ArrayUtils.py', 'PINTO0309 MobileNetV2 PoseEstimation::tf_pose/slidingwindow/Batching.py', 'PINTO0309 MobileNetV2 PoseEstimation::tf_pose/slidingwindow/Merging.py', 'PINTO0309 MobileNetV2 PoseEstimation::tf_pose/slidingwindow/RectangleUtils.py', 'PINTO0309 MobileNetV2 PoseEstimation::tf_pose/slidingwindow/SlidingWindow.py', 'PINTO0309 MobileNetV2 PoseEstimation::tf_pose/slidingwindow/WindowDistance.py', 'PINTO0309 MobileNetV2 PoseEstimation::tf_pose/slidingwindow/__init__.py', 'PINTO0309 MobileNetV2 PoseEstimation::tf_pose/tensblur/__init__.py', 'PINTO0309 MobileNetV2 PoseEstimation::tf_pose/tensblur/smoother.py', 'PINTO0309 MobileNetV2 PoseEstimation::tf_pose/train.py', 'PINTO0309 MobileNetV2 PoseEstimation::tf_pose/train2.py', 'PINTO0309 MobileNetV2 PoseEstimation::tflite_usbcamera_cpu-sync.py', 'PINTO0309 MobileNetV2 PoseEstimation::tpu-usbcamera-sync.py', 'PINTO0309 OpenVINO DeeplabV3::infer_IE_TF.py', 'PINTO0309 OpenVINO DeeplabV3::openvino_deeplabv3_test.py', 'PINTO0309 OpenVINO DeeplabV3::tensorboard_output.py', 'PINTO0309 OpenVINO DeeplabV3::tfconverter.py']",4,2,0.03007518796992481,232,84,337,813,0,2580,1114,0,125,0,292,175,0,25,91,0,0,2,50,664,0,168,25,0,380,660,7672,5532,0,0,0,0,0,0,0,0,0,0,58,0,0,0,0,0,0,4,0,200,0,200,B311B311B311B311B311B311B311B311B311B311B311B311B311B311B311B311B311B311B311B311B311B311B311B311B311
Patrick Hohenecker,ML-engineer,0,1,0,37,['phohenecker pytorch transformer'],26.0,"['phohenecker pytorch transformer::examples/bert_pretraining.py', 'phohenecker pytorch transformer::examples/gpt_pretraining.py', 'phohenecker pytorch transformer::examples/overfitting_test.py', 'phohenecker pytorch transformer::examples/speed_check.py', 'phohenecker pytorch transformer::setup.py', 'phohenecker pytorch transformer::src/main/python/transformer/__init__.py', 'phohenecker pytorch transformer::src/main/python/transformer/bert/__init__.py', 'phohenecker pytorch transformer::src/main/python/transformer/bert/mlm_loss.py', 'phohenecker pytorch transformer::src/main/python/transformer/decoder.py', 'phohenecker pytorch transformer::src/main/python/transformer/enc_dec_base.py', 'phohenecker pytorch transformer::src/main/python/transformer/encoder.py', 'phohenecker pytorch transformer::src/main/python/transformer/feed_forward_layer.py', 'phohenecker pytorch transformer::src/main/python/transformer/multi_head_attention.py', 'phohenecker pytorch transformer::src/main/python/transformer/normalization.py', 'phohenecker pytorch transformer::src/main/python/transformer/transformer.py', 'phohenecker pytorch transformer::src/main/python/transformer/transformer_tools.py', 'phohenecker pytorch transformer::src/main/python/transformer/util.py', 'phohenecker pytorch transformer::src/test/python/transformer_test/__init__.py', 'phohenecker pytorch transformer::src/test/python/transformer_test/decoder_test.py', 'phohenecker pytorch transformer::src/test/python/transformer_test/encoder_test.py', 'phohenecker pytorch transformer::src/test/python/transformer_test/feed_forward_layer_test.py', 'phohenecker pytorch transformer::src/test/python/transformer_test/multi_head_attention_test.py', 'phohenecker pytorch transformer::src/test/python/transformer_test/normalization_test.py', 'phohenecker pytorch transformer::src/test/python/transformer_test/transformer_test.py', 'phohenecker pytorch transformer::src/test/python/transformer_test/transformer_tools_test.py', 'phohenecker pytorch transformer::src/test/python/transformer_test/util_test.py']",1,2,0.02702702702702703,33,2,0,373,35,443,0,0,464,0,61,0,0,0,70,0,0,2,0,114,0,35,0,132,54,66,2835,1732,0,0,0,0,0,0,0,0,0,0,0,0,0,0,0,0,0,1,0,0,0,0,0
Patrick Titzler,SE-engineer,1,0,0,5,"['IBM MAX Fast Neural Style Transfer', 'IBM MAX Inception ResNet v2', 'IBM MAX Review Text Generator', 'IBM MAX Scene Classifier', 'IBM MAX Weather Forecaster']",,[],0,0,0.0,0,0,0,9,0,30,21,0,5,0,0,0,0,0,2,0,0,0,0,0,0,0,0,0,0,0,18,140,0,0,0,0,0,0,0,0,0,0,0,0,0,0,2,0,0,0,0,0,0,0,0
Patrycja G adkowska,SE-engineer,1,0,0,16,['IntelAI OpenVINO model server'],2.0,[],12,7,0.75,259,539,498,1672,96,4012,948,53,255,0,433,0,0,54,668,28,0,7,14,593,0,2123,28,130,209,354,9250,4372,0,0,0,0,0,0,0,0,0,0,0,0,0,0,0,0,0,12,0,0,0,0,0
Paul Fitzpatrick,Hybrid-engineer,0,0,1,44,['paulfitz mlsql'],7.0,"['paulfitz mlsql::irnet/server/add_csv.py', 'paulfitz mlsql::irnet/server/add_question.py', 'paulfitz mlsql::irnet/server/prediction_server.py', 'paulfitz mlsql::irnet/server/setup_nltk.py', 'paulfitz mlsql::valuenet/server/add_csv.py', 'paulfitz mlsql::valuenet/server/add_question.py', 'paulfitz mlsql::valuenet/server/prediction_server.py']",9,3,0.20454545454545456,49,0,35,28,0,196,84,0,0,0,0,0,0,0,0,0,0,3,0,53,0,0,0,0,24,0,161,112,0,0,0,0,0,0,0,0,0,0,0,0,0,0,0,0,0,9,0,0,0,0,0
Pawe Pieni ek,SE-engineer,1,0,0,7,['IntelAI inference model manager'],53.0,"['IntelAI inference model manager::examples/grpc_client/grpc_client_utils.py', 'IntelAI inference model manager::examples/grpc_client/images_2_numpy.py', 'IntelAI inference model manager::management/management_api/utils/logger.py', 'IntelAI inference model manager::tests/context.py', 'IntelAI inference model manager::tests/e2e_tests/minio_client.py', 'IntelAI inference model manager::tests/e2e_tests/tf_serving_utils/load_numpy.py', 'IntelAI inference model manager::tests/integration/__init__.py', 'IntelAI inference model manager::tests/integration/test_ovms.py', 'IntelAI inference model manager::tests/management_api_tests/servings/__init__.py']",3,2,0.42857142857142855,468,8,45,180,0,783,82,63,59,0,14,0,0,2,105,0,7,2,0,30,0,308,0,0,0,75,671,450,0,0,0,0,0,0,0,0,0,0,0,0,0,0,0,0,0,3,0,0,0,0,0
Pawe Rzepecki,Hybrid-engineer,0,0,1,32,['IntelAI OpenVINO model server'],55.0,"['IntelAI OpenVINO model server::client/python/ovmsclient/lib/ovmsclient/__init__.py', 'IntelAI OpenVINO model server::client/python/ovmsclient/lib/ovmsclient/custom/__init__.py', 'IntelAI OpenVINO model server::client/python/ovmsclient/lib/ovmsclient/custom/management_client.py', 'IntelAI OpenVINO model server::client/python/ovmsclient/lib/ovmsclient/tfs_compat/__init__.py', 'IntelAI OpenVINO model server::client/python/ovmsclient/lib/ovmsclient/tfs_compat/base/__init__.py', 'IntelAI OpenVINO model server::client/python/ovmsclient/lib/ovmsclient/tfs_compat/base/requests.py', 'IntelAI OpenVINO model server::client/python/ovmsclient/lib/ovmsclient/tfs_compat/base/responses.py', 'IntelAI OpenVINO model server::client/python/ovmsclient/lib/ovmsclient/tfs_compat/grpc/__init__.py', 'IntelAI OpenVINO model server::client/python/ovmsclient/lib/ovmsclient/tfs_compat/http/__init__.py', 'IntelAI OpenVINO model server::client/python/ovmsclient/lib/ovmsclient/util/__init__.py', 'IntelAI OpenVINO model server::client/python/ovmsclient/lib/ovmsclient/util/ovmsclient_export.py', 'IntelAI OpenVINO model server::client/python/ovmsclient/lib/scripts/generate_api.py', 'IntelAI OpenVINO model server::client/python/ovmsclient/lib/scripts/rename_proto_package.py', 'IntelAI OpenVINO model server::client/python/ovmsclient/lib/tests/test_base_requests.py', 'IntelAI OpenVINO model server::client/python/ovmsclient/lib/tests/tfs_compat_grpc/__init__.py', 'IntelAI OpenVINO model server::client/python/ovmsclient/lib/tests/tfs_compat_http/__init__.py', 'IntelAI OpenVINO model server::client/python/ovmsclient/samples/grpc_get_model_metadata.py', 'IntelAI OpenVINO model server::client/python/ovmsclient/samples/grpc_get_model_status.py', 'IntelAI OpenVINO model server::client/python/ovmsclient/samples/grpc_predict_binary_vehicle_detection.py', 'IntelAI OpenVINO model server::client/python/ovmsclient/samples/utils/vehicle_utils.py', 'IntelAI OpenVINO model server::demos/horizontal_text_detection/python/client.py']",31,5,0.96875,395,1003,876,3092,192,6932,1374,65,545,0,509,0,0,86,1337,64,0,5,32,1429,0,3231,64,110,523,717,20705,8240,0,0,0,0,0,0,0,0,0,0,0,0,0,0,0,0,0,31,0,0,0,0,0
Peppe,SE-engineer,1,0,0,4,['JustGlowing minisom'],3.0,[],0,0,0.0,0,2,0,16,0,18,0,0,0,0,0,0,0,0,0,0,0,0,2,0,0,0,0,0,0,0,8,12,0,0,0,0,0,0,0,0,0,0,0,0,0,0,0,0,0,0,0,0,0,0,0
Phan Hai Phong,SE-engineer,1,0,0,3,['JustGlowing minisom'],2.0,[],1,1,0.3333333333333333,0,3,3,45,0,54,3,0,0,0,0,6,0,0,0,0,0,1,3,0,0,0,0,0,0,3,27,75,0,0,0,0,0,0,0,0,0,0,0,0,0,0,0,0,0,1,0,0,0,0,0
Philip Cho,SE-engineer,1,0,0,8,['neo ai neo ai dlr'],3.0,[],1,1,0.125,0,0,0,101,0,317,216,0,0,0,1,1,0,0,8,0,0,1,0,11,0,0,0,0,0,0,175,179,0,0,0,0,0,0,0,0,0,0,0,0,0,0,0,0,0,1,0,0,0,0,0
Philip Hyunsu Cho,SE-engineer,1,0,0,22,['neo ai neo ai dlr'],12.0,"['neo ai neo ai dlr::container/neo_template_image_classification.py', 'neo ai neo ai dlr::container/neo_template_mxnet_byom.py', 'neo ai neo ai dlr::container/neo_template_xgboost.py', 'neo ai neo ai dlr::doc/conf.py', 'neo ai neo ai dlr::python/dlr/api.py', 'neo ai neo ai dlr::tests/python/integration/load_and_test_xgboost_mnist.py', 'neo ai neo ai dlr::tests/python/integration/test_utils.py', 'neo ai neo ai dlr::tests/python/unittest/test_get_set_input.py']",28,8,1.2727272727272727,10,0,40,200,0,852,602,0,0,0,18,50,0,0,25,7,0,8,11,120,0,12,0,10,0,0,654,609,0,0,0,0,0,0,0,0,0,0,0,0,0,0,0,0,0,28,0,0,0,0,0
Phillip Isola,SE-engineer,1,0,0,90,['phillipi pix2pix'],1.0,['phillipi pix2pix::data/combine_A_and_B.py'],0,6,0.0,0,0,6,120,0,138,12,0,0,0,0,6,0,0,0,0,0,6,0,6,0,0,0,0,0,0,258,66,0,0,0,0,0,0,0,0,0,0,0,0,0,0,0,0,0,0,0,0,0,0,0
Piotr Or owski,SE-engineer,1,0,0,8,['IntelAI OpenVINO model server'],1.0,[],10,4,1.25,144,278,259,855,48,2064,480,21,107,0,174,0,0,22,279,12,0,4,6,250,0,848,12,50,84,147,3901,1804,0,0,0,0,0,0,0,0,0,0,0,0,0,0,0,0,0,10,0,0,0,0,0
PircDef,SE-engineer,1,0,0,1,['TIBHannover GeoEstimation'],3.0,"['TIBHannover GeoEstimation::filter_by_downloaded_images.py', 'TIBHannover GeoEstimation::msgpack_viewer.py']",0,0,0.0,3,0,0,9,0,20,8,0,0,0,2,1,0,0,1,0,0,0,0,4,0,2,0,0,0,4,40,37,0,0,0,9,0,0,0,0,0,0,0,0,0,0,0,0,0,0,0,0,0,0,0
Piszczewiat Waldemar,SE-engineer,1,0,0,6,['IntelAI OpenVINO model server'],,[],0,0,0.0,0,0,33,0,0,51,18,6,34,0,21,0,0,0,84,0,0,0,3,18,0,291,0,0,30,78,621,1051,0,0,0,0,0,0,0,0,0,0,0,0,0,0,0,0,0,0,0,0,0,0,0
Pradeep Sakhamoori,SE-engineer,1,0,0,1,['IntelAI OpenVINO model server'],1.0,[],0,0,0.0,31,38,41,112,6,303,75,0,0,0,0,0,0,0,0,0,0,0,0,0,0,0,0,0,0,0,0,0,0,0,0,0,0,0,0,0,0,0,0,0,0,0,0,0,0,0,0,0,0,0,0
Praveenkumar,SE-engineer,1,0,0,2,['Tiiiger bert score'],1.0,[],0,0,0.0,0,0,0,6,0,8,2,0,0,0,6,0,0,0,4,0,0,0,0,14,0,0,0,0,4,14,104,20,0,0,0,10,0,0,0,0,0,0,0,0,0,0,0,0,0,0,0,0,0,0,0
Preeti Mukherjee,SE-engineer,1,0,0,3,['JdeRobot DetectionSuite'],,[],0,0,0.0,15,6,9,18,0,75,27,0,0,0,3,0,0,0,0,0,0,0,0,15,0,0,0,0,6,6,108,315,0,0,0,0,0,0,0,0,0,0,6,0,0,0,0,0,0,0,0,0,0,0,0
RRanddom,Hybrid-engineer,0,0,1,13,['RRanddom tf bilinear cnn'],18.0,"['RRanddom tf bilinear cnn::data/aircraft_data.py', 'RRanddom tf bilinear cnn::data/build_aircraft_data.py', 'RRanddom tf bilinear cnn::data/build_cub200_data.py', 'RRanddom tf bilinear cnn::data/build_standford_cars.py', 'RRanddom tf bilinear cnn::data/cub200_data.py', 'RRanddom tf bilinear cnn::data/dataset.py', 'RRanddom tf bilinear cnn::data/dataset_factory.py', 'RRanddom tf bilinear cnn::data/make_tfrecord.py', 'RRanddom tf bilinear cnn::data/standford_cars.py', 'RRanddom tf bilinear cnn::model/bilinear_cnn.py', 'RRanddom tf bilinear cnn::model/config.py', 'RRanddom tf bilinear cnn::model/vgg.py', 'RRanddom tf bilinear cnn::test.py', 'RRanddom tf bilinear cnn::tools/test.py', 'RRanddom tf bilinear cnn::tools/train.py', 'RRanddom tf bilinear cnn::train.py']",1,2,0.07692307692307693,80,29,24,75,0,314,106,0,16,0,91,0,0,0,8,0,0,2,0,23,0,13,0,0,23,26,167,230,0,0,0,0,0,0,0,0,0,0,0,0,0,0,0,0,0,1,0,4,0,4,B403B403B403B403
Radhika Dua,SE-engineer,1,0,0,2,['Tiiiger bert score'],,[],0,0,0.0,0,0,0,4,0,4,0,0,0,0,6,0,0,0,4,0,0,0,0,12,0,0,0,0,4,12,94,20,0,0,0,10,0,0,0,0,0,0,0,0,0,0,0,0,0,0,0,0,0,0,0
Rafal Jasinski,SE-engineer,1,0,0,45,['IntelAI OpenVINO model server'],63.0,"['IntelAI OpenVINO model server::client/python/samples/utils/vehicle_utils.py', 'IntelAI OpenVINO model server::tests/functional/config.py', 'IntelAI OpenVINO model server::tests/functional/conftest.py', 'IntelAI OpenVINO model server::tests/functional/object_model/docker.py', 'IntelAI OpenVINO model server::tests/functional/object_model/server.py', 'IntelAI OpenVINO model server::tests/functional/test_batching.py', 'IntelAI OpenVINO model server::tests/functional/test_mapping.py', 'IntelAI OpenVINO model server::tests/functional/test_model_version_policy.py', 'IntelAI OpenVINO model server::tests/functional/test_model_versions_handling.py', 'IntelAI OpenVINO model server::tests/functional/test_multi_models.py', 'IntelAI OpenVINO model server::tests/functional/test_reshaping.py', 'IntelAI OpenVINO model server::tests/functional/test_single_model.py', 'IntelAI OpenVINO model server::tests/functional/test_single_model_gc.py', 'IntelAI OpenVINO model server::tests/functional/test_single_model_onnx.py', 'IntelAI OpenVINO model server::tests/functional/test_single_model_s3.py', 'IntelAI OpenVINO model server::tests/functional/utils/files_operation.py', 'IntelAI OpenVINO model server::tests/functional/utils/grpc.py', 'IntelAI OpenVINO model server::tests/functional/utils/helpers.py', 'IntelAI OpenVINO model server::tests/functional/utils/process.py', 'IntelAI OpenVINO model server::tests/functional/utils/rest.py', 'IntelAI OpenVINO model server::tests/functional/utils/xdist_utils.py']",42,10,0.9333333333333333,254,298,856,521,20,2974,1025,72,575,0,942,29,0,82,1017,116,0,10,45,942,0,5199,16,358,472,713,16901,8013,0,0,0,0,0,0,0,0,0,0,0,0,0,0,0,0,0,42,0,1,0,1,B101
Rafal Rozestwinski,SE-engineer,1,0,0,12,['IntelAI OpenVINO model server'],10.0,[],23,3,1.9166666666666667,0,0,132,12,0,255,111,12,128,0,0,0,0,0,148,0,0,3,12,72,0,480,0,0,48,108,1753,918,0,0,0,0,0,0,0,0,0,0,0,0,0,0,0,0,0,23,0,0,0,0,0
Rafal Sapala,Hybrid-engineer,0,0,1,315,['IntelAI OpenVINO model server'],76.0,"['IntelAI OpenVINO model server::client/python/ovmsclient/lib/scripts/rename_proto_package.py', 'IntelAI OpenVINO model server::demos/horizontal_text_detection/python/horizontal_text_detection.py', 'IntelAI OpenVINO model server::demos/mediapipe/holistic_tracking/mediapipe_holistic_tracking.py', 'IntelAI OpenVINO model server::demos/mediapipe/multi_model_graph/mediapipe_multi_model_client.py', 'IntelAI OpenVINO model server::demos/mediapipe/object_detection/mediapipe_object_detection.py', 'IntelAI OpenVINO model server::demos/python_demos/clip_image_classification/client.py', 'IntelAI OpenVINO model server::demos/python_demos/clip_image_classification/download_model.py', 'IntelAI OpenVINO model server::demos/python_demos/clip_image_classification/grpc_client.py', 'IntelAI OpenVINO model server::demos/python_demos/clip_image_classification/rest_client.py', 'IntelAI OpenVINO model server::demos/python_demos/clip_image_classification/servable/postprocess.py', 'IntelAI OpenVINO model server::demos/python_demos/clip_image_classification/servable/preprocess.py', 'IntelAI OpenVINO model server::demos/python_demos/seq2seq_translation/client.py', 'IntelAI OpenVINO model server::demos/python_demos/seq2seq_translation/servable/model.py', 'IntelAI OpenVINO model server::demos/universal-sentence-encoder/send_strings.py', 'IntelAI OpenVINO model server::example_client/grpc_stateful_client.py', 'IntelAI OpenVINO model server::example_client/rest_stateful_client.py', 'IntelAI OpenVINO model server::example_client/stateful/rest_stateful_client.py', 'IntelAI OpenVINO model server::lib_search.py', 'IntelAI OpenVINO model server::src/test/mediapipe/python/exception_script.py', 'IntelAI OpenVINO model server::src/test/mediapipe/python/fail_script.py', 'IntelAI OpenVINO model server::src/test/mediapipe/python/return_false_script.py', 'IntelAI OpenVINO model server::src/test/mediapipe/python/script.py', 'IntelAI OpenVINO model server::src/test/mediapipe/python/script2.py', 'IntelAI OpenVINO model server::src/test/mediapipe/python/scripts/bad_execute_illegal_operation.py', 'IntelAI OpenVINO model server::src/test/mediapipe/python/scripts/bad_execute_import_error.py', 'IntelAI OpenVINO model server::src/test/mediapipe/python/scripts/bad_execute_no_method.py', 'IntelAI OpenVINO model server::src/test/mediapipe/python/scripts/bad_execute_wrong_return_value.py', 'IntelAI OpenVINO model server::src/test/mediapipe/python/scripts/bad_execute_wrong_signature.py', 'IntelAI OpenVINO model server::src/test/mediapipe/python/scripts/bad_finalize_exception.py', 'IntelAI OpenVINO model server::src/test/mediapipe/python/scripts/bad_initialize_import_outside_class_error.py', 'IntelAI OpenVINO model server::src/test/mediapipe/python/scripts/bad_initialize_return_false.py', 'IntelAI OpenVINO model server::src/test/mediapipe/python/scripts/bad_initialize_throw_exception.py', 'IntelAI OpenVINO model server::src/test/mediapipe/python/scripts/good_finalize_missing_definition.py', 'IntelAI OpenVINO model server::src/test/mediapipe/python/scripts/good_finalize_pass.py', 'IntelAI OpenVINO model server::src/test/mediapipe/python/scripts/good_finalize_remove_file.py', 'IntelAI OpenVINO model server::src/test/mediapipe/python/scripts/good_initialize_with_arguments.py', 'IntelAI OpenVINO model server::src/test/mediapipe/python/scripts/good_initialize_with_class_members.py', 'IntelAI OpenVINO model server::tools/update_ov/update_ov.py', 'IntelAI OpenVINO model server::windows_change_test_configs.py', 'IntelAI OpenVINO model server::windows_set_ovms_version.py']",422,91,1.3396825396825396,3380,6413,8421,20561,1542,55210,14893,944,4633,0,7359,15,0,915,10777,508,0,91,311,10281,0,38418,461,2244,3975,6283,157094,76179,0,0,0,0,0,0,0,0,0,0,0,0,0,0,0,0,0,422,0,0,0,0,0
Rafiqul Rabin,SE-engineer,1,0,0,1,['tech srl code2vec'],1.0,[],0,0,0.0,6,0,0,29,5,42,2,0,1,0,3,0,0,2,3,2,0,0,1,7,0,42,2,0,1,3,151,46,0,0,0,0,0,0,0,0,0,0,0,0,0,0,0,0,0,0,0,0,0,0,0
Raghotham,ML-engineer,0,1,0,52,['deep learning for humans fontastic'],13.0,"['deep learning for humans fontastic::fontastic/data_generation/__init__.py', 'deep learning for humans fontastic::fontastic/data_generation/scrape.py', 'deep learning for humans fontastic::fontastic/data_generation/training_data_gen.py', 'deep learning for humans fontastic::fontastic/scrape/local_image_gen.py', 'deep learning for humans fontastic::fontastic/utils/rand_text.py', 'deep learning for humans fontastic::notebooks/gradcam/__init__.py', 'deep learning for humans fontastic::notebooks/gradcam/gradcam.py', 'deep learning for humans fontastic::notebooks/gradcam/misc_functions.py', 'deep learning for humans fontastic::scrape/scrape.py']",2,1,0.038461538461538464,0,17,56,75,0,327,179,0,0,0,3,0,0,0,0,0,0,1,0,36,0,0,0,0,22,25,596,891,0,0,0,72,0,0,0,0,0,70,0,0,0,0,0,0,0,2,0,0,0,0,0
Raghotham S,Hybrid-engineer,0,0,1,10,['deep learning for humans fontastic'],10.0,"['deep learning for humans fontastic::fontastic/__init__.py', 'deep learning for humans fontastic::fontastic/data_generation/scrape_dafont.py', 'deep learning for humans fontastic::fontastic/utils/__init__.py', 'deep learning for humans fontastic::fontastic/utils/logging.py', 'deep learning for humans fontastic::notebooks/models/__init__.py', 'deep learning for humans fontastic::notebooks/models/darknet.py', 'deep learning for humans fontastic::scrape/scrape.py']",0,0,0.0,0,5,12,18,0,65,30,0,0,0,0,0,0,0,0,0,0,0,0,9,0,0,0,0,6,6,114,185,0,0,0,18,0,0,0,0,0,18,0,0,0,0,0,0,0,0,0,0,0,0,0
Rapha l Delhome,SE-engineer,1,0,0,325,['Oslandia osm data classification'],53.0,"['Oslandia osm data classification::OSMfiggen.py', 'Oslandia osm data classification::osmdq/__init__.py', 'Oslandia osm data classification::osmdq/analysis_tasks.py', 'Oslandia osm data classification::osmdq/data_preparation_tasks.py', 'Oslandia osm data classification::osmdq/extract-changesets.py', 'Oslandia osm data classification::osmdq/extract_user_editor.py', 'Oslandia osm data classification::osmdq/geom_tasks.py', 'Oslandia osm data classification::osmdq/latestdata.py', 'Oslandia osm data classification::osmdq/metadata_plotting.py', 'Oslandia osm data classification::osmdq/osmparsing.py', 'Oslandia osm data classification::osmdq/output_tasks.py', 'Oslandia osm data classification::osmdq/tagmetanalyse.py', 'Oslandia osm data classification::osmdq/unsupervised_learning.py', 'Oslandia osm data classification::osmdq/utils.py', 'Oslandia osm data classification::osmdq/validitycheck.py', 'Oslandia osm data classification::src/OSM-history-parsing.py', 'Oslandia osm data classification::src/OSM-latest-data.py', 'Oslandia osm data classification::src/OSM-metadata-extract.py', 'Oslandia osm data classification::src/OSM-metadata-plotting.py', 'Oslandia osm data classification::src/OSM-tag-analyse.py', 'Oslandia osm data classification::src/OSM-tag-genome-parsing.py', 'Oslandia osm data classification::src/OSM-tag-metanalyse.py', 'Oslandia osm data classification::src/OSM-validity-check.py', 'Oslandia osm data classification::src/OSMdata.py', 'Oslandia osm data classification::src/analysis_tasks.py', 'Oslandia osm data classification::src/changeset-history-stats.py', 'Oslandia osm data classification::src/data_preparation_tasks.py', 'Oslandia osm data classification::src/elemmdextract.py', 'Oslandia osm data classification::src/extract_user_editor.py', 'Oslandia osm data classification::src/geom_tasks.py', 'Oslandia osm data classification::src/historyparsing.py', 'Oslandia osm data classification::src/latestdata.py', 'Oslandia osm data classification::src/metadata_plotting.py', 'Oslandia osm data classification::src/metadataextract.py', 'Oslandia osm data classification::src/metadataplotting.py', 'Oslandia osm data classification::src/node-history-stats.py', 'Oslandia osm data classification::src/osm-tasks.py', 'Oslandia osm data classification::src/osm_tasks.py', 'Oslandia osm data classification::src/osmnode_check.py', 'Oslandia osm data classification::src/osmparsing.py', 'Oslandia osm data classification::src/output_tasks.py', 'Oslandia osm data classification::src/relation-history-stats.py', 'Oslandia osm data classification::src/taganalysis.py', 'Oslandia osm data classification::src/taggenomeparsing.py', 'Oslandia osm data classification::src/tagmetanalyse.py', 'Oslandia osm data classification::src/unsupervised_learning.py', 'Oslandia osm data classification::src/utils.py', 'Oslandia osm data classification::src/validitycheck.py', 'Oslandia osm data classification::src/way-history-stats.py']",73,33,0.2246153846153846,6,679,2546,11827,0,18032,2974,0,6,0,0,0,0,238,465,0,0,33,0,715,0,33,0,0,192,989,22647,7381,0,0,0,7843,180,0,0,0,0,14131,0,0,0,0,0,0,207,73,0,0,0,0,0
Raphael Delhome,SE-engineer,1,0,0,4,['Oslandia osm data classification'],4.0,[],1,1,0.25,0,12,40,230,0,338,56,0,0,0,0,0,0,7,7,0,0,1,0,13,0,3,0,0,1,18,407,164,0,0,0,150,2,0,0,0,0,235,0,0,0,0,0,0,6,1,0,0,0,0,0
Ravi Kumar Bhattiprolu,SE-engineer,1,0,0,5,['IntelAI OpenVINO model server'],,[],8,2,1.6,20,13,73,26,0,216,84,8,61,0,56,1,0,5,91,5,0,2,5,80,0,400,0,20,45,66,1386,661,0,0,0,0,0,0,0,0,0,0,0,0,0,0,0,0,0,8,0,0,0,0,0
Ravi Panchumarthy,SE-engineer,1,0,0,1,['IntelAI OpenVINO model server'],1.0,[],0,0,0.0,2,2,27,19,6,103,47,4,15,0,29,0,0,4,32,2,0,0,1,38,0,157,2,10,17,23,560,292,0,0,0,0,0,0,0,0,0,0,0,0,0,0,0,0,0,0,0,0,0,0,0
Redowan Delowar,SE-engineer,1,0,0,4,['kk7nc Text Classification'],,[],15,1,3.75,8,0,12,60,0,88,8,0,0,0,0,0,0,0,0,0,0,1,0,4,0,0,0,0,0,8,92,124,0,0,0,0,0,0,0,0,16,0,0,0,0,0,0,0,0,15,0,0,0,0,0
Robert Jeffrey,SE-engineer,1,0,0,1,['JustGlowing minisom'],,[],2,1,2.0,0,1,3,30,0,35,1,0,0,0,3,3,0,3,0,0,0,1,1,2,0,4,0,0,0,1,19,57,0,0,0,0,0,0,0,0,0,0,0,0,0,0,0,0,0,2,0,0,0,0,0
Romanowski Krzysztof,SE-engineer,1,0,0,7,['IntelAI OpenVINO model server'],9.0,['IntelAI OpenVINO model server::tests/functional/utils/cleanup.py'],0,0,0.0,0,0,69,7,0,116,40,7,70,0,0,0,0,0,77,0,0,0,7,33,0,277,0,0,27,62,895,516,0,0,0,0,0,0,0,0,0,0,0,0,0,0,0,0,0,0,0,0,0,0,0
Rozestwinski Rafal,SE-engineer,1,0,0,28,['IntelAI OpenVINO model server'],6.0,"['IntelAI OpenVINO model server::release_files/user-guide/example_client/classes.py', 'IntelAI OpenVINO model server::release_files/user-guide/example_client/grpc_serving_client.py']",19,1,0.6785714285714286,2,0,239,22,0,420,157,25,247,0,7,0,0,0,298,0,0,1,23,126,0,1054,0,0,105,234,3355,2204,0,0,0,0,0,0,0,0,0,0,0,0,0,0,0,0,0,19,0,0,0,0,0
Ru Wang,SE-engineer,1,0,0,1,['ZheC Realtime Multi Person Pose Estimation'],1.0,['ZheC Realtime Multi Person Pose Estimation::training/genLMDB.py'],1,1,1.0,0,0,4,0,0,4,0,0,0,0,0,0,0,0,0,0,0,1,0,1,0,0,0,0,0,0,0,33,0,0,0,0,0,0,0,0,0,0,0,0,0,0,0,0,0,1,0,0,0,0,0
Ryan Keenan,SE-engineer,1,0,0,1,['subodh malgonde vehicle detection'],,[],0,0,0.0,0,0,0,0,0,0,0,0,0,0,0,0,0,0,0,0,0,0,0,0,0,0,0,0,0,0,0,0,0,0,0,0,0,0,0,0,0,0,0,0,0,0,0,0,0,0,0,0,0,0,0
Ryan Loney,SE-engineer,1,0,0,1,['IntelAI OpenVINO model server'],,[],0,0,0.0,5,0,11,2,0,30,12,1,11,0,0,0,0,0,15,0,0,0,1,14,0,47,0,0,9,10,252,99,0,0,0,0,0,0,0,0,0,0,0,0,0,0,0,0,0,0,0,0,0,0,0
Saishruthi,SE-engineer,1,0,0,1,['IBM MAX Inception ResNet v2'],2.0,[],0,0,0.0,0,0,0,0,0,3,3,0,1,0,0,0,0,0,0,0,0,0,0,0,0,0,0,0,0,0,3,6,0,0,0,0,0,0,0,0,0,0,0,0,0,0,0,0,0,0,0,0,0,0,0
Sakari Poussa,SE-engineer,1,0,0,4,['IntelAI inference model manager'],1.0,[],0,0,0.0,272,6,20,105,0,451,48,36,36,0,8,0,0,0,60,0,4,0,0,17,0,172,0,0,0,52,381,254,0,0,0,0,0,0,0,0,0,0,0,0,0,0,0,0,0,0,0,0,0,0,0
Sakhineti Praveena,ML-engineer,0,1,0,2,['JdeRobot DetectionSuite'],12.0,"['JdeRobot DetectionSuite::detectionmetrics/datasets/yolo.py', 'JdeRobot DetectionSuite::detectionmetrics/models/utils/torchvision.py']",0,0,0.0,10,3,0,17,0,65,35,0,2,0,1,15,0,0,10,0,0,0,4,41,0,22,2,0,23,23,406,172,0,0,0,15,6,0,0,0,0,6,0,0,0,0,0,0,2,0,0,0,0,0,0
SakhinetiPraveena,Hybrid-engineer,0,0,1,44,['JdeRobot DetectionSuite'],45.0,"['JdeRobot DetectionSuite::app.py', 'JdeRobot DetectionSuite::detectionmetrics/datasets/coco.py', 'JdeRobot DetectionSuite::detectionmetrics/datasets/detection.py', 'JdeRobot DetectionSuite::detectionmetrics/datasets/perception.py', 'JdeRobot DetectionSuite::detectionmetrics/datasets/perecption.py', 'JdeRobot DetectionSuite::detectionmetrics/datasets/segmentation.py', 'JdeRobot DetectionSuite::detectionmetrics/datasets/wildscenes.py', 'JdeRobot DetectionSuite::detectionmetrics/models/detection.py', 'JdeRobot DetectionSuite::detectionmetrics/models/perception.py', 'JdeRobot DetectionSuite::detectionmetrics/models/segmentation.py', 'JdeRobot DetectionSuite::detectionmetrics/models/torch_detection.py', 'JdeRobot DetectionSuite::detectionmetrics/models/torch_segmentation.py', 'JdeRobot DetectionSuite::detectionmetrics/utils/detection_metrics.py', 'JdeRobot DetectionSuite::detectionmetrics/utils/segmentation_metrics.py', 'JdeRobot DetectionSuite::tabs/dataset_viewer.py', 'JdeRobot DetectionSuite::tabs/evaluator.py', 'JdeRobot DetectionSuite::tabs/inference.py', 'JdeRobot DetectionSuite::tests/test_conversion.py', 'JdeRobot DetectionSuite::tests/test_metrics.py']",9,4,0.20454545454545456,197,111,0,315,0,1419,796,0,44,0,36,345,0,0,335,0,0,4,87,904,0,548,44,0,448,499,8893,4795,0,0,0,312,131,0,0,0,0,66,0,0,0,0,0,0,44,9,0,0,0,0,0
Salisbury,SE-engineer,1,0,0,2,['phillipi pix2pix'],1.0,[],0,0,0.0,0,0,2,8,0,12,2,0,0,0,0,2,0,0,0,0,0,0,0,2,0,0,0,0,0,0,26,22,0,0,0,0,0,0,0,0,0,0,0,0,0,0,0,0,0,0,0,0,0,0,0
Sam Gigliotti,SE-engineer,1,0,0,1,['neo ai neo ai dlr'],,[],0,0,0.0,0,0,0,14,0,18,4,0,0,0,0,0,0,0,0,0,0,0,0,1,0,0,0,0,0,0,19,11,0,0,0,0,0,0,0,0,0,0,0,0,0,0,0,0,0,0,0,0,0,0,0
Sam Skalicky,SE-engineer,1,0,0,2,['neo ai neo ai dlr'],,[],27,1,13.5,6,2,18,38,0,142,78,0,0,0,12,10,0,2,6,0,0,1,2,16,0,10,0,0,0,0,132,84,0,0,0,0,0,0,0,0,0,0,0,0,0,0,0,0,0,27,0,0,0,0,0
Sangeun Kum,Hybrid-engineer,0,0,1,30,['keums melodyExtraction JDC'],3.0,"['keums melodyExtraction JDC::featureExtraction.py', 'keums melodyExtraction JDC::melodyExtraction_JDC.py', 'keums melodyExtraction JDC::model.py']",0,0,0.0,38,0,0,106,0,150,6,0,29,0,58,0,0,0,0,0,0,0,0,14,0,0,0,0,0,0,215,529,0,0,0,0,0,0,0,0,0,0,0,0,0,0,0,0,0,0,0,0,0,0,0
Sanjay Khatwani,Hybrid-engineer,0,0,1,13,['SanjayKhatwani Handwritten Math Expression Recognition'],20.0,"['SanjayKhatwani Handwritten Math Expression Recognition::code/Line_of_Sight.py', 'SanjayKhatwani Handwritten Math Expression Recognition::code/detector.py', 'SanjayKhatwani Handwritten Math Expression Recognition::code/feature_extraction.py', 'SanjayKhatwani Handwritten Math Expression Recognition::code/generate_train_and_test_features.py', 'SanjayKhatwani Handwritten Math Expression Recognition::code/graph.py', 'SanjayKhatwani Handwritten Math Expression Recognition::code/inkml.py', 'SanjayKhatwani Handwritten Math Expression Recognition::code/model_test.py', 'SanjayKhatwani Handwritten Math Expression Recognition::code/model_train.py', 'SanjayKhatwani Handwritten Math Expression Recognition::code/object.py', 'SanjayKhatwani Handwritten Math Expression Recognition::code/parser_driver_file.py', 'SanjayKhatwani Handwritten Math Expression Recognition::code/parsing_feature_extractor.py', 'SanjayKhatwani Handwritten Math Expression Recognition::code/relation.py', 'SanjayKhatwani Handwritten Math Expression Recognition::code/segmentor_driver_file.py', 'SanjayKhatwani Handwritten Math Expression Recognition::code/segmentor_feature_extractor.py', 'SanjayKhatwani Handwritten Math Expression Recognition::code/segmentor_using_binary_detector.py', 'SanjayKhatwani Handwritten Math Expression Recognition::code/stroke_level_parser.py', 'SanjayKhatwani Handwritten Math Expression Recognition::code/symbol_level_parser.py', 'SanjayKhatwani Handwritten Math Expression Recognition::code/trace.py', 'SanjayKhatwani Handwritten Math Expression Recognition::code/trace_group.py', 'SanjayKhatwani Handwritten Math Expression Recognition::code/training_testing_split.py']",0,0,0.0,5,5,36,10,0,106,50,0,15,0,0,50,0,0,0,0,0,0,14,88,0,27,0,0,0,17,257,391,0,0,0,0,0,0,0,0,0,0,10,0,0,0,0,0,0,0,0,0,0,0,0
Sankiewicz Karolina,SE-engineer,1,0,0,3,['IntelAI OpenVINO model server'],,[],0,0,0.0,0,0,29,3,0,52,20,3,30,0,0,0,0,0,33,0,0,0,3,16,0,118,0,0,12,27,395,226,0,0,0,0,0,0,0,0,0,0,0,0,0,0,0,0,0,0,0,0,0,0,0
Sapala Rafal A,SE-engineer,1,0,0,40,['IntelAI OpenVINO model server'],8.0,"['IntelAI OpenVINO model server::release_files/user-guide/example_client/client_utils.py', 'IntelAI OpenVINO model server::tests/functional/utils/logger.py', 'IntelAI OpenVINO model server::tests/models/argmax_sum.py', 'IntelAI OpenVINO model server::tests/models/increment.py']",1,1,0.025,0,0,390,40,0,702,272,40,400,0,0,0,0,0,440,0,0,1,40,216,0,1577,0,0,160,360,5245,3033,0,0,0,0,0,0,0,0,0,0,0,0,0,0,0,0,0,1,0,0,0,0,0
Sarthak Pati,SE-engineer,1,0,0,2,['IntelAI OpenVINO model server'],,[],0,0,0.0,15,13,41,22,0,145,54,5,28,0,57,1,0,5,49,5,0,0,2,51,0,274,0,20,23,38,790,409,0,0,0,0,0,0,0,0,0,0,0,0,0,0,0,0,0,0,0,0,0,0,0
SeanSin,SE-engineer,1,0,0,9,['CBNU Nnet Artificial Intelligence'],2.0,"['CBNU Nnet Artificial Intelligence::.py', 'CBNU Nnet Artificial Intelligence::resource/example/basic/tensorflow_basic.py']",0,0,0.0,0,0,0,0,0,0,0,0,0,0,0,0,0,0,0,0,0,0,0,0,0,0,0,0,0,0,0,0,0,0,0,0,0,0,0,0,0,0,0,0,0,0,0,0,0,0,0,0,0,0,0
Sebastian Gehrmann,SE-engineer,1,0,0,1,['HendrikStrobelt detecting fake text'],,[],0,0,0.0,0,0,5,1,0,8,2,0,0,0,0,1,0,0,2,0,0,0,0,1,0,0,0,0,1,0,10,9,0,0,0,0,0,0,0,0,0,0,0,0,0,0,0,0,0,0,0,0,0,0,0
Sebastian Golebiewski,SE-engineer,1,0,0,10,['IntelAI OpenVINO model server'],,[],0,0,0.0,196,318,337,953,60,2518,654,24,108,0,193,0,0,24,297,12,0,0,9,240,0,941,12,60,87,150,3872,1914,0,0,0,0,0,0,0,0,0,0,0,0,0,0,0,0,0,0,0,0,0,0,0
SeongAhJo,SE-engineer,1,0,0,55,['seongahjo Mosaicer'],19.0,['seongahjo Mosaicer::mosaicer/web.py'],0,0,0.0,49,0,206,336,0,809,218,0,0,0,47,0,0,8,8,0,0,0,16,154,0,292,0,0,53,78,1341,1907,0,0,0,0,0,0,0,0,0,0,0,0,0,0,0,0,0,0,0,0,0,0,0
Sergio Paniego Blanco,SE-engineer,1,0,0,56,['JdeRobot DetectionSuite'],63.0,"['JdeRobot DetectionSuite::DeepLearningSuite/DeepLearningSuiteLib/python_modules/keras_detect.py', 'JdeRobot DetectionSuite::DeepLearningSuite/DeepLearningSuiteLib/python_modules/keras_utils/__init__.py', 'JdeRobot DetectionSuite::DeepLearningSuite/DeepLearningSuiteLib/python_modules/keras_utils/bounding_box_utils.py', 'JdeRobot DetectionSuite::DeepLearningSuite/DeepLearningSuiteLib/python_modules/keras_utils/keras_layer_AnchorBoxes.py', 'JdeRobot DetectionSuite::DeepLearningSuite/DeepLearningSuiteLib/python_modules/keras_utils/keras_layer_DecodeDetections.py', 'JdeRobot DetectionSuite::DeepLearningSuite/DeepLearningSuiteLib/python_modules/keras_utils/keras_layer_L2Normalization.py', 'JdeRobot DetectionSuite::DeepLearningSuite/DeepLearningSuiteLib/python_modules/keras_utils/keras_ssd_loss.py', 'JdeRobot DetectionSuite::DetectionStudio/DetectionStudioLib/python_modules/keras_detect.py', 'JdeRobot DetectionSuite::DetectionStudio/DetectionStudioLib/python_modules/keras_utils/__init__.py', 'JdeRobot DetectionSuite::DetectionStudio/DetectionStudioLib/python_modules/keras_utils/bounding_box_utils.py', 'JdeRobot DetectionSuite::DetectionStudio/DetectionStudioLib/python_modules/keras_utils/keras_layer_AnchorBoxes.py', 'JdeRobot DetectionSuite::DetectionStudio/DetectionStudioLib/python_modules/keras_utils/keras_layer_DecodeDetections.py', 'JdeRobot DetectionSuite::DetectionStudio/DetectionStudioLib/python_modules/keras_utils/keras_layer_L2Normalization.py', 'JdeRobot DetectionSuite::DetectionStudio/DetectionStudioLib/python_modules/keras_utils/keras_ssd_loss.py', 'JdeRobot DetectionSuite::DetectionStudio/DetectionStudioLib/python_modules/pytorch_detect.py', 'JdeRobot DetectionSuite::DetectionStudio/DetectionStudioLib/python_modules/tensorflow_detect.py']",0,0,0.0,308,175,264,741,0,2444,956,0,3,0,88,52,0,0,5,2,0,0,4,361,0,15,3,0,155,118,2544,6819,0,0,0,13,5,0,0,0,0,0,106,0,0,0,0,0,1,0,0,0,0,0,0
Seth Russell,SE-engineer,1,0,0,2,['Tiiiger bert score'],2.0,[],0,0,0.0,0,0,0,14,0,16,2,0,0,0,6,0,0,0,4,0,0,0,0,14,0,0,0,0,6,14,110,20,0,0,0,10,0,0,0,0,0,0,0,0,0,0,0,0,0,0,0,0,0,0,0
Sethu Iyer,Hybrid-engineer,0,0,1,65,['sethuiyer Image to Image Search'],19.0,"['sethuiyer Image to Image Search::capgen.py', 'sethuiyer Image to Image Search::cmdline/index.py', 'sethuiyer Image to Image Search::cmdline/main.py', 'sethuiyer Image to Image Search::cmdline/query.py', 'sethuiyer Image to Image Search::custom_index.py', 'sethuiyer Image to Image Search::extract_feat.py', 'sethuiyer Image to Image Search::imagernn/__init__.py', 'sethuiyer Image to Image Search::imagernn/data_provider.py', 'sethuiyer Image to Image Search::imagernn/generic_batch_generator.py', 'sethuiyer Image to Image Search::imagernn/imagernn_utils.py', 'sethuiyer Image to Image Search::imagernn/lstm_generator.py', 'sethuiyer Image to Image Search::imagernn/rnn_generator.py', 'sethuiyer Image to Image Search::imagernn/solver.py', 'sethuiyer Image to Image Search::imagernn/utils.py', 'sethuiyer Image to Image Search::index.py', 'sethuiyer Image to Image Search::index_database.py', 'sethuiyer Image to Image Search::main.py', 'sethuiyer Image to Image Search::query.py', 'sethuiyer Image to Image Search::server.py']",0,0,0.0,0,22,259,256,0,741,204,0,0,0,0,0,0,0,248,0,0,0,0,372,0,0,0,0,248,0,345,2863,0,0,0,0,0,0,0,0,0,0,0,0,0,0,0,0,0,0,0,0,0,0,0
Sharif Amit Kamran,ML-engineer,0,1,0,182,['SharifAmit DilatedFCNSegmentation'],8.0,"['SharifAmit DilatedFCNSegmentation::Dilated_FCN-2s_VGG16/demo.py', 'SharifAmit DilatedFCNSegmentation::Dilated_FCN-2s_VGG19/demo.py', 'SharifAmit DilatedFCNSegmentation::score.py', 'SharifAmit DilatedFCNSegmentation::solvedilated.py', 'SharifAmit DilatedFCNSegmentation::solvedilatedsbd.py', 'SharifAmit DilatedFCNSegmentation::solvesurgery.py', 'SharifAmit DilatedFCNSegmentation::surgery.py', 'SharifAmit DilatedFCNSegmentation::voc_layers.py']",0,0,0.0,0,184,0,666,0,1034,184,0,0,0,0,0,0,0,0,0,0,0,0,0,0,0,0,0,0,0,552,184,0,0,0,0,0,0,0,0,0,0,0,0,0,0,0,0,0,0,0,0,0,0,0
Shaurya Chanana,ML-engineer,0,1,0,1,['JustGlowing minisom'],,[],2,1,2.0,0,1,3,32,0,36,0,0,0,0,3,2,0,3,0,0,0,1,1,2,0,2,0,0,0,1,17,48,0,0,0,0,0,0,0,0,0,0,0,0,0,0,0,0,0,2,0,0,0,0,0
Shiqing Ma,SE-engineer,1,0,0,12,['PurduePAML TrojanNN'],16.0,"['PurduePAML TrojanNN::data/age/swap_channel.py', 'PurduePAML TrojanNN::data/age/test_one_image.py', 'PurduePAML TrojanNN::data/face/test_one_image.py', 'PurduePAML TrojanNN::data/sentence/conv_net_classes_update.py', 'PurduePAML TrojanNN::data/sentence/conv_net_sentence_mlp_test.py', 'PurduePAML TrojanNN::data/sentence/process_data.py', 'PurduePAML TrojanNN::data/sentence/read_pkl.py', 'PurduePAML TrojanNN::data/speech/test_speech.py', 'PurduePAML TrojanNN::models/age/swap_channel.py', 'PurduePAML TrojanNN::models/age/test_one_image.py', 'PurduePAML TrojanNN::models/face/test_one_image.py', 'PurduePAML TrojanNN::models/sentence/conv_net_classes_update.py', 'PurduePAML TrojanNN::models/sentence/conv_net_sentence_mlp_test.py', 'PurduePAML TrojanNN::models/sentence/process_data.py', 'PurduePAML TrojanNN::models/sentence/read_pkl.py', 'PurduePAML TrojanNN::models/speech/test_speech.py']",0,0,0.0,2,36,60,150,0,298,50,0,24,0,0,26,0,0,12,0,0,0,0,4,0,0,0,0,4,40,140,212,0,0,0,0,0,0,0,0,0,0,0,0,0,0,0,0,0,0,0,0,0,0,0
Shuyang Sun,SE-engineer,1,0,0,19,['kevin ssy Optical Flow Guided Feature'],,[],0,0,0.0,88,33,198,44,0,517,154,0,0,0,55,33,0,11,55,0,0,0,154,374,0,110,0,0,88,143,2585,2827,0,0,0,0,0,0,0,0,0,0,0,0,0,0,0,0,0,0,0,0,0,0,0
Simon Kern,SE-engineer,1,0,0,55,['skjerns AutoSleepScorer'],12.0,"['skjerns AutoSleepScorer::AutoSleepScorer/__init__.py', 'skjerns AutoSleepScorer::setup.py', 'skjerns AutoSleepScorer::sleepscorer/__init__.py', 'skjerns AutoSleepScorer::sleepscorer/main.py', 'skjerns AutoSleepScorer::sleepscorer/sleeploader.py', 'skjerns AutoSleepScorer::sleepscorer/sleepscorer.py', 'skjerns AutoSleepScorer::sleepscorer/tools.py']",4,2,0.07272727272727272,169,110,521,110,0,1128,218,0,0,0,0,0,0,2,0,0,0,2,0,495,0,0,0,0,55,222,1461,2314,0,0,2,57,0,0,0,0,0,61,0,0,0,8,0,0,0,4,0,0,0,0,0
Simon Plovyt,SE-engineer,1,0,0,5,"['IBM MAX Fast Neural Style Transfer', 'IBM MAX Inception ResNet v2', 'IBM MAX Review Text Generator', 'IBM MAX Scene Classifier']",8.0,"['IBM MAX Review Text Generator::api/metadata.py', 'IBM MAX Review Text Generator::api/predict.py', 'IBM MAX Review Text Generator::app.py', 'IBM MAX Review Text Generator::core/__init__.py', 'IBM MAX Review Text Generator::core/model.py']",4,1,0.8,0,0,0,13,0,38,25,0,5,0,0,0,0,0,3,0,0,1,0,0,0,0,0,0,0,0,18,97,0,0,0,0,0,0,0,0,0,0,0,0,0,0,2,0,0,4,0,0,0,0,0
Skowron Jacek,SE-engineer,1,0,0,2,['IntelAI OpenVINO model server'],3.0,[],0,0,0.0,0,0,14,2,0,24,8,2,20,0,0,0,0,0,23,0,0,0,2,6,0,78,0,0,6,13,146,125,0,0,0,0,0,0,0,0,0,0,0,0,0,0,0,0,0,0,0,0,0,0,0
Soumyadip Nandi,SE-engineer,1,0,0,54,['soumyadip1995 TextBrain Building an AI start up using NLP'],6.0,"['soumyadip1995 TextBrain Building an AI start up using NLP::backend/__init__.py', 'soumyadip1995 TextBrain Building an AI start up using NLP::backend/api.py', 'soumyadip1995 TextBrain Building an AI start up using NLP::backend/class_register.py', 'soumyadip1995 TextBrain Building an AI start up using NLP::file/textbrain_building_an_ai_start_up_using_nlp_ipynb.py', 'soumyadip1995 TextBrain Building an AI start up using NLP::server.py', 'soumyadip1995 TextBrain Building an AI start up using NLP::textbrain_building_an_ai_start_up_using_nlp_ipynb.py']",0,0,0.0,0,0,250,50,0,392,92,0,0,0,0,42,0,0,92,0,0,0,0,42,0,0,0,0,42,0,420,378,0,0,0,0,0,0,0,0,0,0,0,0,0,0,0,0,0,0,0,0,0,0,0
Stefano Fogarollo,SE-engineer,1,0,0,46,['sirfoga pygce'],16.0,"['sirfoga pygce::pygce/__init__.py', 'sirfoga pygce::pygce/analysis.py', 'sirfoga pygce::pygce/analysis/__init__.py', 'sirfoga pygce::pygce/analysis/cli.py', 'sirfoga pygce::pygce/analysis/models.py', 'sirfoga pygce::pygce/models/__init__.py', 'sirfoga pygce::pygce/models/analysis.py', 'sirfoga pygce::pygce/models/garmin.py', 'sirfoga pygce::pygce/models/garmin/__init__.py', 'sirfoga pygce::pygce/models/garmin/activities.py', 'sirfoga pygce::pygce/pygce.py', 'sirfoga pygce::setup.py']",15,6,0.32608695652173914,1,21,2,80,0,154,50,0,0,0,435,0,0,0,33,0,2,6,0,0,0,53,0,0,0,70,1386,137,0,0,0,0,0,0,0,0,18,0,0,0,0,0,0,0,0,15,0,0,0,0,0
Stephen,SE-engineer,1,0,0,2,['JdeRobot DetectionSuite'],,[],1,1,0.5,10,4,6,12,0,50,18,0,0,0,2,0,0,0,0,0,0,1,0,10,0,0,0,0,4,4,72,210,0,0,0,0,0,0,0,0,0,0,4,0,0,0,0,0,0,1,0,0,0,0,0
Steve Grubb,SE-engineer,1,0,0,7,['IntelAI OpenVINO model server'],,[],12,4,1.7142857142857142,165,247,257,754,42,1940,475,16,73,0,145,2,0,16,200,8,0,4,5,173,0,630,8,40,57,106,2653,1323,0,0,0,0,0,0,0,0,0,0,0,0,0,0,0,0,0,12,0,0,0,0,0
Strobelt Hendrik,SE-engineer,1,0,0,7,['HendrikStrobelt detecting fake text'],5.0,"['HendrikStrobelt detecting fake text::backend/__init__.py', 'HendrikStrobelt detecting fake text::backend/api.py', 'HendrikStrobelt detecting fake text::backend/class_register.py', 'HendrikStrobelt detecting fake text::preload_gpt2.py', 'HendrikStrobelt detecting fake text::server.py']",0,0,0.0,0,0,35,7,0,56,14,0,0,0,0,7,0,0,14,0,0,0,0,7,0,0,0,0,7,0,70,63,0,0,0,0,0,0,0,0,0,0,0,0,0,0,0,0,0,0,0,0,0,0,0
Subhankar Roy,Hybrid-engineer,0,0,1,68,['MLEnthusiast MHCLN'],20.0,"['MLEnthusiast MHCLN::AID/dataset_generator.py', 'MLEnthusiast MHCLN::AID/eval.py', 'MLEnthusiast MHCLN::AID/extract_features.py', 'MLEnthusiast MHCLN::AID/extract_features_AID.py', 'MLEnthusiast MHCLN::AID/trainer.py', 'MLEnthusiast MHCLN::UCMD/dataset_generator.py', 'MLEnthusiast MHCLN::UCMD/eval.py', 'MLEnthusiast MHCLN::UCMD/extract_features.py', 'MLEnthusiast MHCLN::UCMD/trainer.py', 'MLEnthusiast MHCLN::extract_features.py', 'MLEnthusiast MHCLN::tflib/__init__.py', 'MLEnthusiast MHCLN::tflib/ops/__init__.py', 'MLEnthusiast MHCLN::tflib/ops/batchnorm.py', 'MLEnthusiast MHCLN::tflib/ops/cond_batchnorm.py', 'MLEnthusiast MHCLN::tflib/ops/conv1d.py', 'MLEnthusiast MHCLN::tflib/ops/conv2d.py', 'MLEnthusiast MHCLN::tflib/ops/deconv2d.py', 'MLEnthusiast MHCLN::tflib/ops/layernorm.py', 'MLEnthusiast MHCLN::tflib/ops/linear.py', 'MLEnthusiast MHCLN::tflib/plot.py']",0,0,0.0,154,0,526,8,0,1166,478,0,0,0,0,0,0,0,84,0,0,0,56,130,0,78,0,0,192,140,1193,3439,0,0,0,0,0,0,0,0,0,0,0,0,0,0,0,0,0,0,0,0,0,0,0
Subodh Malgonde,SE-engineer,1,0,0,4,['subodh malgonde vehicle detection'],1.0,['subodh malgonde vehicle detection::utils.py'],0,0,0.0,0,0,4,4,0,8,0,0,0,0,0,0,0,0,0,0,0,0,0,0,0,0,0,0,0,0,0,4,0,0,0,0,0,0,0,0,0,0,0,0,0,0,0,0,0,0,0,0,0,0,0
SuekyeongNam,SE-engineer,1,0,0,1,['seongahjo Mosaicer'],1.0,[],0,0,0.0,1,0,4,8,0,18,5,0,0,0,1,0,0,0,0,0,0,0,0,4,0,4,0,0,0,1,16,12,0,0,0,0,0,0,0,0,0,0,0,0,0,0,0,0,0,0,0,0,0,0,0
Sumera Priyadarsini,SE-engineer,1,0,0,1,['JustGlowing minisom'],1.0,[],0,0,0.0,0,1,3,29,0,33,0,0,0,0,3,2,0,2,0,0,0,0,1,2,0,2,0,0,0,1,17,46,0,0,0,0,0,0,0,0,0,0,0,0,0,0,0,0,0,0,0,0,0,0,0
Szyfelbein Dariusz,SE-engineer,1,0,0,22,['IntelAI OpenVINO model server'],33.0,"['IntelAI OpenVINO model server::tests/functional/model/__init__.py', 'IntelAI OpenVINO model server::tests/functional/model/models_information.py', 'IntelAI OpenVINO model server::tests/functional/object_model/__init__.py', 'IntelAI OpenVINO model server::tests/functional/test_update.py', 'IntelAI OpenVINO model server::tests/functional/utils/models_utils.py']",0,0,0.0,0,0,117,3,0,180,60,16,148,0,63,0,0,0,303,0,0,0,6,66,0,1038,0,0,100,165,2179,3303,0,0,0,0,0,0,0,0,0,0,0,0,0,0,0,0,0,0,0,0,0,0,0
T mas rni J nasson,SE-engineer,1,0,0,1,['JustGlowing minisom'],1.0,[],0,0,0.0,0,1,0,14,0,16,1,0,0,0,0,2,0,0,0,0,0,0,1,0,0,0,0,0,0,1,9,23,0,0,0,0,0,0,0,0,0,0,0,0,0,0,0,0,0,0,0,0,0,0,0
TIB Visual Analytics,SE-engineer,1,0,0,5,['TIBHannover GeoEstimation'],4.0,"['TIBHannover GeoEstimation::filter_by_downloaded_images.py', 'TIBHannover GeoEstimation::msgpack_viewer.py']",0,0,0.0,14,1,3,30,0,77,29,0,0,0,6,4,0,0,8,0,0,0,0,16,0,6,0,0,0,23,157,134,0,0,0,27,0,0,0,0,0,0,0,0,0,0,0,0,0,0,0,0,0,0,0
Tatiana Savina,SE-engineer,1,0,0,3,['IntelAI OpenVINO model server'],,[],0,0,0.0,4,6,79,60,21,308,138,12,45,0,90,0,0,12,96,6,0,0,3,114,0,483,6,30,51,69,1615,878,0,0,0,0,0,0,0,0,0,0,0,0,0,0,0,0,0,0,0,0,0,0,0
Tharinda Dilshan Piyadasa,SE-engineer,1,0,0,5,['JustGlowing minisom'],1.0,[],3,1,0.6,0,5,15,156,0,176,0,0,0,0,15,10,0,15,0,0,0,1,5,10,0,15,0,0,0,5,89,269,0,0,0,0,0,0,0,0,0,0,0,0,0,0,0,0,0,3,0,0,0,0,0
The alien,SE-engineer,1,0,0,3,['angetato Optimizers for Tensorflow'],,[],0,0,0.0,0,0,0,126,0,186,60,0,0,0,0,0,0,0,0,0,0,0,0,6,0,0,0,0,0,15,24,159,0,0,0,0,0,0,0,0,0,0,0,0,0,0,0,0,0,0,0,0,0,0,0
Thiviyan Thanapalasingam,SE-engineer,1,0,0,26,['kimhc6028 relational networks'],3.0,"['kimhc6028 relational networks::main.py', 'kimhc6028 relational networks::sort_of_clevr_generator.py']",4,3,0.15384615384615385,0,0,0,104,0,130,26,0,0,0,0,0,0,0,0,0,0,3,16,52,0,0,0,0,35,0,188,1022,0,0,0,0,0,0,0,0,0,0,0,0,0,0,0,0,0,4,0,0,0,0,0
Tianwei Shen,Hybrid-engineer,0,0,1,23,"['hlzz DeepMatchVO', 'hlzz mirror']",45.0,"['hlzz DeepMatchVO::__init__.py', 'hlzz DeepMatchVO::common_utils.py', 'hlzz DeepMatchVO::data/__init__.py', 'hlzz DeepMatchVO::data/cityscapes/__init__.py', 'hlzz DeepMatchVO::data/cityscapes/cityscapes_loader.py', 'hlzz DeepMatchVO::data/cityscapes/crop_cityscapes_images.py', 'hlzz DeepMatchVO::data/kitti/__init__.py', 'hlzz DeepMatchVO::data/kitti/kitti_odom_loader.py', 'hlzz DeepMatchVO::data/kitti/kitti_raw_loader.py', 'hlzz DeepMatchVO::data/prepare_train_data.py', 'hlzz DeepMatchVO::data_loader.py', 'hlzz DeepMatchVO::deep_slam.py', 'hlzz DeepMatchVO::demo.py', 'hlzz DeepMatchVO::geo_utils.py', 'hlzz DeepMatchVO::kitti_eval/__init__.py', 'hlzz DeepMatchVO::kitti_eval/depth_evaluation_utils.py', 'hlzz DeepMatchVO::kitti_eval/eval_depth.py', 'hlzz DeepMatchVO::kitti_eval/eval_pose.py', 'hlzz DeepMatchVO::kitti_eval/generate_full_pose.py', 'hlzz DeepMatchVO::kitti_eval/generate_pose_snippets.py', 'hlzz DeepMatchVO::kitti_eval/pose_evaluation_utils.py', 'hlzz DeepMatchVO::nets.py', 'hlzz DeepMatchVO::preprocess_matches.py', 'hlzz DeepMatchVO::test_depth.py', 'hlzz DeepMatchVO::test_kitti_depth.py', 'hlzz DeepMatchVO::test_kitti_pose.py', 'hlzz DeepMatchVO::train.py', 'hlzz mirror::cnn_wrapper/__init__.py', 'hlzz mirror::cnn_wrapper/googlenet.py', 'hlzz mirror::cnn_wrapper/helper.py', 'hlzz mirror::cnn_wrapper/network.py', 'hlzz mirror::cnn_wrapper/resnet.py', 'hlzz mirror::data/holidays/convert2holiday_eval.py', 'hlzz mirror::data/holidays/holidays_map.py', 'hlzz mirror::retrieval/__init__.py', 'hlzz mirror::retrieval/compute_overlap_benchmark.py', 'hlzz mirror::retrieval/deep_query.py', 'hlzz mirror::retrieval/image_preprocessing.py', 'hlzz mirror::retrieval/inference.py', 'hlzz mirror::retrieval/model.py', 'hlzz mirror::retrieval/oxford_bench.py', 'hlzz mirror::retrieval/train.py', 'hlzz mirror::tools/__init__.py', 'hlzz mirror::tools/common.py', 'hlzz mirror::tools/tf.py']",5,3,0.21739130434782608,203,0,253,141,0,841,244,0,13,0,39,34,0,13,66,0,13,3,7,222,0,27,0,13,180,360,3528,2236,0,7,0,0,0,0,0,0,0,0,56,0,0,0,0,0,0,5,0,0,0,0,0
Tianyi,SE-engineer,1,0,0,32,['Tiiiger bert score'],12.0,['Tiiiger bert score::cli/__init__.py'],0,0,0.0,0,0,0,128,0,162,34,4,0,0,82,0,0,0,42,0,0,0,0,160,0,2,0,0,54,186,1262,266,0,0,4,116,0,0,0,0,0,0,0,0,0,0,0,0,0,0,0,0,0,0,0
Tiiiger,SE-engineer,1,0,0,46,['Tiiiger bert score'],7.0,[],4,4,0.08695652173913043,12,0,0,196,0,408,200,0,0,0,66,0,0,0,12,0,0,4,0,66,0,0,0,0,14,260,778,350,0,0,0,30,0,0,0,0,0,0,0,0,0,0,0,0,0,4,0,0,0,0,0
Tinghui Zhou,Hybrid-engineer,0,0,1,24,['phillipi pix2pix'],4.0,"['phillipi pix2pix::scripts/eval_cityscapes/cityscapes.py', 'phillipi pix2pix::scripts/eval_cityscapes/evaluate.py', 'phillipi pix2pix::scripts/eval_cityscapes/util.py']",4,6,0.16666666666666666,0,0,14,82,0,118,22,0,0,0,0,14,0,0,0,0,0,6,0,14,0,0,0,0,0,0,216,154,0,0,0,0,0,0,0,0,0,0,0,0,0,0,0,0,0,4,0,0,0,0,0
Tobiszewski Adrian,Hybrid-engineer,0,0,1,30,['IntelAI OpenVINO model server'],,[],21,3,0.7,2,0,260,23,0,454,169,27,256,0,14,0,0,0,322,0,0,3,24,139,0,1154,0,0,115,256,3661,2591,0,0,0,0,0,0,0,0,0,0,0,0,0,0,0,0,0,21,0,0,0,0,0
Tomasz Latkowski,ML-engineer,0,1,0,51,['tlatkowski inpainting gmcnn keras'],32.0,"['tlatkowski inpainting gmcnn keras::config/main_config.py', 'tlatkowski inpainting gmcnn keras::data_generators/__init__.py', 'tlatkowski inpainting gmcnn keras::data_generators/datasets.py', 'tlatkowski inpainting gmcnn keras::layers/__init__.py', 'tlatkowski inpainting gmcnn keras::layers/custom_layers.py', 'tlatkowski inpainting gmcnn keras::layers/losses.py', 'tlatkowski inpainting gmcnn keras::models/__init__.py', 'tlatkowski inpainting gmcnn keras::models/base.py', 'tlatkowski inpainting gmcnn keras::models/discriminator.py', 'tlatkowski inpainting gmcnn keras::models/generator.py', 'tlatkowski inpainting gmcnn keras::models/gmcnn_gan.py', 'tlatkowski inpainting gmcnn keras::models/vgg.py', 'tlatkowski inpainting gmcnn keras::models/wgan.py', 'tlatkowski inpainting gmcnn keras::predict.py', 'tlatkowski inpainting gmcnn keras::runner.py', 'tlatkowski inpainting gmcnn keras::tests/__init__.py', 'tlatkowski inpainting gmcnn keras::tests/test_gaussian_blur.py', 'tlatkowski inpainting gmcnn keras::tests/test_norm_utils.py', 'tlatkowski inpainting gmcnn keras::tests/test_vgg.py', 'tlatkowski inpainting gmcnn keras::utils/__init__.py', 'tlatkowski inpainting gmcnn keras::utils/constants.py', 'tlatkowski inpainting gmcnn keras::utils/contextual_similarity.py', 'tlatkowski inpainting gmcnn keras::utils/contextual_similarity_utills.py', 'tlatkowski inpainting gmcnn keras::utils/gaussian_utils.py', 'tlatkowski inpainting gmcnn keras::utils/id_mrf.py', 'tlatkowski inpainting gmcnn keras::utils/id_mrf_utils.py', 'tlatkowski inpainting gmcnn keras::utils/metrics.py', 'tlatkowski inpainting gmcnn keras::utils/norm_utils.py', 'tlatkowski inpainting gmcnn keras::utils/other_utils.py', 'tlatkowski inpainting gmcnn keras::utils/sampling_utils.py', 'tlatkowski inpainting gmcnn keras::utils/trainer.py', 'tlatkowski inpainting gmcnn keras::utils/training_utils.py']",2,2,0.0392156862745098,286,0,117,139,100,792,150,0,135,0,306,47,0,0,116,0,0,2,0,0,0,431,0,0,50,277,1893,2389,0,0,0,0,0,0,0,0,0,0,0,0,0,0,0,0,0,2,0,0,0,0,0
Torge,SE-engineer,1,0,0,2,['tech srl code2vec'],1.0,[],0,0,0.0,12,0,0,59,10,85,4,0,2,0,6,0,0,4,6,4,0,0,2,14,0,84,4,0,2,6,302,92,0,0,0,0,0,0,0,0,0,0,0,0,0,0,0,0,0,0,0,0,0,0,0
Trawinski,SE-engineer,1,0,0,2,['IntelAI OpenVINO model server'],,[],1,1,0.5,18,8,46,28,0,164,64,8,30,0,66,0,0,6,56,4,0,1,2,70,0,300,0,20,28,44,846,484,0,0,0,0,0,0,0,0,0,0,0,0,0,0,0,0,0,1,0,0,0,0,0
Trawinski Dariusz,SE-engineer,1,0,0,528,"['IntelAI OpenVINO model server', 'IntelAI inference model manager']",335.0,"['IntelAI OpenVINO model server::ci/cleanup_jenkins.py', 'IntelAI OpenVINO model server::ci/lib_search.py', 'IntelAI OpenVINO model server::client/python/ovmsclient/lib/ovmsclient/__init__.py', 'IntelAI OpenVINO model server::client/python/ovmsclient/lib/ovmsclient/custom/__init__.py', 'IntelAI OpenVINO model server::client/python/ovmsclient/lib/ovmsclient/custom/management_client.py', 'IntelAI OpenVINO model server::client/python/ovmsclient/lib/ovmsclient/tfs_compat/__init__.py', 'IntelAI OpenVINO model server::client/python/ovmsclient/lib/ovmsclient/tfs_compat/base/__init__.py', 'IntelAI OpenVINO model server::client/python/ovmsclient/lib/ovmsclient/tfs_compat/base/requests.py', 'IntelAI OpenVINO model server::client/python/ovmsclient/lib/ovmsclient/tfs_compat/base/responses.py', 'IntelAI OpenVINO model server::client/python/ovmsclient/lib/ovmsclient/tfs_compat/grpc/__init__.py', 'IntelAI OpenVINO model server::client/python/ovmsclient/lib/ovmsclient/tfs_compat/http/__init__.py', 'IntelAI OpenVINO model server::client/python/ovmsclient/lib/ovmsclient/util/__init__.py', 'IntelAI OpenVINO model server::client/python/ovmsclient/lib/ovmsclient/util/ovmsclient_export.py', 'IntelAI OpenVINO model server::client/python/ovmsclient/lib/scripts/generate_api.py', 'IntelAI OpenVINO model server::client/python/ovmsclient/lib/tests/test_base_requests.py', 'IntelAI OpenVINO model server::client/python/ovmsclient/lib/tests/tfs_compat_grpc/__init__.py', 'IntelAI OpenVINO model server::client/python/ovmsclient/lib/tests/tfs_compat_http/__init__.py', 'IntelAI OpenVINO model server::client/python/ovmsclient/samples/grpc_get_model_metadata.py', 'IntelAI OpenVINO model server::client/python/ovmsclient/samples/grpc_get_model_status.py', 'IntelAI OpenVINO model server::client/python/ovmsclient/samples/grpc_predict_binary_vehicle_detection.py', 'IntelAI OpenVINO model server::client/python/ovmsclient/samples/utils/resnet_utils.py', 'IntelAI OpenVINO model server::client/python/ovmsclient/samples/utils/vehicle_utils.py', 'IntelAI OpenVINO model server::client/python/samples/utils/vehicle_utils.py', 'IntelAI OpenVINO model server::client/python/tensorflow-serving-api/samples/grpc_get_model_metadata.py', 'IntelAI OpenVINO model server::client/python/tensorflow-serving-api/samples/grpc_get_model_status.py', 'IntelAI OpenVINO model server::client/python/tensorflow-serving-api/samples/grpc_predict_binary_resnet.py', 'IntelAI OpenVINO model server::client/python/tensorflow-serving-api/samples/grpc_predict_resnet.py', 'IntelAI OpenVINO model server::client/python/tensorflow-serving-api/samples/rest_predict_binary_resnet.py', 'IntelAI OpenVINO model server::demos/benchmark/embeddings/benchmark_embeddings.py', 'IntelAI OpenVINO model server::demos/benchmark/python/__init__.py', 'IntelAI OpenVINO model server::demos/bert_question_answering/python/html_reader.py', 'IntelAI OpenVINO model server::demos/bert_question_answering/python/tokens_bert.py', 'IntelAI OpenVINO model server::demos/bert_question_answering/python/utils.py', 'IntelAI OpenVINO model server::demos/common/export_models/export_model.py', 'IntelAI OpenVINO model server::demos/common/python/classes.py', 'IntelAI OpenVINO model server::demos/common/python/client_utils.py', 'IntelAI OpenVINO model server::demos/continuous_batching/agentic_ai/llama_index_agent.py', 'IntelAI OpenVINO model server::demos/continuous_batching/agentic_ai/openai_agent.py', 'IntelAI OpenVINO model server::demos/continuous_batching/long_context/custom_dataset.py', 'IntelAI OpenVINO model server::demos/continuous_batching/openai_client.py', 'IntelAI OpenVINO model server::demos/continuous_batching/structured_output/accuracy_test.py', 'IntelAI OpenVINO model server::demos/embeddings/add_rt_info.py', 'IntelAI OpenVINO model server::demos/embeddings/compare_results.py', 'IntelAI OpenVINO model server::demos/embeddings/ovms_mteb.py', 'IntelAI OpenVINO model server::demos/face_blur/python/face_blur.py', 'IntelAI OpenVINO model server::demos/horizontal_text_detection/python/horizontal_text_detection.py', 'IntelAI OpenVINO model server::demos/image_classification/python/image_classification.py', 'IntelAI OpenVINO model server::demos/multi_faces_analysis_pipeline/python/multi_faces_analysis_pipeline.py', 'IntelAI OpenVINO model server::demos/optical_character_recognition/python/optical_character_recognition.py', 'IntelAI OpenVINO model server::demos/person_vehicle_bike_detection/python/person_vehicle_bike_detection.py', 'IntelAI OpenVINO model server::demos/python_demos/clip_image_classification/download_model.py', 'IntelAI OpenVINO model server::demos/python_demos/llm_text_generation/client_stream.py', 'IntelAI OpenVINO model server::demos/python_demos/llm_text_generation/client_unary.py', 'IntelAI OpenVINO model server::demos/python_demos/llm_text_generation/compress_model.py', 'IntelAI OpenVINO model server::demos/python_demos/llm_text_generation/converter.py', 'IntelAI OpenVINO model server::demos/python_demos/llm_text_generation/download_model.py', 'IntelAI OpenVINO model server::demos/python_demos/llm_text_generation/servable_stream/model.py', 'IntelAI OpenVINO model server::demos/python_demos/llm_text_generation/servable_unary/python_model/config.py', 'IntelAI OpenVINO model server::demos/python_demos/llm_text_generation/utils.py', 'IntelAI OpenVINO model server::demos/python_demos/rag_chatbot/compress_model.py', 'IntelAI OpenVINO model server::demos/python_demos/rag_chatbot/converter.py', 'IntelAI OpenVINO model server::demos/python_demos/rag_chatbot/download_embedding_model.py', 'IntelAI OpenVINO model server::demos/python_demos/rag_chatbot/download_model.py', 'IntelAI OpenVINO model server::demos/python_demos/rag_chatbot/servable_stream/config.py', 'IntelAI OpenVINO model server::demos/python_demos/rag_chatbot/servable_stream/model.py', 'IntelAI OpenVINO model server::demos/python_demos/rag_chatbot/servable_stream/ov_embedding_model.py', 'IntelAI OpenVINO model server::demos/python_demos/rag_chatbot/servable_stream/ov_llm_model.py', 'IntelAI OpenVINO model server::demos/python_demos/rag_chatbot/streamer.py', 'IntelAI OpenVINO model server::demos/python_demos/stable_diffusion/client_stream.py', 'IntelAI OpenVINO model server::demos/python_demos/stable_diffusion/client_unary.py', 'IntelAI OpenVINO model server::demos/python_demos/stable_diffusion/download_model.py', 'IntelAI OpenVINO model server::demos/python_demos/stable_diffusion/servable/model.py', 'IntelAI OpenVINO model server::demos/python_demos/stable_diffusion/servable_stream/model.py', 'IntelAI OpenVINO model server::demos/python_demos/stable_diffusion/servable_unary/model.py', 'IntelAI OpenVINO model server::demos/real_time_stream_analysis/python/http_visualizer.py', 'IntelAI OpenVINO model server::demos/real_time_stream_analysis/python/inference_executor.py', 'IntelAI OpenVINO model server::demos/real_time_stream_analysis/python/inference_manager.py', 'IntelAI OpenVINO model server::demos/real_time_stream_analysis/python/inference_pipeline_handler.py', 'IntelAI OpenVINO model server::demos/real_time_stream_analysis/python/io_processor.py', 'IntelAI OpenVINO model server::demos/real_time_stream_analysis/python/logger.py', 'IntelAI OpenVINO model server::demos/real_time_stream_analysis/python/processing_supervisor.py', 'IntelAI OpenVINO model server::demos/real_time_stream_analysis/python/real_time_stream_analysis.py', 'IntelAI OpenVINO model server::demos/real_time_stream_analysis/python/stream_analyzer.py', 'IntelAI OpenVINO model server::demos/real_time_stream_analysis/python/stream_reader.py', 'IntelAI OpenVINO model server::demos/real_time_stream_analysis/python/use_cases/__init__.py', 'IntelAI OpenVINO model server::demos/real_time_stream_analysis/python/use_cases/person_vehicle_bike_detection/person_vehicle_bike_detection.py', 'IntelAI OpenVINO model server::demos/real_time_stream_analysis/python/use_cases/use_case.py', 'IntelAI OpenVINO model server::demos/real_time_stream_analysis/python/utils.py', 'IntelAI OpenVINO model server::demos/rerank/compare_results.py', 'IntelAI OpenVINO model server::demos/single_face_analysis_pipeline/python/single_face_analysis_pipeline.py', 'IntelAI OpenVINO model server::demos/speech_recognition_with_kaldi_model/python/asr_demo/expand_ivectors.py', 'IntelAI OpenVINO model server::demos/stable-diffusion/python/generate.py', 'IntelAI OpenVINO model server::demos/stable-diffusion/python/stable_diffusion.py', 'IntelAI OpenVINO model server::demos/stable-diffusion/python/text_encoder.py', 'IntelAI OpenVINO model server::demos/stable-diffusion/python/unet.py', 'IntelAI OpenVINO model server::demos/stable-diffusion/python/vae.py', 'IntelAI OpenVINO model server::demos/universal-sentence-encoder/send_strings.py', 'IntelAI OpenVINO model server::demos/vehicle_analysis_pipeline/python/vehicles_analysis_pipeline.py', 'IntelAI OpenVINO model server::example_client/bert/bert_question_answering_demo_ovms.py', 'IntelAI OpenVINO model server::example_client/bert/html_reader.py', 'IntelAI OpenVINO model server::example_client/bert/tokens_bert.py', 'IntelAI OpenVINO model server::example_client/classes.py', 'IntelAI OpenVINO model server::example_client/client_utils.py', 'IntelAI OpenVINO model server::example_client/face_detection.py', 'IntelAI OpenVINO model server::example_client/get_model_status.py', 'IntelAI OpenVINO model server::example_client/get_serving_meta.py', 'IntelAI OpenVINO model server::example_client/grpc_binary_client.py', 'IntelAI OpenVINO model server::example_client/grpc_serving_client.py', 'IntelAI OpenVINO model server::example_client/jpeg_classification.py', 'IntelAI OpenVINO model server::example_client/multi_inputs.py', 'IntelAI OpenVINO model server::example_client/rest_binary_client.py', 'IntelAI OpenVINO model server::example_client/rest_get_model_status.py', 'IntelAI OpenVINO model server::example_client/rest_get_serving_meta.py', 'IntelAI OpenVINO model server::example_client/rest_serving_client.py', 'IntelAI OpenVINO model server::example_client/stateful/asr_demo/expand_ivectors.py', 'IntelAI OpenVINO model server::example_client/stateful/asr_demo/live-demo.py', 'IntelAI OpenVINO model server::example_client/stateful/grpc_stateful_client.py', 'IntelAI OpenVINO model server::example_client/stateful/rest_stateful_client.py', 'IntelAI OpenVINO model server::example_client/vehicles_analysis_pipeline_client.py', 'IntelAI OpenVINO model server::tests/accuracy/sumarize_results.py', 'IntelAI OpenVINO model server::tests/functional/constants.py', 'IntelAI OpenVINO model server::tests/functional/fixtures/__init__.py', 'IntelAI OpenVINO model server::tests/functional/test_llm_json.py', 'IntelAI OpenVINO model server::tests/functional/utils/__init__.py', 'IntelAI OpenVINO model server::tests/functional/utils/cleanup.py', 'IntelAI OpenVINO model server::tests/functional/utils/models_utils.py', 'IntelAI OpenVINO model server::tests/models/argmax_sum.py', 'IntelAI OpenVINO model server::tests/models/increment.py', 'IntelAI OpenVINO model server::tests/models/no_name_output.py', 'IntelAI OpenVINO model server::tests/performance/grpc_latency.py', 'IntelAI OpenVINO model server::tests/python/tasks.py', 'IntelAI inference model manager::management/management_api/runner.py', 'IntelAI inference model manager::management/management_api/schemas/authenticate.py', 'IntelAI inference model manager::management/management_api/schemas/elements/verifications.py', 'IntelAI inference model manager::management/management_api/schemas/models.py', 'IntelAI inference model manager::management/management_api/schemas/tenants.py', 'IntelAI inference model manager::management/management_api/utils/logger.py', 'IntelAI inference model manager::management/test/test_utils/token_stuff.py', 'IntelAI inference model manager::tests/e2e_tests/minio_client.py', 'IntelAI inference model manager::tests/e2e_tests/tf_serving_utils/load_numpy.py']",398,102,0.7537878787878788,5642,8190,12535,26315,1991,75847,21174,1403,6737,0,9960,42,0,1195,14629,679,11,102,486,13514,0,54985,571,3098,5549,8824,212134,106166,0,0,0,0,0,0,0,0,0,0,0,0,0,0,0,0,0,398,0,1,0,1,B101
Trevor Morris,SE-engineer,1,0,0,52,['neo ai neo ai dlr'],11.0,"['neo ai neo ai dlr::python/dlr/__init__.py', 'neo ai neo ai dlr::python/dlr/compatibility.py', 'neo ai neo ai dlr::python/dlr/counter/system.py', 'neo ai neo ai dlr::python/dlr/dlr_model.py', 'neo ai neo ai dlr::python/dlr/metadata.py', 'neo ai neo ai dlr::python/setup.py', 'neo ai neo ai dlr::tests/python/integration/test_utils.py']",79,14,1.5192307692307692,133,32,313,772,0,3130,1880,0,0,0,233,295,0,45,121,1,0,14,52,479,0,229,0,22,14,0,3173,2110,0,0,0,0,0,0,0,0,0,0,0,0,0,0,0,0,0,79,0,0,0,0,0
Tushar Dey,SE-engineer,1,0,0,5,['neo ai neo ai dlr'],1.0,['neo ai neo ai dlr::python/dlr/metadata.py'],0,0,0.0,21,5,44,102,0,379,207,0,0,0,33,25,0,5,15,0,0,0,5,49,0,34,0,0,2,2,363,230,0,0,0,0,0,0,0,0,0,0,0,0,0,0,0,0,0,0,0,0,0,0,0
Tyler Davis,ML-engineer,0,1,0,4,['neo ai neo ai dlr'],,[],1,2,0.25,12,4,36,76,0,284,156,0,0,0,24,20,0,4,12,0,0,2,4,32,0,20,0,0,0,0,264,168,0,0,0,0,0,0,0,0,0,0,0,0,0,0,0,0,0,1,0,0,0,0,0
UNKNOWN,SE-engineer,1,0,0,38,"['CBNU Nnet Artificial Intelligence', 'ZheC Realtime Multi Person Pose Estimation', 'breeko spypy', 'eatsleepraverepeat emusic net', 'kk7nc HDLTex', 'phillipi pix2pix']",5.0,['breeko spypy::yad2k_out.py'],1,1,0.02631578947368421,24,0,10,62,0,135,39,0,0,0,24,2,0,0,1,0,0,1,0,18,0,0,0,0,14,25,214,420,0,0,0,0,0,0,0,0,2,0,0,0,0,0,0,0,0,1,0,0,0,0,0
Ubuntu,ML-engineer,0,1,0,8,"['NCBI Hackathons Semantic search log analysis pipeline', 'dair iitd BossNet', 'yuriak DLQuant']",7.0,"['NCBI Hackathons Semantic search log analysis pipeline::07_UI_building.py', 'NCBI Hackathons Semantic search log analysis pipeline::08_Misc_fixes.py']",1,1,0.125,29,6,1,169,0,406,201,0,0,0,3,0,0,0,11,0,0,1,2,4,0,3,0,0,2,28,510,226,0,0,0,1,4,0,0,0,0,0,0,0,0,0,0,0,0,1,0,0,0,0,0
Uri Alon,Hybrid-engineer,0,0,1,47,['tech srl code2vec'],21.0,"['tech srl code2vec::CSharpExtractor/extract.py', 'tech srl code2vec::JavaExtractor/extract.py', 'tech srl code2vec::PathContextReader.py', 'tech srl code2vec::__init__.py', 'tech srl code2vec::extractor.py', 'tech srl code2vec::interactive_predict.py', 'tech srl code2vec::model.py', 'tech srl code2vec::preprocess.py']",1,3,0.02127659574468085,144,0,4,889,120,1320,163,0,24,0,72,0,0,55,95,48,0,3,24,283,0,1054,48,0,24,118,5237,1680,0,0,0,0,0,0,0,0,0,0,0,0,0,0,0,0,0,1,0,0,0,0,0
Uri Goren,SE-engineer,1,0,0,52,['urigoren decorators4DS'],25.0,"['urigoren decorators4DS::__init__.py', 'urigoren decorators4DS::decorators4DS/__init__.py', 'urigoren decorators4DS::decorators4DS/errors.py', 'urigoren decorators4DS::decorators4DS/fs_cache.py', 'urigoren decorators4DS::decorators4DS/pyspark_udf.py', 'urigoren decorators4DS::decorators4DS/regres_test.py', 'urigoren decorators4DS::decorators4DS/sklearn.py', 'urigoren decorators4DS::decorators4DS/sklearn_dec.py', 'urigoren decorators4DS::decorators4DS/ssh.py', 'urigoren decorators4DS::decorators4DS/timeout.py', 'urigoren decorators4DS::errors.py', 'urigoren decorators4DS::fs_cache.py', 'urigoren decorators4DS::pyspark_udf.py', 'urigoren decorators4DS::python/__init__.py', 'urigoren decorators4DS::python/errors.py', 'urigoren decorators4DS::python/fs_cache.py', 'urigoren decorators4DS::python/pyspark_udf.py', 'urigoren decorators4DS::python/regres_test.py', 'urigoren decorators4DS::python/ssh.py', 'urigoren decorators4DS::python/timeout.py', 'urigoren decorators4DS::regres_test.py', 'urigoren decorators4DS::setup.py', 'urigoren decorators4DS::slack_exception.py', 'urigoren decorators4DS::ssh.py', 'urigoren decorators4DS::timeout.py']",1,1,0.019230769230769232,17,101,223,389,0,830,100,0,0,0,201,0,0,0,0,0,0,1,0,129,0,0,0,0,0,39,277,270,0,0,0,78,0,0,0,0,0,0,0,0,0,0,0,0,0,1,0,0,0,0,0
Vaishnavi Amira Yada,SE-engineer,1,0,0,1,['kk7nc Text Classification'],,[],0,0,0.0,2,0,3,15,0,22,2,0,0,0,0,0,0,0,0,0,0,0,0,1,0,0,0,0,0,2,23,31,0,0,0,0,0,0,0,0,4,0,0,0,0,0,0,0,0,0,0,0,0,0,0
Valentin,Hybrid-engineer,0,0,1,26,['vkuznet MLaaS4HEP'],13.0,"['vkuznet MLaaS4HEP::src/python/MLaaS4HEP/ex_pytorch.py', 'vkuznet MLaaS4HEP::src/python/MLaaS4HEP/workflow.py']",5,5,0.19230769230769232,24,9,88,229,41,501,110,0,0,0,31,38,0,52,14,0,13,5,8,390,0,0,0,0,101,230,1071,704,0,0,0,0,10,0,0,0,0,0,0,0,0,0,0,0,0,5,0,0,0,0,0
Valentin Kuznetsov,Hybrid-engineer,0,0,1,105,['vkuznet MLaaS4HEP'],33.0,"['vkuznet MLaaS4HEP::requirements.py', 'vkuznet MLaaS4HEP::setup.py', 'vkuznet MLaaS4HEP::src/python/MLaaS4HEP/__init__.py', 'vkuznet MLaaS4HEP::src/python/MLaaS4HEP/ex_preproc.py', 'vkuznet MLaaS4HEP::src/python/MLaaS4HEP/ex_pytorch.py', 'vkuznet MLaaS4HEP::src/python/MLaaS4HEP/examples/keras_example.py', 'vkuznet MLaaS4HEP::src/python/MLaaS4HEP/examples/tf_example.py', 'vkuznet MLaaS4HEP::src/python/MLaaS4HEP/examples/torch_example.py', 'vkuznet MLaaS4HEP::src/python/MLaaS4HEP/hep_resnet.py', 'vkuznet MLaaS4HEP::src/python/MLaaS4HEP/jarray/__init__.py', 'vkuznet MLaaS4HEP::src/python/MLaaS4HEP/jarray/pytorch.py', 'vkuznet MLaaS4HEP::src/python/MLaaS4HEP/keras_model.py', 'vkuznet MLaaS4HEP::src/python/MLaaS4HEP/utils.py', 'vkuznet MLaaS4HEP::src/python/MLaaS4HEP/workflow.py', 'vkuznet MLaaS4HEP::src/python/ex_keras.py', 'vkuznet MLaaS4HEP::src/python/ex_preproc.py', 'vkuznet MLaaS4HEP::src/python/ex_pytorch.py', 'vkuznet MLaaS4HEP::src/python/examples/keras_example.py', 'vkuznet MLaaS4HEP::src/python/examples/tf_example.py', 'vkuznet MLaaS4HEP::src/python/examples/torch_example.py', 'vkuznet MLaaS4HEP::src/python/generator.py', 'vkuznet MLaaS4HEP::src/python/hep_resnet.py', 'vkuznet MLaaS4HEP::src/python/jarray/__init__.py', 'vkuznet MLaaS4HEP::src/python/jarray/pytorch.py', 'vkuznet MLaaS4HEP::src/python/models.py', 'vkuznet MLaaS4HEP::src/python/reader.py', 'vkuznet MLaaS4HEP::src/python/requirements.py', 'vkuznet MLaaS4HEP::src/python/tfaas.py', 'vkuznet MLaaS4HEP::src/python/workflow.py']",7,7,0.06666666666666667,57,23,263,741,40,1549,425,0,0,0,114,181,0,225,86,0,62,7,48,1470,0,0,0,0,380,909,4223,2707,0,0,0,0,20,0,0,0,0,0,0,0,0,0,0,0,0,7,0,0,0,0,0
Varsha Kishore,SE-engineer,1,0,0,14,['Tiiiger bert score'],4.0,['Tiiiger bert score::cli/visualize.py'],0,0,0.0,6,0,0,56,0,126,64,0,0,0,18,0,0,0,0,0,0,0,0,8,0,0,0,0,0,78,146,122,0,0,0,0,0,0,0,0,0,0,0,0,0,0,0,0,0,0,0,0,0,0,0
Vaso Tsichli,SE-engineer,1,0,0,1,['KMouratidis EDA miner public'],2.0,[],2,1,2.0,2,0,36,13,0,53,2,0,0,0,0,0,0,0,9,0,0,1,0,2,0,4,0,0,2,5,98,37,0,0,0,2,0,0,0,0,0,0,0,0,0,0,0,0,0,2,0,0,0,0,0
Velibor Zeli,SE-engineer,1,0,0,1,['JustGlowing minisom'],1.0,[],0,0,0.0,0,1,2,24,0,27,0,0,0,0,3,2,0,1,0,0,0,0,1,0,0,1,0,0,0,1,15,39,0,0,0,0,0,0,0,0,0,0,0,0,0,0,0,0,0,0,0,0,0,0,0
Viet Nguyen,SE-engineer,1,0,0,10,['vietnguyen91 QuickDraw'],1.0,['vietnguyen91 QuickDraw::mediapipe_app.py'],0,0,0.0,2,0,0,10,0,91,79,0,10,0,30,0,0,0,10,0,0,0,0,30,0,0,0,0,20,0,71,190,0,0,0,0,0,0,0,0,0,0,0,0,0,0,0,0,0,0,0,0,0,0,0
Vijay Kumar,Hybrid-engineer,0,0,1,66,['vijuSR facial emotion recognition EMOJIFIER'],7.0,"['vijuSR facial emotion recognition EMOJIFIER::src/__init__.py', 'vijuSR facial emotion recognition EMOJIFIER::src/data_manager.py', 'vijuSR facial emotion recognition EMOJIFIER::src/dataset_creator.py', 'vijuSR facial emotion recognition EMOJIFIER::src/face_capture.py', 'vijuSR facial emotion recognition EMOJIFIER::src/model.py', 'vijuSR facial emotion recognition EMOJIFIER::src/predictor.py', 'vijuSR facial emotion recognition EMOJIFIER::src/trainer.py']",2,2,0.030303030303030304,107,3,0,328,0,584,146,0,0,0,0,0,0,0,0,0,0,2,0,0,0,0,0,0,0,0,255,1186,0,0,0,0,0,0,0,0,0,0,0,0,0,0,0,0,0,2,0,0,0,0,0
Vinay Sharma,Hybrid-engineer,0,0,1,137,['JdeRobot DetectionSuite'],8.0,"['JdeRobot DetectionSuite::DeepLearningSuite/DeepLearningSuiteLib/python_modules/keras_detect.py', 'JdeRobot DetectionSuite::DeepLearningSuite/DeepLearningSuiteLib/python_modules/keras_utils/__init__.py', 'JdeRobot DetectionSuite::DeepLearningSuite/DeepLearningSuiteLib/python_modules/keras_utils/bounding_box_utils.py', 'JdeRobot DetectionSuite::DeepLearningSuite/DeepLearningSuiteLib/python_modules/keras_utils/keras_layer_AnchorBoxes.py', 'JdeRobot DetectionSuite::DeepLearningSuite/DeepLearningSuiteLib/python_modules/keras_utils/keras_layer_DecodeDetections.py', 'JdeRobot DetectionSuite::DeepLearningSuite/DeepLearningSuiteLib/python_modules/keras_utils/keras_layer_L2Normalization.py', 'JdeRobot DetectionSuite::DeepLearningSuite/DeepLearningSuiteLib/python_modules/keras_utils/keras_ssd_loss.py', 'JdeRobot DetectionSuite::DeepLearningSuite/DeepLearningSuiteLib/python_modules/tensorflow_detect.py']",88,28,0.6423357664233577,605,242,363,800,0,3099,1089,0,0,0,121,0,0,0,0,0,0,28,0,605,0,0,0,0,242,242,4356,12705,0,0,0,0,0,0,0,0,0,0,242,0,0,0,0,0,0,88,0,0,0,0,0
Vivek Mishra,SE-engineer,1,0,0,2,['JdeRobot DetectionSuite'],,[],1,2,0.5,4,2,0,0,0,28,22,0,2,0,0,10,0,0,4,2,0,2,2,12,0,8,2,0,6,2,172,26,0,0,0,8,2,0,0,0,0,0,0,0,0,0,0,0,0,1,0,0,0,0,0
Vladimir Zlobin,SE-engineer,1,0,0,1,['IntelAI OpenVINO model server'],,[],0,0,0.0,13,32,31,103,6,243,58,4,19,0,31,0,0,4,49,2,0,0,1,47,0,162,2,10,17,28,721,325,0,0,0,0,0,0,0,0,0,0,0,0,0,0,0,0,0,0,0,0,0,0,0
Waldemar Piszczewiat,SE-engineer,1,0,0,1,['IntelAI OpenVINO model server'],,[],0,0,0.0,0,0,11,1,0,21,9,1,11,0,0,0,0,0,13,0,0,0,1,6,0,40,0,0,4,9,145,77,0,0,0,0,0,0,0,0,0,0,0,0,0,0,0,0,0,0,0,0,0,0,0
Wei Chen,SE-engineer,1,0,0,3,['neo ai neo ai dlr'],1.0,['neo ai neo ai dlr::tests/test_dlc_python_test.py'],0,0,0.0,0,0,0,33,0,114,81,0,0,0,0,0,0,0,3,0,0,0,0,6,0,0,0,0,0,0,68,66,0,0,0,0,0,0,0,0,0,0,0,0,0,0,0,0,0,0,0,0,0,0,0
Wei Chih Tu,SE-engineer,1,0,0,40,['wctu SEAL'],6.0,"['wctu SEAL::eval/cpp/compile_cpp.py', 'wctu SEAL::eval/eval.py', 'wctu SEAL::eval/eval_par.py', 'wctu SEAL::test/ERS_Python/compile_cpp.py', 'wctu SEAL::test/network.py', 'wctu SEAL::test/test.py']",0,0,0.0,0,0,0,42,0,180,138,0,0,0,0,0,0,0,0,0,0,0,0,21,0,0,0,0,21,0,77,436,0,0,0,0,0,0,0,0,0,0,0,0,0,0,0,0,0,0,0,0,0,0,0
Wei Ting Kuo,SE-engineer,1,0,0,2,['IntelAI OpenVINO model server'],,[],0,0,0.0,15,13,41,28,0,149,52,5,28,0,57,1,0,5,49,5,0,0,2,57,0,274,0,20,25,38,816,429,0,0,0,0,0,0,0,0,0,0,0,0,0,0,0,0,0,0,0,0,0,0,0
Wei Zhang,SE-engineer,1,0,0,7,['JustGlowing minisom'],1.0,[],8,3,1.1428571428571428,0,7,14,172,0,193,0,0,0,0,21,14,0,7,0,0,0,3,7,0,0,9,0,0,0,7,104,267,0,0,0,0,0,0,0,0,0,0,0,0,0,0,0,0,0,8,0,0,0,0,0
Wilkowski Michal,SE-engineer,1,0,0,5,['IntelAI OpenVINO model server'],3.0,[],0,0,0.0,0,0,35,1,0,50,14,5,33,0,14,0,0,0,66,0,0,0,3,15,0,233,0,0,19,56,501,595,0,0,0,0,0,0,0,0,0,0,0,0,0,0,0,0,0,0,0,0,0,0,0
William Thong,ML-engineer,0,1,0,5,['jacobgil keras grad cam'],1.0,['jacobgil keras grad cam::grad-cam.py'],0,0,0.0,0,0,5,0,0,10,5,0,0,0,5,0,0,0,0,0,0,0,0,0,0,5,0,0,0,0,10,40,0,0,0,0,0,0,0,0,5,0,0,0,0,0,0,0,0,0,0,0,0,0,0
Xiake Sun,SE-engineer,1,0,0,2,['IntelAI OpenVINO model server'],,[],1,1,0.5,37,63,61,172,12,465,120,8,36,0,69,0,0,8,100,4,0,1,3,80,0,317,4,20,25,48,1254,645,0,0,0,0,0,0,0,0,0,0,0,0,0,0,0,0,0,1,0,0,0,0,0
Xin Wu,SE-engineer,1,0,0,16,"['IBM MAX Fast Neural Style Transfer', 'IBM MAX Inception ResNet v2', 'IBM MAX Review Text Generator', 'IBM MAX Scene Classifier']",,[],0,0,0.0,0,32,2,36,0,136,66,0,20,0,0,6,0,0,12,0,0,0,0,0,0,0,0,0,0,0,62,28,0,0,0,0,0,0,0,0,0,0,0,0,0,0,8,0,0,0,0,0,0,0,0
Xingyu Zhou,SE-engineer,1,0,0,3,['neo ai neo ai dlr'],2.0,[],0,0,0.0,3,0,9,14,0,110,84,0,0,0,4,12,0,0,3,3,0,0,3,24,0,3,0,3,0,0,107,91,0,0,0,0,0,0,0,0,0,0,0,0,0,0,0,0,0,0,0,0,0,0,0
Xinhai Liu,SE-engineer,1,0,0,5,['liuxinhai Point2Sequence'],2.0,"['liuxinhai Point2Sequence::models/point2sequence_cls.py', 'liuxinhai Point2Sequence::train.py']",0,0,0.0,0,0,60,21,0,123,42,0,0,0,0,0,0,0,13,0,0,0,0,8,0,12,0,0,0,53,269,259,0,4,0,0,0,0,0,0,0,0,52,0,0,0,0,0,0,0,0,0,0,0,0
YangZeyu,ML-engineer,0,1,0,1,['ZheC Realtime Multi Person Pose Estimation'],,[],0,0,0.0,0,0,4,0,0,4,0,0,0,0,0,0,0,0,0,0,0,0,0,1,0,0,0,0,0,0,0,33,0,0,0,0,0,0,0,0,0,0,0,0,0,0,0,0,0,0,0,0,0,0,0
Yanming Wang,SE-engineer,1,0,0,2,['neo ai neo ai dlr'],,[],0,1,0.0,2,0,2,15,0,81,62,0,0,0,5,15,0,2,3,0,0,1,2,20,0,8,0,2,2,0,108,72,0,0,0,0,0,0,0,0,0,0,0,0,0,0,0,0,0,0,0,0,0,0,0
Yannis Xarchakos,SE-engineer,1,0,0,2,['ixarchakos nba games'],,[],0,0,0.0,0,0,0,0,0,26,26,0,0,0,0,0,0,0,0,0,0,0,0,14,0,4,0,0,0,0,48,32,0,0,0,0,0,0,0,0,0,0,0,0,0,0,0,0,0,0,0,0,0,0,0
Yi Wen Chen,SE-engineer,1,0,0,11,['wenz116 TransferSeg'],,[],0,0,0.0,0,27,81,144,0,279,27,0,0,0,0,0,0,0,0,0,0,0,9,18,0,0,9,0,0,0,90,225,0,0,0,0,0,0,0,0,0,0,0,0,0,0,0,0,0,0,0,0,0,0,0
Yingqi Liu,SE-engineer,1,0,0,14,['PurduePAML TrojanNN'],3.0,"['PurduePAML TrojanNN::code/gen_trigger/settings.py', 'PurduePAML TrojanNN::code/get_neuron_idx_from_weight.py']",2,2,0.14285714285714285,4,42,70,180,0,408,112,0,28,0,0,32,0,0,14,0,0,2,0,8,0,0,0,0,8,50,190,294,0,0,0,0,0,0,0,0,0,0,0,0,0,0,0,0,0,2,0,0,0,0,0
Yochengliu,SE-engineer,1,0,0,97,['Yochengliu MLIC KD WSD'],34.0,"['Yochengliu MLIC KD WSD::caffe-MLIC/examples/finetune_flickr_style/assemble_data.py', 'Yochengliu MLIC KD WSD::caffe-MLIC/examples/pycaffe/caffenet.py', 'Yochengliu MLIC KD WSD::caffe-MLIC/examples/pycaffe/layers/pascal_multilabel_datalayers.py', 'Yochengliu MLIC KD WSD::caffe-MLIC/examples/pycaffe/layers/pyloss.py', 'Yochengliu MLIC KD WSD::caffe-MLIC/examples/pycaffe/tools.py', 'Yochengliu MLIC KD WSD::caffe-MLIC/examples/web_demo/app.py', 'Yochengliu MLIC KD WSD::caffe-MLIC/examples/web_demo/exifutil.py', 'Yochengliu MLIC KD WSD::caffe-MLIC/python/caffe/__init__.py', 'Yochengliu MLIC KD WSD::caffe-MLIC/python/caffe/classifier.py', 'Yochengliu MLIC KD WSD::caffe-MLIC/python/caffe/coord_map.py', 'Yochengliu MLIC KD WSD::caffe-MLIC/python/caffe/detector.py', 'Yochengliu MLIC KD WSD::caffe-MLIC/python/caffe/draw.py', 'Yochengliu MLIC KD WSD::caffe-MLIC/python/caffe/io.py', 'Yochengliu MLIC KD WSD::caffe-MLIC/python/caffe/net_spec.py', 'Yochengliu MLIC KD WSD::caffe-MLIC/python/caffe/pycaffe.py', 'Yochengliu MLIC KD WSD::caffe-MLIC/python/caffe/test/test_coord_map.py', 'Yochengliu MLIC KD WSD::caffe-MLIC/python/caffe/test/test_io.py', 'Yochengliu MLIC KD WSD::caffe-MLIC/python/caffe/test/test_layer_type_list.py', 'Yochengliu MLIC KD WSD::caffe-MLIC/python/caffe/test/test_net.py', 'Yochengliu MLIC KD WSD::caffe-MLIC/python/caffe/test/test_net_spec.py', 'Yochengliu MLIC KD WSD::caffe-MLIC/python/caffe/test/test_python_layer.py', 'Yochengliu MLIC KD WSD::caffe-MLIC/python/caffe/test/test_python_layer_with_param_str.py', 'Yochengliu MLIC KD WSD::caffe-MLIC/python/caffe/test/test_solver.py', 'Yochengliu MLIC KD WSD::caffe-MLIC/python/classify.py', 'Yochengliu MLIC KD WSD::caffe-MLIC/python/detect.py', 'Yochengliu MLIC KD WSD::caffe-MLIC/python/draw_net.py', 'Yochengliu MLIC KD WSD::caffe-MLIC/scripts/copy_notebook.py', 'Yochengliu MLIC KD WSD::caffe-MLIC/scripts/cpp_lint.py', 'Yochengliu MLIC KD WSD::caffe-MLIC/scripts/download_model_binary.py', 'Yochengliu MLIC KD WSD::caffe-MLIC/src/caffe/test/test_data/generate_sample_data.py', 'Yochengliu MLIC KD WSD::caffe-MLIC/tools/extra/extract_seconds.py', 'Yochengliu MLIC KD WSD::caffe-MLIC/tools/extra/parse_log.py', 'Yochengliu MLIC KD WSD::caffe-MLIC/tools/extra/resize_and_crop_images.py', 'Yochengliu MLIC KD WSD::caffe-MLIC/tools/extra/summarize.py']",4,6,0.041237113402061855,65,104,78,208,0,637,182,0,0,0,143,52,0,13,130,0,0,6,182,416,0,117,0,0,91,117,3016,1235,0,0,0,52,0,0,0,0,0,13,0,0,0,0,0,0,0,4,0,0,0,0,0
Yoh Okuno,SE-engineer,1,0,0,2,['Tiiiger bert score'],,[],0,2,0.0,0,0,0,6,0,8,2,0,0,0,6,0,0,0,4,0,0,2,0,14,0,0,0,0,4,14,104,20,0,0,0,10,0,0,0,0,0,0,0,0,0,0,0,0,0,0,0,0,0,0,0
Yongcheng,SE-engineer,1,0,0,2,['Yochengliu MLIC KD WSD'],,[],0,0,0.0,0,0,0,0,0,0,0,0,0,0,0,0,0,0,0,0,0,0,0,0,0,0,0,0,0,0,0,0,0,0,0,0,0,0,0,0,0,0,0,0,0,0,0,0,0,0,0,0,0,0,0
Yoshihiro Sugi,SE-engineer,1,0,0,2,['sugyan tf face recognizer'],1.0,[],0,0,0.0,0,0,0,1,0,1,0,0,0,0,0,0,0,0,0,0,0,0,0,0,0,0,0,0,0,0,0,0,0,0,0,0,0,0,0,0,0,0,0,0,0,0,0,0,0,0,0,0,0,0,0
Yu Lun Liu,SE-engineer,1,0,0,44,['alex04072000 CyclicGen'],15.0,"['alex04072000 CyclicGen::1_move_files.py', 'alex04072000 CyclicGen::2_filter_psnr.py', 'alex04072000 CyclicGen::CyclicGen_model.py', 'alex04072000 CyclicGen::CyclicGen_model_large.py', 'alex04072000 CyclicGen::CyclicGen_train_stage1.py', 'alex04072000 CyclicGen::CyclicGen_train_stage2.py', 'alex04072000 CyclicGen::dataset.py', 'alex04072000 CyclicGen::losses.py', 'alex04072000 CyclicGen::run.py', 'alex04072000 CyclicGen::utils/geo_layer_utils.py', 'alex04072000 CyclicGen::utils/image_utils.py', 'alex04072000 CyclicGen::utils/loss_utils.py', 'alex04072000 CyclicGen::utils/prefetch_queue_shuffle.py', 'alex04072000 CyclicGen::utils/vis_utils.py', 'alex04072000 CyclicGen::vgg16.py']",2,2,0.045454545454545456,294,0,448,515,0,1835,578,0,0,0,0,49,0,0,204,0,0,2,0,84,0,0,0,0,292,82,1804,2371,0,752,0,0,0,0,0,0,0,0,0,0,0,0,0,0,0,2,0,0,0,0,0
Yunhan Ma,SE-engineer,1,0,0,9,['neo ai neo ai dlr'],,[],5,2,0.5555555555555556,48,9,81,192,0,728,398,0,0,0,61,45,0,9,27,0,0,2,9,100,0,59,0,0,7,0,686,434,0,0,0,0,0,0,0,0,0,0,0,0,0,0,0,0,0,5,0,0,0,0,0
Zayd Hammoudeh,SE-engineer,1,0,0,2,['PurduePAML TrojanNN'],,[],2,2,1.0,2,6,10,30,0,78,30,0,4,0,0,6,0,0,2,0,0,2,0,4,0,0,0,0,4,10,50,82,0,0,0,0,0,0,0,0,0,0,0,0,0,0,0,0,0,2,0,0,0,0,0
Zeglarski Milosz,SE-engineer,1,0,0,41,['IntelAI OpenVINO model server'],2.0,[],0,0,0.0,0,0,435,41,0,782,306,41,410,0,0,0,0,0,451,0,0,0,41,235,0,1632,0,0,164,369,5574,3112,0,0,0,0,0,0,0,0,0,0,0,0,0,0,0,0,0,0,0,0,0,0,0
Zhe Cao,SE-engineer,1,0,0,112,['ZheC Realtime Multi Person Pose Estimation'],1.0,['ZheC Realtime Multi Person Pose Estimation::training/setLayers.py'],2,2,0.017857142857142856,0,0,252,5,0,257,0,0,0,0,0,0,0,0,0,0,0,2,0,63,0,0,0,0,0,0,0,2079,0,0,0,0,0,0,0,0,0,0,0,0,0,0,0,0,0,2,0,0,0,0,0
ZheC,ML-engineer,0,1,0,33,['ZheC Realtime Multi Person Pose Estimation'],2.0,['ZheC Realtime Multi Person Pose Estimation::training/genLMDB.py'],0,0,0.0,0,0,12,4,0,16,0,0,0,0,0,0,0,0,0,0,0,0,0,3,0,0,0,0,0,0,0,99,0,0,0,0,0,0,0,0,0,0,0,0,0,0,0,0,0,0,0,0,0,0,0
Ziwei Liu,SE-engineer,1,0,0,18,['liuziwei7 voxel flow'],9.0,"['liuziwei7 voxel flow::dataset.py', 'liuziwei7 voxel flow::utils/__init__.py', 'liuziwei7 voxel flow::utils/geo_layer_utils.py', 'liuziwei7 voxel flow::utils/image_utils.py', 'liuziwei7 voxel flow::utils/loss_utils.py', 'liuziwei7 voxel flow::utils/prefetch_queue_shuffle.py', 'liuziwei7 voxel flow::utils/vis_utils.py', 'liuziwei7 voxel flow::voxel_flow_model.py', 'liuziwei7 voxel flow::voxel_flow_train.py']",0,0,0.0,0,36,144,108,0,396,108,0,0,0,0,0,0,0,54,0,0,0,0,0,0,0,0,0,18,18,90,324,0,144,0,0,0,0,0,0,0,0,0,0,0,0,0,0,0,0,0,0,0,0,0
Zixin Luo,SE-engineer,1,0,0,2,['hlzz mirror'],2.0,[],0,1,0.0,28,0,32,18,0,108,30,0,2,0,6,2,0,2,8,0,2,1,0,20,0,2,0,2,26,46,472,176,0,0,0,0,0,0,0,0,0,0,0,0,0,0,0,0,0,0,0,0,0,0,0
Ziyu Guo,SE-engineer,1,0,0,3,['neo ai neo ai dlr'],3.0,[],1,1,0.3333333333333333,0,0,0,39,0,51,12,0,0,0,0,0,0,0,3,0,0,1,0,3,0,0,0,0,0,0,57,66,0,0,0,0,0,0,0,0,0,0,0,0,0,0,0,0,0,1,0,0,0,0,0
aithinker,SE-engineer,1,0,0,8,['alvarowolfx gcloud iot edge tensorflow'],,[],0,3,0.0,0,0,0,0,0,0,0,0,0,0,0,0,0,0,0,0,0,3,0,0,0,0,0,0,0,0,0,0,0,0,0,0,0,0,0,0,0,0,0,0,0,0,0,0,0,0,0,0,0,0,0
albb762,SE-engineer,1,0,0,1,['dvgodoy deepreplay'],1.0,[],2,1,2.0,2,2,0,7,9,43,23,0,0,0,3,2,0,1,3,0,0,1,0,4,0,1,0,0,2,4,54,29,0,0,0,1,6,0,0,0,2,1,0,0,0,0,0,0,0,2,0,0,0,0,0
allissadillman,SE-engineer,1,0,0,1,['NCBI Hackathons Semantic search log analysis pipeline'],,[],0,0,0.0,0,0,0,0,0,0,0,0,0,0,0,0,0,0,0,0,0,0,0,0,0,0,0,0,0,0,0,0,0,0,0,0,0,0,0,0,0,0,0,0,0,0,0,0,0,0,0,0,0,0,0
alvarowolfx,Hybrid-engineer,0,0,1,25,['alvarowolfx gcloud iot edge tensorflow'],3.0,"['alvarowolfx gcloud iot edge tensorflow::custom_model/create_tf_record.py', 'alvarowolfx gcloud iot edge tensorflow::custom_model/export_images.py', 'alvarowolfx gcloud iot edge tensorflow::custom_model/opencv.py']",8,4,0.32,0,0,2,5,0,11,4,0,0,0,0,0,0,0,0,0,0,4,0,0,0,1,0,0,0,0,7,6,0,0,0,0,0,0,0,0,0,0,0,0,0,0,0,0,0,8,0,0,0,0,0
americofmoliveira,ML-engineer,0,1,0,2,['americofmoliveira VesselSegmentation ESWA'],,[],5,2,2.5,16,6,38,28,4,98,6,8,10,0,6,2,0,2,2,0,0,2,0,18,0,0,0,0,0,18,50,232,0,0,0,0,0,0,0,0,0,0,0,0,0,0,0,0,0,5,0,2,0,2,B101B101
antoine tixier,SE-engineer,1,0,0,12,['Tixierae graph 2D CNN'],5.0,"['Tixierae graph 2D CNN::code/get_histograms.py', 'Tixierae graph 2D CNN::code/get_node2vec.py', 'Tixierae graph 2D CNN::code/main.py', 'Tixierae graph 2D CNN::code/main_data_augmentation.py', 'Tixierae graph 2D CNN::code/read_results.py']",1,1,0.08333333333333333,0,0,0,108,0,108,0,0,0,0,0,0,0,0,0,0,0,1,0,0,0,0,0,0,0,0,0,0,0,0,0,0,0,0,0,0,0,0,0,0,0,0,0,0,0,1,0,0,0,0,0
atobisze,SE-engineer,1,0,0,86,['IntelAI OpenVINO model server'],3.0,[],101,22,1.1744186046511629,163,114,1057,508,54,3096,1200,126,886,0,494,0,0,50,1313,20,0,22,77,1037,0,5068,18,160,617,949,19447,9159,0,0,0,0,0,0,0,0,0,0,0,0,0,0,0,0,0,101,0,0,0,0,0
atobiszei,SE-engineer,1,0,0,35,['IntelAI OpenVINO model server'],7.0,['IntelAI OpenVINO model server::example_client/stateful/rest_stateful_client.py'],137,14,3.914285714285714,0,0,385,35,0,765,345,35,385,0,0,0,0,0,464,0,0,14,35,284,0,1410,0,0,230,316,6121,2759,0,0,0,0,0,0,0,0,0,0,0,0,0,0,0,0,0,137,0,0,0,0,0
avisionh,SE-engineer,1,0,0,4,['JustGlowing minisom'],,[],0,0,0.0,0,4,12,124,0,140,0,0,0,0,12,8,0,12,0,0,0,0,4,8,0,8,0,0,0,4,68,192,0,0,0,0,0,0,0,0,0,0,0,0,0,0,0,0,0,0,0,0,0,0,0
aws vrnatham,Hybrid-engineer,0,0,1,8,['neo ai neo ai dlr'],6.0,"['neo ai neo ai dlr::container/inf1_pyt_entry.py', 'neo ai neo ai dlr::container/sagemaker-pytorch-inferentia-serving/setup.py', 'neo ai neo ai dlr::container/sagemaker-pytorch-inferentia-serving/src/sagemaker_pytorch_inferentia_serving_container/serving.py', 'neo ai neo ai dlr::container/sagemaker-tensorflow-inferentia/build_artifacts/sagemaker/python_service.py', 'neo ai neo ai dlr::container/sagemaker-tensorflow-inferentia/build_artifacts/sagemaker/serve.py', 'neo ai neo ai dlr::container/sagemaker-tensorflow-inferentia/build_artifacts/sagemaker/tfs_utils.py']",11,3,1.375,49,8,67,179,0,671,368,0,0,0,61,40,0,8,24,0,0,3,8,101,0,86,0,0,8,12,685,422,0,0,0,0,0,0,0,0,0,0,0,0,0,0,0,0,0,11,0,0,0,0,0
ben,SE-engineer,1,0,0,2,['JustGlowing minisom'],1.0,[],6,2,3.0,0,2,6,62,0,72,2,0,0,0,6,6,0,6,0,0,0,2,2,4,0,10,0,0,0,2,38,142,0,0,0,0,0,0,0,0,0,0,0,0,0,0,0,0,0,6,0,0,0,0,0
bisunday,SE-engineer,1,0,0,1,['ZheC Realtime Multi Person Pose Estimation'],,[],0,0,0.0,0,0,4,0,0,4,0,0,0,0,0,0,0,0,0,0,0,0,0,1,0,0,0,0,0,0,0,33,0,0,0,0,0,0,0,0,0,0,0,0,0,0,0,0,0,0,0,0,0,0,0
breeko,Hybrid-engineer,0,0,1,10,['breeko spypy'],13.0,"['breeko spypy::model_configs.py', 'breeko spypy::src/convert.py', 'breeko spypy::src/detect.py', 'breeko spypy::src/handler.py', 'breeko spypy::src/model_configs.py', 'breeko spypy::src/summarize.py', 'breeko spypy::src/track.py', 'breeko spypy::src/yad2k_out.py', 'breeko spypy::yad2k_out.py']",0,0,0.0,20,0,2,30,0,88,36,0,10,0,20,0,0,0,0,0,0,0,0,30,0,0,0,0,10,26,176,272,0,0,0,0,0,0,0,0,0,0,0,0,0,0,0,0,0,0,0,0,0,0,0
cclauss,ML-engineer,0,1,0,2,"['cgnorthcutt benchmarking keras pytorch', 'kk7nc Text Classification']",4.0,[],0,0,0.0,2,0,3,15,0,22,2,0,0,0,0,0,0,0,0,0,0,0,0,2,0,0,0,0,0,2,40,39,0,0,0,0,0,0,0,0,4,0,0,0,0,0,0,0,0,0,0,0,0,0,0
cgnorthcutt,ML-engineer,0,1,0,18,['cgnorthcutt benchmarking keras pytorch'],4.0,"['cgnorthcutt benchmarking keras pytorch::cifar10_benchmarking.py', 'cgnorthcutt benchmarking keras pytorch::imagenet_benchmarking.py', 'cgnorthcutt benchmarking keras pytorch::imagenet_keras_get_predictions.py', 'cgnorthcutt benchmarking keras pytorch::imagenet_pytorch_get_predictions.py']",0,0,0.0,0,0,0,0,0,7,7,0,0,0,0,0,0,0,0,0,0,0,0,21,0,0,0,0,13,15,329,120,0,0,0,15,0,0,0,0,0,0,0,0,0,0,0,0,0,0,0,0,0,0,0
changhyun kayden,SE-engineer,1,0,0,1,['CBNU Nnet Artificial Intelligence'],,[],0,0,0.0,0,0,0,0,0,0,0,0,0,0,0,0,0,0,0,0,0,0,0,0,0,0,0,0,0,0,0,0,0,0,0,0,0,0,0,0,0,0,0,0,0,0,0,0,0,0,0,0,0,0,0
christos sourmpis,SE-engineer,1,0,0,2,['JustGlowing minisom'],1.0,[],0,0,0.0,0,2,4,42,0,48,0,0,0,0,6,4,0,2,2,0,0,0,2,2,0,2,0,0,0,2,24,62,0,0,0,0,0,0,0,0,0,0,0,0,0,0,0,0,0,0,0,0,0,0,0
clement joudet,SE-engineer,1,0,0,1,['clemkoa tooth detection'],,[],2,1,2.0,0,0,2,6,0,17,9,0,0,0,0,0,0,0,0,0,0,1,0,1,0,0,0,0,0,2,10,10,0,0,0,0,0,0,0,0,0,0,0,0,0,0,0,0,0,2,0,0,0,0,0
clemkoa,SE-engineer,1,0,0,1,['clemkoa tooth detection'],,[],0,0,0.0,0,0,2,6,0,17,9,0,0,0,0,0,0,0,0,0,0,0,0,1,0,0,0,0,0,2,10,10,0,0,0,0,0,0,0,0,0,0,0,0,0,0,0,0,0,0,0,0,0,0,0
cybercoder,SE-engineer,1,0,0,2,['Barqawiz Snnapy2 Filters'],2.0,['Barqawiz Snnapy2 Filters::snappy2/controls/Generate.py'],0,0,0.0,0,2,0,6,0,30,22,0,2,0,0,2,0,0,2,0,0,0,0,6,0,0,0,0,2,6,50,62,0,0,0,0,0,0,0,0,0,0,0,0,0,0,0,0,0,0,0,0,0,0,0
d pascualhe,Hybrid-engineer,0,0,1,89,['JdeRobot DetectionSuite'],93.0,"['JdeRobot DetectionSuite::detectionmetrics/cli/batch.py', 'JdeRobot DetectionSuite::detectionmetrics/cli/computational_cost.py', 'JdeRobot DetectionSuite::detectionmetrics/datasets/yolo.py', 'JdeRobot DetectionSuite::detectionmetrics/models/torch.py', 'JdeRobot DetectionSuite::detectionmetrics/models/utils/torchvision.py', 'JdeRobot DetectionSuite::detectionmetrics/models/utils/yolo.py', 'JdeRobot DetectionSuite::detectionmetrics/utils/lidar.py', 'JdeRobot DetectionSuite::examples/convert_dataset_ontology.py', 'JdeRobot DetectionSuite::examples/gaia.py', 'JdeRobot DetectionSuite::examples/gaia_image.py', 'JdeRobot DetectionSuite::examples/gaia_lidar.py', 'JdeRobot DetectionSuite::examples/gaia_lidar_example.py', 'JdeRobot DetectionSuite::examples/generic.py', 'JdeRobot DetectionSuite::examples/generic_example.py', 'JdeRobot DetectionSuite::examples/generic_image.py', 'JdeRobot DetectionSuite::examples/goose.py', 'JdeRobot DetectionSuite::examples/goose_image.py', 'JdeRobot DetectionSuite::examples/goose_lidar.py', 'JdeRobot DetectionSuite::examples/goose_lidar_example.py', 'JdeRobot DetectionSuite::examples/merge_datasets.py', 'JdeRobot DetectionSuite::examples/rellis3d.py', 'JdeRobot DetectionSuite::examples/rellis3d_image.py', 'JdeRobot DetectionSuite::examples/rellis3d_lidar.py', 'JdeRobot DetectionSuite::examples/rellis3d_lidar_example.py', 'JdeRobot DetectionSuite::examples/rugd_image.py', 'JdeRobot DetectionSuite::examples/store_image_video.py', 'JdeRobot DetectionSuite::examples/tensorflow.py', 'JdeRobot DetectionSuite::examples/tensorflow_computational_cost.py', 'JdeRobot DetectionSuite::examples/tensorflow_computational_cost_example.py', 'JdeRobot DetectionSuite::examples/tensorflow_image.py', 'JdeRobot DetectionSuite::examples/torch.py', 'JdeRobot DetectionSuite::examples/torch_computational_cost_example.py', 'JdeRobot DetectionSuite::examples/torch_lidar_computational_cost_example.py', 'JdeRobot DetectionSuite::examples/torch_lidar_example.py', 'JdeRobot DetectionSuite::examples/torch_native.py', 'JdeRobot DetectionSuite::examples/torch_native_example.py', 'JdeRobot DetectionSuite::examples/torch_native_image.py', 'JdeRobot DetectionSuite::examples/wildscenes_image.py']",20,10,0.2247191011235955,244,109,2,215,0,1693,1123,0,89,0,15,515,0,0,274,69,0,10,104,917,0,599,89,0,448,588,10468,3338,0,0,0,404,152,0,0,0,0,48,0,0,0,0,0,0,29,20,0,0,0,0,0
dailyworker,Hybrid-engineer,0,0,1,14,['CBNU Nnet Artificial Intelligence'],2.0,"['CBNU Nnet Artificial Intelligence::.py', 'CBNU Nnet Artificial Intelligence::resource/example/basic/tensorflow_basic.py']",0,0,0.0,0,0,0,0,0,0,0,0,0,0,0,0,0,0,0,0,0,0,0,0,0,0,0,0,0,0,0,0,0,0,0,0,0,0,0,0,0,0,0,0,0,0,0,0,0,0,0,0,0,0,0
danglotb,SE-engineer,1,0,0,1,['tech srl code2vec'],,[],0,0,0.0,0,0,0,9,0,14,5,0,0,0,0,0,0,1,1,0,0,0,0,5,0,2,0,0,0,2,73,25,0,0,0,0,0,0,0,0,0,0,0,0,0,0,0,0,0,0,0,0,0,0,0
dependabot bot,SE-engineer,1,0,0,92,"['Barqawiz Snnapy2 Filters', 'IBM MAX Fast Neural Style Transfer', 'IBM MAX Inception ResNet v2', 'IBM MAX Review Text Generator', 'IBM MAX Scene Classifier', 'IBM MAX Weather Forecaster', 'IXarea LittleGAN', 'IntelAI OpenVINO model server', 'JdeRobot DetectionSuite', 'JustinGOSSES predictatops', 'alvarowolfx gcloud iot edge tensorflow', 'breeko spypy', 'deep learning for humans fontastic', 'dougsm mvp grasp', 'neo ai neo ai dlr', 'nikicc twitter emotion recognition', 'sethuiyer Image to Image Search', 'soumyadip1995 TextBrain Building an AI start up using NLP', 'tech srl code2vec', 'tlatkowski inpainting gmcnn keras']",,[],0,0,0.0,208,194,422,1094,27,2961,1016,8,66,0,140,35,0,21,225,8,0,0,5,351,0,1079,16,24,181,170,4480,4766,0,0,84,71,7,0,0,0,0,72,32,0,0,0,6,0,0,0,0,0,0,0,0
dependabot preview bot,SE-engineer,1,0,0,4,['urduhack urduhack'],,[],0,0,0.0,0,0,16,0,0,120,104,0,0,0,32,0,0,0,24,0,0,0,0,8,0,12,0,0,4,0,232,24,0,0,0,0,0,0,0,0,0,0,0,0,0,0,0,0,0,0,0,0,0,0,0
djoldman,SE-engineer,1,0,0,1,['kk7nc Text Classification'],,[],0,0,0.0,2,0,3,15,0,22,2,0,0,0,0,0,0,0,0,0,0,0,0,1,0,0,0,0,0,2,23,31,0,0,0,0,0,0,0,0,4,0,0,0,0,0,0,0,0,0,0,0,0,0,0
dkalinowski,Hybrid-engineer,0,0,1,24,['IntelAI OpenVINO model server'],5.0,['IntelAI OpenVINO model server::demos/embeddings/compare_results.py'],11,5,0.4583333333333333,288,744,619,2236,144,4880,849,24,384,0,192,0,0,48,912,48,0,5,24,1037,0,1656,48,0,384,473,14686,5330,0,0,0,0,0,0,0,0,0,0,0,0,0,0,0,0,0,11,0,0,0,0,0
dougian,SE-engineer,1,0,0,2,['Tiiiger bert score'],4.0,[],0,0,0.0,0,0,0,14,0,16,2,0,0,0,6,0,0,0,4,0,0,0,0,14,0,0,0,0,4,14,102,20,0,0,0,10,0,0,0,0,0,0,0,0,0,0,0,0,0,0,0,0,0,0,0
dpascualhe,ML-engineer,0,1,0,15,['JdeRobot DetectionSuite'],14.0,['JdeRobot DetectionSuite::detectionmetrics/datasets/yolo.py'],4,1,0.26666666666666666,48,21,0,51,0,327,207,0,15,0,4,95,0,0,54,8,0,1,22,207,0,125,15,0,102,134,2110,698,0,0,0,80,37,0,0,0,0,12,0,0,0,0,0,0,7,4,0,0,0,0,0
dtrawins,SE-engineer,1,0,0,1,['IntelAI OpenVINO model server'],,[],0,0,0.0,9,4,23,14,0,82,32,4,15,0,33,0,0,3,28,2,0,0,1,35,0,150,0,10,14,22,423,242,0,0,0,0,0,0,0,0,0,0,0,0,0,0,0,0,0,0,0,0,0,0,0
dvgodoy,SE-engineer,1,0,0,69,['dvgodoy deepreplay'],22.0,"['dvgodoy deepreplay::deepreplay/__init__.py', 'dvgodoy deepreplay::deepreplay/callbacks.py', 'dvgodoy deepreplay::deepreplay/datasets/__init__.py', 'dvgodoy deepreplay::deepreplay/datasets/ball.py', 'dvgodoy deepreplay::deepreplay/datasets/hypercube.py', 'dvgodoy deepreplay::deepreplay/datasets/parabola.py', 'dvgodoy deepreplay::deepreplay/plot.py', 'dvgodoy deepreplay::deepreplay/replay.py', 'dvgodoy deepreplay::deepreplay/utils.py', 'dvgodoy deepreplay::docs/source/conf.py', 'dvgodoy deepreplay::examples/__init__.py', 'dvgodoy deepreplay::examples/circles_dataset.py', 'dvgodoy deepreplay::examples/comparison_activation_functions.py', 'dvgodoy deepreplay::examples/gradients_example.py', 'dvgodoy deepreplay::examples/moons_dataset.py', 'dvgodoy deepreplay::examples/part1_activation_functions.py', 'dvgodoy deepreplay::examples/part2_initializers.py', 'dvgodoy deepreplay::examples/part2_weight_initializers.py', 'dvgodoy deepreplay::examples/uci_spambase_dataset.py', 'dvgodoy deepreplay::setup.py', 'dvgodoy deepreplay::tests/deepreplay/test_callbacks.py', 'dvgodoy deepreplay::tests/deepreplay/test_replay.py']",18,8,0.2608695652173913,68,49,63,440,267,1721,834,0,0,0,133,138,0,14,160,0,0,8,0,61,0,45,0,0,42,108,2059,1200,0,0,0,17,96,0,0,0,183,14,0,0,0,0,0,0,0,18,0,0,0,0,0
eatsleepraverepeat,SE-engineer,1,0,0,2,['eatsleepraverepeat emusic net'],,[],0,0,0.0,0,0,0,0,0,0,0,0,0,0,0,0,0,0,0,0,0,0,0,0,0,0,0,0,0,0,0,0,0,0,0,0,0,0,0,0,0,0,0,0,0,0,0,0,0,0,0,0,0,0,0
eddiecho,SE-engineer,1,0,0,1,['neo ai neo ai dlr'],1.0,[],0,0,0.0,1,0,1,7,0,39,30,0,0,0,1,5,0,0,1,0,0,0,1,10,0,1,0,1,0,0,43,32,0,0,0,0,0,0,0,0,0,0,0,0,0,0,0,0,0,0,0,0,0,0,0
eladn,ML-engineer,0,1,0,16,['tech srl code2vec'],11.0,[],7,2,0.4375,96,0,0,465,80,673,32,0,11,0,43,0,0,32,53,32,0,2,16,112,0,648,27,0,16,48,2354,736,0,0,0,0,0,0,0,0,0,0,0,0,0,0,0,0,0,7,0,0,0,0,0
fahdrazavi,SE-engineer,1,0,0,4,['urduhack urduhack'],1.0,[],0,0,0.0,0,0,16,0,0,120,104,0,0,0,32,0,0,0,24,0,0,0,0,8,0,12,0,0,4,0,232,24,0,0,0,0,0,0,0,0,0,0,0,0,0,0,0,0,0,0,0,0,0,0,0
felixgwu,SE-engineer,1,0,0,48,['Tiiiger bert score'],11.0,['Tiiiger bert score::tests/__init__.py'],32,2,0.6666666666666666,44,0,0,222,0,330,64,12,0,0,144,0,0,0,50,0,0,2,0,272,0,6,0,0,64,280,1880,470,0,0,12,140,0,0,0,0,0,0,0,0,0,0,0,0,0,32,0,0,0,0,0
fireindark707,SE-engineer,1,0,0,2,['Tiiiger bert score'],,[],0,0,0.0,0,0,0,28,0,32,4,4,0,0,8,0,0,0,4,0,0,0,0,20,0,2,0,0,6,14,128,36,0,0,4,14,0,0,0,0,0,0,0,0,0,0,0,0,0,0,0,0,0,0,0
frreiss,SE-engineer,1,0,0,4,"['IBM MAX Fast Neural Style Transfer', 'IBM MAX Inception ResNet v2', 'IBM MAX Review Text Generator', 'IBM MAX Scene Classifier']",25.0,"['IBM MAX Fast Neural Style Transfer::api/model.py', 'IBM MAX Fast Neural Style Transfer::app.py', 'IBM MAX Fast Neural Style Transfer::core/__init__.py', 'IBM MAX Fast Neural Style Transfer::core/backend.py', 'IBM MAX Fast Neural Style Transfer::core/transformer_net.py', 'IBM MAX Inception ResNet v2::core/__init__.py', 'IBM MAX Inception ResNet v2::core/backend.py', 'IBM MAX Review Text Generator::api/model.py', 'IBM MAX Review Text Generator::app.py', 'IBM MAX Review Text Generator::core/__init__.py', 'IBM MAX Scene Classifier::core/__init__.py']",0,0,0.0,0,8,1,10,0,36,17,0,5,0,0,2,0,0,3,0,0,0,0,0,0,0,0,0,0,0,14,7,0,0,0,0,0,0,0,0,0,0,0,0,0,0,2,0,0,0,0,0,0,0,0
fsantini,SE-engineer,1,0,0,1,['ad12 DOSMA'],1.0,[],0,0,0.0,23,4,3,10,1,77,36,0,0,0,0,0,0,0,0,0,0,0,0,0,0,0,0,0,0,0,0,0,0,0,0,6,0,0,0,0,0,4,0,0,0,0,0,0,0,0,0,1,0,1,B101
fyy,SE-engineer,1,0,0,2,['alvarowolfx gcloud iot edge tensorflow'],,[],0,0,0.0,0,0,0,0,0,0,0,0,0,0,0,0,0,0,0,0,0,0,0,0,0,0,0,0,0,0,0,0,0,0,0,0,0,0,0,0,0,0,0,0,0,0,0,0,0,0,0,0,0,0,0
giannisnik,SE-engineer,1,0,0,1,['Tixierae graph 2D CNN'],2.0,"['Tixierae graph 2D CNN::baselines/graphlet_kernel.py', 'Tixierae graph 2D CNN::baselines/wl_subtree_kernel.py']",0,0,0.0,0,0,0,0,0,2,2,0,0,0,0,0,0,0,0,0,0,0,0,1,0,0,0,0,0,0,1,0,0,0,0,0,0,0,0,0,0,0,0,0,0,0,0,0,0,0,0,0,0,0,0
giu,SE-engineer,1,0,0,17,['JustGlowing minisom'],5.0,[],2,1,0.11764705882352941,0,3,0,76,0,79,0,0,0,0,0,0,0,0,0,0,0,1,13,0,0,0,0,0,0,1,79,74,0,0,0,0,0,0,0,0,0,0,0,0,0,0,0,0,0,2,0,0,0,0,0
gmberton,SE-engineer,1,0,0,1,['TIBHannover GeoEstimation'],1.0,[],0,0,0.0,3,0,0,10,0,22,9,0,0,0,2,1,0,0,2,0,0,0,0,4,0,2,0,0,0,4,42,38,0,0,0,9,0,0,0,0,0,0,0,0,0,0,0,0,0,0,0,0,0,0,0
gngdb,SE-engineer,1,0,0,2,['kimhc6028 relational networks'],1.0,[],0,0,0.0,2,0,0,2,0,8,4,0,0,0,0,0,0,0,0,0,0,0,0,4,0,0,0,0,2,0,8,72,0,0,0,0,0,0,0,0,0,0,0,0,0,0,0,0,0,0,0,0,0,0,0
gnuwind,SE-engineer,1,0,0,1,['cgnorthcutt benchmarking keras pytorch'],1.0,[],1,1,1.0,0,0,0,0,0,0,0,0,0,0,0,0,0,0,0,0,0,1,0,1,0,0,0,0,0,0,17,8,0,0,0,0,0,0,0,0,0,0,0,0,0,0,0,0,0,1,0,0,0,0,0
gushart,SE-engineer,1,0,0,1,['GKalliatakis Keras VGG16 places365'],1.0,[],0,0,0.0,0,0,1,3,0,4,0,0,0,0,2,0,0,0,0,0,0,0,0,2,0,0,0,0,2,2,42,12,0,0,0,0,0,0,0,0,0,0,0,0,0,0,0,0,0,0,0,0,0,0,0
hongxin,SE-engineer,1,0,0,1,['wctu SEAL'],,[],0,0,0.0,0,0,0,2,0,8,6,0,0,0,0,0,0,0,0,0,0,0,0,1,0,0,0,0,1,0,3,20,0,0,0,0,0,0,0,0,0,0,0,0,0,0,0,0,0,0,0,0,0,0,0
iTakeshi,ML-engineer,0,1,0,2,['tech srl code2vec'],1.0,[],1,2,0.5,12,0,0,58,10,84,4,0,2,0,6,0,0,4,6,4,0,2,2,14,0,84,4,0,2,6,302,92,0,0,0,0,0,0,0,0,0,0,0,0,0,0,0,0,0,1,0,0,0,0,0
iclr2019 anon,SE-engineer,1,0,0,12,['ethanwharris STAWM'],18.0,"['ethanwharris STAWM::celeba_draw_32.py', 'ethanwharris STAWM::cifar_baseline_self_sup.py', 'ethanwharris STAWM::cifar_baseline_vae.py', 'ethanwharris STAWM::cifar_draw_12.py', 'ethanwharris STAWM::cifar_draw_16.py', 'ethanwharris STAWM::cifar_mobilenetv2.py', 'ethanwharris STAWM::cifar_self_sup.py', 'ethanwharris STAWM::memory.py', 'ethanwharris STAWM::mnist_class_28.py', 'ethanwharris STAWM::mnist_class_8.py', 'ethanwharris STAWM::mnist_draw_4.py', 'ethanwharris STAWM::mnist_draw_6.py', 'ethanwharris STAWM::mnist_draw_8.py', 'ethanwharris STAWM::mobilenetv2.py', 'ethanwharris STAWM::modules.py', 'ethanwharris STAWM::tb_modules.py', 'ethanwharris STAWM::visual_sketchpad.py', 'ethanwharris STAWM::visualise.py']",0,0,0.0,60,0,0,580,0,660,20,0,0,0,0,0,0,0,0,0,0,0,0,20,0,0,0,6,0,26,552,280,0,0,0,0,0,0,0,0,10,0,0,0,0,0,0,0,0,0,0,10,0,10,B101B101B101B101B101B101B101B101B101B101
ido,SE-engineer,1,0,0,1,['urigoren decorators4DS'],2.0,['urigoren decorators4DS::slack_exception.py'],0,0,0.0,0,2,3,7,0,12,0,0,0,0,4,0,0,0,0,0,0,0,0,1,0,0,0,0,0,0,4,3,0,0,0,0,0,0,0,0,0,0,0,0,0,0,0,0,0,0,0,0,0,0,0
imgbot bot,SE-engineer,1,0,0,1,['IBM MAX Scene Classifier'],,[],0,0,0.0,0,0,0,3,0,8,5,0,1,0,0,0,0,0,1,0,0,0,0,0,0,0,0,0,0,0,6,10,0,0,0,0,0,0,0,0,0,0,0,0,0,0,1,0,0,0,0,0,0,0,0
ioannisxar,SE-engineer,1,0,0,45,['ixarchakos nba games'],16.0,"['ixarchakos nba games::feature_extraction/simple_stats.py', 'ixarchakos nba games::main.py', 'ixarchakos nba games::src/__init__.py', 'ixarchakos nba games::src/feature_extraction/__init__.py', 'ixarchakos nba games::src/feature_extraction/advanced_statistics.py', 'ixarchakos nba games::src/feature_extraction/feature_extraction.py', 'ixarchakos nba games::src/feature_extraction/graph_statistics.py', 'ixarchakos nba games::src/feature_extraction/non_points_features.py', 'ixarchakos nba games::src/feature_extraction/points_features.py', 'ixarchakos nba games::src/feature_extraction/simple_stats.py', 'ixarchakos nba games::src/machine_learning/__init__.py', 'ixarchakos nba games::src/machine_learning/classification.py', 'ixarchakos nba games::src/machine_learning/performance.py', 'ixarchakos nba games::src/tools/__init__.py', 'ixarchakos nba games::src/tools/general_tools.py', 'ixarchakos nba games::src/tools/sampling.py']",25,6,0.5555555555555556,0,0,85,9,0,456,362,0,0,0,0,0,0,0,2,0,0,6,0,204,0,56,0,0,0,1,574,576,0,0,0,1,0,0,0,0,0,0,0,0,0,0,0,0,0,25,0,0,0,0,0
iwangjian,ML-engineer,0,1,0,29,['iwangjian textsum gan'],16.0,"['iwangjian textsum gan::__init__.py', 'iwangjian textsum gan::attention_decoder.py', 'iwangjian textsum gan::batcher.py', 'iwangjian textsum gan::beam_search.py', 'iwangjian textsum gan::data.py', 'iwangjian textsum gan::data_loader.py', 'iwangjian textsum gan::decode.py', 'iwangjian textsum gan::discriminator.py', 'iwangjian textsum gan::gen_sample.py', 'iwangjian textsum gan::generator.py', 'iwangjian textsum gan::main.py', 'iwangjian textsum gan::main_gan.py', 'iwangjian textsum gan::rollout.py', 'iwangjian textsum gan::seqGAN.py', 'iwangjian textsum gan::trainer.py', 'iwangjian textsum gan::util.py']",9,2,0.3103448275862069,371,6,15,88,20,607,107,0,0,0,68,84,0,0,53,0,0,2,0,365,0,0,9,0,193,220,2348,941,0,0,0,0,0,0,0,0,0,0,0,0,0,0,0,0,0,9,0,0,0,0,0
ixarchakos,SE-engineer,1,0,0,7,['ixarchakos nba games'],,[],0,0,0.0,0,0,21,0,0,94,73,0,0,0,0,0,0,0,0,0,0,0,0,41,0,13,0,0,0,0,119,97,0,0,0,0,0,0,0,0,0,0,0,0,0,0,0,0,0,0,0,0,0,0,0
jay,SE-engineer,1,0,0,5,['JustGlowing minisom'],1.0,[],0,0,0.0,0,4,0,54,0,62,4,0,0,0,0,0,0,0,0,0,0,0,4,0,0,0,0,0,0,3,35,87,0,0,0,0,0,0,0,0,0,0,0,0,0,0,0,0,0,0,0,0,0,0,0
jay zalani,SE-engineer,1,0,0,7,['JdeRobot DetectionSuite'],1.0,['JdeRobot DetectionSuite::tests/test_io.py'],0,0,0.0,28,7,0,52,0,185,98,0,7,0,3,49,0,0,22,0,0,0,14,101,0,67,7,0,56,70,1129,480,0,0,0,35,21,0,0,0,0,0,0,0,0,0,0,0,7,0,0,0,0,0,0
jayzalani,SE-engineer,1,0,0,4,['JdeRobot DetectionSuite'],2.0,[],0,0,0.0,16,4,0,26,0,102,56,0,4,0,2,29,0,0,16,0,0,0,8,60,0,40,4,0,32,41,652,295,0,0,0,20,12,0,0,0,0,0,0,0,0,0,0,0,4,0,0,0,0,0,0
jessiffmm,Hybrid-engineer,0,0,1,2,['JdeRobot DetectionSuite'],1.0,[],0,0,0.0,10,4,6,12,0,50,18,0,0,0,2,0,0,0,0,0,0,0,0,10,0,0,0,0,4,4,72,210,0,0,0,0,0,0,0,0,0,0,4,0,0,0,0,0,0,0,0,0,0,0,0
jmacekx,SE-engineer,1,0,0,1,['IntelAI OpenVINO model server'],,[],0,0,0.0,7,20,28,60,6,178,57,4,18,0,29,0,0,4,50,2,0,0,2,41,0,160,2,10,17,25,644,329,0,0,0,0,0,0,0,0,0,0,0,0,0,0,0,0,0,0,0,0,0,0,0
jmplaza,SE-engineer,1,0,0,1,['JdeRobot DetectionSuite'],,[],0,0,0.0,5,2,3,6,0,25,9,0,0,0,1,0,0,0,0,0,0,0,0,5,0,0,0,0,2,2,36,105,0,0,0,0,0,0,0,0,0,0,2,0,0,0,0,0,0,0,0,0,0,0,0
jriege,SE-engineer,1,0,0,14,['JustGlowing minisom'],1.0,[],2,2,0.14285714285714285,0,14,43,461,0,526,8,0,0,0,42,42,0,42,0,0,0,2,14,28,0,29,0,0,0,14,246,688,0,0,0,0,0,0,0,0,0,0,0,0,0,0,0,0,0,2,0,0,0,0,0
jrozansk,SE-engineer,1,0,0,1,['IntelAI inference model manager'],,[],0,0,0.0,2,0,0,4,0,7,1,0,0,0,0,0,0,0,0,0,0,0,0,0,0,2,0,0,0,0,5,1,0,0,0,0,0,0,0,0,0,0,0,0,0,0,0,0,0,0,0,0,0,0,0
jszczepa,SE-engineer,1,0,0,4,['IntelAI OpenVINO model server'],12.0,[],1,1,0.25,38,16,95,53,0,331,129,16,60,0,132,0,0,12,112,8,0,1,4,138,0,600,2,40,58,86,1690,987,0,0,0,0,0,0,0,0,0,0,0,0,0,0,0,0,0,1,0,0,0,0,0
jtheiner,ML-engineer,0,1,0,16,['TIBHannover GeoEstimation'],23.0,"['TIBHannover GeoEstimation::classification/__init__.py', 'TIBHannover GeoEstimation::classification/dataset.py', 'TIBHannover GeoEstimation::classification/inference.py', 'TIBHannover GeoEstimation::classification/s2_utils.py', 'TIBHannover GeoEstimation::classification/test.py', 'TIBHannover GeoEstimation::classification/train_base.py', 'TIBHannover GeoEstimation::classification/utils_global.py', 'TIBHannover GeoEstimation::cnn_architectures/__init__.py', 'TIBHannover GeoEstimation::cnn_architectures/cnn_model.py', 'TIBHannover GeoEstimation::cnn_architectures/resnet_utils.py', 'TIBHannover GeoEstimation::cnn_architectures/vgg.py', 'TIBHannover GeoEstimation::create_cells.py', 'TIBHannover GeoEstimation::download_images.py', 'TIBHannover GeoEstimation::draw_class_activation_maps.py', 'TIBHannover GeoEstimation::filter_by_downloaded_images.py', 'TIBHannover GeoEstimation::partitioning/assign_classes.py', 'TIBHannover GeoEstimation::partitioning/create_cells.py', 'TIBHannover GeoEstimation::utils.py']",2,2,0.125,30,0,0,99,0,209,80,0,0,0,20,10,0,0,10,0,0,2,0,30,0,20,0,0,0,30,399,314,0,0,0,88,0,0,0,0,0,0,0,0,0,0,0,0,0,2,0,0,0,0,0
junyanz,Hybrid-engineer,0,0,1,52,['phillipi pix2pix'],4.0,['phillipi pix2pix::scripts/batch_hed.py'],2,2,0.038461538461538464,0,0,16,128,0,174,30,0,0,0,0,16,0,0,0,0,0,2,0,16,0,0,0,0,0,0,308,176,0,0,0,0,0,0,0,0,0,0,0,0,0,0,0,0,0,2,0,0,0,0,0
justglowing,SE-engineer,1,0,0,128,['JustGlowing minisom'],5.0,"['JustGlowing minisom::examples/example_color.py', 'JustGlowing minisom::examples/example_digits.py', 'JustGlowing minisom::examples/example_iris.py', 'JustGlowing minisom::minisom.py']",16,9,0.125,0,134,237,2501,0,2921,49,0,0,0,336,252,0,77,51,0,0,9,128,102,0,115,0,0,0,128,1286,3830,0,0,0,0,0,0,0,0,0,0,0,0,0,0,0,0,0,16,0,0,0,0,0
justinbuzzni,ML-engineer,0,1,0,1,['kimhc6028 relational networks'],,[],0,0,0.0,0,0,0,1,0,3,2,0,0,0,0,0,0,0,0,0,0,0,0,2,0,0,0,0,1,0,4,33,0,0,0,0,0,0,0,0,0,0,0,0,0,0,0,0,0,0,0,0,0,0,0
kevin ssy,ML-engineer,0,1,0,20,['kevin ssy Optical Flow Guided Feature'],46.0,"['kevin ssy Optical Flow Guided Feature::lib/caffe-action/action_python/VideoSpatialPrediction.py', 'kevin ssy Optical Flow Guided Feature::lib/caffe-action/action_python/VideoTemporalPrediction.py', 'kevin ssy Optical Flow Guided Feature::lib/caffe-action/action_python/demo.py', 'kevin ssy Optical Flow Guided Feature::lib/caffe-action/examples/finetune_flickr_style/assemble_data.py', 'kevin ssy Optical Flow Guided Feature::lib/caffe-action/examples/pycaffe/caffenet.py', 'kevin ssy Optical Flow Guided Feature::lib/caffe-action/examples/pycaffe/layers/pyloss.py', 'kevin ssy Optical Flow Guided Feature::lib/caffe-action/examples/web_demo/app.py', 'kevin ssy Optical Flow Guided Feature::lib/caffe-action/examples/web_demo/exifutil.py', 'kevin ssy Optical Flow Guided Feature::lib/caffe-action/python/bn_convert_style.py', 'kevin ssy Optical Flow Guided Feature::lib/caffe-action/python/caffe/__init__.py', 'kevin ssy Optical Flow Guided Feature::lib/caffe-action/python/caffe/classifier.py', 'kevin ssy Optical Flow Guided Feature::lib/caffe-action/python/caffe/detector.py', 'kevin ssy Optical Flow Guided Feature::lib/caffe-action/python/caffe/draw.py', 'kevin ssy Optical Flow Guided Feature::lib/caffe-action/python/caffe/io.py', 'kevin ssy Optical Flow Guided Feature::lib/caffe-action/python/caffe/net_spec.py', 'kevin ssy Optical Flow Guided Feature::lib/caffe-action/python/caffe/pycaffe.py', 'kevin ssy Optical Flow Guided Feature::lib/caffe-action/python/caffe/test/test_net.py', 'kevin ssy Optical Flow Guided Feature::lib/caffe-action/python/caffe/test/test_net_spec.py', 'kevin ssy Optical Flow Guided Feature::lib/caffe-action/python/caffe/test/test_python_layer.py', 'kevin ssy Optical Flow Guided Feature::lib/caffe-action/python/caffe/test/test_solver.py', 'kevin ssy Optical Flow Guided Feature::lib/caffe-action/python/classify.py', 'kevin ssy Optical Flow Guided Feature::lib/caffe-action/python/convert_to_fully_conv.py', 'kevin ssy Optical Flow Guided Feature::lib/caffe-action/python/detect.py', 'kevin ssy Optical Flow Guided Feature::lib/caffe-action/python/draw_net.py', 'kevin ssy Optical Flow Guided Feature::lib/caffe-action/python/gen_bn_inference.py', 'kevin ssy Optical Flow Guided Feature::lib/caffe-action/python/polyak_average.py', 'kevin ssy Optical Flow Guided Feature::lib/caffe-action/scripts/copy_notebook.py', 'kevin ssy Optical Flow Guided Feature::lib/caffe-action/scripts/cpp_lint.py', 'kevin ssy Optical Flow Guided Feature::lib/caffe-action/scripts/download_model_binary.py', 'kevin ssy Optical Flow Guided Feature::lib/caffe-action/src/caffe/test/test_data/generate_sample_data.py', 'kevin ssy Optical Flow Guided Feature::lib/caffe-action/tools/extra/extract_seconds.py', 'kevin ssy Optical Flow Guided Feature::lib/caffe-action/tools/extra/parse_log.py', 'kevin ssy Optical Flow Guided Feature::lib/caffe-action/tools/extra/resize_and_crop_images.py', 'kevin ssy Optical Flow Guided Feature::pyActionRecog/__init__.py', 'kevin ssy Optical Flow Guided Feature::pyActionRecog/action_caffe.py', 'kevin ssy Optical Flow Guided Feature::pyActionRecog/action_parrots.py', 'kevin ssy Optical Flow Guided Feature::pyActionRecog/benchmark_db.py', 'kevin ssy Optical Flow Guided Feature::pyActionRecog/utils/__init__.py', 'kevin ssy Optical Flow Guided Feature::pyActionRecog/utils/io.py', 'kevin ssy Optical Flow Guided Feature::pyActionRecog/utils/metrics.py', 'kevin ssy Optical Flow Guided Feature::pyActionRecog/utils/video_funcs.py', 'kevin ssy Optical Flow Guided Feature::tools/build_file_list.py', 'kevin ssy Optical Flow Guided Feature::tools/build_of.py', 'kevin ssy Optical Flow Guided Feature::tools/ensemble_test.py', 'kevin ssy Optical Flow Guided Feature::tools/parse_meta_data.py', 'kevin ssy Optical Flow Guided Feature::tools/test.py']",0,0,0.0,144,54,324,72,0,846,252,0,0,0,90,54,0,18,90,0,0,0,252,612,0,180,0,0,144,234,4230,4626,0,0,0,0,0,0,0,0,0,0,0,0,0,0,0,0,0,0,0,0,0,0,0
kimx5230,SE-engineer,1,0,0,5,['NCBI Hackathons Semantic search log analysis pipeline'],1.0,[],0,0,0.0,39,8,0,48,0,299,204,0,0,0,5,0,0,0,8,0,0,0,0,0,0,10,0,0,0,0,903,8,0,0,0,0,0,0,0,0,0,0,0,0,0,0,0,0,0,0,0,0,0,0,0
kk7nc,SE-engineer,1,0,0,34,['kk7nc HDLTex'],,[],0,0,0.0,0,0,0,0,0,0,0,0,0,0,0,0,0,0,0,0,0,0,0,0,0,0,0,0,0,0,0,0,0,0,0,0,0,0,0,0,0,0,0,0,0,0,0,0,0,0,0,0,0,0,0
lazysperm,SE-engineer,1,0,0,1,['JustGlowing minisom'],,[],1,1,1.0,0,1,3,30,0,34,0,0,0,0,3,2,0,3,0,0,0,1,1,2,0,2,0,0,0,1,17,46,0,0,0,0,0,0,0,0,0,0,0,0,0,0,0,0,0,1,0,0,0,0,0
lbugnon,SE-engineer,1,0,0,6,['JustGlowing minisom'],2.0,['JustGlowing minisom::tests/test_distance_map_average.py'],0,0,0.0,0,6,18,192,0,219,3,0,0,0,18,15,0,18,0,0,0,0,6,12,0,12,0,0,0,6,102,288,0,0,0,0,0,0,0,0,0,0,0,0,0,0,0,0,0,0,0,0,0,0,0
lgiommi,SE-engineer,1,0,0,70,['vkuznet MLaaS4HEP'],6.0,"['vkuznet MLaaS4HEP::src/python/MLaaS4HEP/ex_keras.py', 'vkuznet MLaaS4HEP::src/python/MLaaS4HEP/generator.py', 'vkuznet MLaaS4HEP::src/python/MLaaS4HEP/keras_model.py', 'vkuznet MLaaS4HEP::src/python/MLaaS4HEP/models.py', 'vkuznet MLaaS4HEP::src/python/MLaaS4HEP/reader.py']",17,8,0.24285714285714285,0,44,211,580,0,1340,505,0,0,0,140,210,0,184,140,0,70,8,70,1311,0,0,0,0,302,908,3445,2128,0,0,0,0,0,0,0,0,0,0,0,0,0,0,0,0,0,17,0,0,0,0,0
lidian,SE-engineer,1,0,0,1,['tech srl code2vec'],1.0,[],0,0,0.0,6,0,0,27,5,40,2,0,1,0,3,0,0,2,3,2,0,0,1,7,0,42,2,0,1,3,151,47,0,0,0,0,0,0,0,0,0,0,0,0,0,0,0,0,0,0,0,0,0,0,0
linbo0518,ML-engineer,0,1,0,183,"['linbo0518 BLSeg', 'linbo0518 CVBenchmarks']",67.0,"['linbo0518 BLSeg::/__init__.py', 'linbo0518 BLSeg::/backbone.py', 'linbo0518 BLSeg::/deeplabv3plus.py', 'linbo0518 BLSeg::/utils.py', 'linbo0518 BLSeg::blseg/__init__.py', 'linbo0518 BLSeg::blseg/backbone/__init__.py', 'linbo0518 BLSeg::blseg/backbone/base.py', 'linbo0518 BLSeg::blseg/backbone/mobilenet.py', 'linbo0518 BLSeg::blseg/backbone/resnet.py', 'linbo0518 BLSeg::blseg/backbone/utils.py', 'linbo0518 BLSeg::blseg/backbone/vgg.py', 'linbo0518 BLSeg::blseg/backbone/xception.py', 'linbo0518 BLSeg::blseg/loss.py', 'linbo0518 BLSeg::blseg/loss/__init__.py', 'linbo0518 BLSeg::blseg/loss/loss.py', 'linbo0518 BLSeg::blseg/metric.py', 'linbo0518 BLSeg::blseg/metric/__init__.py', 'linbo0518 BLSeg::blseg/metric/metric.py', 'linbo0518 BLSeg::blseg/model/__init__.py', 'linbo0518 BLSeg::blseg/model/base.py', 'linbo0518 BLSeg::blseg/model/deeplab.py', 'linbo0518 BLSeg::blseg/model/deeplab/__init__.py', 'linbo0518 BLSeg::blseg/model/deeplab/aspp.py', 'linbo0518 BLSeg::blseg/model/deeplab/deeplabv3plus.py', 'linbo0518 BLSeg::blseg/model/deeplabv3plus/__init__.py', 'linbo0518 BLSeg::blseg/model/deeplabv3plus/aspp.py', 'linbo0518 BLSeg::blseg/model/deeplabv3plus/deeplabv3plus.py', 'linbo0518 BLSeg::blseg/model/fcn.py', 'linbo0518 BLSeg::blseg/model/fcn/__init__.py', 'linbo0518 BLSeg::blseg/model/fcn/fcn.py', 'linbo0518 BLSeg::blseg/model/gcn.py', 'linbo0518 BLSeg::blseg/model/gcn/__init__.py', 'linbo0518 BLSeg::blseg/model/gcn/gcn.py', 'linbo0518 BLSeg::blseg/model/gcn/utils.py', 'linbo0518 BLSeg::blseg/model/pspnet.py', 'linbo0518 BLSeg::blseg/model/pspnet/__init__.py', 'linbo0518 BLSeg::blseg/model/pspnet/ppm.py', 'linbo0518 BLSeg::blseg/model/pspnet/pspnet.py', 'linbo0518 BLSeg::blseg/model/unet.py', 'linbo0518 BLSeg::blseg/model/unet/__init__.py', 'linbo0518 BLSeg::blseg/model/unet/unet.py', 'linbo0518 BLSeg::blseg/model/unet/utils.py', 'linbo0518 BLSeg::blseg/model/utils.py', 'linbo0518 BLSeg::blseg/nn.py', 'linbo0518 BLSeg::blseg/utils/__init__.py', 'linbo0518 BLSeg::blseg/utils/utils.py', 'linbo0518 BLSeg::fcn/backbone.py', 'linbo0518 BLSeg::fcn/fcn.py', 'linbo0518 BLSeg::fcn/utils.py', 'linbo0518 BLSeg::llseg/__init__.py', 'linbo0518 BLSeg::llseg/backbone/__init__.py', 'linbo0518 BLSeg::llseg/backbone/model.py', 'linbo0518 BLSeg::llseg/backbone/utils.py', 'linbo0518 BLSeg::llseg/fcn/__init__.py', 'linbo0518 BLSeg::llseg/fcn/backbone.py', 'linbo0518 BLSeg::llseg/fcn/fcn.py', 'linbo0518 BLSeg::llseg/fcn/utils.py', 'linbo0518 BLSeg::llseg/unet/__init__.py', 'linbo0518 BLSeg::llseg/unet/backbone.py', 'linbo0518 BLSeg::llseg/unet/unet.py', 'linbo0518 BLSeg::llseg/unet/utils.py', 'linbo0518 BLSeg::setup.py', 'linbo0518 BLSeg::unet/backbone.py', 'linbo0518 BLSeg::unet/unet.py', 'linbo0518 BLSeg::unet/utils.py', 'linbo0518 CVBenchmarks::code/mx_benchmark.py', 'linbo0518 CVBenchmarks::code/tvm_benchmark.py']",10,8,0.0546448087431694,263,574,1,4453,0,5303,12,0,0,0,8,0,0,0,86,0,76,8,0,51,0,0,0,0,0,454,4508,15889,0,0,0,0,0,0,0,0,0,0,0,0,0,0,23,0,0,10,0,580,0,580,B101B101B101B101B101B101B101B101B101B101B101B101B101B101B101B101B101B101B101B101B101B101B101B101B101B101B101B101B101B101B101B101B101B101B101B101B101B101B101B101B101B101B101B101B101B101B101B101B101B101B101B101B101B101B101B101B101B101B101B101B101B101B101B101B101B101B101B101B101B101B101B101B101B101B101B101B101B101B101B101B101B101B101B101B101B101B101B101B101B101B101B101B101B101B101B101B101B101B101B101B101B101B101B101B101B101B101B101B101B101B101B101B101B101B101B101B101
liuxinhai,Hybrid-engineer,0,0,1,17,['liuxinhai Point2Sequence'],17.0,"['liuxinhai Point2Sequence::modelnet_dataset.py', 'liuxinhai Point2Sequence::modelnet_h5_dataset.py', 'liuxinhai Point2Sequence::models/point2sequence_cls.py', 'liuxinhai Point2Sequence::models/point2sequence_part_seg.py', 'liuxinhai Point2Sequence::part_seg/part_dataset.py', 'liuxinhai Point2Sequence::part_seg/part_dataset_all_normal.py', 'liuxinhai Point2Sequence::part_seg/train.py', 'liuxinhai Point2Sequence::tf_ops/3d_interpolation/tf_interpolate.py', 'liuxinhai Point2Sequence::tf_ops/3d_interpolation/tf_interpolate_op_test.py', 'liuxinhai Point2Sequence::tf_ops/3d_interpolation/visu_interpolation.py', 'liuxinhai Point2Sequence::tf_ops/grouping/tf_grouping.py', 'liuxinhai Point2Sequence::tf_ops/grouping/tf_grouping_op_test.py', 'liuxinhai Point2Sequence::tf_ops/sampling/tf_sampling.py', 'liuxinhai Point2Sequence::train.py', 'liuxinhai Point2Sequence::utils/pointnet_util.py', 'liuxinhai Point2Sequence::utils/provider.py', 'liuxinhai Point2Sequence::utils/tf_util.py']",0,0,0.0,0,0,53,17,0,101,31,0,0,0,0,0,0,0,12,0,0,0,0,4,0,6,0,0,0,33,169,197,0,2,0,0,0,0,0,0,0,0,26,0,0,0,0,0,0,0,0,0,0,0,0
lorenzoferre,SE-engineer,1,0,0,4,['JustGlowing minisom'],1.0,[],5,3,1.25,0,4,36,128,0,176,8,0,0,0,16,16,0,12,0,0,0,3,4,12,0,40,0,0,4,8,80,284,0,0,0,0,0,0,0,0,0,0,0,0,0,0,0,0,0,5,0,0,0,0,0
lvapeab,Hybrid-engineer,0,0,1,22,['lvapeab ABiViRNet'],21.0,"['lvapeab ABiViRNet::__init__.py', 'lvapeab ABiViRNet::abivirnet/__init__.py', 'lvapeab ABiViRNet::abivirnet/apply_model.py', 'lvapeab ABiViRNet::abivirnet/build_callbacks.py', 'lvapeab ABiViRNet::abivirnet/model_zoo.py', 'lvapeab ABiViRNet::abivirnet/training.py', 'lvapeab ABiViRNet::config.py', 'lvapeab ABiViRNet::data_engine/__init__.py', 'lvapeab ABiViRNet::data_engine/generate_descriptions_lists.py', 'lvapeab ABiViRNet::data_engine/generate_features_lists.py', 'lvapeab ABiViRNet::data_engine/generate_img_lists.py', 'lvapeab ABiViRNet::data_engine/prepare_data.py', 'lvapeab ABiViRNet::data_engine/subsample_frames_features.py', 'lvapeab ABiViRNet::main.py', 'lvapeab ABiViRNet::utils/__init__.py', 'lvapeab ABiViRNet::utils/callbacks.py', 'lvapeab ABiViRNet::utils/common.py', 'lvapeab ABiViRNet::utils/evaluation.py', 'lvapeab ABiViRNet::utils/prepare_features.py', 'lvapeab ABiViRNet::utils/read_write.py', 'lvapeab ABiViRNet::viddesc_model.py']",0,0,0.0,54,64,166,51,0,2133,1798,0,0,0,0,0,0,0,8,0,0,0,0,59,0,28,0,0,63,39,409,561,0,0,0,0,0,0,0,0,0,0,0,0,0,0,0,0,0,0,0,0,0,0,0
lvaro,SE-engineer,1,0,0,2,['lvapeab ABiViRNet'],,[],0,0,0.0,6,6,17,6,0,111,76,0,0,0,0,0,0,0,1,0,0,0,0,5,0,2,0,0,4,5,25,31,0,0,0,0,0,0,0,0,0,0,0,0,0,0,0,0,0,0,0,0,0,0,0
lvaro Peris,SE-engineer,1,0,0,4,['lvapeab ABiViRNet'],,[],0,0,0.0,0,4,8,0,0,348,336,0,0,0,0,0,0,0,0,0,0,0,0,4,0,4,0,0,8,0,24,84,0,0,0,0,0,0,0,0,0,0,0,0,0,0,0,0,0,0,0,0,0,0,0
mader,SE-engineer,1,0,0,6,['phillipi pix2pix'],,[],0,0,0.0,0,0,0,6,0,6,0,0,0,0,0,0,0,0,0,0,0,0,0,0,0,0,0,0,0,0,12,0,0,0,0,0,0,0,0,0,0,0,0,0,0,0,0,0,0,0,0,0,0,0,0
mareklevv,SE-engineer,1,0,0,22,['IntelAI inference model manager'],23.0,"['IntelAI inference model manager::examples/grpc_client/images_2_numpy.py', 'IntelAI inference model manager::examples/grpc_client/load_testing/image_locust.py']",6,3,0.2727272727272727,1477,23,155,563,0,2472,254,198,183,0,39,0,0,9,325,0,22,3,0,88,0,954,0,0,0,244,2133,1400,0,0,0,0,0,0,0,0,0,0,0,0,0,0,0,0,0,6,0,0,0,0,0
mareklew Intel,SE-engineer,1,0,0,50,['IntelAI inference model manager'],69.0,"['IntelAI inference model manager::cli-scripts/refresh_token.py', 'IntelAI inference model manager::cli-scripts/webbrowser_authenticate.py', 'IntelAI inference model manager::dex-authenticate/authenticate.py', 'IntelAI inference model manager::management/__init__.py', 'IntelAI inference model manager::management/management_api/authenticate/__init__.py', 'IntelAI inference model manager::management/management_api/authenticate/auth_controller.py', 'IntelAI inference model manager::management/management_api/authenticate/authenticate.py', 'IntelAI inference model manager::management/management_api/endpoints/__init__.py', 'IntelAI inference model manager::management/management_api/main.py', 'IntelAI inference model manager::management/management_api/models/__init__.py', 'IntelAI inference model manager::management/management_api/tenants/__init__.py', 'IntelAI inference model manager::management/management_api/upload/__init__.py', 'IntelAI inference model manager::management/management_api/utils/cert.py', 'IntelAI inference model manager::management/setup.py', 'IntelAI inference model manager::management/test/conftest.py', 'IntelAI inference model manager::management/test/test_auth/test_auth_controller.py', 'IntelAI inference model manager::management/test/test_auth/test_authenticate.py', 'IntelAI inference model manager::management/test/test_endpoints/__init__.py', 'IntelAI inference model manager::management/test/test_upload/__init__.py', 'IntelAI inference model manager::management/test/test_utils/test_parse_request.py', 'IntelAI inference model manager::scripts/model_upload_cli.py', 'IntelAI inference model manager::scripts/refresh_token.py', 'IntelAI inference model manager::scripts/webbrowser_authenticate.py', 'IntelAI inference model manager::tests/context.py', 'IntelAI inference model manager::tests/e2e_tests/config.py', 'IntelAI inference model manager::tests/e2e_tests/management_api_requests.py', 'IntelAI inference model manager::tests/e2e_tests/tf_serving_utils/endpoint_utils.py', 'IntelAI inference model manager::tests/integration/__init__.py', 'IntelAI inference model manager::tests/integration/test_ovms.py', 'IntelAI inference model manager::tests/management_api_tests/authenticate.py', 'IntelAI inference model manager::tests/management_api_tests/authenticate/test_authenticate.py', 'IntelAI inference model manager::tests/management_api_tests/context.py', 'IntelAI inference model manager::tests/management_api_tests/upload/test_multipart_upload.py', 'IntelAI inference model manager::tests/tfserving_tests/config.py', 'IntelAI inference model manager::tests/tfserving_tests/utils/classes.py', 'IntelAI inference model manager::tests/tfserving_tests/utils/load_numpy.py']",13,6,0.26,2631,17,321,836,0,4218,413,357,289,0,4,0,0,36,555,0,44,6,0,68,0,1707,0,0,4,257,3820,2214,0,0,0,0,0,0,0,0,0,0,0,0,0,0,0,0,0,13,0,0,0,0,0
matthias,SE-engineer,1,0,0,1,['TIBHannover GeoEstimation'],,[],0,0,0.0,5,1,3,3,0,15,3,0,0,0,0,1,0,0,3,0,0,0,0,6,0,0,0,0,1,11,39,38,0,0,5,2,0,0,0,0,0,0,0,0,0,0,0,0,0,0,0,0,0,0,0
mayank k91,SE-engineer,1,0,0,1,['iwangjian textsum gan'],1.0,[],2,1,2.0,12,0,0,3,1,19,3,0,0,0,2,3,0,0,2,0,0,1,0,13,0,0,0,0,7,8,80,32,0,0,0,0,0,0,0,0,0,0,0,0,0,0,0,0,0,2,0,0,0,0,0
medecau,SE-engineer,1,0,0,2,['Tiiiger bert score'],1.0,[],0,0,0.0,0,0,0,28,0,32,4,4,0,0,8,0,0,0,4,0,0,0,0,20,0,2,0,0,6,14,128,36,0,0,4,14,0,0,0,0,0,0,0,0,0,0,0,0,0,0,0,0,0,0,0
meekhumor,SE-engineer,1,0,0,1,['JdeRobot DetectionSuite'],1.0,[],0,0,0.0,4,1,0,7,0,26,14,0,1,0,0,7,0,0,2,0,0,0,2,15,0,8,1,0,8,10,157,87,0,0,0,5,3,0,0,0,0,0,0,0,0,0,0,0,1,0,0,0,0,0,0
michalkulakowski,SE-engineer,1,0,0,241,['IntelAI OpenVINO model server'],78.0,"['IntelAI OpenVINO model server::client/python/kserve-api/samples/grpc_infer_binary_resnet.py', 'IntelAI OpenVINO model server::client/python/kserve-api/samples/http_infer_binary_resnet.py', 'IntelAI OpenVINO model server::client/python/kserve-api/samples/kfs_grpc_binary_inputs_predict_resnet.py', 'IntelAI OpenVINO model server::client/python/lib/test/test_tensors.py', 'IntelAI OpenVINO model server::client/python/ovmsclient/samples/grpc_get_model_metadata.py', 'IntelAI OpenVINO model server::client/python/ovmsclient/samples/grpc_get_model_status.py', 'IntelAI OpenVINO model server::client/python/samples/grpc_get_model_metadata.py', 'IntelAI OpenVINO model server::client/python/samples/grpc_get_model_status.py', 'IntelAI OpenVINO model server::client/python/samples/grpc_predict_binary_resnet.py', 'IntelAI OpenVINO model server::client/python/samples/grpc_predict_binary_vehicle_detection.py', 'IntelAI OpenVINO model server::client/python/samples/grpc_predict_resnet.py', 'IntelAI OpenVINO model server::client/python/samples/http_get_model_metadata.py', 'IntelAI OpenVINO model server::client/python/samples/http_get_model_status.py', 'IntelAI OpenVINO model server::client/python/samples/http_predict_binary_resnet.py', 'IntelAI OpenVINO model server::client/python/samples/http_predict_binary_vehicle_detection.py', 'IntelAI OpenVINO model server::client/python/samples/http_predict_resnet.py', 'IntelAI OpenVINO model server::client/python/samples/utils/resnet_utils.py', 'IntelAI OpenVINO model server::client/python/samples/utils/vehicle_utils.py', 'IntelAI OpenVINO model server::client/python/tensorflow-serving-api/samples/grpc_get_model_status.py', 'IntelAI OpenVINO model server::demos/audio/openai_speech2text.py', 'IntelAI OpenVINO model server::demos/audio/openai_text2speech.py', 'IntelAI OpenVINO model server::demos/benchmark/v3/benchmark.py', 'IntelAI OpenVINO model server::demos/embeddings/compare_results.py', 'IntelAI OpenVINO model server::demos/image_classification_with_string_output/download_model.py', 'IntelAI OpenVINO model server::demos/image_classification_with_string_output/image_classification_with_string_output.py', 'IntelAI OpenVINO model server::demos/mediapipe/multi_model_graph/mediapipe_multi_model_client.py', 'IntelAI OpenVINO model server::demos/optical_character_recognition/python/optical_character_recognition.py', 'IntelAI OpenVINO model server::demos/python_demos/llm_python_backend/client.py', 'IntelAI OpenVINO model server::demos/python_demos/llm_python_backend/download_model.py', 'IntelAI OpenVINO model server::demos/python_demos/llm_python_backend/servable/config.py', 'IntelAI OpenVINO model server::demos/python_demos/llm_python_backend/servable/model.py', 'IntelAI OpenVINO model server::demos/python_demos/llm_text_generation/utils.py', 'IntelAI OpenVINO model server::demos/python_demos/seq2seq_translation/client.py', 'IntelAI OpenVINO model server::demos/python_demos/seq2seq_translation/servable/model.py', 'IntelAI OpenVINO model server::demos/python_demos/stable_diffusion/client.py', 'IntelAI OpenVINO model server::demos/python_demos/stable_diffusion/servable/model.py', 'IntelAI OpenVINO model server::demos/real_time_stream_analysis/python/real_time_stream_analysis.py', 'IntelAI OpenVINO model server::demos/single_face_analysis_pipeline/python/single_face_analysis_pipeline.py', 'IntelAI OpenVINO model server::example_client/grpc_binary_client.py', 'IntelAI OpenVINO model server::src/test/mediapipe/python/scripts/add_two_inputs.py', 'IntelAI OpenVINO model server::src/test/mediapipe/python/scripts/concatenate_input_arrays.py', 'IntelAI OpenVINO model server::src/test/mediapipe/python/scripts/return_non_tensor_object.py', 'IntelAI OpenVINO model server::src/test/mediapipe/python/scripts/return_none_object.py', 'IntelAI OpenVINO model server::src/test/mediapipe/python/scripts/single_io_increment_by_2.py']",268,73,1.112033195020747,2565,4110,6552,13436,1137,39227,11427,722,3311,0,5557,7,0,670,7483,360,0,73,233,7282,0,29193,322,1744,2955,4561,110982,55501,0,0,0,0,0,0,0,0,0,0,0,0,0,0,0,0,0,268,0,0,0,0,0
minlu1021,SE-engineer,1,0,0,1,['neo ai neo ai dlr'],,[],0,1,0.0,6,1,9,22,0,84,46,0,0,0,7,5,0,1,3,0,0,1,1,12,0,7,0,0,1,0,80,50,0,0,0,0,0,0,0,0,0,0,0,0,0,0,0,0,0,0,0,0,0,0,0
mjmarin,Hybrid-engineer,0,0,1,5,['AVAuco laeonet'],30.0,"['AVAuco laeonet::laeonet-head-det-track/detector/__init__.py', 'AVAuco laeonet::laeonet-head-det-track/detector/bounding_box_utils/__init__.py', 'AVAuco laeonet::laeonet-head-det-track/detector/bounding_box_utils/bounding_box_utils.py', 'AVAuco laeonet::laeonet-head-det-track/detector/keras_layers/__init__.py', 'AVAuco laeonet::laeonet-head-det-track/detector/keras_layers/keras_layer_AnchorBoxes.py', 'AVAuco laeonet::laeonet-head-det-track/detector/keras_layers/keras_layer_DecodeDetections.py', 'AVAuco laeonet::laeonet-head-det-track/detector/keras_layers/keras_layer_DecodeDetectionsFast.py', 'AVAuco laeonet::laeonet-head-det-track/detector/keras_layers/keras_layer_L2Normalization.py', 'AVAuco laeonet::laeonet-head-det-track/detector/keras_loss_function/__init__.py', 'AVAuco laeonet::laeonet-head-det-track/detector/keras_loss_function/keras_ssd_loss.py', 'AVAuco laeonet::laeonet-head-det-track/detector/models/__init__.py', 'AVAuco laeonet::laeonet-head-det-track/detector/models/keras_ssd512.py', 'AVAuco laeonet::laeonet-head-det-track/laeonet/ln_demo_test.py', 'AVAuco laeonet::laeonet-head-det-track/laeonet/mj_genericUtils.py', 'AVAuco laeonet::laeonet-head-det-track/laeonet/mj_laeoImage.py', 'AVAuco laeonet::laeonet-head-det-track/tracking/__init__.py', 'AVAuco laeonet::laeonet-head-det-track/tracking/tube_utils.py', 'AVAuco laeonet::laeonet-head-det-track/utils/__init__.py', 'AVAuco laeonet::laeonet-head-det-track/utils/utils.py', 'AVAuco laeonet::mains/ln_demo_det_track_laeo.py', 'AVAuco laeonet::mains/ln_demo_test.py', 'AVAuco laeonet::utils/mj_avagoogleConfig.py', 'AVAuco laeonet::utils/mj_avagoogleImages.py', 'AVAuco laeonet::utils/mj_genericUtils.py', 'AVAuco laeonet::utils/mj_laeoImage.py', 'AVAuco laeonet::utils/mj_laeoUtils.py', 'AVAuco laeonet::utils/mj_miningSamples.py', 'AVAuco laeonet::utils/mj_tracksManager.py', 'AVAuco laeonet::utils/model_utils.py']",0,0,0.0,39,4,50,27,0,161,41,0,6,0,16,0,0,0,6,0,0,0,2,48,0,19,0,0,18,34,357,824,0,0,0,0,0,0,0,0,0,0,4,0,0,0,0,0,0,0,0,0,0,0,0
mks0601,Hybrid-engineer,0,0,1,4,['mks0601 PoseFix RELEASE'],33.0,"['mks0601 PoseFix RELEASE::data/COCO/dataset.py', 'mks0601 PoseFix RELEASE::data/MPII/dataset.py', 'mks0601 PoseFix RELEASE::data/PoseTrack/dataset.py', 'mks0601 PoseFix RELEASE::lib/__init__.py', 'mks0601 PoseFix RELEASE::lib/nets/__init__.py', 'mks0601 PoseFix RELEASE::lib/nets/basemodel.py', 'mks0601 PoseFix RELEASE::lib/nets/resnet_utils.py', 'mks0601 PoseFix RELEASE::lib/nets/resnet_v1.py', 'mks0601 PoseFix RELEASE::lib/nms/__init__.py', 'mks0601 PoseFix RELEASE::lib/nms/nms.py', 'mks0601 PoseFix RELEASE::lib/nms/setup.py', 'mks0601 PoseFix RELEASE::lib/tfflat/__init__.py', 'mks0601 PoseFix RELEASE::lib/tfflat/base.py', 'mks0601 PoseFix RELEASE::lib/tfflat/data_provider.py', 'mks0601 PoseFix RELEASE::lib/tfflat/dpflow.py', 'mks0601 PoseFix RELEASE::lib/tfflat/logger.py', 'mks0601 PoseFix RELEASE::lib/tfflat/mp_utils.py', 'mks0601 PoseFix RELEASE::lib/tfflat/net_utils.py', 'mks0601 PoseFix RELEASE::lib/tfflat/saver.py', 'mks0601 PoseFix RELEASE::lib/tfflat/serialize.py', 'mks0601 PoseFix RELEASE::lib/tfflat/timer.py', 'mks0601 PoseFix RELEASE::lib/tfflat/utils.py', 'mks0601 PoseFix RELEASE::lib/utils/__init__.py', 'mks0601 PoseFix RELEASE::lib/utils/blob.py', 'mks0601 PoseFix RELEASE::lib/utils/boxes_grid.py', 'mks0601 PoseFix RELEASE::lib/utils/mask.py', 'mks0601 PoseFix RELEASE::lib/utils/timer.py', 'mks0601 PoseFix RELEASE::main/config.py', 'mks0601 PoseFix RELEASE::main/gen_batch.py', 'mks0601 PoseFix RELEASE::main/model.py', 'mks0601 PoseFix RELEASE::main/test.py', 'mks0601 PoseFix RELEASE::main/train.py', 'mks0601 PoseFix RELEASE::tool/posetrack2coco_output.py']",0,0,0.0,20,0,72,32,0,160,36,0,4,0,8,8,0,4,20,0,0,0,20,64,0,4,0,0,16,44,312,1024,0,0,0,0,0,0,0,0,8,0,4,0,0,0,0,0,0,0,0,0,0,0,0
mkuczyns11,SE-engineer,1,0,0,72,['IntelAI OpenVINO model server'],46.0,"['IntelAI OpenVINO model server::client/python/lib/test/config.py', 'IntelAI OpenVINO model server::client/python/lib/test/test_GrpcModelStatusResponse_to_dict.py', 'IntelAI OpenVINO model server::client/python/lib/test/test_check_model_spec.py', 'IntelAI OpenVINO model server::client/python/lib/test/test_grpc_requests.py', 'IntelAI OpenVINO model server::client/python/lib/test/test_grpc_responses.py', 'IntelAI OpenVINO model server::client/python/lib/test/test_grpc_serving_client.py', 'IntelAI OpenVINO model server::client/python/lib/test/test_make_status_request.py', 'IntelAI OpenVINO model server::demos/bert_question_answering/python/tokens_bert.py', 'IntelAI OpenVINO model server::demos/face_blur/python/face_blur.py']",130,35,1.8055555555555556,490,419,1399,840,0,4849,1701,156,979,0,1610,18,0,122,1717,166,0,35,72,1648,0,8382,14,514,794,1177,26725,13114,0,0,0,0,0,0,0,0,0,0,0,0,0,0,0,0,0,130,0,2,0,2,B101B101
mkulakow,SE-engineer,1,0,0,22,['IntelAI OpenVINO model server'],,[],19,6,0.8636363636363636,0,0,222,22,0,392,148,22,220,0,0,0,0,0,242,0,0,6,22,118,0,870,0,0,88,198,2992,1672,0,0,0,0,0,0,0,0,0,0,0,0,0,0,0,0,0,19,0,0,0,0,0
mohandodda0,SE-engineer,1,0,0,1,['kk7nc Text Classification'],,[],1,1,1.0,2,0,3,15,0,22,2,0,0,0,0,0,0,0,0,0,0,1,0,1,0,0,0,0,0,2,23,31,0,0,0,0,0,0,0,0,4,0,0,0,0,0,0,0,0,1,0,0,0,0,0
mojtaba Hsafa,SE-engineer,1,0,0,1,['kk7nc RMDL'],,[],0,0,0.0,0,1,6,3,0,12,2,0,0,0,0,0,0,0,2,0,0,0,0,5,0,0,0,0,3,4,44,11,0,0,0,0,0,0,0,0,6,0,0,0,0,0,0,0,0,0,0,0,0,0,0
muellerer,SE-engineer,1,0,0,9,['TIBHannover GeoEstimation'],4.0,[],2,1,0.2222222222222222,45,9,27,12,0,129,36,0,0,0,0,9,0,0,27,0,0,1,0,37,0,0,0,0,0,99,300,220,0,0,0,0,0,0,0,0,0,0,0,0,0,0,0,0,0,2,0,0,0,0,0
mugoh,SE-engineer,1,0,0,1,['JdeRobot DetectionSuite'],,[],0,0,0.0,6,3,6,17,0,51,19,0,0,0,2,1,0,0,0,0,0,0,0,7,0,0,0,0,3,2,43,131,0,0,0,0,0,0,0,0,0,0,2,0,0,0,0,0,0,0,0,0,0,0,0
muhammadfahid51,Hybrid-engineer,0,0,1,12,['urduhack urduhack'],41.0,"['urduhack urduhack::urduhack/arabic/__init__.py', 'urduhack urduhack::urduhack/arabic/tests/__init__.py', 'urduhack urduhack::urduhack/arabic/tests/test_text.py', 'urduhack urduhack::urduhack/arabic/text.py', 'urduhack urduhack::urduhack/command/__init__.py', 'urduhack urduhack::urduhack/command/cli.py', 'urduhack urduhack::urduhack/command/cmd_download.py', 'urduhack urduhack::urduhack/errors.py', 'urduhack urduhack::urduhack/tasks/__init__.py', 'urduhack urduhack::urduhack/tasks/_backend/__init__.py', 'urduhack urduhack::urduhack/tasks/sentiment.py', 'urduhack urduhack::urduhack/tasks/tests/__init__.py', 'urduhack urduhack::urduhack/tokenization/__init__.py', 'urduhack urduhack::urduhack/tokenization/keras_tokenizer.py', 'urduhack urduhack::urduhack/utils/arabic.py', 'urduhack urduhack::urduhack/utils/tests/test_arabic.py']",14,1,1.1666666666666667,0,0,48,12,0,395,335,0,0,0,134,0,0,0,98,0,0,1,0,24,0,36,0,0,18,3,833,145,0,0,0,0,0,0,0,0,0,0,0,0,0,0,0,0,0,14,0,0,0,0,0
mujadadrao,SE-engineer,1,0,0,8,['urduhack urduhack'],19.0,"['urduhack urduhack::urduhack/normalization/space/util.py', 'urduhack urduhack::urduhack/tokenization/tests/__init__.py', 'urduhack urduhack::urduhack/utils/tests/__init__.py']",4,1,0.5,0,0,21,0,0,199,178,0,0,0,58,0,0,0,25,0,0,1,0,9,0,9,0,0,8,0,199,22,0,0,0,0,0,0,0,0,0,0,0,0,0,0,0,0,0,4,0,0,0,0,0
mzeglars,SE-engineer,1,0,0,13,['IntelAI OpenVINO model server'],2.0,[],28,4,2.1538461538461537,6,4,150,27,0,306,119,16,134,0,31,0,0,2,159,0,0,4,13,90,0,626,0,10,59,129,2105,1128,0,0,0,0,0,0,0,0,0,0,0,0,0,0,0,0,0,28,0,0,0,0,0
nachoaz,SE-engineer,1,0,0,1,['JdeRobot DetectionSuite'],,[],0,0,0.0,5,2,3,6,0,25,9,0,0,0,1,0,0,0,0,0,0,0,0,5,0,0,0,0,2,2,36,105,0,0,0,0,0,0,0,0,0,0,2,0,0,0,0,0,0,0,0,0,0,0,0
naeem9,SE-engineer,1,0,0,1,['urduhack urduhack'],1.0,[],1,1,1.0,0,0,4,0,0,32,28,0,0,0,9,0,0,0,7,0,0,1,0,2,0,3,0,0,1,0,67,8,0,0,0,0,0,0,0,0,0,0,0,0,0,0,0,0,0,1,0,0,0,0,0
naiyeleo,Hybrid-engineer,0,0,1,86,['PurduePAML TrojanNN'],15.0,"['PurduePAML TrojanNN::code/filter/filter_vgg.py', 'PurduePAML TrojanNN::code/gen_trigger/act_max.tvd.center_part.py', 'PurduePAML TrojanNN::code/gen_trigger/settings.py', 'PurduePAML TrojanNN::code/retrain/read_caffe_param.py', 'PurduePAML TrojanNN::code/retrain/vgg_fc6.py', 'PurduePAML TrojanNN::data/age/swap_channel.py', 'PurduePAML TrojanNN::data/age/test_one_image.py', 'PurduePAML TrojanNN::data/face/test_one_image.py', 'PurduePAML TrojanNN::data/record.py', 'PurduePAML TrojanNN::data/sentence/conv_net_classes_update.py', 'PurduePAML TrojanNN::data/sentence/conv_net_sentence_mlp_test.py', 'PurduePAML TrojanNN::data/sentence/process_data.py', 'PurduePAML TrojanNN::data/sentence/read_pkl.py', 'PurduePAML TrojanNN::data/speech/test_speech.py', 'PurduePAML TrojanNN::data/test_speech.py']",12,12,0.13953488372093023,4,228,382,930,0,1836,292,0,152,0,0,156,0,0,76,0,0,12,0,8,0,0,0,0,8,236,748,1102,0,0,0,0,0,0,0,0,0,0,0,0,0,0,0,0,0,12,0,0,0,0,0
ncybulsk,SE-engineer,1,0,0,5,['IntelAI OpenVINO model server'],20.0,['IntelAI OpenVINO model server::tests/functional/object_model/__init__.py'],0,0,0.0,0,0,36,4,0,61,21,4,47,0,7,0,0,0,61,0,0,0,4,19,0,204,0,0,19,39,489,450,0,0,0,0,0,0,0,0,0,0,0,0,0,0,0,0,0,0,0,0,0,0,0
ngrozae,ML-engineer,0,1,0,77,['IntelAI OpenVINO model server'],15.0,"['IntelAI OpenVINO model server::demos/llama_chat/python/download_model.py', 'IntelAI OpenVINO model server::tests/sdl/whitelists.py']",98,32,1.2727272727272727,958,1601,2307,5316,466,14899,4251,258,1096,0,2051,4,0,257,2654,132,0,32,75,2628,0,10256,132,640,978,1591,39173,19820,0,0,0,0,0,0,0,0,0,0,0,0,0,0,0,0,0,98,0,0,0,0,0
nikicc,Hybrid-engineer,0,0,1,8,['nikicc twitter emotion recognition'],3.0,"['nikicc twitter emotion recognition::demo.py', 'nikicc twitter emotion recognition::emotion_predictor.py', 'nikicc twitter emotion recognition::models/merge-keras-models.py']",2,1,0.25,14,0,0,1,0,15,0,0,0,0,0,0,0,0,0,0,0,1,0,0,0,0,0,0,0,0,19,28,0,0,0,21,0,0,0,0,0,0,0,0,0,0,0,0,0,2,0,0,0,0,0
nischalhp,Hybrid-engineer,0,0,1,33,['deep learning for humans fontastic'],19.0,"['deep learning for humans fontastic::fontastic/__init__.py', 'deep learning for humans fontastic::fontastic/data_generation/__init__.py', 'deep learning for humans fontastic::fontastic/data_generation/local_image_gen.py', 'deep learning for humans fontastic::fontastic/data_generation/scrape.py', 'deep learning for humans fontastic::fontastic/data_generation/scrape_dafont.py', 'deep learning for humans fontastic::fontastic/data_generation/train_test_split.py', 'deep learning for humans fontastic::fontastic/scrape/__init__.py', 'deep learning for humans fontastic::fontastic/scrape/scrape.py', 'deep learning for humans fontastic::fontastic/utils/__init__.py', 'deep learning for humans fontastic::fontastic/utils/logging.py', 'deep learning for humans fontastic::fontastic/utils/logging_conf.py', 'deep learning for humans fontastic::notebooks/gradcam/__init__.py', 'deep learning for humans fontastic::notebooks/gradcam/gradcam.py', 'deep learning for humans fontastic::notebooks/gradcam/misc_functions.py', 'deep learning for humans fontastic::notebooks/models/__init__.py', 'deep learning for humans fontastic::notebooks/models/darknet.py']",0,0,0.0,0,4,12,31,0,160,113,0,0,0,1,0,0,0,0,0,0,0,0,19,0,0,0,0,16,20,344,440,0,0,0,57,0,0,0,0,0,54,0,0,0,0,0,0,0,0,0,0,0,0,0
njohnso6,SE-engineer,1,0,0,17,['NCBI Hackathons Semantic search log analysis pipeline'],1.0,['NCBI Hackathons Semantic search log analysis pipeline::02_Run_APIs.py'],0,0,0.0,126,24,0,186,0,970,634,0,0,0,17,0,0,0,30,0,0,0,0,0,0,32,0,0,0,0,2850,73,0,0,0,6,0,0,0,0,0,0,0,0,0,0,0,0,0,0,0,0,0,0,0
paperspace,ML-engineer,0,1,0,1,['deep learning for humans fontastic'],,[],0,0,0.0,0,0,0,0,0,0,0,0,0,0,0,0,0,0,0,0,0,0,0,0,0,0,0,0,0,0,3,2,0,0,0,0,0,0,0,0,0,0,0,0,0,0,0,0,0,0,0,0,0,0,0
rafal rozestwinski,SE-engineer,1,0,0,5,['IntelAI OpenVINO model server'],2.0,[],5,1,1.0,0,0,33,1,0,51,17,4,39,0,7,0,0,0,66,0,0,1,3,15,0,214,0,0,19,57,472,544,0,0,0,0,0,0,0,0,0,0,0,0,0,0,0,0,0,5,0,0,0,0,0
rasapala,SE-engineer,1,0,0,35,['IntelAI OpenVINO model server'],1.0,[],12,6,0.34285714285714286,2,2,357,53,7,705,284,38,363,0,29,0,0,4,438,2,0,6,35,260,0,1519,2,10,193,337,5768,2935,0,0,0,0,0,0,0,0,0,0,0,0,0,0,0,0,0,12,0,0,0,0,0
root,ML-engineer,0,1,0,3,"['clarkerubber irwin', 'deep learning for humans fontastic']",1.0,[],0,0,0.0,2,5,4,90,0,116,15,4,10,0,4,0,0,2,16,0,0,0,4,9,0,2,0,0,3,1,258,304,0,0,0,3,0,0,0,0,0,3,0,0,0,0,0,0,0,0,0,0,0,0,0
rudrakatkar,SE-engineer,1,0,0,3,['JdeRobot DetectionSuite'],1.0,['JdeRobot DetectionSuite::tests/test_metrics.py'],2,3,0.6666666666666666,12,3,0,9,0,66,42,0,3,0,0,24,0,0,6,0,0,3,6,39,0,21,3,0,21,30,457,120,0,0,0,15,9,0,0,0,0,0,0,0,0,0,0,0,3,2,0,0,0,0,0
ryan keenan,SE-engineer,1,0,0,5,['subodh malgonde vehicle detection'],,[],0,0,0.0,0,0,0,0,0,0,0,0,0,0,0,0,0,0,0,0,0,0,0,0,0,0,0,0,0,0,0,0,0,0,0,0,0,0,0,0,0,0,0,0,0,0,0,0,0,0,0,0,0,0,0
rykeenan,SE-engineer,1,0,0,3,['subodh malgonde vehicle detection'],,[],0,0,0.0,0,0,0,0,0,0,0,0,0,0,0,0,0,0,0,0,0,0,0,0,0,0,0,0,0,0,0,0,0,0,0,0,0,0,0,0,0,0,0,0,0,0,0,0,0,0,0,0,0,0,0
sachin mi20,ML-engineer,0,1,0,1,['JustGlowing minisom'],,[],0,0,0.0,0,1,9,31,0,43,2,0,0,0,3,3,0,3,0,0,0,0,1,2,0,10,0,0,1,1,20,71,0,0,0,0,0,0,0,0,0,0,0,0,0,0,0,0,0,0,0,0,0,0,0
saltgz,SE-engineer,1,0,0,1,['sirfoga pygce'],1.0,[],0,0,0.0,0,1,1,5,0,11,4,0,0,0,7,0,0,0,1,0,0,0,0,0,0,2,0,0,0,2,43,8,0,0,0,0,0,0,0,0,1,0,0,0,0,0,0,0,0,0,0,0,0,0,0
seedgou,ML-engineer,0,1,0,2,['phillipi pix2pix'],,[],0,2,0.0,0,0,2,8,0,12,2,0,0,0,0,2,0,0,0,0,0,2,0,2,0,0,0,0,0,0,26,22,0,0,0,0,0,0,0,0,0,0,0,0,0,0,0,0,0,0,0,0,0,0,0
seongahjo,SE-engineer,1,0,0,255,['seongahjo Mosaicer'],29.0,"['seongahjo Mosaicer::binary_convert.py', 'seongahjo Mosaicer::compare.py', 'seongahjo Mosaicer::config.py', 'seongahjo Mosaicer::convert.py', 'seongahjo Mosaicer::core.py', 'seongahjo Mosaicer::face_recognition.py', 'seongahjo Mosaicer::face_recogntion_models.py', 'seongahjo Mosaicer::face_recongition.py', 'seongahjo Mosaicer::input.py', 'seongahjo Mosaicer::label_image.py', 'seongahjo Mosaicer::mosaicer.py', 'seongahjo Mosaicer::mosaicer/extraction.py', 'seongahjo Mosaicer::mosaicer/feature.py', 'seongahjo Mosaicer::mosaicer/file_util.py', 'seongahjo Mosaicer::mosaicer/label.py', 'seongahjo Mosaicer::mosaicer/label_image.py', 'seongahjo Mosaicer::mosaicer/mosaicer.py', 'seongahjo Mosaicer::mosaicer/retrain.py', 'seongahjo Mosaicer::mosaicer/train.py', 'seongahjo Mosaicer::mosaicer/train_config.py', 'seongahjo Mosaicer::mosaicer/web.py', 'seongahjo Mosaicer::retrain.py', 'seongahjo Mosaicer::test.py', 'seongahjo Mosaicer::test/test.py', 'seongahjo Mosaicer::train-gpu.py', 'seongahjo Mosaicer::train.py', 'seongahjo Mosaicer::train_config.py', 'seongahjo Mosaicer::train_gpu.py', 'seongahjo Mosaicer::web.py']",127,32,0.4980392156862745,196,0,1060,1445,0,3696,995,0,0,0,188,0,0,48,80,0,0,32,96,665,0,1249,0,0,228,426,6774,8312,0,0,0,0,0,0,0,0,0,0,0,0,0,0,0,0,0,127,0,0,0,0,0
sergiopaniego,SE-engineer,1,0,0,115,['JdeRobot DetectionSuite'],22.0,"['JdeRobot DetectionSuite::DeepLearningSuite/DeepLearningSuiteLib/python_modules/keras_detect.py', 'JdeRobot DetectionSuite::DeepLearningSuite/DeepLearningSuiteLib/python_modules/keras_utils/__init__.py', 'JdeRobot DetectionSuite::DeepLearningSuite/DeepLearningSuiteLib/python_modules/keras_utils/bounding_box_utils.py', 'JdeRobot DetectionSuite::DeepLearningSuite/DeepLearningSuiteLib/python_modules/keras_utils/keras_layer_AnchorBoxes.py', 'JdeRobot DetectionSuite::DeepLearningSuite/DeepLearningSuiteLib/python_modules/keras_utils/keras_layer_DecodeDetections.py', 'JdeRobot DetectionSuite::DeepLearningSuite/DeepLearningSuiteLib/python_modules/keras_utils/keras_layer_L2Normalization.py', 'JdeRobot DetectionSuite::DeepLearningSuite/DeepLearningSuiteLib/python_modules/keras_utils/keras_ssd_loss.py', 'JdeRobot DetectionSuite::DeepLearningSuite/DeepLearningSuiteLib/python_modules/pytorch_detect.py']",0,0,0.0,640,339,540,1450,0,4786,1817,0,0,0,180,65,0,0,0,0,0,0,0,705,0,0,0,0,295,230,4678,14124,0,0,0,0,0,0,0,0,0,0,230,0,0,0,0,0,0,0,0,0,0,0,0
shihenw,SE-engineer,1,0,0,2,['ZheC Realtime Multi Person Pose Estimation'],2.0,"['ZheC Realtime Multi Person Pose Estimation::testing/python/config_reader.py', 'ZheC Realtime Multi Person Pose Estimation::testing/python/util.py']",0,0,0.0,0,0,8,0,0,8,0,0,0,0,0,0,0,0,0,0,0,0,0,2,0,0,0,0,0,0,0,66,0,0,0,0,0,0,0,0,0,0,0,0,0,0,0,0,0,0,0,0,0,0,0
shinmura0,Hybrid-engineer,0,0,1,5,['PINTO0309 Keras OneClassAnomalyDetection'],,[],1,1,0.2,5,0,0,13,0,23,5,0,0,0,7,0,0,0,0,0,0,1,0,7,0,1,0,0,9,2,123,27,0,0,0,0,0,0,0,0,0,0,0,0,0,0,0,0,0,1,0,0,0,0,0
shirley wu,SE-engineer,1,0,0,2,['Tiiiger bert score'],1.0,[],4,2,2.0,0,0,0,28,0,32,4,4,0,0,8,0,0,0,4,0,0,2,0,20,0,2,0,0,12,14,128,36,0,0,4,14,0,0,0,0,0,0,0,0,0,0,0,0,0,4,0,0,0,0,0
sirfoga,SE-engineer,1,0,0,25,['sirfoga pygce'],11.0,"['sirfoga pygce::pygce/__init__.py', 'sirfoga pygce::pygce/analysis/__init__.py', 'sirfoga pygce::pygce/models/__init__.py', 'sirfoga pygce::pygce/models/garmin/__init__.py', 'sirfoga pygce::pygce/models/garmin/timeline.py', 'sirfoga pygce::pygce/models/logger.py']",33,9,1.32,0,25,28,126,0,288,109,0,0,0,241,0,0,0,25,0,12,9,0,0,0,50,0,0,0,50,1130,215,0,0,0,0,0,0,0,0,25,0,0,0,0,0,0,0,0,33,0,0,0,0,0
skjerns,SE-engineer,1,0,0,41,['skjerns AutoSleepScorer'],35.0,"['skjerns AutoSleepScorer::AutoSleepScorer/downloaded_file.py', 'skjerns AutoSleepScorer::AutoSleepScorer/init.py', 'skjerns AutoSleepScorer::AutoSleepScorer/main.py', 'skjerns AutoSleepScorer::AutoSleepScorer/sleeploader.py', 'skjerns AutoSleepScorer::AutoSleepScorer/sleepscorer.py', 'skjerns AutoSleepScorer::AutoSleepScorer/tools.py', 'skjerns AutoSleepScorer::create_database.py', 'skjerns AutoSleepScorer::edfx_truncation.py', 'skjerns AutoSleepScorer::excel.py', 'skjerns AutoSleepScorer::keras_utils.py', 'skjerns AutoSleepScorer::main.py', 'skjerns AutoSleepScorer::models.py', 'skjerns AutoSleepScorer::plotting.py', 'skjerns AutoSleepScorer::runscript.py', 'skjerns AutoSleepScorer::sleeploader.py', 'skjerns AutoSleepScorer::sleepscorer.py', 'skjerns AutoSleepScorer::sleepscorer/init.py', 'skjerns AutoSleepScorer::sleepscorer/main.py', 'skjerns AutoSleepScorer::test_dataset.py', 'skjerns AutoSleepScorer::test_dataset_feat.py', 'skjerns AutoSleepScorer::test_elect_feat.py', 'skjerns AutoSleepScorer::test_elect_feat_balanced.py', 'skjerns AutoSleepScorer::test_electrodes.py', 'skjerns AutoSleepScorer::test_multitrain.py', 'skjerns AutoSleepScorer::test_recurrent.py', 'skjerns AutoSleepScorer::test_traintransfer.py', 'skjerns AutoSleepScorer::test_traintransfer_feat.py', 'skjerns AutoSleepScorer::test_transfer.py', 'skjerns AutoSleepScorer::tmp.py', 'skjerns AutoSleepScorer::tmp_scaling.py', 'skjerns AutoSleepScorer::tools.py']",0,0,0.0,194,79,556,119,0,1104,156,0,0,0,2,2,0,20,2,0,0,0,0,368,0,0,0,0,42,186,1358,2482,0,0,13,52,0,0,0,0,0,78,0,0,0,52,0,0,0,0,0,0,0,0,0
sleep 404,SE-engineer,1,0,0,3,['JdeRobot DetectionSuite'],,[],0,0,0.0,15,6,9,18,0,75,27,0,0,0,3,0,0,0,0,0,0,0,0,15,0,0,0,0,6,6,108,315,0,0,0,0,0,0,0,0,0,0,6,0,0,0,0,0,0,0,0,0,0,0,0
stefano,SE-engineer,1,0,0,27,['sirfoga pygce'],14.0,"['sirfoga pygce::cli.py', 'sirfoga pygce::pygce/__init__.py', 'sirfoga pygce::pygce/analysis/__init__.py', 'sirfoga pygce::pygce/analysis/cli.py', 'sirfoga pygce::pygce/cli.py', 'sirfoga pygce::pygce/models/__init__.py', 'sirfoga pygce::pygce/models/bot.py', 'sirfoga pygce::pygce/models/garmin/__init__.py', 'sirfoga pygce::pygce/models/garmin/activities.py', 'sirfoga pygce::pygce/models/garmin/utils.py']",34,11,1.2592592592592593,0,27,21,135,0,307,124,0,0,0,261,0,0,0,27,0,15,11,0,0,0,54,0,0,0,54,1228,234,0,0,0,0,0,0,0,0,27,0,0,0,0,0,0,0,0,34,0,0,0,0,0
sugyan,Hybrid-engineer,0,0,1,240,['sugyan tf face recognizer'],45.0,"['sugyan tf face recognizer::data/cifar10/download.py', 'sugyan tf face recognizer::data/download.py', 'sugyan tf face recognizer::data/v2/download.py', 'sugyan tf face recognizer::eval.py', 'sugyan tf face recognizer::eval/create_data.py', 'sugyan tf face recognizer::eval/data/download.py', 'sugyan tf face recognizer::eval/eval.py', 'sugyan tf face recognizer::eval/misc/collage.py', 'sugyan tf face recognizer::eval/misc/errors.py', 'sugyan tf face recognizer::eval/train.py', 'sugyan tf face recognizer::eval/train_and_eval.py', 'sugyan tf face recognizer::eval/visualize.py', 'sugyan tf face recognizer::eval/visualize/dimentionality_reduction.py', 'sugyan tf face recognizer::eval/visualize/dump_output.py', 'sugyan tf face recognizer::eval/visualize/optimal_inputs.py', 'sugyan tf face recognizer::eval/visualize/output_layers.py', 'sugyan tf face recognizer::main.py', 'sugyan tf face recognizer::misc/clustering/calc.py', 'sugyan tf face recognizer::misc/clustering/download.py', 'sugyan tf face recognizer::misc/clustering/images/download.py', 'sugyan tf face recognizer::misc/clustering/outputs.py', 'sugyan tf face recognizer::misc/clustering/outputs_from_images.py', 'sugyan tf face recognizer::misc/clustering/outputs_from_tfrecords.py', 'sugyan tf face recognizer::misc/embedding/main.py', 'sugyan tf face recognizer::misc/embedding/tfrecords.py', 'sugyan tf face recognizer::misc/experiment/distortion/main.py', 'sugyan tf face recognizer::misc/graph/freeze.py', 'sugyan tf face recognizer::misc/projector/directory.py', 'sugyan tf face recognizer::misc/projector/tfrecords.py', 'sugyan tf face recognizer::model.py', 'sugyan tf face recognizer::model/__init__.py', 'sugyan tf face recognizer::model/eval.py', 'sugyan tf face recognizer::model/recognizer.py', 'sugyan tf face recognizer::model/train.py', 'sugyan tf face recognizer::models/__init__.py', 'sugyan tf face recognizer::models/cifar10/eval.py', 'sugyan tf face recognizer::models/cifar10/train.py', 'sugyan tf face recognizer::models/v2.py', 'sugyan tf face recognizer::models/v2/__init__.py', 'sugyan tf face recognizer::models/v2/eval.py', 'sugyan tf face recognizer::models/v2/main.py', 'sugyan tf face recognizer::models/v2/train.py', 'sugyan tf face recognizer::recognize.py', 'sugyan tf face recognizer::train.py', 'sugyan tf face recognizer::web.py']",24,5,0.1,135,13,1328,173,0,1844,195,0,0,0,0,107,0,0,188,0,0,5,0,319,0,243,0,0,91,0,1713,2299,0,0,0,0,0,0,0,0,0,0,0,0,0,0,0,0,0,24,0,0,0,0,0
swei,SE-engineer,1,0,0,1,['ZheC Realtime Multi Person Pose Estimation'],,[],2,1,2.0,0,0,4,0,0,4,0,0,0,0,0,0,0,0,0,0,0,1,0,1,0,0,0,0,0,0,0,33,0,0,0,0,0,0,0,0,0,0,0,0,0,0,0,0,0,2,0,0,0,0,0
teamleader6,SE-engineer,1,0,0,1,['JdeRobot DetectionSuite'],,[],0,0,0.0,5,2,3,6,0,25,9,0,0,0,1,0,0,0,0,0,0,0,0,5,0,0,0,0,2,2,36,105,0,0,0,0,0,0,0,0,0,0,2,0,0,0,0,0,0,0,0,0,0,0,0
tonglei,SE-engineer,1,0,0,23,['tonglei100 look'],16.0,"['tonglei100 look::__init__.py', 'tonglei100 look::captcha.py', 'tonglei100 look::cnn_model.py', 'tonglei100 look::cut.py', 'tonglei100 look::dataset.py', 'tonglei100 look::look/__init__.py', 'tonglei100 look::look/captcha.py', 'tonglei100 look::look/cnn_model.py', 'tonglei100 look::look/cut.py', 'tonglei100 look::look/dataset.py', 'tonglei100 look::look/one_hot.py', 'tonglei100 look::look/setting.py', 'tonglei100 look::look/start.py', 'tonglei100 look::one_hot.py', 'tonglei100 look::setting.py', 'tonglei100 look::start.py']",0,0,0.0,0,0,88,66,0,220,66,0,22,0,0,0,0,0,44,0,0,0,0,0,0,0,0,0,0,0,154,22,0,0,0,0,0,0,0,0,0,0,0,0,0,0,0,0,0,0,0,0,0,0,0
trojannn,SE-engineer,1,0,0,22,['PurduePAML TrojanNN'],,[],4,4,0.18181818181818182,0,30,58,144,0,252,20,0,20,0,0,20,0,0,10,0,0,4,0,0,0,0,0,0,0,30,90,138,0,0,0,0,0,0,0,0,0,0,0,0,0,0,0,0,0,4,0,0,0,0,0
urialon,Hybrid-engineer,0,0,1,15,['tech srl code2vec'],9.0,['tech srl code2vec::model.py'],0,0,0.0,30,0,4,231,25,350,60,0,5,0,15,0,0,12,25,10,0,0,5,85,0,230,10,0,5,35,1446,480,0,0,0,0,0,0,0,0,0,0,0,0,0,0,0,0,0,0,0,0,0,0,0
varshakishore,SE-engineer,1,0,0,6,['Tiiiger bert score'],2.0,[],0,0,0.0,6,0,0,18,0,52,28,0,0,0,10,0,0,0,0,0,0,0,0,8,0,0,0,0,0,34,94,54,0,0,0,0,0,0,0,0,0,0,0,0,0,0,0,0,0,0,0,0,0,0,0
vietnguyen91,ML-engineer,0,1,0,1,['vietnguyen91 QuickDraw'],8.0,"['vietnguyen91 QuickDraw::camera_app.py', 'vietnguyen91 QuickDraw::draw.py', 'vietnguyen91 QuickDraw::painting_app.py', 'vietnguyen91 QuickDraw::src/config.py', 'vietnguyen91 QuickDraw::src/dataset.py', 'vietnguyen91 QuickDraw::src/model.py', 'vietnguyen91 QuickDraw::src/utils.py', 'vietnguyen91 QuickDraw::train.py']",0,0,0.0,0,0,0,1,0,9,8,0,1,0,3,0,0,0,1,0,0,0,0,3,0,0,0,0,2,0,7,19,0,0,0,0,0,0,0,0,0,0,0,0,0,0,0,0,0,0,0,0,0,0,0
vin sharma,SE-engineer,1,0,0,1,['neo ai neo ai dlr'],,[],0,0,0.0,0,0,0,13,0,17,4,0,0,0,0,0,0,0,1,0,0,0,0,1,0,0,0,0,0,0,19,22,0,0,0,0,0,0,0,0,0,0,0,0,0,0,0,0,0,0,0,0,0,0,0
waldekpi,SE-engineer,1,0,0,7,['IntelAI OpenVINO model server'],,[],0,0,0.0,0,0,39,0,0,62,23,8,50,0,21,0,0,0,98,0,0,0,4,21,0,339,0,0,35,97,705,1034,0,0,0,0,0,0,0,0,0,0,0,0,0,0,0,0,0,0,0,0,0,0,0
wendlingd,Hybrid-engineer,0,0,1,94,['NCBI Hackathons Semantic search log analysis pipeline'],11.0,"['NCBI Hackathons Semantic search log analysis pipeline::01_Import-transform.py', 'NCBI Hackathons Semantic search log analysis pipeline::01_Text_wrangling.py', 'NCBI Hackathons Semantic search log analysis pipeline::02_API-Normalized_string.py', 'NCBI Hackathons Semantic search log analysis pipeline::03_Fuzzy_match.py', 'NCBI Hackathons Semantic search log analysis pipeline::04_Machine_learning_classification.py', 'NCBI Hackathons Semantic search log analysis pipeline::05_Chart_the_trends.py', 'NCBI Hackathons Semantic search log analysis pipeline::05b_Chart_the_trends-BiggestMovers.py', 'NCBI Hackathons Semantic search log analysis pipeline::07_UI_building.py', 'NCBI Hackathons Semantic search log analysis pipeline::08_Misc_fixes.py', 'NCBI Hackathons Semantic search log analysis pipeline::django/loganalysis/assignment/models.py']",4,2,0.0425531914893617,910,160,0,1295,0,5868,3503,0,0,0,61,0,0,0,215,0,0,2,0,0,0,249,0,0,0,0,13370,699,0,0,0,55,0,0,0,0,0,0,0,0,0,0,0,0,0,4,0,0,0,0,0
wenz116,SE-engineer,1,0,0,3,['wenz116 TransferSeg'],15.0,"['wenz116 TransferSeg::datasets/__init__.py', 'wenz116 TransferSeg::datasets/davis.py', 'wenz116 TransferSeg::datasets/pascal_voc.py', 'wenz116 TransferSeg::datasets/youtube.py', 'wenz116 TransferSeg::lib/__init__.py', 'wenz116 TransferSeg::lib/run_net.py', 'wenz116 TransferSeg::lib/score_util.py', 'wenz116 TransferSeg::lib/util.py', 'wenz116 TransferSeg::scripts/data_layers.py', 'wenz116 TransferSeg::scripts/get_feature_DAVIS.py', 'wenz116 TransferSeg::scripts/get_feature_PASCAL.py', 'wenz116 TransferSeg::scripts/get_score.py', 'wenz116 TransferSeg::scripts/score.py', 'wenz116 TransferSeg::scripts/solve.py', 'wenz116 TransferSeg::scripts/surgery.py']",0,0,0.0,0,9,27,48,0,93,9,0,0,0,0,0,0,0,0,0,0,0,3,6,0,0,3,0,0,0,30,75,0,0,0,0,0,0,0,0,0,0,0,0,0,0,0,0,0,0,0,0,0,0,0
wuchih amazon,SE-engineer,1,0,0,3,['neo ai neo ai dlr'],16.0,"['neo ai neo ai dlr::python/__init__.py', 'neo ai neo ai dlr::python/dlr/counter/__init__.py', 'neo ai neo ai dlr::python/dlr/counter/config.py', 'neo ai neo ai dlr::python/dlr/counter/deviceinfo.py', 'neo ai neo ai dlr::python/dlr/counter/phone_home.py', 'neo ai neo ai dlr::python/dlr/counter/system.py', 'neo ai neo ai dlr::python/dlr/counter/utils/__init__.py', 'neo ai neo ai dlr::python/dlr/counter/utils/helper.py', 'neo ai neo ai dlr::python/dlr/counter/utils/resturlutils.py', 'neo ai neo ai dlr::python/test/__init__.py', 'neo ai neo ai dlr::python/test/test_phone_home.py', 'neo ai neo ai dlr::tests/python/integration/test_load_counter_mgr.py']",6,3,2.0,9,2,7,29,0,146,99,0,0,0,10,23,0,3,5,0,0,3,3,30,0,14,0,3,1,0,176,130,0,0,0,0,0,0,0,0,0,0,0,0,0,0,0,0,0,6,0,0,0,0,0
wujixiu,ML-engineer,0,1,0,32,['wujixiu helmet detection'],78.0,"['wujixiu helmet detection::detection/SSD-RPA/python/caffe/__init__.py', 'wujixiu helmet detection::detection/SSD-RPA/python/caffe/classifier.py', 'wujixiu helmet detection::detection/SSD-RPA/python/caffe/coord_map.py', 'wujixiu helmet detection::detection/SSD-RPA/python/caffe/detector.py', 'wujixiu helmet detection::detection/SSD-RPA/python/caffe/draw.py', 'wujixiu helmet detection::detection/SSD-RPA/python/caffe/io.py', 'wujixiu helmet detection::detection/SSD-RPA/python/caffe/model_libs.py', 'wujixiu helmet detection::detection/SSD-RPA/python/caffe/net_spec.py', 'wujixiu helmet detection::detection/SSD-RPA/python/caffe/proto/__init__.py', 'wujixiu helmet detection::detection/SSD-RPA/python/caffe/proto/caffe_pb2.py', 'wujixiu helmet detection::detection/SSD-RPA/python/caffe/pycaffe.py', 'wujixiu helmet detection::detection/SSD-RPA/python/caffe/test/test_coord_map.py', 'wujixiu helmet detection::detection/SSD-RPA/python/caffe/test/test_io.py', 'wujixiu helmet detection::detection/SSD-RPA/python/caffe/test/test_layer_type_list.py', 'wujixiu helmet detection::detection/SSD-RPA/python/caffe/test/test_net.py', 'wujixiu helmet detection::detection/SSD-RPA/python/caffe/test/test_net_spec.py', 'wujixiu helmet detection::detection/SSD-RPA/python/caffe/test/test_python_layer.py', 'wujixiu helmet detection::detection/SSD-RPA/python/caffe/test/test_python_layer_with_param_str.py', 'wujixiu helmet detection::detection/SSD-RPA/python/caffe/test/test_solver.py', 'wujixiu helmet detection::detection/SSD-RPA/python/classify.py', 'wujixiu helmet detection::detection/SSD-RPA/python/detect.py', 'wujixiu helmet detection::detection/SSD-RPA/python/draw_net.py', 'wujixiu helmet detection::detection/SSD-RPA/scripts/Construct_XML_Annotations_from_COCO_JSON.py', 'wujixiu helmet detection::detection/SSD-RPA/scripts/convert_inception_v3.py', 'wujixiu helmet detection::detection/SSD-RPA/scripts/copy_notebook.py', 'wujixiu helmet detection::detection/SSD-RPA/scripts/cpp_lint.py', 'wujixiu helmet detection::detection/SSD-RPA/scripts/create_annoset.py', 'wujixiu helmet detection::detection/SSD-RPA/scripts/download_model_binary.py', 'wujixiu helmet detection::detection/SSD-RPA/src/caffe/test/test_data/generate_sample_data.py', 'wujixiu helmet detection::detection/SSD-RPA/tools/extra/extract_seconds.py', 'wujixiu helmet detection::detection/SSD-RPA/tools/extra/parse_log.py', 'wujixiu helmet detection::detection/SSD-RPA/tools/extra/resize_and_crop_images.py', 'wujixiu helmet detection::detection/SSD-RPA/tools/extra/summarize.py', 'wujixiu helmet detection::hardhat-wearing-detection/SSD-RPA/python/caffe/__init__.py', 'wujixiu helmet detection::hardhat-wearing-detection/SSD-RPA/python/caffe/classifier.py', 'wujixiu helmet detection::hardhat-wearing-detection/SSD-RPA/python/caffe/coord_map.py', 'wujixiu helmet detection::hardhat-wearing-detection/SSD-RPA/python/caffe/detector.py', 'wujixiu helmet detection::hardhat-wearing-detection/SSD-RPA/python/caffe/draw.py', 'wujixiu helmet detection::hardhat-wearing-detection/SSD-RPA/python/caffe/io.py', 'wujixiu helmet detection::hardhat-wearing-detection/SSD-RPA/python/caffe/model_libs.py', 'wujixiu helmet detection::hardhat-wearing-detection/SSD-RPA/python/caffe/net_spec.py', 'wujixiu helmet detection::hardhat-wearing-detection/SSD-RPA/python/caffe/proto/__init__.py', 'wujixiu helmet detection::hardhat-wearing-detection/SSD-RPA/python/caffe/proto/caffe_pb2.py', 'wujixiu helmet detection::hardhat-wearing-detection/SSD-RPA/python/caffe/pycaffe.py', 'wujixiu helmet detection::hardhat-wearing-detection/SSD-RPA/python/caffe/test/test_coord_map.py', 'wujixiu helmet detection::hardhat-wearing-detection/SSD-RPA/python/caffe/test/test_io.py', 'wujixiu helmet detection::hardhat-wearing-detection/SSD-RPA/python/caffe/test/test_layer_type_list.py', 'wujixiu helmet detection::hardhat-wearing-detection/SSD-RPA/python/caffe/test/test_net.py', 'wujixiu helmet detection::hardhat-wearing-detection/SSD-RPA/python/caffe/test/test_net_spec.py', 'wujixiu helmet detection::hardhat-wearing-detection/SSD-RPA/python/caffe/test/test_python_layer.py', 'wujixiu helmet detection::hardhat-wearing-detection/SSD-RPA/python/caffe/test/test_python_layer_with_param_str.py', 'wujixiu helmet detection::hardhat-wearing-detection/SSD-RPA/python/caffe/test/test_solver.py', 'wujixiu helmet detection::hardhat-wearing-detection/SSD-RPA/python/classify.py', 'wujixiu helmet detection::hardhat-wearing-detection/SSD-RPA/python/detect.py', 'wujixiu helmet detection::hardhat-wearing-detection/SSD-RPA/python/draw_net.py', 'wujixiu helmet detection::hardhat-wearing-detection/SSD-RPA/scripts/Construct_XML_Annotations_from_COCO_JSON.py', 'wujixiu helmet detection::hardhat-wearing-detection/SSD-RPA/scripts/convert_inception_v3.py', 'wujixiu helmet detection::hardhat-wearing-detection/SSD-RPA/scripts/copy_notebook.py', 'wujixiu helmet detection::hardhat-wearing-detection/SSD-RPA/scripts/cpp_lint.py', 'wujixiu helmet detection::hardhat-wearing-detection/SSD-RPA/scripts/create_annoset.py', 'wujixiu helmet detection::hardhat-wearing-detection/SSD-RPA/scripts/download_model_binary.py', 'wujixiu helmet detection::hardhat-wearing-detection/SSD-RPA/src/caffe/test/test_data/generate_sample_data.py', 'wujixiu helmet detection::hardhat-wearing-detection/SSD-RPA/tools/extra/extract_seconds.py', 'wujixiu helmet detection::hardhat-wearing-detection/SSD-RPA/tools/extra/parse_log.py', 'wujixiu helmet detection::hardhat-wearing-detection/SSD-RPA/tools/extra/resize_and_crop_images.py', 'wujixiu helmet detection::hardhat-wearing-detection/SSD-RPA/tools/extra/summarize.py', 'wujixiu helmet detection::old-version/ssd_pelee.py', 'wujixiu helmet detection::old-version/ssd_pelee_video.py', 'wujixiu helmet detection::old-version/ssd_vgg.py', 'wujixiu helmet detection::old-version/ssd_vgg_video.py', 'wujixiu helmet detection::ssd_pelee.py', 'wujixiu helmet detection::ssd_pelee_video.py', 'wujixiu helmet detection::ssd_vgg.py', 'wujixiu helmet detection::ssd_vgg_video.py', 'wujixiu helmet detection::version/ssd_pelee.py', 'wujixiu helmet detection::version/ssd_pelee_video.py', 'wujixiu helmet detection::version/ssd_vgg.py', 'wujixiu helmet detection::version/ssd_vgg_video.py']",0,0,0.0,4097,85,289,316,0,5162,375,0,0,0,187,68,0,34,290,0,0,0,238,663,0,289,0,0,238,374,9121,3112,0,0,0,51,0,0,0,0,0,17,0,0,0,0,0,0,0,0,0,0,0,0,0
yangxl,ML-engineer,0,1,0,1,['ZheC Realtime Multi Person Pose Estimation'],,[],1,1,1.0,0,0,4,0,0,4,0,0,0,0,0,0,0,0,0,0,0,1,0,1,0,0,0,0,0,0,0,33,0,0,0,0,0,0,0,0,0,0,0,0,0,0,0,0,0,1,0,0,0,0,0
yil532,SE-engineer,1,0,0,5,"['IBM MAX Fast Neural Style Transfer', 'IBM MAX Inception ResNet v2', 'IBM MAX Review Text Generator', 'IBM MAX Scene Classifier', 'IBM MAX Weather Forecaster']",,[],0,0,0.0,0,0,0,9,0,30,21,0,5,0,0,0,0,0,2,0,0,0,0,0,0,0,0,0,0,0,18,140,0,0,0,0,0,0,0,0,0,0,0,0,0,0,2,0,0,0,0,0,0,0,0
yingqi,SE-engineer,1,0,0,2,['PurduePAML TrojanNN'],,[],0,0,0.0,0,6,10,24,0,44,4,0,4,0,0,4,0,0,2,0,0,0,0,0,0,0,0,0,0,6,18,26,0,0,0,0,0,0,0,0,0,0,0,0,0,0,0,0,0,0,0,0,0,0,0
yogendra,SE-engineer,1,0,0,2,['kk7nc RMDL'],2.0,[],3,2,1.5,0,2,4,4,0,14,4,0,0,0,0,0,0,0,2,0,0,2,0,12,0,0,0,0,6,18,138,138,0,0,0,0,0,0,0,0,12,0,0,0,0,0,0,0,0,3,0,0,0,0,0
yuriak,ML-engineer,0,1,0,25,['yuriak DLQuant'],18.0,"['yuriak DLQuant::crawlers/__init__.py', 'yuriak DLQuant::crawlers/china_stock_crawler.py', 'yuriak DLQuant::crawlers/europe_news_crawler.py', 'yuriak DLQuant::crawlers/reuters_crawler.py', 'yuriak DLQuant::crawlers/sina_news_crawler.py', 'yuriak DLQuant::crawlers/us_stock_feeder.py', 'yuriak DLQuant::models/__init__.py', 'yuriak DLQuant::models/attn_classifier.py', 'yuriak DLQuant::models/dnn_classifier.py', 'yuriak DLQuant::models/elmo.py', 'yuriak DLQuant::models/event_embedding.py', 'yuriak DLQuant::models/ffn_classifier.py', 'yuriak DLQuant::models/model.py', 'yuriak DLQuant::models/rnn_ae.py', 'yuriak DLQuant::models/rnn_classifier.py', 'yuriak DLQuant::rnn_ae.py', 'yuriak DLQuant::utils/ConfigHandler.py', 'yuriak DLQuant::utils/__init__.py']",2,1,0.08,1,0,0,366,0,638,271,0,0,0,0,0,0,0,25,0,0,1,0,0,0,0,0,0,0,51,328,398,0,0,0,0,25,0,0,0,0,0,0,0,0,0,0,0,0,2,0,0,0,0,0
yuriak1911 gmail com,SE-engineer,1,0,0,1,['yuriak DLQuant'],1.0,['yuriak DLQuant::rnn_ae.py'],0,0,0.0,0,0,0,9,0,18,9,0,0,0,0,0,0,0,1,0,0,0,0,0,0,0,0,0,0,1,12,5,0,0,0,0,1,0,0,0,0,0,0,0,0,0,0,0,0,0,0,0,0,0,0
zacr0,SE-engineer,1,0,0,7,['AVAuco laeonet'],2.0,"['AVAuco laeonet::laeonet-head-det-track/ln_tracking_heads.py', 'AVAuco laeonet::mains/ln_demo_det_track_laeo.py']",1,3,0.14285714285714285,119,14,209,84,0,566,140,0,21,0,59,0,0,0,21,0,0,3,7,168,0,56,0,0,63,119,1232,2884,0,0,0,0,0,0,0,0,0,0,14,0,0,0,0,0,0,1,0,0,0,0,0
zhangrui,ML-engineer,0,1,0,1,['ZheC Realtime Multi Person Pose Estimation'],,[],0,0,0.0,0,0,4,0,0,4,0,0,0,0,0,0,0,0,0,0,0,0,0,1,0,0,0,0,0,0,0,33,0,0,0,0,0,0,0,0,0,0,0,0,0,0,0,0,0,0,0,0,0,0,0
zhujiacheng,SE-engineer,1,0,0,1,['RRanddom tf bilinear cnn'],,[],0,0,0.0,3,1,2,2,0,16,8,0,0,0,7,0,0,0,1,0,0,0,0,3,0,2,0,0,3,3,16,17,0,0,0,0,0,0,0,0,0,0,0,0,0,0,0,0,0,0,0,0,0,0,0
ziyu guo,Hybrid-engineer,0,0,1,28,['neo ai neo ai dlr'],11.0,"['neo ai neo ai dlr::python/dlr/api.py', 'neo ai neo ai dlr::python/setup.py', 'neo ai neo ai dlr::tests/python/integration/4in2out/multi_input.py', 'neo ai neo ai dlr::tests/python/integration/load_and_run_treelite_model.py', 'neo ai neo ai dlr::tests/python/integration/load_and_run_tvm_model.py', 'neo ai neo ai dlr::tests/python/integration/load_and_test_xgboost_mnist.py', 'neo ai neo ai dlr::tests/python/integration/test_utils.py']",16,5,0.5714285714285714,15,0,51,219,0,1036,751,0,0,0,26,79,0,0,30,11,0,5,18,174,0,19,0,15,0,0,895,796,0,0,0,0,0,0,0,0,0,0,0,0,0,0,0,0,0,16,0,0,0,0,0
zjc,SE-engineer,1,0,0,2,['RRanddom tf bilinear cnn'],,[],0,0,0.0,5,4,2,7,0,31,13,0,3,0,15,2,0,0,1,0,0,0,0,3,0,2,0,0,3,3,26,37,0,0,0,1,0,0,0,0,0,0,0,0,0,0,0,0,0,0,0,0,0,0,0
zjcneil,Hybrid-engineer,0,0,1,15,['RRanddom tf bilinear cnn'],17.0,"['RRanddom tf bilinear cnn::data/__init__.py', 'RRanddom tf bilinear cnn::data/aircraft_data.py', 'RRanddom tf bilinear cnn::model/__init__.py', 'RRanddom tf bilinear cnn::model/vgg.py', 'RRanddom tf bilinear cnn::tmp.py', 'RRanddom tf bilinear cnn::tools/__init__.py', 'RRanddom tf bilinear cnn::tools/config.py', 'RRanddom tf bilinear cnn::tools/test.py', 'RRanddom tf bilinear cnn::train.py']",9,4,0.6,55,36,13,73,0,278,101,0,28,0,111,16,0,0,5,0,0,4,0,17,0,10,0,0,17,18,160,257,0,0,0,1,0,0,0,0,0,0,0,0,0,0,0,0,0,9,0,2,0,2,B403B403
