project_name_csv,file_path_csv,project_and_file,touched_by,se_engineers,ml_engineers,hybrid_engineers,num_se_engineer,num_ml_engineer,num_hybrid_engineer,pct_se_engineer,pct_ml_engineer,pct_hybrid_engineer,loc,cc_avg,cc_max,py2_suspected,complexity_tool,bugs_introduced,bugfix_commits_touching_file,deadcode_items_attribute,deadcode_items_class,deadcode_items_function,deadcode_items_other,deadcode_items_property,deadcode_items_total,deadcode_items_variable,design_smell_broken_hierarchy,design_smell_broken_modularization,design_smell_deep_hierarchy,design_smell_deficient_encapsulation,design_smell_feature_envy,design_smell_hub_like_modularization,design_smell_insufficient_modularization,design_smell_multifaceted_abstraction,design_smell_rebellious_hierarchy,design_smell_wide_hierarchy,file_path,impl_smell_complex_conditional,impl_smell_complex_method,impl_smell_empty_catch_clause,impl_smell_long_identifier,impl_smell_long_lambda_function,impl_smell_long_message_chain,impl_smell_long_method,impl_smell_long_parameter_list,impl_smell_long_statement,impl_smell_magic_number,impl_smell_missing_default,mlsmell_broadcasting_feature_not_used,mlsmell_chain_indexing,mlsmell_columns_and_datatype_not_explicitly_set,mlsmell_dataframe_conversion_api_misused,mlsmell_deterministic_algorithm_option_not_used,mlsmell_empty_column_misinitialization,mlsmell_gradients_not_cleared,mlsmell_hyperparameters_not_explicitly_set,mlsmell_in_place_apis_misused,mlsmell_matrix_multiplication_api_misused,mlsmell_memory_not_freed,mlsmell_merge_api_parameter_not_explicitly_set,mlsmell_nan_equivalence_comparison_misused,mlsmell_pytorch_call_method_misused,mlsmell_tensor_array_not_used,mlsmell_unnecessary_iteration,project_name,vuln_bandit_issues_high,vuln_bandit_issues_low,vuln_bandit_issues_medium,vuln_bandit_issues_total,vuln_bandit_test_ids
AVAuco laeonet,datasets/parse_ava_laeo.py,AVAuco laeonet::datasets/parse_ava_laeo.py,['Manuel'],['Manuel'],[],[],1,0,0,1.0,0.0,0.0,37.0,2.0,2.0,True,lizard,0,0,17,2,29,12,0,80,20,0,3,0,9,0,0,0,3,0,0,datasets/parse_ava_laeo.py,1,24,0,8,0,0,9,17,176,412,0,0,0,0,0,0,0,0,0,0,2,0,0,0,0,0,0,AVAuco laeonet,0,0,0,0,0
AVAuco laeonet,laeonet-head-det-track/detector/bounding_box_utils/bounding_box_utils.py,AVAuco laeonet::laeonet-head-det-track/detector/bounding_box_utils/bounding_box_utils.py,['mjmarin'],[],[],['mjmarin'],0,0,1,0.0,0.0,1.0,384.0,10.6,16.0,False,radon,0,0,16,2,20,12,0,71,21,0,3,0,8,0,0,0,3,0,0,laeonet-head-det-track/detector/bounding_box_utils/bounding_box_utils.py,1,24,0,8,0,0,9,17,178,412,0,0,0,0,0,0,0,0,0,0,2,0,0,0,0,0,0,AVAuco laeonet,0,0,0,0,0
AVAuco laeonet,laeonet-head-det-track/detector/keras_layers/keras_layer_AnchorBoxes.py,AVAuco laeonet::laeonet-head-det-track/detector/keras_layers/keras_layer_AnchorBoxes.py,['mjmarin'],[],[],['mjmarin'],0,0,1,0.0,0.0,1.0,279.0,6.166666666666667,17.0,False,radon,0,0,16,2,20,12,0,71,21,0,3,0,8,0,0,0,3,0,0,laeonet-head-det-track/detector/keras_layers/keras_layer_AnchorBoxes.py,1,24,0,8,0,0,9,17,178,412,0,0,0,0,0,0,0,0,0,0,2,0,0,0,0,0,0,AVAuco laeonet,0,0,0,0,0
AVAuco laeonet,laeonet-head-det-track/detector/keras_layers/keras_layer_DecodeDetections.py,AVAuco laeonet::laeonet-head-det-track/detector/keras_layers/keras_layer_DecodeDetections.py,['mjmarin'],[],[],['mjmarin'],0,0,1,0.0,0.0,1.0,284.0,2.1666666666666665,6.0,False,radon,0,0,16,2,20,12,0,71,21,0,3,0,8,0,0,0,3,0,0,laeonet-head-det-track/detector/keras_layers/keras_layer_DecodeDetections.py,1,24,0,8,0,0,9,17,178,412,0,0,0,0,0,0,0,0,0,0,2,0,0,0,0,0,0,AVAuco laeonet,0,0,0,0,0
AVAuco laeonet,laeonet-head-det-track/detector/keras_layers/keras_layer_DecodeDetectionsFast.py,AVAuco laeonet::laeonet-head-det-track/detector/keras_layers/keras_layer_DecodeDetectionsFast.py,['mjmarin'],[],[],['mjmarin'],0,0,1,0.0,0.0,1.0,267.0,2.1666666666666665,6.0,False,radon,0,0,16,2,20,12,0,71,21,0,3,0,8,0,0,0,3,0,0,laeonet-head-det-track/detector/keras_layers/keras_layer_DecodeDetectionsFast.py,1,24,0,8,0,0,9,17,178,412,0,0,0,0,0,0,0,0,0,0,2,0,0,0,0,0,0,AVAuco laeonet,0,0,0,0,0
AVAuco laeonet,laeonet-head-det-track/detector/keras_layers/keras_layer_L2Normalization.py,AVAuco laeonet::laeonet-head-det-track/detector/keras_layers/keras_layer_L2Normalization.py,['mjmarin'],[],[],['mjmarin'],0,0,1,0.0,0.0,1.0,71.0,1.4,2.0,False,radon,0,0,16,2,20,12,0,71,21,0,3,0,8,0,0,0,3,0,0,laeonet-head-det-track/detector/keras_layers/keras_layer_L2Normalization.py,1,24,0,8,0,0,9,17,178,412,0,0,0,0,0,0,0,0,0,0,2,0,0,0,0,0,0,AVAuco laeonet,0,0,0,0,0
AVAuco laeonet,laeonet-head-det-track/detector/keras_loss_function/keras_ssd_loss.py,AVAuco laeonet::laeonet-head-det-track/detector/keras_loss_function/keras_ssd_loss.py,['mjmarin'],[],[],['mjmarin'],0,0,1,0.0,0.0,1.0,212.0,1.2,2.0,False,radon,0,0,16,2,20,12,0,71,21,0,3,0,8,0,0,0,3,0,0,laeonet-head-det-track/detector/keras_loss_function/keras_ssd_loss.py,1,24,0,8,0,0,9,17,178,412,0,0,0,0,0,0,0,0,0,0,2,0,0,0,0,0,0,AVAuco laeonet,0,0,0,0,0
AVAuco laeonet,laeonet-head-det-track/detector/models/keras_ssd512.py,AVAuco laeonet::laeonet-head-det-track/detector/models/keras_ssd512.py,['mjmarin'],[],[],['mjmarin'],0,0,1,0.0,0.0,1.0,583.0,54.0,54.0,False,radon,0,0,16,2,20,12,0,71,21,0,3,0,8,0,0,0,3,0,0,laeonet-head-det-track/detector/models/keras_ssd512.py,1,24,0,8,0,0,9,17,178,412,0,0,0,0,0,0,0,0,0,0,2,0,0,0,0,0,0,AVAuco laeonet,0,0,0,0,0
AVAuco laeonet,laeonet-head-det-track/laeonet/mj_genericUtils.py,AVAuco laeonet::laeonet-head-det-track/laeonet/mj_genericUtils.py,['mjmarin'],[],[],['mjmarin'],0,0,1,0.0,0.0,1.0,95.0,2.75,6.0,False,radon,0,0,16,2,20,12,0,71,21,0,3,0,8,0,0,0,3,0,0,laeonet-head-det-track/laeonet/mj_genericUtils.py,1,24,0,8,0,0,9,17,178,412,0,0,0,0,0,0,0,0,0,0,2,0,0,0,0,0,0,AVAuco laeonet,0,0,0,0,0
AVAuco laeonet,laeonet-head-det-track/laeonet/mj_laeoImage.py,AVAuco laeonet::laeonet-head-det-track/laeonet/mj_laeoImage.py,['mjmarin'],[],[],['mjmarin'],0,0,1,0.0,0.0,1.0,416.0,3.8,8.0,False,radon,0,0,16,2,20,12,0,71,21,0,3,0,8,0,0,0,3,0,0,laeonet-head-det-track/laeonet/mj_laeoImage.py,1,24,0,8,0,0,9,17,178,412,0,0,0,0,0,0,0,0,0,0,2,0,0,0,0,0,0,AVAuco laeonet,0,0,0,0,0
AVAuco laeonet,laeonet-head-det-track/ln_tracking_heads.py,AVAuco laeonet::laeonet-head-det-track/ln_tracking_heads.py,"['Manuel', 'mjmarin', 'zacr0']","['Manuel', 'zacr0']",[],['mjmarin'],2,0,1,0.6666666666666666,0.0,0.3333333333333333,422.0,10.285714285714286,18.0,False,radon,1,2,101,12,168,72,0,474,121,0,18,0,50,0,0,0,18,0,0,laeonet-head-det-track/ln_tracking_heads.py,6,144,0,48,0,0,54,102,1059,2472,0,0,0,0,0,0,0,0,0,0,12,0,0,0,0,0,0,AVAuco laeonet,0,0,0,0,0
AVAuco laeonet,laeonet-head-det-track/tracking/tube_utils.py,AVAuco laeonet::laeonet-head-det-track/tracking/tube_utils.py,['mjmarin'],[],[],['mjmarin'],0,0,1,0.0,0.0,1.0,70.0,2.7142857142857144,5.0,False,radon,0,0,16,2,20,12,0,71,21,0,3,0,8,0,0,0,3,0,0,laeonet-head-det-track/tracking/tube_utils.py,1,24,0,8,0,0,9,17,178,412,0,0,0,0,0,0,0,0,0,0,2,0,0,0,0,0,0,AVAuco laeonet,0,0,0,0,0
AVAuco laeonet,laeonet-head-det-track/utils/utils.py,AVAuco laeonet::laeonet-head-det-track/utils/utils.py,['mjmarin'],[],[],['mjmarin'],0,0,1,0.0,0.0,1.0,122.0,2.4,4.0,False,radon,0,0,16,2,20,12,0,71,21,0,3,0,8,0,0,0,3,0,0,laeonet-head-det-track/utils/utils.py,1,24,0,8,0,0,9,17,178,412,0,0,0,0,0,0,0,0,0,0,2,0,0,0,0,0,0,AVAuco laeonet,0,0,0,0,0
AVAuco laeonet,utils/mj_avagoogleConfig.py,AVAuco laeonet::utils/mj_avagoogleConfig.py,['mjmarin'],[],[],['mjmarin'],0,0,1,0.0,0.0,1.0,36.0,1.5,2.0,False,radon,0,0,16,2,20,12,0,71,21,0,3,0,8,0,0,0,3,0,0,utils/mj_avagoogleConfig.py,1,24,0,8,0,0,9,17,178,412,0,0,0,0,0,0,0,0,0,0,2,0,0,0,0,0,0,AVAuco laeonet,0,0,0,0,0
AVAuco laeonet,utils/mj_avagoogleImages.py,AVAuco laeonet::utils/mj_avagoogleImages.py,['mjmarin'],[],[],['mjmarin'],0,0,1,0.0,0.0,1.0,398.0,6.125,19.0,False,radon,0,0,33,4,50,24,0,152,41,0,6,0,16,0,0,0,6,0,0,utils/mj_avagoogleImages.py,2,48,0,16,0,0,18,34,354,824,0,0,0,0,0,0,0,0,0,0,4,0,0,0,0,0,0,AVAuco laeonet,0,0,0,0,0
AVAuco laeonet,utils/mj_genericUtils.py,AVAuco laeonet::utils/mj_genericUtils.py,['mjmarin'],[],[],['mjmarin'],0,0,1,0.0,0.0,1.0,95.0,2.75,6.0,False,radon,0,0,16,2,20,12,0,71,21,0,3,0,8,0,0,0,3,0,0,utils/mj_genericUtils.py,1,24,0,8,0,0,9,17,178,412,0,0,0,0,0,0,0,0,0,0,2,0,0,0,0,0,0,AVAuco laeonet,0,0,0,0,0
AVAuco laeonet,utils/mj_laeoImage.py,AVAuco laeonet::utils/mj_laeoImage.py,['mjmarin'],[],[],['mjmarin'],0,0,1,0.0,0.0,1.0,417.0,3.8,8.0,False,radon,0,0,33,4,50,24,0,152,41,0,6,0,16,0,0,0,6,0,0,utils/mj_laeoImage.py,2,48,0,16,0,0,18,34,354,824,0,0,0,0,0,0,0,0,0,0,4,0,0,0,0,0,0,AVAuco laeonet,0,0,0,0,0
AVAuco laeonet,utils/mj_laeoUtils.py,AVAuco laeonet::utils/mj_laeoUtils.py,['mjmarin'],[],[],['mjmarin'],0,0,1,0.0,0.0,1.0,455.0,5.666666666666667,19.0,False,radon,0,0,33,4,50,24,0,152,41,0,6,0,16,0,0,0,6,0,0,utils/mj_laeoUtils.py,2,48,0,16,0,0,18,34,354,824,0,0,0,0,0,0,0,0,0,0,4,0,0,0,0,0,0,AVAuco laeonet,0,0,0,0,0
AVAuco laeonet,utils/mj_miningSamples.py,AVAuco laeonet::utils/mj_miningSamples.py,['mjmarin'],[],[],['mjmarin'],0,0,1,0.0,0.0,1.0,599.0,7.333333333333333,24.0,False,radon,0,0,33,4,50,24,0,152,41,0,6,0,16,0,0,0,6,0,0,utils/mj_miningSamples.py,2,48,0,16,0,0,18,34,354,824,0,0,0,0,0,0,0,0,0,0,4,0,0,0,0,0,0,AVAuco laeonet,0,0,0,0,0
AVAuco laeonet,utils/mj_tracksManager.py,AVAuco laeonet::utils/mj_tracksManager.py,['mjmarin'],[],[],['mjmarin'],0,0,1,0.0,0.0,1.0,137.0,2.3333333333333335,5.0,False,radon,0,0,33,4,50,24,0,152,41,0,6,0,16,0,0,0,6,0,0,utils/mj_tracksManager.py,2,48,0,16,0,0,18,34,354,824,0,0,0,0,0,0,0,0,0,0,4,0,0,0,0,0,0,AVAuco laeonet,0,0,0,0,0
AVAuco laeonet,utils/model_utils.py,AVAuco laeonet::utils/model_utils.py,['mjmarin'],[],[],['mjmarin'],0,0,1,0.0,0.0,1.0,210.0,7.333333333333333,20.0,False,radon,0,0,16,2,20,12,0,71,21,0,3,0,8,0,0,0,3,0,0,utils/model_utils.py,1,24,0,8,0,0,9,17,178,412,0,0,0,0,0,0,0,0,0,0,2,0,0,0,0,0,0,AVAuco laeonet,0,0,0,0,0
Abhishekmamidi123 Time Series Forecasting,Maharashtra/ARIMA.py,Abhishekmamidi123 Time Series Forecasting::Maharashtra/ARIMA.py,['Abhishekmamidi'],[],['Abhishekmamidi'],[],0,1,0,0.0,1.0,0.0,126.0,2.0,6.0,False,radon,0,0,0,0,4,8,0,15,3,0,0,0,0,0,0,1,0,0,0,Maharashtra/ARIMA.py,0,1,0,0,0,0,1,5,15,22,0,0,9,8,0,0,0,0,2,2,0,0,0,0,0,0,0,Abhishekmamidi123 Time Series Forecasting,0,0,0,0,0
Abhishekmamidi123 Time Series Forecasting,Maharashtra/Artificial_Neural_Networks.py,Abhishekmamidi123 Time Series Forecasting::Maharashtra/Artificial_Neural_Networks.py,['Abhishekmamidi'],[],['Abhishekmamidi'],[],0,1,0,0.0,1.0,0.0,826.0,2.324324324324324,9.0,False,radon,2,1,0,0,24,40,0,80,16,0,0,0,0,0,0,6,0,0,0,Maharashtra/Artificial_Neural_Networks.py,0,6,0,2,0,0,6,31,88,131,0,0,61,47,0,0,0,0,13,11,0,0,0,0,0,0,0,Abhishekmamidi123 Time Series Forecasting,0,0,0,0,0
Abhishekmamidi123 Time Series Forecasting,Maharashtra_rainy_season_analysis/ARIMA.py,Abhishekmamidi123 Time Series Forecasting::Maharashtra_rainy_season_analysis/ARIMA.py,['Abhishekmamidi'],[],['Abhishekmamidi'],[],0,1,0,0.0,1.0,0.0,126.0,2.0,6.0,False,radon,0,0,0,0,8,16,0,30,6,0,0,0,0,0,0,2,0,0,0,Maharashtra_rainy_season_analysis/ARIMA.py,0,2,0,0,0,0,2,10,30,44,0,0,18,16,0,0,0,0,4,4,0,0,0,0,0,0,0,Abhishekmamidi123 Time Series Forecasting,0,0,0,0,0
Abhishekmamidi123 Time Series Forecasting,Maharashtra_rainy_season_analysis/Artificial_Neural_Networks.py,Abhishekmamidi123 Time Series Forecasting::Maharashtra_rainy_season_analysis/Artificial_Neural_Networks.py,['Abhishekmamidi'],[],['Abhishekmamidi'],[],0,1,0,0.0,1.0,0.0,701.0,2.3,8.0,False,radon,0,0,0,0,8,16,0,30,6,0,0,0,0,0,0,2,0,0,0,Maharashtra_rainy_season_analysis/Artificial_Neural_Networks.py,0,2,0,0,0,0,2,10,30,44,0,0,18,16,0,0,0,0,4,4,0,0,0,0,0,0,0,Abhishekmamidi123 Time Series Forecasting,0,0,0,0,0
Barqawiz Snnapy2 Filters,Demo.py,Barqawiz Snnapy2 Filters::Demo.py,"['Ahmad Albarqawi', 'Ahmad Barqawi']","['Ahmad Albarqawi', 'Ahmad Barqawi']",[],[],2,0,0,1.0,0.0,0.0,71.0,1.0,1.0,False,radon,0,0,0,0,0,10,0,62,52,0,5,0,0,5,0,0,5,0,0,Demo.py,0,15,0,0,0,0,5,14,107,146,0,0,0,0,0,0,0,0,0,0,0,0,0,0,0,0,0,Barqawiz Snnapy2 Filters,0,0,0,0,0
Barqawiz Snnapy2 Filters,setup.py,Barqawiz Snnapy2 Filters::setup.py,"['Ahmad Albarqawi', 'Ahmad Barqawi', 'cybercoder']","['Ahmad Albarqawi', 'Ahmad Barqawi', 'cybercoder']",[],[],3,0,0,1.0,0.0,0.0,29.0,3.0,3.0,False,radon,0,0,0,4,0,18,0,99,77,0,7,0,0,7,0,0,7,0,0,setup.py,0,21,0,0,0,0,7,21,166,211,0,0,0,0,0,0,0,0,0,0,0,0,0,0,0,0,0,Barqawiz Snnapy2 Filters,0,0,0,0,0
Barqawiz Snnapy2 Filters,snappy2/Snappy2.py,Barqawiz Snnapy2 Filters::snappy2/Snappy2.py,"['Ahmad Albarqawi', 'Ahmad Barqawi']","['Ahmad Albarqawi', 'Ahmad Barqawi']",[],[],2,0,0,1.0,0.0,0.0,228.0,3.8,9.0,False,radon,0,0,0,0,0,6,0,38,32,0,3,0,0,3,0,0,3,0,0,snappy2/Snappy2.py,0,9,0,0,0,0,3,9,65,87,0,0,0,0,0,0,0,0,0,0,0,0,0,0,0,0,0,Barqawiz Snnapy2 Filters,0,0,0,0,0
Barqawiz Snnapy2 Filters,snappy2/controls/Detector.py,Barqawiz Snnapy2 Filters::snappy2/controls/Detector.py,['Ahmad Barqawi'],['Ahmad Barqawi'],[],[],1,0,0,1.0,0.0,0.0,107.0,2.25,3.0,False,radon,0,0,0,0,0,2,0,12,10,0,1,0,0,1,0,0,1,0,0,snappy2/controls/Detector.py,0,3,0,0,0,0,1,3,21,29,0,0,0,0,0,0,0,0,0,0,0,0,0,0,0,0,0,Barqawiz Snnapy2 Filters,0,0,0,0,0
Barqawiz Snnapy2 Filters,snappy2/controls/FacePainter.py,Barqawiz Snnapy2 Filters::snappy2/controls/FacePainter.py,['Ahmad Barqawi'],['Ahmad Barqawi'],[],[],1,0,0,1.0,0.0,0.0,249.0,2.75,12.0,False,radon,0,0,0,0,0,2,0,12,10,0,1,0,0,1,0,0,1,0,0,snappy2/controls/FacePainter.py,0,3,0,0,0,0,1,3,21,29,0,0,0,0,0,0,0,0,0,0,0,0,0,0,0,0,0,Barqawiz Snnapy2 Filters,0,0,0,0,0
Barqawiz Snnapy2 Filters,snappy2/controls/Generate.py,Barqawiz Snnapy2 Filters::snappy2/controls/Generate.py,"['Ahmad Barqawi', 'cybercoder']","['Ahmad Barqawi', 'cybercoder']",[],[],2,0,0,1.0,0.0,0.0,31.0,1.3333333333333333,2.0,False,radon,0,0,0,2,0,6,0,30,22,0,2,0,0,2,0,0,2,0,0,snappy2/controls/Generate.py,0,6,0,0,0,0,2,6,50,62,0,0,0,0,0,0,0,0,0,0,0,0,0,0,0,0,0,Barqawiz Snnapy2 Filters,0,0,0,0,0
Barqawiz Snnapy2 Filters,snappy2/utils/Constants.py,Barqawiz Snnapy2 Filters::snappy2/utils/Constants.py,['Ahmad Barqawi'],['Ahmad Barqawi'],[],[],1,0,0,1.0,0.0,0.0,39.0,1.0,1.0,False,radon,0,0,0,0,0,2,0,12,10,0,1,0,0,1,0,0,1,0,0,snappy2/utils/Constants.py,0,3,0,0,0,0,1,3,21,29,0,0,0,0,0,0,0,0,0,0,0,0,0,0,0,0,0,Barqawiz Snnapy2 Filters,0,0,0,0,0
Barqawiz Snnapy2 Filters,snappy2/utils/Utility.py,Barqawiz Snnapy2 Filters::snappy2/utils/Utility.py,['Ahmad Barqawi'],['Ahmad Barqawi'],[],[],1,0,0,1.0,0.0,0.0,37.0,1.3333333333333333,2.0,False,radon,0,0,0,0,0,2,0,12,10,0,1,0,0,1,0,0,1,0,0,snappy2/utils/Utility.py,0,3,0,0,0,0,1,3,21,29,0,0,0,0,0,0,0,0,0,0,0,0,0,0,0,0,0,Barqawiz Snnapy2 Filters,0,0,0,0,0
ClarityCafe Ivy,framework/authentication.py,ClarityCafe Ivy::framework/authentication.py,['Martmists'],['Martmists'],[],[],1,0,0,1.0,0.0,0.0,28.0,1.3333333333333333,2.0,False,radon,0,0,1,0,0,2,0,3,0,0,0,0,3,1,0,0,2,0,0,framework/authentication.py,0,0,0,0,0,0,0,0,3,1,0,0,0,0,0,0,0,0,0,0,0,0,0,0,0,0,0,ClarityCafe Ivy,0,0,0,0,0
ClarityCafe Ivy,framework/error_handlers/error_4xx.py,ClarityCafe Ivy::framework/error_handlers/error_4xx.py,['Martmists'],['Martmists'],[],[],1,0,0,1.0,0.0,0.0,47.0,1.0,1.0,False,radon,0,0,1,0,0,2,0,3,0,0,0,0,3,1,0,0,2,0,0,framework/error_handlers/error_4xx.py,0,0,0,0,0,0,0,0,3,1,0,0,0,0,0,0,0,0,0,0,0,0,0,0,0,0,0,ClarityCafe Ivy,0,0,0,0,0
ClarityCafe Ivy,framework/error_handlers/error_common.py,ClarityCafe Ivy::framework/error_handlers/error_common.py,['Martmists'],['Martmists'],[],[],1,0,0,1.0,0.0,0.0,31.0,1.0,1.0,False,radon,0,0,1,0,0,2,0,3,0,0,0,0,3,1,0,0,2,0,0,framework/error_handlers/error_common.py,0,0,0,0,0,0,0,0,3,1,0,0,0,0,0,0,0,0,0,0,0,0,0,0,0,0,0,ClarityCafe Ivy,0,0,0,0,0
ClarityCafe Ivy,framework/ivy.py,ClarityCafe Ivy::framework/ivy.py,['Martmists'],['Martmists'],[],[],1,0,0,1.0,0.0,0.0,41.0,2.25,3.0,False,radon,0,0,1,0,0,2,0,3,0,0,0,0,3,1,0,0,2,0,0,framework/ivy.py,0,0,0,0,0,0,0,0,3,1,0,0,0,0,0,0,0,0,0,0,0,0,0,0,0,0,0,ClarityCafe Ivy,0,0,0,0,0
ClarityCafe Ivy,framework/route.py,ClarityCafe Ivy::framework/route.py,['Martmists'],['Martmists'],[],[],1,0,0,1.0,0.0,0.0,40.0,1.2,2.0,False,radon,0,0,1,0,0,2,0,3,0,0,0,0,3,1,0,0,2,0,0,framework/route.py,0,0,0,0,0,0,0,0,3,1,0,0,0,0,0,0,0,0,0,0,0,0,0,0,0,0,0,ClarityCafe Ivy,0,0,0,0,0
ClarityCafe Ivy,framework/route_wrappers.py,ClarityCafe Ivy::framework/route_wrappers.py,['Martmists'],['Martmists'],[],[],1,0,0,1.0,0.0,0.0,77.0,1.3333333333333333,2.0,False,radon,0,0,1,0,0,2,0,3,0,0,0,0,3,1,0,0,2,0,0,framework/route_wrappers.py,0,0,0,0,0,0,0,0,3,1,0,0,0,0,0,0,0,0,0,0,0,0,0,0,0,0,0,ClarityCafe Ivy,0,0,0,0,0
ClarityCafe Ivy,framework/routecog.py,ClarityCafe Ivy::framework/routecog.py,['Martmists'],['Martmists'],[],[],1,0,0,1.0,0.0,0.0,25.0,2.3333333333333335,3.0,False,radon,0,0,1,0,0,2,0,3,0,0,0,0,3,1,0,0,2,0,0,framework/routecog.py,0,0,0,0,0,0,0,0,3,1,0,0,0,0,0,0,0,0,0,0,0,0,0,0,0,0,0,ClarityCafe Ivy,0,0,0,0,0
ClarityCafe Ivy,routes/chatbot.py,ClarityCafe Ivy::routes/chatbot.py,"['Capuccino', 'Hikari Kibo', 'Martmists']","['Capuccino', 'Hikari Kibo', 'Martmists']",[],[],3,0,0,1.0,0.0,0.0,63.0,2.1666666666666665,6.0,False,radon,4,3,5,0,0,10,0,15,0,0,0,0,15,5,0,0,10,0,0,routes/chatbot.py,0,0,0,0,0,0,0,0,15,5,0,0,0,0,0,0,0,0,0,0,0,0,0,0,0,0,0,ClarityCafe Ivy,0,0,0,0,0
GKalliatakis Keras VGG16 places365,places_utils.py,GKalliatakis Keras VGG16 places365::places_utils.py,"['GKalliatakis', 'Grigorios Kalliatakis']",['GKalliatakis'],['Grigorios Kalliatakis'],[],1,1,0,0.5,0.5,0.0,21.0,4.0,4.0,False,radon,0,0,0,0,2,3,0,7,2,0,0,0,6,0,0,0,0,0,0,places_utils.py,0,8,0,0,0,0,6,6,125,63,0,0,0,0,0,0,0,0,0,0,0,0,0,0,0,0,0,GKalliatakis Keras VGG16 places365,0,0,0,0,0
GKalliatakis Keras VGG16 places365,vgg16_hybrid_places_1365.py,GKalliatakis Keras VGG16 places365::vgg16_hybrid_places_1365.py,"['Federico Magliani', 'GKalliatakis', 'Gabriel Downs', 'Grigorios Kalliatakis', 'Luis Carlos Rivera']","['Federico Magliani', 'GKalliatakis', 'Gabriel Downs', 'Luis Carlos Rivera']",['Grigorios Kalliatakis'],[],4,1,0,0.8,0.2,0.0,323.0,19.0,19.0,False,radon,19,5,0,0,19,43,0,76,14,0,0,0,34,0,0,0,0,0,0,vgg16_hybrid_places_1365.py,0,38,0,0,0,0,34,34,682,204,0,0,0,0,0,0,0,0,0,0,0,0,0,0,0,0,0,GKalliatakis Keras VGG16 places365,0,0,0,0,0
GKalliatakis Keras VGG16 places365,vgg16_places_365.py,GKalliatakis Keras VGG16 places365::vgg16_places_365.py,"['Federico Magliani', 'GKalliatakis', 'Grigorios Kalliatakis', 'gushart']","['Federico Magliani', 'GKalliatakis', 'gushart']",['Grigorios Kalliatakis'],[],3,1,0,0.75,0.25,0.0,285.0,19.0,19.0,False,radon,15,2,0,0,15,29,0,58,14,0,0,0,22,0,0,0,0,0,0,vgg16_places_365.py,0,26,0,0,0,0,22,22,440,148,0,0,0,0,0,0,0,0,0,0,0,0,0,0,0,0,0,GKalliatakis Keras VGG16 places365,0,0,0,0,0
Ha0Tang GestureGAN,data/__init__.py,Ha0Tang GestureGAN::data/__init__.py,['Ha0Tang'],['Ha0Tang'],[],[],1,0,0,1.0,0.0,0.0,75.0,1.7,5.0,False,radon,0,0,1,6,2,0,0,9,0,0,0,0,5,0,0,0,2,0,0,data/__init__.py,0,6,0,1,0,0,1,5,47,66,0,0,0,0,0,0,0,0,5,0,0,0,0,0,2,0,0,Ha0Tang GestureGAN,0,2,0,2,B311
Ha0Tang GestureGAN,data/aligned_dataset.py,Ha0Tang GestureGAN::data/aligned_dataset.py,['Ha0Tang'],['Ha0Tang'],[],[],1,0,0,1.0,0.0,0.0,82.0,2.5,7.0,False,radon,0,0,1,6,2,0,0,9,0,0,0,0,5,0,0,0,2,0,0,data/aligned_dataset.py,0,6,0,1,0,0,1,5,47,66,0,0,0,0,0,0,0,0,5,0,0,0,0,0,2,0,0,Ha0Tang GestureGAN,0,2,0,2,B311
Ha0Tang GestureGAN,data/base_data_loader.py,Ha0Tang GestureGAN::data/base_data_loader.py,['Ha0Tang'],['Ha0Tang'],[],[],1,0,0,1.0,0.0,0.0,11.0,1.25,2.0,False,radon,0,0,1,6,2,0,0,9,0,0,0,0,5,0,0,0,2,0,0,data/base_data_loader.py,0,6,0,1,0,0,1,5,47,66,0,0,0,0,0,0,0,0,5,0,0,0,0,0,2,0,0,Ha0Tang GestureGAN,0,2,0,2,B311
Ha0Tang GestureGAN,data/base_dataset.py,Ha0Tang GestureGAN::data/base_dataset.py,['Ha0Tang'],['Ha0Tang'],[],[],1,0,0,1.0,0.0,0.0,104.0,2.7,8.0,False,radon,0,0,1,6,2,0,0,9,0,0,0,0,5,0,0,0,2,0,0,data/base_dataset.py,0,6,0,1,0,0,1,5,47,66,0,0,0,0,0,0,0,0,5,0,0,0,0,0,2,0,0,Ha0Tang GestureGAN,0,2,0,2,B311
Ha0Tang GestureGAN,data/image_folder.py,Ha0Tang GestureGAN::data/image_folder.py,['Ha0Tang'],['Ha0Tang'],[],[],1,0,0,1.0,0.0,0.0,69.0,2.4285714285714284,5.0,False,radon,0,0,1,6,2,0,0,9,0,0,0,0,5,0,0,0,2,0,0,data/image_folder.py,0,6,0,1,0,0,1,5,47,66,0,0,0,0,0,0,0,0,5,0,0,0,0,0,2,0,0,Ha0Tang GestureGAN,0,2,0,2,B311
Ha0Tang GestureGAN,models/__init__.py,Ha0Tang GestureGAN::models/__init__.py,['Ha0Tang'],['Ha0Tang'],[],[],1,0,0,1.0,0.0,0.0,40.0,2.3333333333333335,5.0,False,radon,0,0,1,6,2,0,0,9,0,0,0,0,5,0,0,0,2,0,0,models/__init__.py,0,6,0,1,0,0,1,5,47,66,0,0,0,0,0,0,0,0,5,0,0,0,0,0,2,0,0,Ha0Tang GestureGAN,0,2,0,2,B311
Ha0Tang GestureGAN,models/base_model.py,Ha0Tang GestureGAN::models/base_model.py,['Ha0Tang'],['Ha0Tang'],[],[],1,0,0,1.0,0.0,0.0,159.0,3.1052631578947367,8.0,False,radon,0,0,1,6,2,0,0,9,0,0,0,0,5,0,0,0,2,0,0,models/base_model.py,0,6,0,1,0,0,1,5,47,66,0,0,0,0,0,0,0,0,5,0,0,0,0,0,2,0,0,Ha0Tang GestureGAN,0,2,0,2,B311
Ha0Tang GestureGAN,models/gesturegan_onecycle_model.py,Ha0Tang GestureGAN::models/gesturegan_onecycle_model.py,['Ha0Tang'],['Ha0Tang'],[],[],1,0,0,1.0,0.0,0.0,169.0,2.0,5.0,False,radon,0,0,5,26,9,0,0,41,1,0,0,0,21,0,0,0,8,0,0,models/gesturegan_onecycle_model.py,0,25,0,4,0,0,4,20,216,288,0,0,0,0,0,0,0,0,20,0,0,0,0,0,12,0,0,Ha0Tang GestureGAN,0,8,0,8,B311B311B311B311
Ha0Tang GestureGAN,models/gesturegan_twocycle_model.py,Ha0Tang GestureGAN::models/gesturegan_twocycle_model.py,['Ha0Tang'],['Ha0Tang'],[],[],1,0,0,1.0,0.0,0.0,216.0,2.0,5.0,False,radon,0,0,7,32,11,0,0,52,2,0,0,0,27,0,0,0,10,0,0,models/gesturegan_twocycle_model.py,0,32,0,5,0,0,5,25,264,358,0,0,0,0,0,0,0,0,25,0,0,0,0,0,14,0,0,Ha0Tang GestureGAN,0,10,0,10,B311B311B311B311B311
Ha0Tang GestureGAN,models/networks.py,Ha0Tang GestureGAN::models/networks.py,['Ha0Tang'],['Ha0Tang'],[],[],1,0,0,1.0,0.0,0.0,429.0,3.1714285714285713,8.0,False,radon,0,0,1,6,2,0,0,9,0,0,0,0,5,0,0,0,2,0,0,models/networks.py,0,6,0,1,0,0,1,5,47,66,0,0,0,0,0,0,0,0,5,0,0,0,0,0,2,0,0,Ha0Tang GestureGAN,0,2,0,2,B311
Ha0Tang GestureGAN,options/base_options.py,Ha0Tang GestureGAN::options/base_options.py,['Ha0Tang'],['Ha0Tang'],[],[],1,0,0,1.0,0.0,0.0,121.0,2.6666666666666665,6.0,False,radon,0,0,2,13,4,0,0,19,0,0,0,0,10,0,0,0,4,0,0,options/base_options.py,0,12,0,2,0,0,2,10,102,140,0,0,0,0,0,0,0,0,10,0,0,0,0,0,5,0,0,Ha0Tang GestureGAN,0,4,0,4,B311B311
Ha0Tang GestureGAN,options/test_options.py,Ha0Tang GestureGAN::options/test_options.py,['Ha0Tang'],['Ha0Tang'],[],[],1,0,0,1.0,0.0,0.0,22.0,1.5,2.0,False,radon,0,0,1,6,2,0,0,9,0,0,0,0,5,0,0,0,2,0,0,options/test_options.py,0,6,0,1,0,0,1,5,47,66,0,0,0,0,0,0,0,0,5,0,0,0,0,0,2,0,0,Ha0Tang GestureGAN,0,2,0,2,B311
Ha0Tang GestureGAN,options/train_options.py,Ha0Tang GestureGAN::options/train_options.py,['Ha0Tang'],['Ha0Tang'],[],[],1,0,0,1.0,0.0,0.0,29.0,1.5,2.0,False,radon,0,0,1,6,2,0,0,9,0,0,0,0,5,0,0,0,2,0,0,options/train_options.py,0,6,0,1,0,0,1,5,47,66,0,0,0,0,0,0,0,0,5,0,0,0,0,0,2,0,0,Ha0Tang GestureGAN,0,2,0,2,B311
Ha0Tang GestureGAN,scripts/evaluation/IS/inception_score.py,Ha0Tang GestureGAN::scripts/evaluation/IS/inception_score.py,['Ha0Tang'],['Ha0Tang'],[],[],1,0,0,1.0,0.0,0.0,106.0,6.333333333333333,9.0,False,radon,0,0,2,7,2,0,0,12,1,0,0,0,6,0,0,0,2,0,0,scripts/evaluation/IS/inception_score.py,0,7,0,1,0,0,1,5,55,78,0,0,0,0,0,0,0,0,5,0,0,0,0,0,3,0,0,Ha0Tang GestureGAN,0,2,0,2,B311
Ha0Tang GestureGAN,util/get_data.py,Ha0Tang GestureGAN::util/get_data.py,['Ha0Tang'],['Ha0Tang'],[],[],1,0,0,1.0,0.0,0.0,116.0,2.5714285714285716,4.0,False,radon,0,0,1,6,2,0,0,9,0,0,0,0,5,0,0,0,2,0,0,util/get_data.py,0,6,0,1,0,0,1,5,47,66,0,0,0,0,0,0,0,0,5,0,0,0,0,0,2,0,0,Ha0Tang GestureGAN,0,2,0,2,B311
Ha0Tang GestureGAN,util/html.py,Ha0Tang GestureGAN::util/html.py,['Ha0Tang'],['Ha0Tang'],[],[],1,0,0,1.0,0.0,0.0,65.0,1.7142857142857142,4.0,False,radon,0,0,1,6,2,0,0,9,0,0,0,0,5,0,0,0,2,0,0,util/html.py,0,6,0,1,0,0,1,5,47,66,0,0,0,0,0,0,0,0,5,0,0,0,0,0,2,0,0,Ha0Tang GestureGAN,0,2,0,2,B311
Ha0Tang GestureGAN,util/image_pool.py,Ha0Tang GestureGAN::util/image_pool.py,['Ha0Tang'],['Ha0Tang'],[],[],1,0,0,1.0,0.0,0.0,33.0,4.0,5.0,False,radon,0,0,1,6,2,0,0,9,0,0,0,0,5,0,0,0,2,0,0,util/image_pool.py,0,6,0,1,0,0,1,5,47,66,0,0,0,0,0,0,0,0,5,0,0,0,0,0,2,0,0,Ha0Tang GestureGAN,0,2,0,2,B311
Ha0Tang GestureGAN,util/util.py,Ha0Tang GestureGAN::util/util.py,['Ha0Tang'],['Ha0Tang'],[],[],1,0,0,1.0,0.0,0.0,61.0,2.8333333333333335,4.0,False,radon,0,0,1,6,2,0,0,9,0,0,0,0,5,0,0,0,2,0,0,util/util.py,0,6,0,1,0,0,1,5,47,66,0,0,0,0,0,0,0,0,5,0,0,0,0,0,2,0,0,Ha0Tang GestureGAN,0,2,0,2,B311
Ha0Tang GestureGAN,util/visualizer.py,Ha0Tang GestureGAN::util/visualizer.py,['Ha0Tang'],['Ha0Tang'],[],[],1,0,0,1.0,0.0,0.0,164.0,4.5,15.0,False,radon,0,0,1,6,2,0,0,9,0,0,0,0,5,0,0,0,2,0,0,util/visualizer.py,0,6,0,1,0,0,1,5,47,66,0,0,0,0,0,0,0,0,5,0,0,0,0,0,2,0,0,Ha0Tang GestureGAN,0,2,0,2,B311
HendrikStrobelt detecting fake text,backend/api.py,HendrikStrobelt detecting fake text::backend/api.py,"['Hendrik Strobelt', 'Strobelt Hendrik']","['Hendrik Strobelt', 'Strobelt Hendrik']",[],[],2,0,0,1.0,0.0,0.0,368.0,4.066666666666666,13.0,False,radon,0,0,0,0,20,4,0,32,8,0,0,0,0,4,0,0,8,0,0,backend/api.py,0,4,0,0,0,0,4,0,40,36,0,0,0,0,0,0,0,0,0,0,0,0,0,0,0,0,0,HendrikStrobelt detecting fake text,0,0,0,0,0
HendrikStrobelt detecting fake text,backend/class_register.py,HendrikStrobelt detecting fake text::backend/class_register.py,['Strobelt Hendrik'],['Strobelt Hendrik'],[],[],1,0,0,1.0,0.0,0.0,11.0,1.0,1.0,False,radon,0,0,0,0,5,1,0,8,2,0,0,0,0,1,0,0,2,0,0,backend/class_register.py,0,1,0,0,0,0,1,0,10,9,0,0,0,0,0,0,0,0,0,0,0,0,0,0,0,0,0,HendrikStrobelt detecting fake text,0,0,0,0,0
HendrikStrobelt detecting fake text,preload_gpt2.py,HendrikStrobelt detecting fake text::preload_gpt2.py,['Strobelt Hendrik'],['Strobelt Hendrik'],[],[],1,0,0,1.0,0.0,0.0,15.0,1.0,1.0,False,radon,0,0,0,0,5,1,0,8,2,0,0,0,0,1,0,0,2,0,0,preload_gpt2.py,0,1,0,0,0,0,1,0,10,9,0,0,0,0,0,0,0,0,0,0,0,0,0,0,0,0,0,HendrikStrobelt detecting fake text,0,0,0,0,0
HendrikStrobelt detecting fake text,server.py,HendrikStrobelt detecting fake text::server.py,['Strobelt Hendrik'],['Strobelt Hendrik'],[],[],1,0,0,1.0,0.0,0.0,150.0,1.4285714285714286,2.0,False,radon,0,0,0,0,5,1,0,8,2,0,0,0,0,1,0,0,2,0,0,server.py,0,1,0,0,0,0,1,0,10,9,0,0,0,0,0,0,0,0,0,0,0,0,0,0,0,0,0,HendrikStrobelt detecting fake text,0,0,0,0,0
IBM MAX Fast Neural Style Transfer,api/metadata.py,IBM MAX Fast Neural Style Transfer::api/metadata.py,"['Brendan Dwyer', 'Nick Pentreath']","['Brendan Dwyer', 'Nick Pentreath']",[],[],2,0,0,1.0,0.0,0.0,27.0,1.5,2.0,False,radon,6,1,0,0,0,6,0,16,10,0,2,0,0,0,0,0,0,0,0,api/metadata.py,0,0,0,0,0,0,0,0,2,139,0,0,0,0,0,0,0,0,0,0,0,0,0,0,2,0,0,IBM MAX Fast Neural Style Transfer,0,0,0,0,0
IBM MAX Fast Neural Style Transfer,api/predict.py,IBM MAX Fast Neural Style Transfer::api/predict.py,"['Brendan Dwyer', 'Nick Pentreath']","['Brendan Dwyer', 'Nick Pentreath']",[],[],2,0,0,1.0,0.0,0.0,40.0,1.5,2.0,False,radon,6,1,0,0,0,6,0,16,10,0,2,0,0,0,0,0,0,0,0,api/predict.py,0,0,0,0,0,0,0,0,2,139,0,0,0,0,0,0,0,0,0,0,0,0,0,0,2,0,0,IBM MAX Fast Neural Style Transfer,0,0,0,0,0
IBM MAX Fast Neural Style Transfer,core/model.py,IBM MAX Fast Neural Style Transfer::core/model.py,"['Brendan Dwyer', 'Nick Pentreath']","['Brendan Dwyer', 'Nick Pentreath']",[],[],2,0,0,1.0,0.0,0.0,96.0,1.5714285714285714,3.0,False,radon,9,2,0,0,0,9,0,24,15,0,3,0,0,0,0,0,0,0,0,core/model.py,0,0,0,0,0,0,0,0,3,209,0,0,0,0,0,0,0,0,0,0,0,0,0,0,3,0,0,IBM MAX Fast Neural Style Transfer,0,0,0,0,0
IBM MAX Fast Neural Style Transfer,core/transformer_net.py,IBM MAX Fast Neural Style Transfer::core/transformer_net.py,['frreiss'],['frreiss'],[],[],1,0,0,1.0,0.0,0.0,102.0,1.5833333333333333,3.0,False,radon,0,0,0,2,1,4,0,12,5,0,1,0,0,1,0,0,1,0,0,core/transformer_net.py,0,0,0,0,0,0,0,0,1,2,0,0,0,0,0,0,0,0,0,0,0,0,0,0,1,0,0,IBM MAX Fast Neural Style Transfer,0,0,0,0,0
IBM MAX Fast Neural Style Transfer,tests/test.py,IBM MAX Fast Neural Style Transfer::tests/test.py,"['Brendan Dwyer', 'Nick Pentreath']","['Brendan Dwyer', 'Nick Pentreath']",[],[],2,0,0,1.0,0.0,0.0,178.0,12.6,45.0,False,radon,10,3,0,4,0,14,0,43,25,0,5,0,0,2,0,0,2,0,0,tests/test.py,0,0,0,0,0,0,0,0,5,345,0,0,0,0,0,0,0,0,0,0,0,0,0,0,5,0,0,IBM MAX Fast Neural Style Transfer,0,0,0,0,0
IBM MAX Inception ResNet v2,api/metadata.py,IBM MAX Inception ResNet v2::api/metadata.py,"['Brendan Dwyer', 'Nick Pentreath']","['Brendan Dwyer', 'Nick Pentreath']",[],[],2,0,0,1.0,0.0,0.0,27.0,1.5,2.0,False,radon,14,2,0,0,0,0,0,9,9,0,2,0,0,0,0,0,1,0,0,api/metadata.py,0,0,0,0,0,0,0,0,5,11,0,0,0,0,0,0,0,0,0,0,0,0,0,0,0,0,0,IBM MAX Inception ResNet v2,0,0,0,0,0
IBM MAX Inception ResNet v2,api/predict.py,IBM MAX Inception ResNet v2::api/predict.py,"['Brendan Dwyer', 'Nick Pentreath']","['Brendan Dwyer', 'Nick Pentreath']",[],[],2,0,0,1.0,0.0,0.0,62.0,3.5,4.0,False,radon,14,2,0,0,0,0,0,9,9,0,2,0,0,0,0,0,1,0,0,api/predict.py,0,0,0,0,0,0,0,0,5,11,0,0,0,0,0,0,0,0,0,0,0,0,0,0,0,0,0,IBM MAX Inception ResNet v2,0,0,0,0,0
IBM MAX Inception ResNet v2,core/model.py,IBM MAX Inception ResNet v2::core/model.py,"['Brendan Dwyer', 'Nick Pentreath']","['Brendan Dwyer', 'Nick Pentreath']",[],[],2,0,0,1.0,0.0,0.0,67.0,1.3333333333333333,2.0,False,radon,14,2,0,0,0,0,0,15,15,0,3,0,0,0,0,0,1,0,0,core/model.py,0,0,0,0,0,0,0,0,7,17,0,0,0,0,0,0,0,0,0,0,0,0,0,0,0,0,0,IBM MAX Inception ResNet v2,0,0,0,0,0
IBM MAX Inception ResNet v2,tests/test.py,IBM MAX Inception ResNet v2::tests/test.py,"['Brendan Dwyer', 'Nick Pentreath', 'Saishruthi']","['Brendan Dwyer', 'Nick Pentreath', 'Saishruthi']",[],[],3,0,0,1.0,0.0,0.0,98.0,5.0,7.0,False,radon,14,2,0,4,0,1,0,32,27,0,7,0,0,2,0,0,4,0,0,tests/test.py,0,0,0,0,0,0,0,0,19,37,0,0,0,0,0,0,0,0,0,0,0,0,0,0,0,0,0,IBM MAX Inception ResNet v2,0,0,0,0,0
IBM MAX Review Text Generator,api/metadata.py,IBM MAX Review Text Generator::api/metadata.py,"['Brendan Dwyer', 'Nick Pentreath', 'Simon Plovyt']","['Brendan Dwyer', 'Nick Pentreath', 'Simon Plovyt']",[],[],3,0,0,1.0,0.0,0.0,28.0,1.5,2.0,False,radon,4,1,0,0,0,6,0,24,18,0,3,0,0,0,0,0,3,0,0,api/metadata.py,0,0,0,0,0,0,0,0,12,16,0,0,0,0,0,0,0,0,0,0,0,0,0,0,0,0,0,IBM MAX Review Text Generator,0,0,0,0,0
IBM MAX Review Text Generator,api/predict.py,IBM MAX Review Text Generator::api/predict.py,"['Brendan Dwyer', 'Nick Pentreath', 'Simon Plovyt']","['Brendan Dwyer', 'Nick Pentreath', 'Simon Plovyt']",[],[],3,0,0,1.0,0.0,0.0,62.0,2.5,3.0,False,radon,4,1,0,0,0,6,0,24,18,0,3,0,0,0,0,0,3,0,0,api/predict.py,0,0,0,0,0,0,0,0,12,16,0,0,0,0,0,0,0,0,0,0,0,0,0,0,0,0,0,IBM MAX Review Text Generator,0,0,0,0,0
IBM MAX Review Text Generator,core/model.py,IBM MAX Review Text Generator::core/model.py,"['Brendan Dwyer', 'Nick Pentreath', 'Simon Plovyt']","['Brendan Dwyer', 'Nick Pentreath', 'Simon Plovyt']",[],[],3,0,0,1.0,0.0,0.0,117.0,2.4,6.0,False,radon,4,1,0,0,0,6,0,24,18,0,3,0,0,0,0,0,3,0,0,core/model.py,0,0,0,0,0,0,0,0,12,16,0,0,0,0,0,0,0,0,0,0,0,0,0,0,0,0,0,IBM MAX Review Text Generator,0,0,0,0,0
IBM MAX Review Text Generator,tests/test.py,IBM MAX Review Text Generator::tests/test.py,"['Brendan Dwyer', 'Nick Pentreath', 'Simon Plovyt']","['Brendan Dwyer', 'Nick Pentreath', 'Simon Plovyt']",[],[],3,0,0,1.0,0.0,0.0,72.0,6.333333333333333,8.0,False,radon,4,1,0,4,0,6,0,33,23,0,5,0,0,0,0,0,3,0,0,tests/test.py,0,0,0,0,0,0,0,0,19,21,0,0,0,0,0,0,0,0,0,0,0,0,0,0,0,0,0,IBM MAX Review Text Generator,0,0,0,0,0
IBM MAX Scene Classifier,api/metadata.py,IBM MAX Scene Classifier::api/metadata.py,['Nick Pentreath'],['Nick Pentreath'],[],[],1,0,0,1.0,0.0,0.0,28.0,1.5,2.0,False,radon,7,1,0,0,0,8,0,18,10,0,2,0,0,0,0,0,2,0,0,api/metadata.py,0,0,0,0,0,0,0,0,12,20,0,0,0,0,0,0,0,0,0,0,0,0,0,0,2,0,0,IBM MAX Scene Classifier,0,0,0,0,0
IBM MAX Scene Classifier,api/predict.py,IBM MAX Scene Classifier::api/predict.py,"['Brendan Dwyer', 'Nick Pentreath']","['Brendan Dwyer', 'Nick Pentreath']",[],[],2,0,0,1.0,0.0,0.0,93.0,3.25,4.0,False,radon,9,2,0,0,0,11,0,26,15,0,3,0,0,0,0,0,3,0,0,api/predict.py,0,0,0,0,0,0,0,0,18,30,0,0,0,0,0,0,0,0,0,0,0,0,0,0,3,0,0,IBM MAX Scene Classifier,0,0,0,0,0
IBM MAX Scene Classifier,core/model.py,IBM MAX Scene Classifier::core/model.py,"['Hong Xu', 'Nick Pentreath']","['Hong Xu', 'Nick Pentreath']",[],[],2,0,0,1.0,0.0,0.0,96.0,1.4444444444444444,2.0,False,radon,9,2,0,0,0,11,0,26,15,0,3,0,0,0,0,0,3,0,0,core/model.py,0,0,0,0,0,0,0,0,18,29,0,0,0,0,0,0,0,0,0,0,0,0,0,0,3,0,0,IBM MAX Scene Classifier,0,0,0,0,0
IBM MAX Scene Classifier,tests/test.py,IBM MAX Scene Classifier::tests/test.py,"['Brendan Dwyer', 'Nick Pentreath']","['Brendan Dwyer', 'Nick Pentreath']",[],[],2,0,0,1.0,0.0,0.0,106.0,5.333333333333333,8.0,False,radon,9,2,0,6,0,9,0,37,22,0,5,0,0,0,0,0,7,0,0,tests/test.py,0,0,0,0,0,0,0,0,25,37,0,0,0,0,0,0,0,0,0,0,0,0,0,0,5,0,0,IBM MAX Scene Classifier,0,0,0,0,0
IBM MAX Weather Forecaster,api/metadata.py,IBM MAX Weather Forecaster::api/metadata.py,"['Brendan Dwyer', 'Nick Pentreath']","['Brendan Dwyer', 'Nick Pentreath']",[],[],2,0,0,1.0,0.0,0.0,27.0,1.5,2.0,False,radon,4,1,0,0,0,4,0,10,6,0,3,0,0,0,0,0,0,0,0,api/metadata.py,0,0,0,0,0,0,0,0,12,138,0,0,0,0,0,0,0,0,0,0,0,0,0,0,0,0,0,IBM MAX Weather Forecaster,0,0,0,0,0
IBM MAX Weather Forecaster,api/predict.py,IBM MAX Weather Forecaster::api/predict.py,"['Brendan Dwyer', 'Hong Xu', 'Nick Pentreath']","['Brendan Dwyer', 'Hong Xu', 'Nick Pentreath']",[],[],3,0,0,1.0,0.0,0.0,56.0,1.5,2.0,False,radon,4,1,0,0,0,8,0,20,12,0,6,0,0,0,0,0,0,0,0,api/predict.py,0,0,0,0,0,0,0,0,24,297,0,0,0,0,0,0,0,0,0,0,0,0,0,0,0,0,0,IBM MAX Weather Forecaster,0,0,0,0,0
IBM MAX Weather Forecaster,core/model.py,IBM MAX Weather Forecaster::core/model.py,"['Brendan Dwyer', 'Edward Leardi', 'Hong Xu', 'Nick Pentreath']","['Brendan Dwyer', 'Edward Leardi', 'Hong Xu', 'Nick Pentreath']",[],[],4,0,0,1.0,0.0,0.0,154.0,2.0833333333333335,5.0,False,radon,9,2,0,0,0,10,0,24,14,0,7,0,0,0,0,0,0,0,0,core/model.py,0,0,0,0,0,0,0,0,28,361,0,0,0,0,0,0,0,0,0,0,0,0,0,0,0,0,0,IBM MAX Weather Forecaster,0,0,0,0,0
IBM MAX Weather Forecaster,tests/test.py,IBM MAX Weather Forecaster::tests/test.py,"['Brendan Dwyer', 'Edward Leardi', 'Nick Pentreath']","['Brendan Dwyer', 'Edward Leardi', 'Nick Pentreath']",[],[],3,0,0,1.0,0.0,0.0,116.0,11.5,32.0,False,radon,9,3,0,2,0,8,0,22,12,0,6,0,0,0,0,0,0,0,0,tests/test.py,0,0,0,0,0,0,0,0,23,297,0,0,0,0,0,0,0,0,0,0,0,0,0,0,0,0,0,IBM MAX Weather Forecaster,0,0,0,0,0
IXarea LittleGAN,config.py,IXarea LittleGAN::config.py,"['ChenWY', 'MengYX']",['ChenWY'],[],['MengYX'],1,0,1,0.5,0.0,0.5,43.0,4.333333333333333,7.0,False,radon,39,6,123,17,22,142,0,522,218,0,0,0,157,0,0,0,6,0,0,config.py,0,91,0,24,0,0,27,62,994,1823,0,0,0,0,0,0,0,0,0,0,0,0,0,0,0,0,0,IXarea LittleGAN,0,0,0,0,0
IXarea LittleGAN,dataset.py,IXarea LittleGAN::dataset.py,['MengYX'],[],[],['MengYX'],0,0,1,0.0,0.0,1.0,50.0,2.2,4.0,False,radon,12,4,94,19,15,172,0,567,267,0,0,0,129,0,0,0,10,0,0,dataset.py,0,86,0,18,0,0,11,49,711,1141,0,0,0,0,0,0,0,0,0,0,0,0,0,0,0,0,0,IXarea LittleGAN,0,0,0,0,0
IXarea LittleGAN,eager_trainer.py,IXarea LittleGAN::eager_trainer.py,['MengYX'],[],[],['MengYX'],0,0,1,0.0,0.0,1.0,304.0,4.285714285714286,11.0,False,radon,25,8,66,22,0,162,0,524,274,0,0,0,132,0,0,0,0,0,0,eager_trainer.py,0,88,0,44,0,0,0,52,888,483,0,0,0,0,0,0,0,0,0,0,0,0,0,0,0,0,0,IXarea LittleGAN,0,0,0,0,0
IXarea LittleGAN,fid.py,IXarea LittleGAN::fid.py,['MengYX'],[],[],['MengYX'],0,0,1,0.0,0.0,1.0,341.0,3.3333333333333335,8.0,False,radon,0,0,9,3,0,21,0,69,36,0,0,0,18,0,0,0,0,0,0,fid.py,0,12,0,6,0,0,0,8,110,78,0,0,0,0,0,0,0,0,0,0,0,0,0,0,0,0,0,IXarea LittleGAN,0,0,0,0,0
IXarea LittleGAN,instance.py,IXarea LittleGAN::instance.py,['MengYX'],[],[],['MengYX'],0,0,1,0.0,0.0,1.0,145.0,3.6,7.0,False,radon,0,0,16,3,3,25,0,80,33,0,0,0,15,0,0,0,2,0,0,instance.py,0,10,0,0,0,0,3,6,76,236,0,0,0,0,0,0,0,0,0,0,0,0,0,0,0,0,0,IXarea LittleGAN,0,0,0,0,0
IXarea LittleGAN,model.py,IXarea LittleGAN::model.py,['MengYX'],[],[],['MengYX'],0,0,1,0.0,0.0,1.0,137.0,1.8666666666666667,4.0,False,radon,6,1,18,6,0,44,0,142,74,0,0,0,36,0,0,0,0,0,0,model.py,0,24,0,12,0,0,0,15,243,142,0,0,0,0,0,0,0,0,0,0,0,0,0,0,0,0,0,IXarea LittleGAN,0,0,0,0,0
IXarea LittleGAN,utils.py,IXarea LittleGAN::utils.py,"['ChenWY', 'MengYX']",['ChenWY'],[],['MengYX'],1,0,1,0.5,0.0,0.5,57.0,3.25,10.0,False,radon,25,4,59,6,13,69,0,247,100,0,1,0,70,0,0,0,7,0,0,utils.py,0,41,0,0,0,0,14,32,376,1033,0,0,0,0,0,0,0,0,0,0,0,0,0,0,0,0,0,IXarea LittleGAN,0,0,0,0,0
IntelAI OpenVINO model server,ci/cleanup_jenkins.py,IntelAI OpenVINO model server::ci/cleanup_jenkins.py,['Trawinski Dariusz'],['Trawinski Dariusz'],[],[],1,0,0,1.0,0.0,0.0,69.0,4.0,6.0,False,radon,12,1,15,35,31,109,6,255,59,4,18,0,34,0,0,4,48,2,0,ci/cleanup_jenkins.py,1,40,0,153,2,10,12,25,646,314,0,0,0,0,0,0,0,0,0,0,0,0,0,0,0,0,0,IntelAI OpenVINO model server,0,0,0,0,0
IntelAI OpenVINO model server,ci/lib_search.py,IntelAI OpenVINO model server::ci/lib_search.py,"['Adrian Tobiszewski', 'Bartosz Strzelecki', 'Damian Kalinowski', 'Mi osz eglarski', 'Pawe Rzepecki', 'Rafal Sapala', 'Trawinski Dariusz', 'rasapala']","['Adrian Tobiszewski', 'Damian Kalinowski', 'Mi osz eglarski', 'Trawinski Dariusz', 'rasapala']",[],"['Bartosz Strzelecki', 'Pawe Rzepecki', 'Rafal Sapala']",5,0,3,0.625,0.0,0.375,313.0,7.4,10.0,False,radon,259,13,608,1024,1303,3273,257,8864,2399,128,586,0,1055,8,0,132,1467,70,0,ci/lib_search.py,44,1420,0,5141,70,310,530,836,21469,10553,0,0,0,0,0,0,0,0,0,0,0,0,0,0,0,0,0,IntelAI OpenVINO model server,0,0,0,0,0
IntelAI OpenVINO model server,client/python/kserve-api/samples/grpc_async_infer_resnet.py,IntelAI OpenVINO model server::client/python/kserve-api/samples/grpc_async_infer_resnet.py,"['Adrian Tobiszewski', 'Bartosz Strzelecki']",['Adrian Tobiszewski'],[],['Bartosz Strzelecki'],1,0,1,0.5,0.0,0.5,204.0,2.0,2.0,False,radon,0,0,4,4,54,40,14,208,92,8,30,0,60,0,0,8,64,4,0,client/python/kserve-api/samples/grpc_async_infer_resnet.py,2,76,0,322,4,20,34,46,1117,587,0,0,0,0,0,0,0,0,0,0,0,0,0,0,0,0,0,IntelAI OpenVINO model server,0,0,0,0,0
IntelAI OpenVINO model server,client/python/tensorflow-serving-api/samples/grpc_get_model_metadata.py,IntelAI OpenVINO model server::client/python/tensorflow-serving-api/samples/grpc_get_model_metadata.py,"['Mi osz eglarski', 'Trawinski Dariusz']","['Mi osz eglarski', 'Trawinski Dariusz']",[],[],2,0,0,1.0,0.0,0.0,114.0,6.5,9.0,False,radon,0,0,19,8,50,29,0,170,64,8,30,0,66,0,0,6,59,4,0,client/python/tensorflow-serving-api/samples/grpc_get_model_metadata.py,2,73,0,310,1,20,30,44,882,518,0,0,0,0,0,0,0,0,0,0,0,0,0,0,0,0,0,IntelAI OpenVINO model server,0,0,0,0,0
IntelAI OpenVINO model server,client/python/tensorflow-serving-api/samples/grpc_get_model_status.py,IntelAI OpenVINO model server::client/python/tensorflow-serving-api/samples/grpc_get_model_status.py,"['Mi osz eglarski', 'Trawinski Dariusz', 'michalkulakowski']","['Mi osz eglarski', 'Trawinski Dariusz', 'michalkulakowski']",[],[],3,0,0,1.0,0.0,0.0,66.0,2.0,2.0,False,radon,64,1,21,10,77,48,6,273,111,12,45,0,95,0,0,10,91,6,0,client/python/tensorflow-serving-api/samples/grpc_get_model_status.py,3,111,0,467,3,30,47,67,1444,810,0,0,0,0,0,0,0,0,0,0,0,0,0,0,0,0,0,IntelAI OpenVINO model server,0,0,0,0,0
IntelAI OpenVINO model server,client/python/tensorflow-serving-api/samples/rest_predict_binary_resnet.py,IntelAI OpenVINO model server::client/python/tensorflow-serving-api/samples/rest_predict_binary_resnet.py,"['Mi osz eglarski', 'Trawinski Dariusz']","['Mi osz eglarski', 'Trawinski Dariusz']",[],[],2,0,0,1.0,0.0,0.0,169.0,8.0,8.0,False,radon,0,0,19,8,50,29,0,170,64,8,30,0,66,0,0,6,59,4,0,client/python/tensorflow-serving-api/samples/rest_predict_binary_resnet.py,2,73,0,310,1,20,30,44,882,518,0,0,0,0,0,0,0,0,0,0,0,0,0,0,0,0,0,IntelAI OpenVINO model server,0,0,0,0,0
IntelAI OpenVINO model server,client/python/tensorflow-serving-api/samples/rest_predict_resnet.py,IntelAI OpenVINO model server::client/python/tensorflow-serving-api/samples/rest_predict_resnet.py,"['Bartosz Strzelecki', 'Mi osz eglarski', 'Trawinski Dariusz']","['Mi osz eglarski', 'Trawinski Dariusz']",[],['Bartosz Strzelecki'],2,0,1,0.6666666666666666,0.0,0.3333333333333333,216.0,6.0,6.0,False,radon,126,2,58,50,115,156,6,556,171,12,45,0,99,0,0,9,87,6,0,client/python/tensorflow-serving-api/samples/rest_predict_resnet.py,3,108,0,460,2,30,45,65,1301,768,0,0,0,0,0,0,0,0,0,0,0,0,0,0,0,0,0,IntelAI OpenVINO model server,0,0,0,0,0
IntelAI OpenVINO model server,demos/age_gender_recognition/python/age_gender_recognition.py,IntelAI OpenVINO model server::demos/age_gender_recognition/python/age_gender_recognition.py,"['Adrian Tobiszewski', 'Damian Kalinowski', 'Trawinski Dariusz', 'dkalinowski', 'michalkulakowski', 'mkuczyns11']","['Adrian Tobiszewski', 'Damian Kalinowski', 'Trawinski Dariusz', 'michalkulakowski', 'mkuczyns11']",[],['dkalinowski'],5,0,1,0.8333333333333334,0.0,0.16666666666666666,51.0,1.0,1.0,False,radon,25,3,48,48,184,202,34,799,283,25,106,0,194,0,0,24,227,14,0,demos/age_gender_recognition/python/age_gender_recognition.py,7,271,0,1033,12,60,110,156,3665,1912,0,0,0,0,0,0,0,0,0,0,0,0,0,0,0,0,0,IntelAI OpenVINO model server,0,0,0,0,0
IntelAI OpenVINO model server,demos/benchmark/python/client.py,IntelAI OpenVINO model server::demos/benchmark/python/client.py,"['Adrian Tobiszewski', 'Bartosz Strzelecki', 'Katarzyna Papis', 'Krzysztof Czarnecki', 'Mi osz eglarski', 'Nico Galoppo', 'Rafal Sapala', 'Ravi Panchumarthy', 'Trawinski Dariusz']","['Adrian Tobiszewski', 'Katarzyna Papis', 'Krzysztof Czarnecki', 'Mi osz eglarski', 'Nico Galoppo', 'Ravi Panchumarthy', 'Trawinski Dariusz']",[],"['Bartosz Strzelecki', 'Rafal Sapala']",7,0,2,0.7777777777777778,0.0,0.2222222222222222,657.0,3.5348837209302326,29.0,False,radon,100,2,97,69,300,286,38,1265,475,40,150,0,308,0,0,35,309,20,0,demos/benchmark/python/client.py,11,375,0,1575,14,100,156,226,4977,2765,0,0,0,0,0,0,0,0,0,0,0,0,0,0,0,0,0,IntelAI OpenVINO model server,0,0,0,0,0
IntelAI OpenVINO model server,demos/benchmark/python/client_kfs.py,IntelAI OpenVINO model server::demos/benchmark/python/client_kfs.py,"['Adrian Tobiszewski', 'Bartosz Strzelecki', 'Damian Kalinowski', 'Katarzyna Papis', 'Krzysztof Czarnecki']","['Adrian Tobiszewski', 'Damian Kalinowski', 'Katarzyna Papis', 'Krzysztof Czarnecki']",[],['Bartosz Strzelecki'],4,0,1,0.8,0.0,0.2,207.0,7.166666666666667,16.0,False,radon,120,3,48,49,174,215,40,834,308,20,75,0,149,0,0,20,160,10,0,demos/benchmark/python/client_kfs.py,6,193,0,801,10,50,81,117,2760,1474,0,0,0,0,0,0,0,0,0,0,0,0,0,0,0,0,0,IntelAI OpenVINO model server,0,0,0,0,0
IntelAI OpenVINO model server,demos/benchmark/python/client_tfs.py,IntelAI OpenVINO model server::demos/benchmark/python/client_tfs.py,"['Adrian Tobiszewski', 'Bartosz Strzelecki', 'Katarzyna Papis', 'Krzysztof Czarnecki']","['Adrian Tobiszewski', 'Katarzyna Papis', 'Krzysztof Czarnecki']",[],['Bartosz Strzelecki'],3,0,1,0.75,0.0,0.25,197.0,5.714285714285714,12.0,False,radon,98,1,44,45,120,175,26,626,216,12,45,0,89,0,0,12,96,6,0,demos/benchmark/python/client_tfs.py,4,117,0,479,6,30,47,71,1640,882,0,0,0,0,0,0,0,0,0,0,0,0,0,0,0,0,0,IntelAI OpenVINO model server,0,0,0,0,0
IntelAI OpenVINO model server,demos/benchmark/python/db_exporter.py,IntelAI OpenVINO model server::demos/benchmark/python/db_exporter.py,"['Adrian Tobiszewski', 'Katarzyna Papis', 'Krzysztof Czarnecki', 'Mi osz eglarski', 'Trawinski Dariusz']","['Adrian Tobiszewski', 'Katarzyna Papis', 'Krzysztof Czarnecki', 'Mi osz eglarski', 'Trawinski Dariusz']",[],[],5,0,0,1.0,0.0,0.0,122.0,9.25,18.0,False,radon,0,0,43,19,153,105,20,577,237,24,90,0,188,0,0,21,183,12,0,demos/benchmark/python/db_exporter.py,7,225,0,939,8,60,92,136,2945,1650,0,0,0,0,0,0,0,0,0,0,0,0,0,0,0,0,0,IntelAI OpenVINO model server,0,0,0,0,0
IntelAI OpenVINO model server,demos/benchmark/python/main.py,IntelAI OpenVINO model server::demos/benchmark/python/main.py,"['Adrian Tobiszewski', 'Bartosz Strzelecki', 'Katarzyna Papis', 'Krzysztof Czarnecki', 'Mi osz eglarski', 'Pradeep Sakhamoori', 'Trawinski Dariusz']","['Adrian Tobiszewski', 'Katarzyna Papis', 'Krzysztof Czarnecki', 'Mi osz eglarski', 'Pradeep Sakhamoori', 'Trawinski Dariusz']",[],['Bartosz Strzelecki'],6,0,1,0.8571428571428571,0.0,0.14285714285714285,414.0,4.333333333333333,19.0,False,radon,98,1,104,95,235,330,32,1183,387,24,90,0,188,0,0,21,183,12,0,demos/benchmark/python/main.py,7,225,0,939,8,60,92,136,2945,1650,0,0,0,0,0,0,0,0,0,0,0,0,0,0,0,0,0,IntelAI OpenVINO model server,0,0,0,0,0
IntelAI OpenVINO model server,demos/benchmark/python/metrics.py,IntelAI OpenVINO model server::demos/benchmark/python/metrics.py,"['Adrian Tobiszewski', 'Krzysztof Czarnecki', 'Mi osz eglarski', 'Trawinski Dariusz']","['Adrian Tobiszewski', 'Krzysztof Czarnecki', 'Mi osz eglarski', 'Trawinski Dariusz']",[],[],4,0,0,1.0,0.0,0.0,363.0,5.647058823529412,20.0,False,radon,0,0,41,17,126,82,14,467,187,20,75,0,159,0,0,17,150,10,0,demos/benchmark/python/metrics.py,5,186,0,782,6,50,75,111,2329,1331,0,0,0,0,0,0,0,0,0,0,0,0,0,0,0,0,0,IntelAI OpenVINO model server,0,0,0,0,0
IntelAI OpenVINO model server,demos/benchmark/v3/benchmark.py,IntelAI OpenVINO model server::demos/benchmark/v3/benchmark.py,['michalkulakowski'],['michalkulakowski'],[],[],1,0,0,1.0,0.0,0.0,442.0,5.5,10.0,False,radon,0,0,12,31,26,93,6,202,34,1,16,0,8,0,0,2,38,2,0,demos/benchmark/v3/benchmark.py,1,43,0,69,2,0,16,20,615,224,0,0,0,0,0,0,0,0,0,0,0,0,0,0,0,0,0,IntelAI OpenVINO model server,0,0,0,0,0
IntelAI OpenVINO model server,demos/bert_question_answering/python/bert_question_answering.py,IntelAI OpenVINO model server::demos/bert_question_answering/python/bert_question_answering.py,"['Adrian Tobiszewski', 'Bartosz Strzelecki', 'Mi osz eglarski', 'Rafal Sapala', 'Trawinski Dariusz', 'mkuczyns11']","['Adrian Tobiszewski', 'Mi osz eglarski', 'Trawinski Dariusz', 'mkuczyns11']",[],"['Bartosz Strzelecki', 'Rafal Sapala']",4,0,2,0.6666666666666666,0.0,0.3333333333333333,248.0,2.7,16.0,False,radon,6,2,44,20,180,120,27,672,281,28,105,0,217,0,0,25,214,14,0,demos/bert_question_answering/python/bert_question_answering.py,7,263,0,1096,10,70,109,158,3484,1916,0,0,0,0,0,0,0,0,0,0,0,0,0,0,0,0,0,IntelAI OpenVINO model server,0,0,0,0,0
IntelAI OpenVINO model server,demos/bert_question_answering/python/html_reader.py,IntelAI OpenVINO model server::demos/bert_question_answering/python/html_reader.py,"['Mi osz eglarski', 'Trawinski Dariusz']","['Mi osz eglarski', 'Trawinski Dariusz']",[],[],2,0,0,1.0,0.0,0.0,66.0,3.1666666666666665,6.0,False,radon,0,0,19,8,50,29,0,170,64,8,30,0,66,0,0,6,59,4,0,demos/bert_question_answering/python/html_reader.py,2,73,0,310,1,20,30,44,882,518,0,0,0,0,0,0,0,0,0,0,0,0,0,0,0,0,0,IntelAI OpenVINO model server,0,0,0,0,0
IntelAI OpenVINO model server,demos/bert_question_answering/python/tokens_bert.py,IntelAI OpenVINO model server::demos/bert_question_answering/python/tokens_bert.py,"['Mi osz eglarski', 'Trawinski Dariusz', 'mkuczyns11']","['Mi osz eglarski', 'Trawinski Dariusz', 'mkuczyns11']",[],[],3,0,0,1.0,0.0,0.0,99.0,2.6666666666666665,7.0,False,radon,0,0,28,12,74,43,0,253,96,12,45,0,99,0,0,9,87,6,0,demos/bert_question_answering/python/tokens_bert.py,3,109,0,460,2,30,45,66,1314,766,0,0,0,0,0,0,0,0,0,0,0,0,0,0,0,0,0,IntelAI OpenVINO model server,0,0,0,0,0
IntelAI OpenVINO model server,demos/bert_question_answering/python/utils.py,IntelAI OpenVINO model server::demos/bert_question_answering/python/utils.py,"['Mi osz eglarski', 'Trawinski Dariusz']","['Mi osz eglarski', 'Trawinski Dariusz']",[],[],2,0,0,1.0,0.0,0.0,172.0,8.5,12.0,False,radon,0,0,19,8,50,29,0,170,64,8,30,0,66,0,0,6,59,4,0,demos/bert_question_answering/python/utils.py,2,73,0,310,1,20,30,44,882,518,0,0,0,0,0,0,0,0,0,0,0,0,0,0,0,0,0,IntelAI OpenVINO model server,0,0,0,0,0
IntelAI OpenVINO model server,demos/classification_using_paddlepaddle_model/python/classification_using_paddlepaddle_model.py,IntelAI OpenVINO model server::demos/classification_using_paddlepaddle_model/python/classification_using_paddlepaddle_model.py,['Damian Kalinowski'],['Damian Kalinowski'],[],[],1,0,0,1.0,0.0,0.0,67.0,1.3333333333333333,2.0,False,radon,0,0,30,38,41,113,6,303,75,0,0,0,0,0,0,0,0,0,0,demos/classification_using_paddlepaddle_model/python/classification_using_paddlepaddle_model.py,0,0,0,0,0,0,0,0,0,0,0,0,0,0,0,0,0,0,0,0,0,0,0,0,0,0,0,IntelAI OpenVINO model server,0,0,0,0,0
IntelAI OpenVINO model server,demos/common/export_models/export_model.py,IntelAI OpenVINO model server::demos/common/export_models/export_model.py,"['Adrian Tobiszewski', 'Damian Kalinowski', 'Huanli Gong', 'Mi osz eglarski', 'Pawe Rzepecki', 'Trawinski Dariusz', 'dkalinowski', 'michalkulakowski']","['Adrian Tobiszewski', 'Damian Kalinowski', 'Huanli Gong', 'Mi osz eglarski', 'Trawinski Dariusz', 'michalkulakowski']",[],"['Pawe Rzepecki', 'dkalinowski']",6,0,2,0.75,0.0,0.25,671.0,7.5,33.0,False,radon,64,15,614,1511,1352,4711,276,10899,2435,151,823,0,1223,0,0,162,2116,92,0,demos/common/export_models/export_model.py,46,1991,0,6291,92,350,694,1139,30407,13608,0,0,0,0,0,0,0,0,0,0,0,0,0,0,0,0,0,IntelAI OpenVINO model server,0,0,0,0,0
IntelAI OpenVINO model server,demos/common/python/client_utils.py,IntelAI OpenVINO model server::demos/common/python/client_utils.py,"['Mi osz eglarski', 'Trawinski Dariusz']","['Mi osz eglarski', 'Trawinski Dariusz']",[],[],2,0,0,1.0,0.0,0.0,55.0,2.5,4.0,False,radon,0,0,19,8,50,29,0,170,64,8,30,0,66,0,0,6,59,4,0,demos/common/python/client_utils.py,2,73,0,310,1,20,30,44,882,518,0,0,0,0,0,0,0,0,0,0,0,0,0,0,0,0,0,IntelAI OpenVINO model server,0,0,0,0,0
IntelAI OpenVINO model server,demos/common/stream_client/stream_client.py,IntelAI OpenVINO model server::demos/common/stream_client/stream_client.py,"['Bartosz Strzelecki', 'Pawe Rzepecki']",[],[],"['Bartosz Strzelecki', 'Pawe Rzepecki']",0,0,2,0.0,0.0,1.0,259.0,2.6451612903225805,20.0,False,radon,7,2,100,178,228,584,48,1592,454,32,139,0,260,2,0,32,355,16,0,demos/common/stream_client/stream_client.py,11,321,0,1253,16,80,118,192,4996,2522,0,0,0,0,0,0,0,0,0,0,0,0,0,0,0,0,0,IntelAI OpenVINO model server,0,0,0,0,0
IntelAI OpenVINO model server,demos/continuous_batching/agentic_ai/llama_index_agent.py,IntelAI OpenVINO model server::demos/continuous_batching/agentic_ai/llama_index_agent.py,['Trawinski Dariusz'],['Trawinski Dariusz'],[],[],1,0,0,1.0,0.0,0.0,110.0,7.0,7.0,False,radon,0,0,12,31,25,93,6,202,35,1,16,0,8,0,0,2,38,2,0,demos/continuous_batching/agentic_ai/llama_index_agent.py,1,44,0,69,2,0,16,19,615,222,0,0,0,0,0,0,0,0,0,0,0,0,0,0,0,0,0,IntelAI OpenVINO model server,0,0,0,0,0
IntelAI OpenVINO model server,demos/continuous_batching/agentic_ai/openai_agent.py,IntelAI OpenVINO model server::demos/continuous_batching/agentic_ai/openai_agent.py,"['Mi osz eglarski', 'Trawinski Dariusz']","['Mi osz eglarski', 'Trawinski Dariusz']",[],[],2,0,0,1.0,0.0,0.0,130.0,4.333333333333333,10.0,False,radon,11,2,91,224,217,718,42,1698,406,28,133,0,217,0,0,28,343,14,0,demos/continuous_batching/agentic_ai/openai_agent.py,7,329,0,1134,14,70,119,196,5002,2279,0,0,0,0,0,0,0,0,0,0,0,0,0,0,0,0,0,IntelAI OpenVINO model server,0,0,0,0,0
IntelAI OpenVINO model server,demos/continuous_batching/long_context/custom_dataset.py,IntelAI OpenVINO model server::demos/continuous_batching/long_context/custom_dataset.py,['Trawinski Dariusz'],['Trawinski Dariusz'],[],[],1,0,0,1.0,0.0,0.0,100.0,5.0,5.0,False,radon,0,0,13,32,31,102,6,242,58,4,19,0,31,0,0,4,49,2,0,demos/continuous_batching/long_context/custom_dataset.py,1,46,0,162,2,10,17,28,708,326,0,0,0,0,0,0,0,0,0,0,0,0,0,0,0,0,0,IntelAI OpenVINO model server,0,0,0,0,0
IntelAI OpenVINO model server,demos/continuous_batching/structured_output/accuracy_test.py,IntelAI OpenVINO model server::demos/continuous_batching/structured_output/accuracy_test.py,['Trawinski Dariusz'],['Trawinski Dariusz'],[],[],1,0,0,1.0,0.0,0.0,165.0,2.3333333333333335,3.0,False,radon,0,0,13,32,31,103,6,243,58,4,19,0,31,0,0,4,49,2,0,demos/continuous_batching/structured_output/accuracy_test.py,1,48,0,162,2,10,17,28,717,325,0,0,0,0,0,0,0,0,0,0,0,0,0,0,0,0,0,IntelAI OpenVINO model server,0,0,0,0,0
IntelAI OpenVINO model server,demos/embeddings/compare_results.py,IntelAI OpenVINO model server::demos/embeddings/compare_results.py,"['Damian Kalinowski', 'Trawinski Dariusz', 'dkalinowski', 'michalkulakowski']","['Damian Kalinowski', 'Trawinski Dariusz', 'michalkulakowski']",[],['dkalinowski'],3,0,1,0.75,0.0,0.25,104.0,1.3333333333333333,2.0,False,radon,0,0,53,133,112,402,24,936,212,13,71,0,107,0,0,14,183,8,0,demos/embeddings/compare_results.py,4,163,0,537,8,30,57,92,2487,1150,0,0,0,0,0,0,0,0,0,0,0,0,0,0,0,0,0,IntelAI OpenVINO model server,0,0,0,0,0
IntelAI OpenVINO model server,demos/embeddings/ovms_mteb.py,IntelAI OpenVINO model server::demos/embeddings/ovms_mteb.py,"['Trawinski Dariusz', 'dkalinowski']",['Trawinski Dariusz'],[],['dkalinowski'],1,0,1,0.5,0.0,0.5,81.0,2.2,4.0,False,radon,0,0,41,101,81,307,18,700,152,9,52,0,76,0,0,10,134,6,0,demos/embeddings/ovms_mteb.py,3,118,0,375,6,20,40,66,1826,829,0,0,0,0,0,0,0,0,0,0,0,0,0,0,0,0,0,IntelAI OpenVINO model server,0,0,0,0,0
IntelAI OpenVINO model server,demos/face_blur/python/face_blur.py,IntelAI OpenVINO model server::demos/face_blur/python/face_blur.py,"['Trawinski Dariusz', 'mkuczyns11']","['Trawinski Dariusz', 'mkuczyns11']",[],[],2,0,0,1.0,0.0,0.0,77.0,1.5,3.0,False,radon,1,1,20,8,52,30,0,174,64,8,30,0,66,0,0,6,62,4,0,demos/face_blur/python/face_blur.py,2,74,0,320,2,20,30,44,905,532,0,0,0,0,0,0,0,0,0,0,0,0,0,0,0,0,0,IntelAI OpenVINO model server,0,0,0,0,0
IntelAI OpenVINO model server,demos/face_detection/python/face_detection.py,IntelAI OpenVINO model server::demos/face_detection/python/face_detection.py,"['Adrian Tobiszewski', 'Mi osz eglarski', 'Trawinski Dariusz', 'michalkulakowski', 'ngrozae']","['Adrian Tobiszewski', 'Mi osz eglarski', 'Trawinski Dariusz', 'michalkulakowski']",['ngrozae'],[],4,1,0,0.8,0.2,0.0,139.0,1.0,1.0,False,radon,28,1,54,21,152,96,7,536,206,24,90,0,193,0,0,19,181,12,0,demos/face_detection/python/face_detection.py,6,221,0,942,7,60,90,133,2772,1589,0,0,0,0,0,0,0,0,0,0,0,0,0,0,0,0,0,IntelAI OpenVINO model server,0,0,0,0,0
IntelAI OpenVINO model server,demos/horizontal_text_detection/python/client.py,IntelAI OpenVINO model server::demos/horizontal_text_detection/python/client.py,"['Bartosz Strzelecki', 'Pawe Rzepecki']",[],[],"['Bartosz Strzelecki', 'Pawe Rzepecki']",0,0,2,0.0,0.0,1.0,97.0,3.25,4.0,False,radon,0,0,35,60,59,190,12,475,119,8,37,0,66,0,0,8,99,4,0,demos/horizontal_text_detection/python/client.py,2,85,0,316,4,20,30,50,1316,643,0,0,0,0,0,0,0,0,0,0,0,0,0,0,0,0,0,IntelAI OpenVINO model server,0,0,0,0,0
IntelAI OpenVINO model server,demos/horizontal_text_detection/python/horizontal_text_detection.py,IntelAI OpenVINO model server::demos/horizontal_text_detection/python/horizontal_text_detection.py,"['Adrian Tobiszewski', 'Mi osz eglarski', 'Rafal Sapala', 'Trawinski Dariusz']","['Adrian Tobiszewski', 'Mi osz eglarski', 'Trawinski Dariusz']",[],['Rafal Sapala'],3,0,1,0.75,0.0,0.25,251.0,2.2941176470588234,9.0,False,radon,2,2,45,20,182,124,27,681,283,28,105,0,215,0,0,25,217,14,0,demos/horizontal_text_detection/python/horizontal_text_detection.py,7,264,0,1107,11,70,109,159,3510,1936,0,0,0,0,0,0,0,0,0,0,0,0,0,0,0,0,0,IntelAI OpenVINO model server,0,0,0,0,0
IntelAI OpenVINO model server,demos/image_classification/python/image_classification.py,IntelAI OpenVINO model server::demos/image_classification/python/image_classification.py,"['Bartosz Strzelecki', 'Mi osz eglarski', 'Trawinski Dariusz']","['Mi osz eglarski', 'Trawinski Dariusz']",[],['Bartosz Strzelecki'],2,0,1,0.6666666666666666,0.0,0.3333333333333333,131.0,2.5,3.0,False,radon,98,1,49,46,91,142,6,473,139,8,30,0,66,0,0,6,59,4,0,demos/image_classification/python/image_classification.py,2,73,0,310,1,20,30,44,882,518,0,0,0,0,0,0,0,0,0,0,0,0,0,0,0,0,0,IntelAI OpenVINO model server,0,0,0,0,0
IntelAI OpenVINO model server,demos/image_classification_using_tf_model/python/image_classification_using_tf_model.py,IntelAI OpenVINO model server::demos/image_classification_using_tf_model/python/image_classification_using_tf_model.py,"['Adrian Tobiszewski', 'Bartosz Strzelecki', 'Damian Kalinowski']","['Adrian Tobiszewski', 'Damian Kalinowski']",[],['Bartosz Strzelecki'],2,0,1,0.6666666666666666,0.0,0.3333333333333333,56.0,1.0,1.0,False,radon,1,1,32,39,93,145,20,495,166,12,48,0,106,2,0,12,119,6,0,demos/image_classification_using_tf_model/python/image_classification_using_tf_model.py,4,123,0,484,6,30,50,74,1708,954,0,0,0,0,0,0,0,0,0,0,0,0,0,0,0,0,0,IntelAI OpenVINO model server,0,0,0,0,0
IntelAI OpenVINO model server,demos/image_classification_with_string_output/download_model.py,IntelAI OpenVINO model server::demos/image_classification_with_string_output/download_model.py,['michalkulakowski'],['michalkulakowski'],[],[],1,0,0,1.0,0.0,0.0,72.0,1.0,1.0,False,radon,0,0,30,35,41,106,6,293,75,4,18,0,46,2,0,4,55,2,0,demos/image_classification_with_string_output/download_model.py,2,47,0,162,2,10,16,28,657,377,0,0,0,0,0,0,0,0,0,0,0,0,0,0,0,0,0,IntelAI OpenVINO model server,0,0,0,0,0
IntelAI OpenVINO model server,demos/mediapipe/holistic_tracking/mediapipe_holistic_tracking.py,IntelAI OpenVINO model server::demos/mediapipe/holistic_tracking/mediapipe_holistic_tracking.py,"['Bartosz Strzelecki', 'Rafal Sapala', 'Trawinski Dariusz']",['Trawinski Dariusz'],[],"['Bartosz Strzelecki', 'Rafal Sapala']",1,0,2,0.3333333333333333,0.0,0.6666666666666666,120.0,2.0,2.0,False,radon,0,0,30,36,138,139,30,627,254,20,78,0,151,0,0,20,184,10,0,demos/mediapipe/holistic_tracking/mediapipe_holistic_tracking.py,10,196,0,792,10,50,81,115,2942,1515,0,0,0,0,0,0,0,0,0,0,0,0,0,0,0,0,0,IntelAI OpenVINO model server,0,0,0,0,0
IntelAI OpenVINO model server,demos/mediapipe/iris_tracking/mediapipe_iris_tracking.py,IntelAI OpenVINO model server::demos/mediapipe/iris_tracking/mediapipe_iris_tracking.py,['Bartosz Strzelecki'],[],[],['Bartosz Strzelecki'],0,0,1,0.0,0.0,1.0,120.0,2.0,2.0,False,radon,0,0,22,28,30,63,6,210,61,4,18,0,35,0,0,4,52,2,0,demos/mediapipe/iris_tracking/mediapipe_iris_tracking.py,2,40,0,164,2,10,13,23,613,331,0,0,0,0,0,0,0,0,0,0,0,0,0,0,0,0,0,IntelAI OpenVINO model server,0,0,0,0,0
IntelAI OpenVINO model server,demos/mediapipe/object_detection/mediapipe_object_detection.py,IntelAI OpenVINO model server::demos/mediapipe/object_detection/mediapipe_object_detection.py,"['Rafal Sapala', 'michalkulakowski']",['michalkulakowski'],[],['Rafal Sapala'],1,0,1,0.5,0.0,0.5,145.0,3.5,5.0,False,radon,1,2,21,41,112,166,24,567,203,16,63,0,121,0,0,16,147,8,0,demos/mediapipe/object_detection/mediapipe_object_detection.py,7,156,0,624,8,40,63,94,2378,1198,0,0,0,0,0,0,0,0,0,0,0,0,0,0,0,0,0,IntelAI OpenVINO model server,0,0,0,0,0
IntelAI OpenVINO model server,demos/multi_faces_analysis_pipeline/python/multi_faces_analysis_pipeline.py,IntelAI OpenVINO model server::demos/multi_faces_analysis_pipeline/python/multi_faces_analysis_pipeline.py,"['Mi osz eglarski', 'Trawinski Dariusz']","['Mi osz eglarski', 'Trawinski Dariusz']",[],[],2,0,0,1.0,0.0,0.0,161.0,2.5,4.0,False,radon,0,0,19,8,50,29,0,170,64,8,30,0,66,0,0,6,59,4,0,demos/multi_faces_analysis_pipeline/python/multi_faces_analysis_pipeline.py,2,73,0,310,1,20,30,44,885,518,0,0,0,0,0,0,0,0,0,0,0,0,0,0,0,0,0,IntelAI OpenVINO model server,0,0,0,0,0
IntelAI OpenVINO model server,demos/object_detection/python/object_detection.py,IntelAI OpenVINO model server::demos/object_detection/python/object_detection.py,['Bartosz Strzelecki'],[],[],['Bartosz Strzelecki'],0,0,1,0.0,0.0,1.0,148.0,3.0,3.0,False,radon,0,0,5,7,28,34,6,135,55,4,18,0,29,0,0,4,38,2,0,demos/object_detection/python/object_detection.py,2,41,0,160,2,10,17,25,641,328,0,0,0,0,0,0,0,0,0,0,0,0,0,0,0,0,0,IntelAI OpenVINO model server,0,0,0,0,0
IntelAI OpenVINO model server,demos/optical_character_recognition/python/optical_character_recognition.py,IntelAI OpenVINO model server::demos/optical_character_recognition/python/optical_character_recognition.py,"['Mi osz eglarski', 'Trawinski Dariusz', 'michalkulakowski']","['Mi osz eglarski', 'Trawinski Dariusz', 'michalkulakowski']",[],[],3,0,0,1.0,0.0,0.0,127.0,2.3333333333333335,4.0,False,radon,8,1,34,43,81,138,6,425,123,12,48,0,100,0,0,10,107,6,0,demos/optical_character_recognition/python/optical_character_recognition.py,3,113,0,463,3,30,42,69,1530,832,0,0,0,0,0,0,0,0,0,0,0,0,0,0,0,0,0,IntelAI OpenVINO model server,0,0,0,0,0
IntelAI OpenVINO model server,demos/person_vehicle_bike_detection/python/person_vehicle_bike_detection.py,IntelAI OpenVINO model server::demos/person_vehicle_bike_detection/python/person_vehicle_bike_detection.py,"['Bartosz Strzelecki', 'Mi osz eglarski', 'Trawinski Dariusz']","['Mi osz eglarski', 'Trawinski Dariusz']",[],['Bartosz Strzelecki'],2,0,1,0.6666666666666666,0.0,0.3333333333333333,291.0,9.25,20.0,False,radon,98,1,49,46,91,142,6,473,139,8,30,0,66,0,0,6,59,4,0,demos/person_vehicle_bike_detection/python/person_vehicle_bike_detection.py,2,73,0,310,1,20,30,44,882,518,0,0,0,0,0,0,0,0,0,0,0,0,0,0,0,0,0,IntelAI OpenVINO model server,0,0,0,0,0
IntelAI OpenVINO model server,demos/python_demos/clip_image_classification/servable/postprocess.py,IntelAI OpenVINO model server::demos/python_demos/clip_image_classification/servable/postprocess.py,['Rafal Sapala'],[],[],['Rafal Sapala'],0,0,1,0.0,0.0,1.0,41.0,1.3333333333333333,2.0,False,radon,0,0,46,64,56,184,12,488,126,8,36,0,76,2,0,8,98,4,0,demos/python_demos/clip_image_classification/servable/postprocess.py,2,78,0,308,4,20,26,44,1205,638,0,0,0,0,0,0,0,0,0,0,0,0,0,0,0,0,0,IntelAI OpenVINO model server,0,0,0,0,0
IntelAI OpenVINO model server,demos/python_demos/clip_image_classification/servable/preprocess.py,IntelAI OpenVINO model server::demos/python_demos/clip_image_classification/servable/preprocess.py,['Rafal Sapala'],[],[],['Rafal Sapala'],0,0,1,0.0,0.0,1.0,49.0,2.0,3.0,False,radon,0,0,46,64,56,184,12,488,126,8,36,0,76,2,0,8,98,4,0,demos/python_demos/clip_image_classification/servable/preprocess.py,2,78,0,308,4,20,26,44,1205,638,0,0,0,0,0,0,0,0,0,0,0,0,0,0,0,0,0,IntelAI OpenVINO model server,0,0,0,0,0
IntelAI OpenVINO model server,demos/real_time_stream_analysis/python/client.py,IntelAI OpenVINO model server::demos/real_time_stream_analysis/python/client.py,['Bartosz Strzelecki'],[],[],['Bartosz Strzelecki'],0,0,1,0.0,0.0,1.0,60.0,1.5,2.0,False,radon,0,0,22,28,28,88,6,233,61,4,18,0,35,0,0,4,50,2,0,demos/real_time_stream_analysis/python/client.py,1,38,0,154,2,10,13,22,595,318,0,0,0,0,0,0,0,0,0,0,0,0,0,0,0,0,0,IntelAI OpenVINO model server,0,0,0,0,0
IntelAI OpenVINO model server,demos/rerank/compare_results.py,IntelAI OpenVINO model server::demos/rerank/compare_results.py,['Trawinski Dariusz'],['Trawinski Dariusz'],[],[],1,0,0,1.0,0.0,0.0,85.0,3.0,4.0,False,radon,0,0,15,35,28,109,6,251,58,4,18,0,34,0,0,4,48,2,0,demos/rerank/compare_results.py,1,38,0,153,2,10,12,25,627,304,0,0,0,0,0,0,0,0,0,0,0,0,0,0,0,0,0,IntelAI OpenVINO model server,0,0,0,0,0
IntelAI OpenVINO model server,demos/single_face_analysis_pipeline/python/single_face_analysis_pipeline.py,IntelAI OpenVINO model server::demos/single_face_analysis_pipeline/python/single_face_analysis_pipeline.py,"['Mi osz eglarski', 'Trawinski Dariusz', 'michalkulakowski']","['Mi osz eglarski', 'Trawinski Dariusz', 'michalkulakowski']",[],[],3,0,0,1.0,0.0,0.0,55.0,1.0,1.0,False,radon,64,1,21,10,77,48,6,273,111,12,45,0,95,0,0,10,91,6,0,demos/single_face_analysis_pipeline/python/single_face_analysis_pipeline.py,3,111,0,467,3,30,47,67,1447,810,0,0,0,0,0,0,0,0,0,0,0,0,0,0,0,0,0,IntelAI OpenVINO model server,0,0,0,0,0
IntelAI OpenVINO model server,demos/using_onnx_model/python/onnx_model_demo.py,IntelAI OpenVINO model server::demos/using_onnx_model/python/onnx_model_demo.py,"['Mi osz eglarski', 'Trawinski Dariusz']","['Mi osz eglarski', 'Trawinski Dariusz']",[],[],2,0,0,1.0,0.0,0.0,76.0,1.5,2.0,False,radon,28,1,28,12,74,43,0,253,96,12,45,0,99,0,0,9,87,6,0,demos/using_onnx_model/python/onnx_model_demo.py,3,108,0,460,2,30,45,65,1301,768,0,0,0,0,0,0,0,0,0,0,0,0,0,0,0,0,0,IntelAI OpenVINO model server,0,0,0,0,0
IntelAI OpenVINO model server,demos/vehicle_analysis_pipeline/python/vehicles_analysis_pipeline.py,IntelAI OpenVINO model server::demos/vehicle_analysis_pipeline/python/vehicles_analysis_pipeline.py,"['Mi osz eglarski', 'Trawinski Dariusz']","['Mi osz eglarski', 'Trawinski Dariusz']",[],[],2,0,0,1.0,0.0,0.0,147.0,2.1666666666666665,4.0,False,radon,0,0,19,8,50,29,0,170,64,8,30,0,66,0,0,6,59,4,0,demos/vehicle_analysis_pipeline/python/vehicles_analysis_pipeline.py,2,73,0,310,1,20,30,44,882,518,0,0,0,0,0,0,0,0,0,0,0,0,0,0,0,0,0,IntelAI OpenVINO model server,0,0,0,0,0
IntelAI OpenVINO model server,src/python/binding/tests/test_ovms_py_tensor.py,IntelAI OpenVINO model server::src/python/binding/tests/test_ovms_py_tensor.py,"['Adrian Tobiszewski', 'Mi osz eglarski']","['Adrian Tobiszewski', 'Mi osz eglarski']",[],[],2,0,0,1.0,0.0,0.0,100.0,9.0,11.0,False,radon,88,2,48,64,63,184,12,501,130,8,36,0,77,2,0,8,98,4,0,src/python/binding/tests/test_ovms_py_tensor.py,2,78,0,313,4,20,26,44,1206,639,0,0,0,0,0,0,0,0,0,0,0,0,0,0,0,0,0,IntelAI OpenVINO model server,0,0,0,0,0
IntelAI OpenVINO model server,src/test/mediapipe/python/scripts/add_two_inputs.py,IntelAI OpenVINO model server::src/test/mediapipe/python/scripts/add_two_inputs.py,['michalkulakowski'],['michalkulakowski'],[],[],1,0,0,1.0,0.0,0.0,57.0,15.5,16.0,False,radon,0,0,31,38,41,112,6,303,75,0,0,0,0,0,0,0,0,0,0,src/test/mediapipe/python/scripts/add_two_inputs.py,0,0,0,0,0,0,0,0,0,0,0,0,0,0,0,0,0,0,0,0,0,0,0,0,0,0,0,IntelAI OpenVINO model server,0,0,0,0,0
IntelAI OpenVINO model server,src/test/mediapipe/python/scripts/bad_execute_illegal_operation.py,IntelAI OpenVINO model server::src/test/mediapipe/python/scripts/bad_execute_illegal_operation.py,"['Mi osz eglarski', 'Rafal Sapala']",['Mi osz eglarski'],[],['Rafal Sapala'],1,0,1,0.5,0.0,0.5,28.0,1.25,2.0,False,radon,0,0,17,37,56,114,12,350,114,8,36,0,58,0,0,8,98,4,0,src/test/mediapipe/python/scripts/bad_execute_illegal_operation.py,4,82,0,320,4,20,34,50,1288,659,0,0,0,0,0,0,0,0,0,0,0,0,0,0,0,0,0,IntelAI OpenVINO model server,0,0,0,0,0
IntelAI OpenVINO model server,src/test/mediapipe/python/scripts/bad_execute_import_error.py,IntelAI OpenVINO model server::src/test/mediapipe/python/scripts/bad_execute_import_error.py,"['Mi osz eglarski', 'Rafal Sapala']",['Mi osz eglarski'],[],['Rafal Sapala'],1,0,1,0.5,0.0,0.5,27.0,1.25,2.0,False,radon,0,0,17,37,56,114,12,350,114,8,36,0,58,0,0,8,98,4,0,src/test/mediapipe/python/scripts/bad_execute_import_error.py,4,82,0,320,4,20,34,50,1288,659,0,0,0,0,0,0,0,0,0,0,0,0,0,0,0,0,0,IntelAI OpenVINO model server,0,0,0,0,0
IntelAI OpenVINO model server,src/test/mediapipe/python/scripts/bad_execute_no_method.py,IntelAI OpenVINO model server::src/test/mediapipe/python/scripts/bad_execute_no_method.py,"['Mi osz eglarski', 'Rafal Sapala']",['Mi osz eglarski'],[],['Rafal Sapala'],1,0,1,0.5,0.0,0.5,23.0,1.3333333333333333,2.0,False,radon,0,0,17,37,56,114,12,350,114,8,36,0,58,0,0,8,98,4,0,src/test/mediapipe/python/scripts/bad_execute_no_method.py,4,82,0,320,4,20,34,50,1288,659,0,0,0,0,0,0,0,0,0,0,0,0,0,0,0,0,0,IntelAI OpenVINO model server,0,0,0,0,0
IntelAI OpenVINO model server,src/test/mediapipe/python/scripts/bad_execute_read_more_than_one_input.py,IntelAI OpenVINO model server::src/test/mediapipe/python/scripts/bad_execute_read_more_than_one_input.py,['Mi osz eglarski'],['Mi osz eglarski'],[],[],1,0,0,1.0,0.0,0.0,22.0,1.5,2.0,False,radon,0,0,20,30,28,88,6,233,61,4,18,0,35,0,0,4,48,2,0,src/test/mediapipe/python/scripts/bad_execute_read_more_than_one_input.py,1,38,0,154,2,10,13,22,595,318,0,0,0,0,0,0,0,0,0,0,0,0,0,0,0,0,0,IntelAI OpenVINO model server,0,0,0,0,0
IntelAI OpenVINO model server,src/test/mediapipe/python/scripts/bad_execute_wrong_return_value.py,IntelAI OpenVINO model server::src/test/mediapipe/python/scripts/bad_execute_wrong_return_value.py,"['Mi osz eglarski', 'Rafal Sapala']",['Mi osz eglarski'],[],['Rafal Sapala'],1,0,1,0.5,0.0,0.5,26.0,1.25,2.0,False,radon,0,0,17,37,56,114,12,350,114,8,36,0,58,0,0,8,98,4,0,src/test/mediapipe/python/scripts/bad_execute_wrong_return_value.py,4,82,0,320,4,20,34,50,1288,659,0,0,0,0,0,0,0,0,0,0,0,0,0,0,0,0,0,IntelAI OpenVINO model server,0,0,0,0,0
IntelAI OpenVINO model server,src/test/mediapipe/python/scripts/bad_execute_wrong_signature.py,IntelAI OpenVINO model server::src/test/mediapipe/python/scripts/bad_execute_wrong_signature.py,"['Mi osz eglarski', 'Rafal Sapala']",['Mi osz eglarski'],[],['Rafal Sapala'],1,0,1,0.5,0.0,0.5,26.0,1.25,2.0,False,radon,0,0,17,37,56,114,12,350,114,8,36,0,58,0,0,8,98,4,0,src/test/mediapipe/python/scripts/bad_execute_wrong_signature.py,4,82,0,320,4,20,34,50,1288,659,0,0,0,0,0,0,0,0,0,0,0,0,0,0,0,0,0,IntelAI OpenVINO model server,0,0,0,0,0
IntelAI OpenVINO model server,src/test/mediapipe/python/scripts/bad_finalize_exception.py,IntelAI OpenVINO model server::src/test/mediapipe/python/scripts/bad_finalize_exception.py,['Rafal Sapala'],[],[],['Rafal Sapala'],0,0,1,0.0,0.0,1.0,25.0,1.25,2.0,False,radon,0,0,17,41,56,121,12,361,114,8,36,0,58,0,0,8,101,4,0,src/test/mediapipe/python/scripts/bad_finalize_exception.py,4,82,0,320,4,20,34,50,1288,659,0,0,0,0,0,0,0,0,0,0,0,0,0,0,0,0,0,IntelAI OpenVINO model server,0,0,0,0,0
IntelAI OpenVINO model server,src/test/mediapipe/python/scripts/bad_initialize_import_outside_class_error.py,IntelAI OpenVINO model server::src/test/mediapipe/python/scripts/bad_initialize_import_outside_class_error.py,"['Mi osz eglarski', 'Rafal Sapala']",['Mi osz eglarski'],[],['Rafal Sapala'],1,0,1,0.5,0.0,0.5,28.0,1.25,2.0,False,radon,0,0,17,37,56,114,12,350,114,8,36,0,58,0,0,8,98,4,0,src/test/mediapipe/python/scripts/bad_initialize_import_outside_class_error.py,4,82,0,320,4,20,34,50,1288,659,0,0,0,0,0,0,0,0,0,0,0,0,0,0,0,0,0,IntelAI OpenVINO model server,0,0,0,0,0
IntelAI OpenVINO model server,src/test/mediapipe/python/scripts/bad_initialize_no_method.py,IntelAI OpenVINO model server::src/test/mediapipe/python/scripts/bad_initialize_no_method.py,['Mi osz eglarski'],['Mi osz eglarski'],[],[],1,0,0,1.0,0.0,0.0,21.0,1.3333333333333333,2.0,False,radon,0,0,7,16,28,53,6,167,57,4,18,0,29,0,0,4,47,2,0,src/test/mediapipe/python/scripts/bad_initialize_no_method.py,2,41,0,160,2,10,17,25,644,329,0,0,0,0,0,0,0,0,0,0,0,0,0,0,0,0,0,IntelAI OpenVINO model server,0,0,0,0,0
IntelAI OpenVINO model server,src/test/mediapipe/python/scripts/bad_initialize_throw_exception.py,IntelAI OpenVINO model server::src/test/mediapipe/python/scripts/bad_initialize_throw_exception.py,"['Mi osz eglarski', 'Rafal Sapala']",['Mi osz eglarski'],[],['Rafal Sapala'],1,0,1,0.5,0.0,0.5,24.0,1.25,2.0,False,radon,0,0,17,37,56,114,12,350,114,8,36,0,58,0,0,8,98,4,0,src/test/mediapipe/python/scripts/bad_initialize_throw_exception.py,4,82,0,320,4,20,34,50,1288,659,0,0,0,0,0,0,0,0,0,0,0,0,0,0,0,0,0,IntelAI OpenVINO model server,0,0,0,0,0
IntelAI OpenVINO model server,src/test/mediapipe/python/scripts/bad_missing_class.py,IntelAI OpenVINO model server::src/test/mediapipe/python/scripts/bad_missing_class.py,['Mi osz eglarski'],['Mi osz eglarski'],[],[],1,0,0,1.0,0.0,0.0,18.0,1.0,1.0,False,radon,12,1,26,32,35,92,6,259,68,4,18,0,39,2,0,4,50,2,0,src/test/mediapipe/python/scripts/bad_missing_class.py,1,40,0,159,2,10,13,22,607,321,0,0,0,0,0,0,0,0,0,0,0,0,0,0,0,0,0,IntelAI OpenVINO model server,0,0,0,0,0
IntelAI OpenVINO model server,src/test/mediapipe/python/scripts/concatenate_input_arrays.py,IntelAI OpenVINO model server::src/test/mediapipe/python/scripts/concatenate_input_arrays.py,['michalkulakowski'],['michalkulakowski'],[],[],1,0,0,1.0,0.0,0.0,37.0,2.3333333333333335,3.0,False,radon,0,0,31,36,41,108,6,297,75,0,0,0,0,0,0,0,0,0,0,src/test/mediapipe/python/scripts/concatenate_input_arrays.py,0,0,0,0,0,0,0,0,0,0,0,0,0,0,0,0,0,0,0,0,0,0,0,0,0,0,0,IntelAI OpenVINO model server,0,0,0,0,0
IntelAI OpenVINO model server,src/test/mediapipe/python/scripts/good_finalize_missing_definition.py,IntelAI OpenVINO model server::src/test/mediapipe/python/scripts/good_finalize_missing_definition.py,['Rafal Sapala'],[],[],['Rafal Sapala'],0,0,1,0.0,0.0,1.0,23.0,1.3333333333333333,2.0,False,radon,0,0,17,41,56,121,12,361,114,8,36,0,58,0,0,8,101,4,0,src/test/mediapipe/python/scripts/good_finalize_missing_definition.py,4,82,0,320,4,20,34,50,1288,659,0,0,0,0,0,0,0,0,0,0,0,0,0,0,0,0,0,IntelAI OpenVINO model server,0,0,0,0,0
IntelAI OpenVINO model server,src/test/mediapipe/python/scripts/good_finalize_pass.py,IntelAI OpenVINO model server::src/test/mediapipe/python/scripts/good_finalize_pass.py,"['Damian Kalinowski', 'Rafal Sapala']",['Damian Kalinowski'],[],['Rafal Sapala'],1,0,1,0.5,0.0,0.5,26.0,1.25,2.0,False,radon,0,0,24,62,84,183,18,542,171,12,54,0,87,0,0,12,152,6,0,src/test/mediapipe/python/scripts/good_finalize_pass.py,6,123,0,480,6,30,51,75,1932,989,0,0,0,0,0,0,0,0,0,0,0,0,0,0,0,0,0,IntelAI OpenVINO model server,0,0,0,0,0
IntelAI OpenVINO model server,src/test/mediapipe/python/scripts/good_finalize_remove_file.py,IntelAI OpenVINO model server::src/test/mediapipe/python/scripts/good_finalize_remove_file.py,"['Mi osz eglarski', 'Rafal Sapala']",['Mi osz eglarski'],[],['Rafal Sapala'],1,0,1,0.5,0.0,0.5,38.0,1.25,2.0,False,radon,0,0,32,76,84,230,18,615,175,12,54,0,92,0,0,12,149,6,0,src/test/mediapipe/python/scripts/good_finalize_remove_file.py,5,121,0,473,6,30,46,75,1926,965,0,0,0,0,0,0,0,0,0,0,0,0,0,0,0,0,0,IntelAI OpenVINO model server,0,0,0,0,0
IntelAI OpenVINO model server,src/test/mediapipe/python/scripts/good_initialize_with_arguments.py,IntelAI OpenVINO model server::src/test/mediapipe/python/scripts/good_initialize_with_arguments.py,"['Mi osz eglarski', 'Rafal Sapala']",['Mi osz eglarski'],[],['Rafal Sapala'],1,0,1,0.5,0.0,0.5,27.0,1.25,2.0,False,radon,0,0,30,50,56,150,12,416,118,8,36,0,64,0,0,8,100,4,0,src/test/mediapipe/python/scripts/good_initialize_with_arguments.py,3,79,0,314,4,20,30,47,1239,648,0,0,0,0,0,0,0,0,0,0,0,0,0,0,0,0,0,IntelAI OpenVINO model server,0,0,0,0,0
IntelAI OpenVINO model server,src/test/mediapipe/python/scripts/good_initialize_with_class_members.py,IntelAI OpenVINO model server::src/test/mediapipe/python/scripts/good_initialize_with_class_members.py,"['Mi osz eglarski', 'Rafal Sapala']",['Mi osz eglarski'],[],['Rafal Sapala'],1,0,1,0.5,0.0,0.5,27.0,1.25,2.0,False,radon,0,0,17,37,56,114,12,350,114,8,36,0,58,0,0,8,98,4,0,src/test/mediapipe/python/scripts/good_initialize_with_class_members.py,4,82,0,320,4,20,34,50,1288,659,0,0,0,0,0,0,0,0,0,0,0,0,0,0,0,0,0,IntelAI OpenVINO model server,0,0,0,0,0
IntelAI OpenVINO model server,src/test/mediapipe/python/scripts/relative_base_path.py,IntelAI OpenVINO model server::src/test/mediapipe/python/scripts/relative_base_path.py,"['Bartosz Strzelecki', 'Mi osz eglarski']",['Mi osz eglarski'],[],['Bartosz Strzelecki'],1,0,1,0.5,0.0,0.5,31.0,1.5,2.0,False,radon,1,1,77,109,110,331,18,856,211,4,18,0,34,0,0,4,48,2,0,src/test/mediapipe/python/scripts/relative_base_path.py,1,39,0,153,2,10,12,25,638,306,0,0,0,0,0,0,0,0,0,0,0,0,0,0,0,0,0,IntelAI OpenVINO model server,0,0,0,0,0
IntelAI OpenVINO model server,src/test/mediapipe/python/scripts/return_custom_datatype.py,IntelAI OpenVINO model server::src/test/mediapipe/python/scripts/return_custom_datatype.py,['Mi osz eglarski'],['Mi osz eglarski'],[],[],1,0,0,1.0,0.0,0.0,26.0,1.3333333333333333,2.0,False,radon,0,0,20,29,28,89,6,233,61,4,18,0,35,0,0,4,49,2,0,src/test/mediapipe/python/scripts/return_custom_datatype.py,1,38,0,154,2,10,13,22,595,318,0,0,0,0,0,0,0,0,0,0,0,0,0,0,0,0,0,IntelAI OpenVINO model server,0,0,0,0,0
IntelAI OpenVINO model server,src/test/mediapipe/python/scripts/return_non_tensor_object.py,IntelAI OpenVINO model server::src/test/mediapipe/python/scripts/return_non_tensor_object.py,['michalkulakowski'],['michalkulakowski'],[],[],1,0,0,1.0,0.0,0.0,23.0,1.3333333333333333,2.0,False,radon,6,1,30,35,41,105,6,291,74,4,18,0,46,2,0,4,55,2,0,src/test/mediapipe/python/scripts/return_non_tensor_object.py,2,47,0,162,2,10,16,28,654,372,0,0,0,0,0,0,0,0,0,0,0,0,0,0,0,0,0,IntelAI OpenVINO model server,0,0,0,0,0
IntelAI OpenVINO model server,src/test/mediapipe/python/scripts/return_none_object.py,IntelAI OpenVINO model server::src/test/mediapipe/python/scripts/return_none_object.py,['michalkulakowski'],['michalkulakowski'],[],[],1,0,0,1.0,0.0,0.0,23.0,1.3333333333333333,2.0,False,radon,6,1,30,35,41,105,6,291,74,4,18,0,46,2,0,4,55,2,0,src/test/mediapipe/python/scripts/return_none_object.py,2,47,0,162,2,10,16,28,654,372,0,0,0,0,0,0,0,0,0,0,0,0,0,0,0,0,0,IntelAI OpenVINO model server,0,0,0,0,0
IntelAI OpenVINO model server,src/test/mediapipe/python/scripts/single_io_increment.py,IntelAI OpenVINO model server::src/test/mediapipe/python/scripts/single_io_increment.py,"['Mi osz eglarski', 'Rafal Sapala']",['Mi osz eglarski'],[],['Rafal Sapala'],1,0,1,0.5,0.0,0.5,31.0,1.3333333333333333,2.0,False,radon,19,1,62,86,86,241,18,677,184,8,36,0,70,0,0,8,97,4,0,src/test/mediapipe/python/scripts/single_io_increment.py,2,76,0,308,4,20,26,44,1190,636,0,0,0,0,0,0,0,0,0,0,0,0,0,0,0,0,0,IntelAI OpenVINO model server,0,0,0,0,0
IntelAI OpenVINO model server,src/test/mediapipe/python/scripts/single_io_increment_by_2.py,IntelAI OpenVINO model server::src/test/mediapipe/python/scripts/single_io_increment_by_2.py,"['Mi osz eglarski', 'michalkulakowski']","['Mi osz eglarski', 'michalkulakowski']",[],[],2,0,0,1.0,0.0,0.0,30.0,1.3333333333333333,2.0,False,radon,0,0,42,57,58,152,12,443,122,8,36,0,70,0,0,8,101,4,0,src/test/mediapipe/python/scripts/single_io_increment_by_2.py,3,78,0,318,4,20,26,45,1202,649,0,0,0,0,0,0,0,0,0,0,0,0,0,0,0,0,0,IntelAI OpenVINO model server,0,0,0,0,0
IntelAI OpenVINO model server,src/test/mediapipe/python/scripts/symmetric_identity_fp32_only.py,IntelAI OpenVINO model server::src/test/mediapipe/python/scripts/symmetric_identity_fp32_only.py,"['Mi osz eglarski', 'Rafal Sapala']",['Mi osz eglarski'],[],['Rafal Sapala'],1,0,1,0.5,0.0,0.5,37.0,2.0,3.0,False,radon,0,0,39,64,86,178,18,561,176,8,36,0,58,0,0,8,98,4,0,src/test/mediapipe/python/scripts/symmetric_identity_fp32_only.py,4,82,0,320,4,20,34,50,1288,659,0,0,0,0,0,0,0,0,0,0,0,0,0,0,0,0,0,IntelAI OpenVINO model server,0,0,0,0,0
IntelAI OpenVINO model server,src/test/mediapipe/python/scripts/symmetric_increment.py,IntelAI OpenVINO model server::src/test/mediapipe/python/scripts/symmetric_increment.py,"['Adrian Tobiszewski', 'Damian Kalinowski', 'Mi osz eglarski', 'Rafal Sapala']","['Adrian Tobiszewski', 'Damian Kalinowski', 'Mi osz eglarski']",[],['Rafal Sapala'],3,0,1,0.75,0.0,0.25,36.0,2.3333333333333335,3.0,False,radon,3,1,102,166,202,455,42,1381,414,24,108,0,190,0,0,24,302,12,0,src/test/mediapipe/python/scripts/symmetric_increment.py,11,242,0,960,12,60,94,145,3797,1967,0,0,0,0,0,0,0,0,0,0,0,0,0,0,0,0,0,IntelAI OpenVINO model server,0,0,0,0,0
IntelAI OpenVINO model server,src/test/mediapipe/python/scripts/symmetric_increment_by_2.py,IntelAI OpenVINO model server::src/test/mediapipe/python/scripts/symmetric_increment_by_2.py,"['Damian Kalinowski', 'Mi osz eglarski']","['Damian Kalinowski', 'Mi osz eglarski']",[],[],2,0,0,1.0,0.0,0.0,36.0,1.5,2.0,False,radon,0,0,29,48,58,126,12,392,119,4,18,0,29,0,0,4,51,2,0,src/test/mediapipe/python/scripts/symmetric_increment_by_2.py,2,41,0,160,2,10,17,25,644,330,0,0,0,0,0,0,0,0,0,0,0,0,0,0,0,0,0,IntelAI OpenVINO model server,0,0,0,0,0
IntelAI OpenVINO model server,src/test/mediapipe/python/scripts/symmetric_scalar_increment.py,IntelAI OpenVINO model server::src/test/mediapipe/python/scripts/symmetric_scalar_increment.py,['Mi osz eglarski'],['Mi osz eglarski'],[],[],1,0,0,1.0,0.0,0.0,30.0,2.5,3.0,False,radon,0,0,20,30,28,88,6,233,61,4,18,0,35,0,0,4,48,2,0,src/test/mediapipe/python/scripts/symmetric_scalar_increment.py,1,38,0,154,2,10,13,22,595,318,0,0,0,0,0,0,0,0,0,0,0,0,0,0,0,0,0,IntelAI OpenVINO model server,0,0,0,0,0
IntelAI OpenVINO model server,src/test/mediapipe/python/scripts/symmetric_scalar_increment_generator.py,IntelAI OpenVINO model server::src/test/mediapipe/python/scripts/symmetric_scalar_increment_generator.py,['Mi osz eglarski'],['Mi osz eglarski'],[],[],1,0,0,1.0,0.0,0.0,38.0,3.0,4.0,False,radon,0,0,50,86,87,236,18,658,181,8,36,0,66,0,0,8,99,4,0,src/test/mediapipe/python/scripts/symmetric_scalar_increment_generator.py,3,80,0,314,4,20,29,50,1292,636,0,0,0,0,0,0,0,0,0,0,0,0,0,0,0,0,0,IntelAI OpenVINO model server,0,0,0,0,0
IntelAI OpenVINO model server,tests/accuracy/sumarize_results.py,IntelAI OpenVINO model server::tests/accuracy/sumarize_results.py,['Trawinski Dariusz'],['Trawinski Dariusz'],[],[],1,0,0,1.0,0.0,0.0,97.0,3.0,3.0,False,radon,0,0,12,31,25,94,6,203,35,1,16,0,8,0,0,2,38,2,0,tests/accuracy/sumarize_results.py,1,43,0,69,2,0,16,19,608,222,0,0,0,0,0,0,0,0,0,0,0,0,0,0,0,0,0,IntelAI OpenVINO model server,0,0,0,0,0
IntelAI OpenVINO model server,tests/functional/command_wrappers/server.py,IntelAI OpenVINO model server::tests/functional/command_wrappers/server.py,['Cybulska Natalia'],['Cybulska Natalia'],[],[],1,0,0,1.0,0.0,0.0,23.0,2.0,2.0,False,radon,0,0,0,0,10,0,0,12,2,0,12,0,14,0,0,0,28,0,0,tests/functional/command_wrappers/server.py,0,6,0,98,0,0,10,16,214,374,0,0,0,0,0,0,0,0,0,0,0,0,0,0,0,0,0,IntelAI OpenVINO model server,0,0,0,0,0
IntelAI OpenVINO model server,tests/functional/conftest.py,IntelAI OpenVINO model server::tests/functional/conftest.py,"['Adrian Tobiszewski', 'Cybulska Natalia', 'Damian Kalinowski', 'Dariusz Szyfelbein', 'Joanna Nosek', 'Micha Wilkowski', 'Nosek Joanna', 'Rafal Jasinski', 'Romanowski Krzysztof', 'Szyfelbein Dariusz', 'Trawinski Dariusz', 'Wilkowski Michal', 'ncybulsk']","['Adrian Tobiszewski', 'Cybulska Natalia', 'Damian Kalinowski', 'Dariusz Szyfelbein', 'Joanna Nosek', 'Micha Wilkowski', 'Nosek Joanna', 'Rafal Jasinski', 'Romanowski Krzysztof', 'Szyfelbein Dariusz', 'Trawinski Dariusz', 'Wilkowski Michal', 'ncybulsk']",[],[],13,0,0,1.0,0.0,0.0,257.0,1.894736842105263,5.0,False,radon,28,6,159,177,698,344,21,2155,756,69,534,0,696,17,0,57,965,69,0,tests/functional/conftest.py,42,682,0,4531,11,241,400,671,13129,8409,0,0,0,0,0,0,0,0,0,0,0,0,0,0,0,0,0,IntelAI OpenVINO model server,0,1,0,1,B101
IntelAI OpenVINO model server,tests/functional/fixtures/model_conversion_fixtures.py,IntelAI OpenVINO model server::tests/functional/fixtures/model_conversion_fixtures.py,"['Cybulska Natalia', 'Damian Kalinowski', 'Nosek Joanna', 'Rafal Jasinski', 'Romanowski Krzysztof', 'Trawinski Dariusz', 'michalkulakowski']","['Cybulska Natalia', 'Damian Kalinowski', 'Nosek Joanna', 'Rafal Jasinski', 'Romanowski Krzysztof', 'Trawinski Dariusz', 'michalkulakowski']",[],[],7,0,0,1.0,0.0,0.0,62.0,2.5,3.0,False,radon,16,3,37,36,179,69,0,492,171,19,146,0,136,3,0,10,254,14,0,tests/functional/fixtures/model_conversion_fixtures.py,13,162,0,1062,3,42,99,181,3061,2123,0,0,0,0,0,0,0,0,0,0,0,0,0,0,0,0,0,IntelAI OpenVINO model server,0,0,0,0,0
IntelAI OpenVINO model server,tests/functional/fixtures/model_download_fixtures.py,IntelAI OpenVINO model server::tests/functional/fixtures/model_download_fixtures.py,"['Adrian Tobiszewski', 'Cybulska Natalia', 'Damian Kalinowski', 'Mariusz Gumowski', 'Nosek Joanna', 'Rafal Jasinski', 'Romanowski Krzysztof', 'Trawinski Dariusz', 'jszczepa']","['Adrian Tobiszewski', 'Cybulska Natalia', 'Damian Kalinowski', 'Mariusz Gumowski', 'Nosek Joanna', 'Rafal Jasinski', 'Romanowski Krzysztof', 'Trawinski Dariusz', 'jszczepa']",[],[],9,0,0,1.0,0.0,0.0,72.0,3.3333333333333335,4.0,False,radon,13,3,53,42,248,104,7,712,258,30,203,0,201,3,0,17,355,18,0,tests/functional/fixtures/model_download_fixtures.py,16,248,0,1508,6,62,143,250,4347,3023,0,0,0,0,0,0,0,0,0,0,0,0,0,0,0,0,0,IntelAI OpenVINO model server,0,0,0,0,0
IntelAI OpenVINO model server,tests/functional/fixtures/server_detection_model_fixtures.py,IntelAI OpenVINO model server::tests/functional/fixtures/server_detection_model_fixtures.py,"['Cybulska Natalia', 'Damian Kalinowski', 'Michalik Jan', 'Nosek Joanna', 'Rafal Jasinski', 'Szyfelbein Dariusz', 'Trawinski Dariusz', 'ncybulsk']","['Cybulska Natalia', 'Damian Kalinowski', 'Michalik Jan', 'Nosek Joanna', 'Rafal Jasinski', 'Szyfelbein Dariusz', 'Trawinski Dariusz', 'ncybulsk']",[],[],8,0,0,1.0,0.0,0.0,68.0,1.0,1.0,False,radon,18,3,51,84,266,100,0,734,233,23,231,0,190,8,0,12,395,31,0,tests/functional/fixtures/server_detection_model_fixtures.py,21,204,0,1585,0,61,145,271,4654,3229,0,0,0,0,0,0,0,0,0,0,0,0,0,0,0,0,0,IntelAI OpenVINO model server,0,1,0,1,B101
IntelAI OpenVINO model server,tests/functional/fixtures/server_for_update_fixtures.py,IntelAI OpenVINO model server::tests/functional/fixtures/server_for_update_fixtures.py,"['Cybulska Natalia', 'Damian Kalinowski', 'Michalik Jan', 'Nosek Joanna', 'Rafal Jasinski', 'Szyfelbein Dariusz', 'Trawinski Dariusz', 'ncybulsk']","['Cybulska Natalia', 'Damian Kalinowski', 'Michalik Jan', 'Nosek Joanna', 'Rafal Jasinski', 'Szyfelbein Dariusz', 'Trawinski Dariusz', 'ncybulsk']",[],[],8,0,0,1.0,0.0,0.0,59.0,1.0,1.0,False,radon,8,2,45,76,241,90,0,657,205,20,213,0,187,7,0,10,376,28,0,tests/functional/fixtures/server_for_update_fixtures.py,18,187,0,1487,0,53,140,236,4307,3298,0,0,0,0,0,0,0,0,0,0,0,0,0,0,0,0,0,IntelAI OpenVINO model server,0,0,0,0,0
IntelAI OpenVINO model server,tests/functional/fixtures/server_local_models_fixtures.py,IntelAI OpenVINO model server::tests/functional/fixtures/server_local_models_fixtures.py,"['Cybulska Natalia', 'Damian Kalinowski', 'Gumowski Mariusz', 'Kalinowski Damian', 'Mariusz Gumowski', 'Mi osz eglarski', 'Michalik Jan', 'Nosek Joanna', 'Rafal Jasinski', 'Szyfelbein Dariusz', 'Trawinski Dariusz', 'ncybulsk']","['Cybulska Natalia', 'Damian Kalinowski', 'Gumowski Mariusz', 'Kalinowski Damian', 'Mariusz Gumowski', 'Mi osz eglarski', 'Michalik Jan', 'Nosek Joanna', 'Rafal Jasinski', 'Szyfelbein Dariusz', 'Trawinski Dariusz', 'ncybulsk']",[],[],12,0,0,1.0,0.0,0.0,77.0,1.0,1.0,False,radon,18,3,63,100,336,121,0,917,297,30,312,0,248,10,0,16,534,37,0,tests/functional/fixtures/server_local_models_fixtures.py,24,264,0,2157,0,81,197,354,6101,4505,0,0,0,0,0,0,0,0,0,0,0,0,0,0,0,0,0,IntelAI OpenVINO model server,0,1,0,1,B101
IntelAI OpenVINO model server,tests/functional/fixtures/server_multi_model_fixtures.py,IntelAI OpenVINO model server::tests/functional/fixtures/server_multi_model_fixtures.py,"['Cybulska Natalia', 'Gumowski Mariusz', 'Michalik Jan', 'Nosek Joanna', 'Rafal Jasinski', 'Szyfelbein Dariusz', 'Trawinski Dariusz', 'Wilkowski Michal', 'ncybulsk']","['Cybulska Natalia', 'Gumowski Mariusz', 'Michalik Jan', 'Nosek Joanna', 'Rafal Jasinski', 'Szyfelbein Dariusz', 'Trawinski Dariusz', 'Wilkowski Michal', 'ncybulsk']",[],[],9,0,0,1.0,0.0,0.0,54.0,2.0,2.0,False,radon,18,3,34,55,262,72,0,629,206,24,245,0,151,6,0,8,406,20,0,tests/functional/fixtures/server_multi_model_fixtures.py,22,180,0,1542,0,40,142,279,4313,3442,0,0,0,0,0,0,0,0,0,0,0,0,0,0,0,0,0,IntelAI OpenVINO model server,0,1,0,1,B101
IntelAI OpenVINO model server,tests/functional/fixtures/server_remote_models_fixtures.py,IntelAI OpenVINO model server::tests/functional/fixtures/server_remote_models_fixtures.py,"['Cybulska Natalia', 'Damian Kalinowski', 'Michalik Jan', 'Nosek Joanna', 'Rafal Jasinski', 'Rozestwinski Rafal', 'Szyfelbein Dariusz', 'Trawinski Dariusz', 'ncybulsk']","['Cybulska Natalia', 'Damian Kalinowski', 'Michalik Jan', 'Nosek Joanna', 'Rafal Jasinski', 'Rozestwinski Rafal', 'Szyfelbein Dariusz', 'Trawinski Dariusz', 'ncybulsk']",[],[],9,0,0,1.0,0.0,0.0,168.0,2.8,5.0,False,radon,37,4,51,84,306,104,0,804,259,27,285,0,204,8,0,12,467,31,0,tests/functional/fixtures/server_remote_models_fixtures.py,25,230,0,1837,0,61,171,323,5350,3871,0,0,0,0,0,0,0,0,0,0,0,0,0,0,0,0,0,IntelAI OpenVINO model server,0,1,0,1,B101
IntelAI OpenVINO model server,tests/functional/fixtures/server_with_batching_fixtures.py,IntelAI OpenVINO model server::tests/functional/fixtures/server_with_batching_fixtures.py,"['Cybulska Natalia', 'Damian Kalinowski', 'Kalinowski Damian', 'Michalik Jan', 'Nosek Joanna', 'Rafal Jasinski', 'Szyfelbein Dariusz', 'Trawinski Dariusz', 'ncybulsk']","['Cybulska Natalia', 'Damian Kalinowski', 'Kalinowski Damian', 'Michalik Jan', 'Nosek Joanna', 'Rafal Jasinski', 'Szyfelbein Dariusz', 'Trawinski Dariusz', 'ncybulsk']",[],[],9,0,0,1.0,0.0,0.0,96.0,1.0,1.0,False,radon,18,3,51,84,324,100,0,816,257,27,315,0,246,8,0,12,563,31,0,tests/functional/fixtures/server_with_batching_fixtures.py,23,240,0,2167,0,61,205,363,5876,5181,0,0,0,0,0,0,0,0,0,0,0,0,0,0,0,0,0,IntelAI OpenVINO model server,0,1,0,1,B101
IntelAI OpenVINO model server,tests/functional/fixtures/server_with_version_policy_fixtures.py,IntelAI OpenVINO model server::tests/functional/fixtures/server_with_version_policy_fixtures.py,"['Cybulska Natalia', 'Damian Kalinowski', 'Kalinowski Damian', 'Michalik Jan', 'Nosek Joanna', 'Rafal Jasinski', 'Szyfelbein Dariusz', 'Trawinski Dariusz', 'ncybulsk']","['Cybulska Natalia', 'Damian Kalinowski', 'Kalinowski Damian', 'Michalik Jan', 'Nosek Joanna', 'Rafal Jasinski', 'Szyfelbein Dariusz', 'Trawinski Dariusz', 'ncybulsk']",[],[],9,0,0,1.0,0.0,0.0,67.0,3.0,5.0,False,radon,18,3,46,73,290,92,0,749,248,28,271,0,185,8,0,12,454,26,0,tests/functional/fixtures/server_with_version_policy_fixtures.py,26,212,0,1804,0,60,162,307,4969,3746,0,0,0,0,0,0,0,0,0,0,0,0,0,0,0,0,0,IntelAI OpenVINO model server,0,1,0,1,B101
IntelAI OpenVINO model server,tests/functional/fixtures/test_files_fixtures.py,IntelAI OpenVINO model server::tests/functional/fixtures/test_files_fixtures.py,"['Cybulska Natalia', 'Damian Kalinowski', 'Rafal Jasinski', 'ncybulsk']","['Cybulska Natalia', 'Damian Kalinowski', 'Rafal Jasinski', 'ncybulsk']",[],[],4,0,0,1.0,0.0,0.0,48.0,3.0,5.0,False,radon,0,0,17,29,72,34,0,221,69,5,58,0,53,2,0,4,83,11,0,tests/functional/fixtures/test_files_fixtures.py,5,62,0,377,0,21,37,60,1313,611,0,0,0,0,0,0,0,0,0,0,0,0,0,0,0,0,0,IntelAI OpenVINO model server,0,0,0,0,0
IntelAI OpenVINO model server,tests/functional/model/models_information.py,IntelAI OpenVINO model server::tests/functional/model/models_information.py,"['Adrian Tobiszewski', 'Cybulska Natalia', 'Damian Kalinowski', 'Dariusz Szyfelbein', 'Gumowski Mariusz', 'Jacob27', 'Kalinowski Damian', 'Mariusz Gumowski', 'Rafal Jasinski', 'Rafal Sapala', 'Skowron Jacek', 'Szyfelbein Dariusz', 'Trawinski Dariusz', 'jszczepa', 'michalkulakowski', 'ncybulsk']","['Adrian Tobiszewski', 'Cybulska Natalia', 'Damian Kalinowski', 'Dariusz Szyfelbein', 'Gumowski Mariusz', 'Jacob27', 'Kalinowski Damian', 'Mariusz Gumowski', 'Rafal Jasinski', 'Skowron Jacek', 'Szyfelbein Dariusz', 'Trawinski Dariusz', 'jszczepa', 'michalkulakowski', 'ncybulsk']",[],['Rafal Sapala'],15,0,1,0.9375,0.0,0.0625,166.0,1.0,1.0,False,radon,11,4,62,23,375,133,14,979,372,51,348,0,275,0,0,23,589,14,0,tests/functional/model/models_information.py,24,365,0,2381,11,70,227,392,6329,5227,0,0,0,0,0,0,0,0,0,0,0,0,0,0,0,0,0,IntelAI OpenVINO model server,0,0,0,0,0
IntelAI OpenVINO model server,tests/functional/object_model/docker.py,IntelAI OpenVINO model server::tests/functional/object_model/docker.py,"['Adrian Tobiszewski', 'Cybulska Natalia', 'Damian Kalinowski', 'Mi osz eglarski', 'Nosek Joanna', 'Rafal Jasinski', 'Szyfelbein Dariusz', 'Trawinski Dariusz', 'jszczepa', 'ncybulsk']","['Adrian Tobiszewski', 'Cybulska Natalia', 'Damian Kalinowski', 'Mi osz eglarski', 'Nosek Joanna', 'Rafal Jasinski', 'Szyfelbein Dariusz', 'Trawinski Dariusz', 'jszczepa', 'ncybulsk']",[],[],10,0,0,1.0,0.0,0.0,201.0,2.3076923076923075,4.0,False,radon,33,5,166,194,616,311,7,1969,675,55,477,0,560,18,0,46,753,75,0,tests/functional/object_model/docker.py,40,625,0,3520,6,204,333,531,11506,5628,0,0,0,0,0,0,0,0,0,0,0,0,0,0,0,0,0,IntelAI OpenVINO model server,0,1,0,1,B101
IntelAI OpenVINO model server,tests/functional/object_model/minio_docker.py,IntelAI OpenVINO model server::tests/functional/object_model/minio_docker.py,"['Cybulska Natalia', 'Damian Kalinowski', 'Rafal Jasinski', 'Szyfelbein Dariusz', 'ncybulsk']","['Cybulska Natalia', 'Damian Kalinowski', 'Rafal Jasinski', 'Szyfelbein Dariusz', 'ncybulsk']",[],[],5,0,0,1.0,0.0,0.0,48.0,2.0,3.0,False,radon,0,0,18,26,116,37,0,299,102,11,118,0,68,3,0,6,155,9,0,tests/functional/object_model/minio_docker.py,11,87,0,682,0,30,57,114,1886,1075,0,0,0,0,0,0,0,0,0,0,0,0,0,0,0,0,0,IntelAI OpenVINO model server,0,0,0,0,0
IntelAI OpenVINO model server,tests/functional/object_model/ovms_binary.py,IntelAI OpenVINO model server::tests/functional/object_model/ovms_binary.py,"['Cybulska Natalia', 'Damian Kalinowski', 'Rafal Jasinski', 'ncybulsk']","['Cybulska Natalia', 'Damian Kalinowski', 'Rafal Jasinski', 'ncybulsk']",[],[],4,0,0,1.0,0.0,0.0,107.0,2.4285714285714284,4.0,False,radon,10,1,18,26,71,34,0,225,76,5,58,0,65,3,0,6,85,9,0,tests/functional/object_model/ovms_binary.py,5,65,0,442,0,28,37,63,1365,669,0,0,0,0,0,0,0,0,0,0,0,0,0,0,0,0,0,IntelAI OpenVINO model server,0,1,0,1,B101
IntelAI OpenVINO model server,tests/functional/object_model/ovms_docker.py,IntelAI OpenVINO model server::tests/functional/object_model/ovms_docker.py,"['Cybulska Natalia', 'Damian Kalinowski', 'Rafal Jasinski', 'Romanowski Krzysztof', 'Skowron Jacek', 'Szyfelbein Dariusz', 'ncybulsk']","['Cybulska Natalia', 'Damian Kalinowski', 'Rafal Jasinski', 'Romanowski Krzysztof', 'Skowron Jacek', 'Szyfelbein Dariusz', 'ncybulsk']",[],[],7,0,0,1.0,0.0,0.0,43.0,2.0,3.0,False,radon,8,1,29,45,168,65,0,452,145,15,162,0,97,4,0,8,217,17,0,tests/functional/object_model/ovms_docker.py,15,127,0,933,0,41,81,154,2695,1475,0,0,0,0,0,0,0,0,0,0,0,0,0,0,0,0,0,IntelAI OpenVINO model server,0,0,0,0,0
IntelAI OpenVINO model server,tests/functional/object_model/server.py,IntelAI OpenVINO model server::tests/functional/object_model/server.py,"['Cybulska Natalia', 'Damian Kalinowski', 'Rafal Jasinski', 'Romanowski Krzysztof', 'Skowron Jacek', 'Szyfelbein Dariusz', 'ncybulsk']","['Cybulska Natalia', 'Damian Kalinowski', 'Rafal Jasinski', 'Romanowski Krzysztof', 'Skowron Jacek', 'Szyfelbein Dariusz', 'ncybulsk']",[],[],7,0,0,1.0,0.0,0.0,76.0,2.3333333333333335,4.0,False,radon,33,5,68,110,275,133,0,861,275,20,227,0,218,11,0,16,343,41,0,tests/functional/object_model/server.py,20,237,0,1521,0,83,138,231,4887,2381,0,0,0,0,0,0,0,0,0,0,0,0,0,0,0,0,0,IntelAI OpenVINO model server,0,1,0,1,B101
IntelAI OpenVINO model server,tests/functional/test_batching.py,IntelAI OpenVINO model server::tests/functional/test_batching.py,"['Adrian Tobiszewski', 'Cybulska Natalia', 'Damian Kalinowski', 'Gumowski Mariusz', 'Kalinowski Damian', 'Nosek Joanna', 'Rafal Jasinski', 'Szyfelbein Dariusz', 'Trawinski Dariusz', 'Zeglarski Milosz', 'jszczepa', 'mzeglars', 'ngrozae']","['Adrian Tobiszewski', 'Cybulska Natalia', 'Damian Kalinowski', 'Gumowski Mariusz', 'Kalinowski Damian', 'Nosek Joanna', 'Rafal Jasinski', 'Szyfelbein Dariusz', 'Trawinski Dariusz', 'Zeglarski Milosz', 'jszczepa', 'mzeglars']",['ngrozae'],[],12,1,0,0.9230769230769231,0.07692307692307693,0.0,282.0,3.2,5.0,False,radon,49,4,136,155,502,300,6,1631,532,42,385,0,474,11,0,33,686,42,0,tests/functional/test_batching.py,26,427,0,3124,1,152,274,478,8743,6363,0,0,0,0,0,0,0,0,0,0,0,0,0,0,0,0,0,IntelAI OpenVINO model server,0,0,0,0,0
IntelAI OpenVINO model server,tests/functional/test_llm_json.py,IntelAI OpenVINO model server::tests/functional/test_llm_json.py,"['Mi osz eglarski', 'Trawinski Dariusz']","['Mi osz eglarski', 'Trawinski Dariusz']",[],[],2,0,0,1.0,0.0,0.0,361.0,9.4,11.0,False,radon,0,0,77,196,186,618,36,1461,348,24,112,0,190,0,0,24,294,12,0,tests/functional/test_llm_json.py,6,271,0,970,12,60,102,159,4118,1952,0,0,0,0,0,0,0,0,0,0,0,0,0,0,0,0,0,IntelAI OpenVINO model server,0,0,0,0,0
IntelAI OpenVINO model server,tests/functional/test_mapping.py,IntelAI OpenVINO model server::tests/functional/test_mapping.py,"['Cybulska Natalia', 'Damian Kalinowski', 'Gumowski Mariusz', 'Kalinowski Damian', 'Nosek Joanna', 'Rafal Jasinski', 'Szyfelbein Dariusz', 'Trawinski Dariusz', 'ngrozae']","['Cybulska Natalia', 'Damian Kalinowski', 'Gumowski Mariusz', 'Kalinowski Damian', 'Nosek Joanna', 'Rafal Jasinski', 'Szyfelbein Dariusz', 'Trawinski Dariusz']",['ngrozae'],[],8,1,0,0.8888888888888888,0.1111111111111111,0.0,137.0,4.2,5.0,False,radon,25,3,100,125,359,240,6,1209,379,28,282,0,288,9,0,21,483,32,0,tests/functional/test_mapping.py,19,283,0,2154,1,102,190,333,6045,4210,0,0,0,0,0,0,0,0,0,0,0,0,0,0,0,0,0,IntelAI OpenVINO model server,0,0,0,0,0
IntelAI OpenVINO model server,tests/functional/test_model_version_policy.py,IntelAI OpenVINO model server::tests/functional/test_model_version_policy.py,"['Adrian Tobiszewski', 'Cybulska Natalia', 'Damian Kalinowski', 'Joanna Nosek', 'Kalinowski Damian', 'Nosek Joanna', 'Rafal Jasinski', 'Szyfelbein Dariusz', 'Trawinski Dariusz', 'jszczepa', 'ngrozae']","['Adrian Tobiszewski', 'Cybulska Natalia', 'Damian Kalinowski', 'Joanna Nosek', 'Kalinowski Damian', 'Nosek Joanna', 'Rafal Jasinski', 'Szyfelbein Dariusz', 'Trawinski Dariusz', 'jszczepa']",['ngrozae'],[],10,1,0,0.9090909090909091,0.09090909090909091,0.0,249.0,11.2,14.0,False,radon,54,5,114,136,433,287,12,1458,476,40,336,0,350,9,0,28,601,36,0,tests/functional/test_model_version_policy.py,26,367,0,2638,3,122,234,404,7444,5343,0,0,0,0,0,0,0,0,0,0,0,0,0,0,0,0,0,IntelAI OpenVINO model server,0,0,0,0,0
IntelAI OpenVINO model server,tests/functional/test_model_versions_handling.py,IntelAI OpenVINO model server::tests/functional/test_model_versions_handling.py,"['Cybulska Natalia', 'Damian Kalinowski', 'Dariusz Szyfelbein', 'Joanna Nosek', 'Kalinowski Damian', 'Nosek Joanna', 'Rafal Jasinski', 'Rozestwinski Rafal', 'Szyfelbein Dariusz', 'Trawinski Dariusz', 'jszczepa', 'ngrozae']","['Cybulska Natalia', 'Damian Kalinowski', 'Dariusz Szyfelbein', 'Joanna Nosek', 'Kalinowski Damian', 'Nosek Joanna', 'Rafal Jasinski', 'Rozestwinski Rafal', 'Szyfelbein Dariusz', 'Trawinski Dariusz', 'jszczepa']",['ngrozae'],[],11,1,0,0.9166666666666666,0.08333333333333333,0.0,163.0,5.285714285714286,7.0,False,radon,26,4,127,155,485,289,6,1571,509,43,395,0,390,12,0,30,676,43,0,tests/functional/test_model_versions_handling.py,27,398,0,3018,1,142,266,457,8403,5910,0,0,0,0,0,0,0,0,0,0,0,0,0,0,0,0,0,IntelAI OpenVINO model server,0,0,0,0,0
IntelAI OpenVINO model server,tests/functional/test_multi_models.py,IntelAI OpenVINO model server::tests/functional/test_multi_models.py,"['Cybulska Natalia', 'Damian Kalinowski', 'Gumowski Mariusz', 'Joanna Nosek', 'Kalinowski Damian', 'Nosek Joanna', 'Rafal Jasinski', 'Szyfelbein Dariusz', 'Trawinski Dariusz', 'ngrozae', 'rafal rozestwinski']","['Cybulska Natalia', 'Damian Kalinowski', 'Gumowski Mariusz', 'Joanna Nosek', 'Kalinowski Damian', 'Nosek Joanna', 'Rafal Jasinski', 'Szyfelbein Dariusz', 'Trawinski Dariusz', 'rafal rozestwinski']",['ngrozae'],[],10,1,0,0.9090909090909091,0.09090909090909091,0.0,140.0,4.714285714285714,6.0,False,radon,26,4,118,151,516,280,6,1571,500,41,428,0,399,12,0,27,754,41,0,tests/functional/test_multi_models.py,30,396,0,3242,1,132,291,497,8889,7069,0,0,0,0,0,0,0,0,0,0,0,0,0,0,0,0,0,IntelAI OpenVINO model server,0,0,0,0,0
IntelAI OpenVINO model server,tests/functional/test_reshaping.py,IntelAI OpenVINO model server::tests/functional/test_reshaping.py,"['Cybulska Natalia', 'Damian Kalinowski', 'Kalinowski Damian', 'Nosek Joanna', 'Rafal Jasinski', 'Szyfelbein Dariusz', 'Trawinski Dariusz', 'Zeglarski Milosz', 'atobiszei', 'jszczepa', 'mzeglars', 'ngrozae']","['Cybulska Natalia', 'Damian Kalinowski', 'Kalinowski Damian', 'Nosek Joanna', 'Rafal Jasinski', 'Szyfelbein Dariusz', 'Trawinski Dariusz', 'Zeglarski Milosz', 'atobiszei', 'jszczepa', 'mzeglars']",['ngrozae'],[],11,1,0,0.9166666666666666,0.08333333333333333,0.0,198.0,2.3636363636363638,4.0,False,radon,39,3,120,143,455,274,6,1488,490,45,379,0,401,13,0,32,646,42,0,tests/functional/test_reshaping.py,31,429,0,2811,3,142,261,436,8416,5193,0,0,0,0,0,0,0,0,0,0,0,0,0,0,0,0,0,IntelAI OpenVINO model server,0,0,0,0,0
IntelAI OpenVINO model server,tests/functional/test_single_model.py,IntelAI OpenVINO model server::tests/functional/test_single_model.py,"['Cybulska Natalia', 'Damian Kalinowski', 'Gumowski Mariusz', 'Joanna Nosek', 'Kalinowski Damian', 'Nosek Joanna', 'Rafal Jasinski', 'Szyfelbein Dariusz', 'Trawinski Dariusz', 'ngrozae', 'rafal rozestwinski']","['Cybulska Natalia', 'Damian Kalinowski', 'Gumowski Mariusz', 'Joanna Nosek', 'Kalinowski Damian', 'Nosek Joanna', 'Rafal Jasinski', 'Szyfelbein Dariusz', 'Trawinski Dariusz', 'rafal rozestwinski']",['ngrozae'],[],10,1,0,0.9090909090909091,0.09090909090909091,0.0,162.0,3.7142857142857144,5.0,False,radon,26,4,118,151,468,276,6,1485,466,35,374,0,399,12,0,27,680,41,0,tests/functional/test_single_model.py,24,372,0,2988,1,132,267,455,8283,6553,0,0,0,0,0,0,0,0,0,0,0,0,0,0,0,0,0,IntelAI OpenVINO model server,0,0,0,0,0
IntelAI OpenVINO model server,tests/functional/test_single_model_gc.py,IntelAI OpenVINO model server::tests/functional/test_single_model_gc.py,"['Cybulska Natalia', 'Damian Kalinowski', 'Joanna Nosek', 'Mi osz eglarski', 'Nosek Joanna', 'Rafal Jasinski', 'Rozestwinski Rafal', 'Szyfelbein Dariusz', 'Trawinski Dariusz', 'jszczepa', 'ngrozae']","['Cybulska Natalia', 'Damian Kalinowski', 'Joanna Nosek', 'Mi osz eglarski', 'Nosek Joanna', 'Rafal Jasinski', 'Rozestwinski Rafal', 'Szyfelbein Dariusz', 'Trawinski Dariusz', 'jszczepa']",['ngrozae'],[],10,1,0,0.9090909090909091,0.09090909090909091,0.0,104.0,4.0,5.0,False,radon,45,5,140,158,503,349,27,1794,617,46,347,0,503,11,0,43,653,48,0,tests/functional/test_single_model_gc.py,24,500,0,3118,8,172,283,440,9163,6172,0,0,0,0,0,0,0,0,0,0,0,0,0,0,0,0,0,IntelAI OpenVINO model server,0,0,0,0,0
IntelAI OpenVINO model server,tests/functional/test_single_model_onnx.py,IntelAI OpenVINO model server::tests/functional/test_single_model_onnx.py,"['Damian Kalinowski', 'Mariusz Gumowski', 'Rafal Jasinski', 'Trawinski Dariusz', 'jszczepa', 'ngrozae']","['Damian Kalinowski', 'Mariusz Gumowski', 'Rafal Jasinski', 'Trawinski Dariusz', 'jszczepa']",['ngrozae'],[],5,1,0,0.8333333333333334,0.16666666666666666,0.0,163.0,3.7142857142857144,5.0,False,radon,25,3,127,155,332,282,6,1317,415,22,206,0,362,12,0,30,349,43,0,tests/functional/test_single_model_onnx.py,16,314,0,1896,1,142,156,250,5842,2780,0,0,0,0,0,0,0,0,0,0,0,0,0,0,0,0,0,IntelAI OpenVINO model server,0,0,0,0,0
IntelAI OpenVINO model server,tests/functional/test_single_model_s3.py,IntelAI OpenVINO model server::tests/functional/test_single_model_s3.py,"['Cybulska Natalia', 'Damian Kalinowski', 'Gumowski Mariusz', 'Joanna Nosek', 'Nosek Joanna', 'Rafal Jasinski', 'Szyfelbein Dariusz', 'Trawinski Dariusz', 'jszczepa', 'ngrozae']","['Cybulska Natalia', 'Damian Kalinowski', 'Gumowski Mariusz', 'Joanna Nosek', 'Nosek Joanna', 'Rafal Jasinski', 'Szyfelbein Dariusz', 'Trawinski Dariusz', 'jszczepa']",['ngrozae'],[],9,1,0,0.9,0.1,0.0,96.0,4.0,5.0,False,radon,26,4,109,129,340,249,6,1213,380,26,241,0,335,9,0,24,465,34,0,tests/functional/test_single_model_s3.py,16,295,0,2150,1,112,189,291,5979,4513,0,0,0,0,0,0,0,0,0,0,0,0,0,0,0,0,0,IntelAI OpenVINO model server,0,0,0,0,0
IntelAI OpenVINO model server,tests/functional/test_update.py,IntelAI OpenVINO model server::tests/functional/test_update.py,"['Cybulska Natalia', 'Damian Kalinowski', 'Dariusz Szyfelbein', 'Joanna Nosek', 'Nosek Joanna', 'Rafal Jasinski', 'Szyfelbein Dariusz', 'Trawinski Dariusz', 'ngrozae']","['Cybulska Natalia', 'Damian Kalinowski', 'Dariusz Szyfelbein', 'Joanna Nosek', 'Nosek Joanna', 'Rafal Jasinski', 'Szyfelbein Dariusz', 'Trawinski Dariusz']",['ngrozae'],[],8,1,0,0.8888888888888888,0.1111111111111111,0.0,634.0,25.428571428571427,43.0,False,radon,18,3,76,92,259,197,6,912,282,24,197,0,200,5,0,13,381,20,0,tests/functional/test_update.py,13,196,0,1604,1,62,143,247,4268,3551,0,0,0,0,0,0,0,0,0,0,0,0,0,0,0,0,0,IntelAI OpenVINO model server,0,0,0,0,0
IntelAI OpenVINO model server,tests/functional/utils/cleanup.py,IntelAI OpenVINO model server::tests/functional/utils/cleanup.py,"['Romanowski Krzysztof', 'Szyfelbein Dariusz', 'Trawinski Dariusz', 'Wilkowski Michal']","['Romanowski Krzysztof', 'Szyfelbein Dariusz', 'Trawinski Dariusz', 'Wilkowski Michal']",[],[],4,0,0,1.0,0.0,0.0,94.0,2.111111111111111,3.0,False,radon,0,0,0,0,42,2,0,60,16,2,34,0,28,0,0,0,78,0,0,tests/functional/utils/cleanup.py,2,22,0,276,0,0,28,46,732,1036,0,0,0,0,0,0,0,0,0,0,0,0,0,0,0,0,0,IntelAI OpenVINO model server,0,0,0,0,0
IntelAI OpenVINO model server,tests/functional/utils/files_operation.py,IntelAI OpenVINO model server::tests/functional/utils/files_operation.py,"['Damian Kalinowski', 'Michalik Jan', 'Rafal Jasinski', 'Szyfelbein Dariusz']","['Damian Kalinowski', 'Michalik Jan', 'Rafal Jasinski', 'Szyfelbein Dariusz']",[],[],4,0,0,1.0,0.0,0.0,32.0,3.0,3.0,False,radon,18,2,35,53,122,67,0,409,132,8,94,0,121,6,0,10,150,19,0,tests/functional/utils/files_operation.py,8,114,0,746,0,49,62,93,2349,1083,0,0,0,0,0,0,0,0,0,0,0,0,0,0,0,0,0,IntelAI OpenVINO model server,0,1,0,1,B101
IntelAI OpenVINO model server,tests/functional/utils/grpc.py,IntelAI OpenVINO model server::tests/functional/utils/grpc.py,"['Damian Kalinowski', 'Nosek Joanna', 'Rafal Jasinski', 'Szyfelbein Dariusz', 'Trawinski Dariusz', 'ngrozae']","['Damian Kalinowski', 'Nosek Joanna', 'Rafal Jasinski', 'Szyfelbein Dariusz', 'Trawinski Dariusz']",['ngrozae'],[],5,1,0,0.8333333333333334,0.16666666666666666,0.0,115.0,3.3333333333333335,9.0,False,radon,27,3,66,90,177,178,6,734,217,10,108,0,135,6,0,10,211,19,0,tests/functional/utils/grpc.py,8,126,0,960,0,50,86,127,2784,2013,0,0,0,0,0,0,0,0,0,0,0,0,0,0,0,0,0,IntelAI OpenVINO model server,0,1,0,1,B101
IntelAI OpenVINO model server,tests/functional/utils/helpers.py,IntelAI OpenVINO model server::tests/functional/utils/helpers.py,"['Cybulska Natalia', 'Damian Kalinowski', 'Rafal Jasinski']","['Cybulska Natalia', 'Damian Kalinowski', 'Rafal Jasinski']",[],[],3,0,0,1.0,0.0,0.0,75.0,2.5,4.0,False,radon,10,1,30,42,99,55,0,332,106,5,64,0,125,5,0,10,133,15,0,tests/functional/utils/helpers.py,5,98,0,706,0,48,58,91,2095,1381,0,0,0,0,0,0,0,0,0,0,0,0,0,0,0,0,0,IntelAI OpenVINO model server,0,1,0,1,B101
IntelAI OpenVINO model server,tests/functional/utils/logger.py,IntelAI OpenVINO model server::tests/functional/utils/logger.py,"['Cybulska Natalia', 'Damian Kalinowski', 'Nosek Joanna', 'Rafal Jasinski', 'Sapala Rafal A']","['Cybulska Natalia', 'Damian Kalinowski', 'Nosek Joanna', 'Rafal Jasinski', 'Sapala Rafal A']",[],[],5,0,0,1.0,0.0,0.0,31.0,1.0,1.0,False,radon,7,1,17,28,101,36,0,278,96,9,94,0,60,3,0,4,138,10,0,tests/functional/utils/logger.py,9,78,0,564,0,22,53,84,1737,972,0,0,0,0,0,0,0,0,0,0,0,0,0,0,0,0,0,IntelAI OpenVINO model server,0,0,0,0,0
IntelAI OpenVINO model server,tests/functional/utils/model_management.py,IntelAI OpenVINO model server::tests/functional/utils/model_management.py,"['Adrian Tobiszewski', 'Cybulska Natalia', 'Damian Kalinowski', 'Joanna Nosek', 'Kalinowski Damian', 'Nosek Joanna', 'Rafal Jasinski', 'Romanowski Krzysztof', 'Szyfelbein Dariusz', 'Trawinski Dariusz', 'ncybulsk']","['Adrian Tobiszewski', 'Cybulska Natalia', 'Damian Kalinowski', 'Joanna Nosek', 'Kalinowski Damian', 'Nosek Joanna', 'Rafal Jasinski', 'Romanowski Krzysztof', 'Szyfelbein Dariusz', 'Trawinski Dariusz', 'ncybulsk']",[],[],11,0,0,1.0,0.0,0.0,119.0,2.6,4.0,False,radon,13,3,69,55,333,136,7,929,329,40,276,0,282,4,0,22,499,23,0,tests/functional/utils/model_management.py,23,324,0,2116,7,82,196,336,5748,4476,0,0,0,0,0,0,0,0,0,0,0,0,0,0,0,0,0,IntelAI OpenVINO model server,0,0,0,0,0
IntelAI OpenVINO model server,tests/functional/utils/models_utils.py,IntelAI OpenVINO model server::tests/functional/utils/models_utils.py,"['Damian Kalinowski', 'Kalinowski Damian', 'Szyfelbein Dariusz', 'Trawinski Dariusz']","['Damian Kalinowski', 'Kalinowski Damian', 'Szyfelbein Dariusz', 'Trawinski Dariusz']",[],[],4,0,0,1.0,0.0,0.0,97.0,1.0,1.0,False,radon,1,1,0,0,40,2,0,66,24,4,38,0,14,0,0,0,78,0,0,tests/functional/utils/models_utils.py,2,24,0,274,0,0,28,48,718,950,0,0,0,0,0,0,0,0,0,0,0,0,0,0,0,0,0,IntelAI OpenVINO model server,0,0,0,0,0
IntelAI OpenVINO model server,tests/functional/utils/other.py,IntelAI OpenVINO model server::tests/functional/utils/other.py,"['Damian Kalinowski', 'Rafal Jasinski']","['Damian Kalinowski', 'Rafal Jasinski']",[],[],2,0,0,1.0,0.0,0.0,74.0,6.0,11.0,False,radon,0,0,18,27,54,33,0,195,63,3,39,0,72,3,0,6,63,9,0,tests/functional/utils/other.py,3,57,0,372,0,30,30,48,1140,528,0,0,0,0,0,0,0,0,0,0,0,0,0,0,0,0,0,IntelAI OpenVINO model server,0,0,0,0,0
IntelAI OpenVINO model server,tests/functional/utils/parametrization.py,IntelAI OpenVINO model server::tests/functional/utils/parametrization.py,"['Cybulska Natalia', 'Damian Kalinowski', 'Rafal Jasinski', 'Romanowski Krzysztof', 'Trawinski Dariusz', 'ncybulsk']","['Cybulska Natalia', 'Damian Kalinowski', 'Rafal Jasinski', 'Romanowski Krzysztof', 'Trawinski Dariusz', 'ncybulsk']",[],[],6,0,0,1.0,0.0,0.0,78.0,1.6666666666666667,3.0,False,radon,10,1,18,26,113,36,0,285,92,7,82,0,93,3,0,6,163,9,0,tests/functional/utils/parametrization.py,7,87,0,718,0,28,65,109,2111,1845,0,0,0,0,0,0,0,0,0,0,0,0,0,0,0,0,0,IntelAI OpenVINO model server,0,1,0,1,B101
IntelAI OpenVINO model server,tests/functional/utils/port_manager.py,IntelAI OpenVINO model server::tests/functional/utils/port_manager.py,"['Damian Kalinowski', 'Rafal Jasinski']","['Damian Kalinowski', 'Rafal Jasinski']",[],[],2,0,0,1.0,0.0,0.0,89.0,4.6,6.0,False,radon,10,1,18,26,53,32,0,193,64,3,38,0,65,3,0,6,63,9,0,tests/functional/utils/port_manager.py,3,55,0,364,0,28,29,45,1117,519,0,0,0,0,0,0,0,0,0,0,0,0,0,0,0,0,0,IntelAI OpenVINO model server,0,1,0,1,B101
IntelAI OpenVINO model server,tests/functional/utils/process.py,IntelAI OpenVINO model server::tests/functional/utils/process.py,"['Adrian Tobiszewski', 'Rafal Jasinski']","['Adrian Tobiszewski', 'Rafal Jasinski']",[],[],2,0,0,1.0,0.0,0.0,278.0,2.0256410256410255,8.0,False,radon,5,1,16,6,52,38,7,197,78,8,30,0,61,0,0,7,63,4,0,tests/functional/utils/process.py,2,76,0,322,4,20,30,46,989,554,0,0,0,0,0,0,0,0,0,0,0,0,0,0,0,0,0,IntelAI OpenVINO model server,0,0,0,0,0
IntelAI OpenVINO model server,tests/functional/utils/rest.py,IntelAI OpenVINO model server::tests/functional/utils/rest.py,"['Adrian Tobiszewski', 'Damian Kalinowski', 'Joanna Nosek', 'Nosek Joanna', 'Rafal Jasinski', 'Szyfelbein Dariusz', 'Trawinski Dariusz']","['Adrian Tobiszewski', 'Damian Kalinowski', 'Joanna Nosek', 'Nosek Joanna', 'Rafal Jasinski', 'Szyfelbein Dariusz', 'Trawinski Dariusz']",[],[],7,0,0,1.0,0.0,0.0,148.0,3.1,10.0,False,radon,45,3,58,83,233,129,6,773,264,19,175,0,230,9,0,20,340,30,0,tests/functional/utils/rest.py,15,226,0,1582,2,90,139,212,4710,3042,0,0,0,0,0,0,0,0,0,0,0,0,0,0,0,0,0,IntelAI OpenVINO model server,0,1,0,1,B101
IntelAI OpenVINO model server,tests/python/tasks.py,IntelAI OpenVINO model server::tests/python/tasks.py,"['Bartosz Strzelecki', 'Rafal Sapala', 'Trawinski Dariusz']",['Trawinski Dariusz'],[],"['Bartosz Strzelecki', 'Rafal Sapala']",1,0,2,0.3333333333333333,0.0,0.6666666666666666,60.0,6.5,8.0,False,radon,7,2,53,84,128,282,24,809,238,12,52,0,89,0,0,12,125,6,0,tests/python/tasks.py,5,128,0,482,6,30,51,78,1967,975,0,0,0,0,0,0,0,0,0,0,0,0,0,0,0,0,0,IntelAI OpenVINO model server,0,0,0,0,0
IntelAI OpenVINO model server,tests/sdl/whitelists.py,IntelAI OpenVINO model server::tests/sdl/whitelists.py,"['Adrian Tobiszewski', 'Damian Kalinowski', 'Mi osz eglarski', 'Patrycja G adkowska', 'Piotr Or owski', 'Rafal Sapala', 'Trawinski Dariusz', 'ngrozae']","['Adrian Tobiszewski', 'Damian Kalinowski', 'Mi osz eglarski', 'Patrycja G adkowska', 'Piotr Or owski', 'Trawinski Dariusz']",['ngrozae'],['Rafal Sapala'],6,1,1,0.75,0.125,0.125,322.0,1.0,1.0,False,radon,51,3,553,1009,978,3064,186,7683,1893,101,473,0,848,6,0,102,1248,52,0,tests/sdl/whitelists.py,29,1090,0,4004,52,250,375,644,16888,8212,0,0,0,0,0,0,0,0,0,0,0,0,0,0,0,0,0,IntelAI OpenVINO model server,0,0,0,0,0
IntelAI OpenVINO model server,tools/update_ov/update_ov.py,IntelAI OpenVINO model server::tools/update_ov/update_ov.py,"['Mi osz eglarski', 'Rafal Sapala']",['Mi osz eglarski'],[],['Rafal Sapala'],1,0,1,0.5,0.0,0.5,323.0,26.5,29.0,False,radon,0,0,25,63,56,197,12,446,93,5,35,0,39,0,0,6,87,4,0,tools/update_ov/update_ov.py,2,91,0,231,4,10,33,47,1322,547,0,0,0,0,0,0,0,0,0,0,0,0,0,0,0,0,0,IntelAI OpenVINO model server,0,0,0,0,0
IntelAI OpenVINO model server,windows_change_test_configs.py,IntelAI OpenVINO model server::windows_change_test_configs.py,"['Damian Kalinowski', 'Mi osz eglarski', 'Rafal Sapala']","['Damian Kalinowski', 'Mi osz eglarski']",[],['Rafal Sapala'],2,0,1,0.6666666666666666,0.0,0.3333333333333333,95.0,4.666666666666667,12.0,False,radon,87,2,60,140,115,436,24,1016,241,16,72,0,136,0,0,16,192,8,0,windows_change_test_configs.py,4,157,0,612,8,40,48,100,2561,1231,0,0,0,0,0,0,0,0,0,0,0,0,0,0,0,0,0,IntelAI OpenVINO model server,0,0,0,0,0
IntelAI OpenVINO model server,windows_set_ovms_version.py,IntelAI OpenVINO model server::windows_set_ovms_version.py,"['Adrian Tobiszewski', 'Mi osz eglarski', 'Patrycja G adkowska', 'Rafal Sapala', 'dkalinowski']","['Adrian Tobiszewski', 'Mi osz eglarski', 'Patrycja G adkowska']",[],"['Rafal Sapala', 'dkalinowski']",3,0,2,0.6,0.0,0.4,104.0,2.142857142857143,7.0,False,radon,53,4,152,368,327,1146,66,2657,598,38,196,0,313,0,0,40,510,22,0,windows_set_ovms_version.py,11,463,0,1548,22,90,158,270,7175,3317,0,0,0,0,0,0,0,0,0,0,0,0,0,0,0,0,0,IntelAI OpenVINO model server,0,0,0,0,0
IntelAI inference model manager,examples/grpc_client/grpc_client.py,IntelAI inference model manager::examples/grpc_client/grpc_client.py,"['Beata Szelag', 'Joanna Nosek', 'Mi osz eglarski', 'Pawe Pieni ek', 'Sakari Poussa', 'Trawinski Dariusz', 'mareklevv', 'mareklew Intel']","['Beata Szelag', 'Joanna Nosek', 'Mi osz eglarski', 'Pawe Pieni ek', 'Sakari Poussa', 'Trawinski Dariusz', 'mareklevv', 'mareklew Intel']",[],[],8,0,0,1.0,0.0,0.0,221.0,3.7142857142857144,12.0,False,radon,3,1,941,9,103,327,0,1525,145,122,112,0,16,0,0,8,202,0,14,examples/grpc_client/grpc_client.py,0,45,0,588,0,0,0,132,1317,838,0,0,0,0,0,0,0,0,0,0,0,0,0,0,0,0,0,IntelAI inference model manager,0,0,0,0,0
IntelAI inference model manager,examples/grpc_client/grpc_client_utils.py,IntelAI inference model manager::examples/grpc_client/grpc_client_utils.py,"['Beata Szelag', 'Joanna Nosek', 'Mi osz eglarski', 'Pawe Pieni ek']","['Beata Szelag', 'Joanna Nosek', 'Mi osz eglarski', 'Pawe Pieni ek']",[],[],4,0,0,1.0,0.0,0.0,62.0,5.0,6.0,False,radon,0,0,268,1,35,90,0,431,37,36,31,0,5,0,0,3,58,0,4,examples/grpc_client/grpc_client_utils.py,0,12,0,171,0,0,0,37,383,244,0,0,0,0,0,0,0,0,0,0,0,0,0,0,0,0,0,IntelAI inference model manager,0,0,0,0,0
IntelAI inference model manager,examples/grpc_client/images_2_numpy.py,IntelAI inference model manager::examples/grpc_client/images_2_numpy.py,"['Joanna Nosek', 'Mi osz eglarski', 'Pawe Pieni ek', 'mareklevv']","['Joanna Nosek', 'Mi osz eglarski', 'Pawe Pieni ek', 'mareklevv']",[],[],4,0,0,1.0,0.0,0.0,105.0,2.0,3.0,False,radon,0,0,267,1,35,91,0,432,38,36,32,0,6,0,0,3,59,0,4,examples/grpc_client/images_2_numpy.py,0,14,0,175,0,0,0,37,382,248,0,0,0,0,0,0,0,0,0,0,0,0,0,0,0,0,0,IntelAI inference model manager,0,0,0,0,0
IntelAI inference model manager,examples/grpc_client/load_testing/image_locust.py,IntelAI inference model manager::examples/grpc_client/load_testing/image_locust.py,['mareklevv'],['mareklevv'],[],[],1,0,0,1.0,0.0,0.0,73.0,2.5,4.0,False,radon,0,0,68,2,5,28,0,117,14,9,9,0,2,0,0,0,15,0,1,examples/grpc_client/load_testing/image_locust.py,0,4,0,43,0,0,0,13,95,64,0,0,0,0,0,0,0,0,0,0,0,0,0,0,0,0,0,IntelAI inference model manager,0,0,0,0,0
IntelAI inference model manager,management/management_api/authenticate/auth_controller.py,IntelAI inference model manager::management/management_api/authenticate/auth_controller.py,"['Beata Szelag', 'Joanna Nosek', 'Krzysztof Balka', 'Pawe Pieni ek', 'Trawinski Dariusz', 'mareklevv', 'mareklew Intel']","['Beata Szelag', 'Joanna Nosek', 'Krzysztof Balka', 'Pawe Pieni ek', 'Trawinski Dariusz', 'mareklevv', 'mareklew Intel']",[],[],7,0,0,1.0,0.0,0.0,92.0,1.8333333333333333,4.0,False,radon,0,0,617,2,79,193,0,985,94,83,66,0,4,0,0,8,129,0,10,management/management_api/authenticate/auth_controller.py,0,18,0,388,0,0,0,67,859,516,0,0,0,0,0,0,0,0,0,0,0,0,0,0,0,0,0,IntelAI inference model manager,0,0,0,0,0
IntelAI inference model manager,management/management_api/authenticate/authenticate.py,IntelAI inference model manager::management/management_api/authenticate/authenticate.py,"['Beata Szelag', 'Joanna Nosek', 'Krzysztof Balka', 'Pawe Pieni ek', 'Trawinski Dariusz', 'mareklevv', 'mareklew Intel']","['Beata Szelag', 'Joanna Nosek', 'Krzysztof Balka', 'Pawe Pieni ek', 'Trawinski Dariusz', 'mareklevv', 'mareklew Intel']",[],[],7,0,0,1.0,0.0,0.0,153.0,3.25,8.0,False,radon,0,0,785,7,89,256,0,1268,131,108,90,0,7,0,0,8,161,0,13,management/management_api/authenticate/authenticate.py,0,28,0,486,0,0,2,93,1068,662,0,0,0,0,0,0,0,0,0,0,0,0,0,0,0,0,0,IntelAI inference model manager,0,0,0,0,0
IntelAI inference model manager,management/management_api/config.py,IntelAI inference model manager::management/management_api/config.py,"['Beata Szelag', 'Joanna Nosek', 'Krzysztof Balka', 'Mi osz eglarski', 'Pawe Pieni ek', 'Trawinski Dariusz', 'mareklevv', 'mareklew Intel']","['Beata Szelag', 'Joanna Nosek', 'Krzysztof Balka', 'Mi osz eglarski', 'Pawe Pieni ek', 'Trawinski Dariusz', 'mareklevv', 'mareklew Intel']",[],[],8,0,0,1.0,0.0,0.0,121.0,1.0,1.0,False,radon,8,2,1897,29,226,671,0,3169,346,269,225,0,15,0,0,20,429,0,33,management/management_api/config.py,0,71,0,1349,0,0,2,222,2992,1723,0,0,0,0,0,0,0,0,0,0,0,0,0,0,0,0,0,IntelAI inference model manager,0,0,0,0,0
IntelAI inference model manager,management/management_api/endpoints/endpoint_utils.py,IntelAI inference model manager::management/management_api/endpoints/endpoint_utils.py,"['Beata Szelag', 'Joanna Nosek', 'Krzysztof Balka', 'Mi osz eglarski', 'Pawe Pieni ek', 'Trawinski Dariusz', 'mareklevv', 'mareklew Intel']","['Beata Szelag', 'Joanna Nosek', 'Krzysztof Balka', 'Mi osz eglarski', 'Pawe Pieni ek', 'Trawinski Dariusz', 'mareklevv', 'mareklew Intel']",[],[],8,0,0,1.0,0.0,0.0,249.0,3.5,7.0,False,radon,10,4,1300,15,161,452,0,2176,248,188,162,0,16,0,0,13,299,0,23,management/management_api/endpoints/endpoint_utils.py,0,52,0,948,0,0,0,161,2072,1211,0,0,0,0,0,0,0,0,0,0,0,0,0,0,0,0,0,IntelAI inference model manager,0,0,0,0,0
IntelAI inference model manager,management/management_api/endpoints/endpoints.py,IntelAI inference model manager::management/management_api/endpoints/endpoints.py,"['Beata Szelag', 'Jakub R a ski', 'Joanna Nosek', 'Krzysztof Balka', 'Mi osz eglarski', 'Pawe Pieni ek', 'Trawinski Dariusz', 'mareklevv', 'mareklew Intel']","['Beata Szelag', 'Jakub R a ski', 'Joanna Nosek', 'Krzysztof Balka', 'Mi osz eglarski', 'Pawe Pieni ek', 'Trawinski Dariusz', 'mareklevv', 'mareklew Intel']",[],[],9,0,0,1.0,0.0,0.0,97.0,1.4444444444444444,2.0,False,radon,4,1,1041,18,114,368,0,1740,199,146,127,0,9,0,0,9,240,0,18,management/management_api/endpoints/endpoints.py,0,40,0,749,0,0,2,123,1645,949,0,0,0,0,0,0,0,0,0,0,0,0,0,0,0,0,0,IntelAI inference model manager,0,0,0,0,0
IntelAI inference model manager,management/management_api/main.py,IntelAI inference model manager::management/management_api/main.py,"['Beata Szelag', 'Joanna Nosek', 'Krzysztof Balka', 'Mi osz eglarski', 'Trawinski Dariusz', 'mareklew Intel']","['Beata Szelag', 'Joanna Nosek', 'Krzysztof Balka', 'Mi osz eglarski', 'Trawinski Dariusz', 'mareklew Intel']",[],[],6,0,0,1.0,0.0,0.0,45.0,1.0,1.0,False,radon,0,0,172,10,18,70,0,312,42,28,25,0,0,0,0,1,43,0,4,management/management_api/main.py,0,8,0,158,0,0,0,15,346,180,0,0,0,0,0,0,0,0,0,0,0,0,0,0,0,0,0,IntelAI inference model manager,0,0,0,0,0
IntelAI inference model manager,management/management_api/models/model_utils.py,IntelAI inference model manager::management/management_api/models/model_utils.py,"['Joanna Nosek', 'Krzysztof Balka', 'Mi osz eglarski', 'Pawe Pieni ek', 'Trawinski Dariusz', 'mareklew Intel']","['Joanna Nosek', 'Krzysztof Balka', 'Mi osz eglarski', 'Pawe Pieni ek', 'Trawinski Dariusz', 'mareklew Intel']",[],[],6,0,0,1.0,0.0,0.0,100.0,3.2,5.0,False,radon,9,1,725,2,90,230,0,1144,97,92,74,0,4,0,0,10,148,0,11,management/management_api/models/model_utils.py,0,23,0,429,0,0,1,78,955,573,0,0,0,0,0,0,0,0,0,0,0,0,0,0,0,0,0,IntelAI inference model manager,0,0,0,0,0
IntelAI inference model manager,management/management_api/models/models.py,IntelAI inference model manager::management/management_api/models/models.py,"['Beata Szelag', 'Joanna Nosek', 'Krzysztof Balka', 'Trawinski Dariusz']","['Beata Szelag', 'Joanna Nosek', 'Krzysztof Balka', 'Trawinski Dariusz']",[],[],4,0,0,1.0,0.0,0.0,40.0,1.3333333333333333,2.0,False,radon,9,1,664,6,70,216,0,1050,94,83,68,0,4,0,0,8,133,0,10,management/management_api/models/models.py,0,21,0,383,0,0,2,74,842,513,0,0,0,0,0,0,0,0,0,0,0,0,0,0,0,0,0,IntelAI inference model manager,0,0,0,0,0
IntelAI inference model manager,management/management_api/servings/servings.py,IntelAI inference model manager::management/management_api/servings/servings.py,"['Beata Szelag', 'Joanna Nosek', 'Krzysztof Balka', 'Pawe Pieni ek']","['Beata Szelag', 'Joanna Nosek', 'Krzysztof Balka', 'Pawe Pieni ek']",[],[],4,0,0,1.0,0.0,0.0,35.0,1.5,2.0,False,radon,0,0,335,4,40,126,0,560,55,45,41,0,7,0,0,3,74,0,5,management/management_api/servings/servings.py,0,19,0,218,0,0,0,51,486,312,0,0,0,0,0,0,0,0,0,0,0,0,0,0,0,0,0,IntelAI inference model manager,0,0,0,0,0
IntelAI inference model manager,management/management_api/servings/servings_utils.py,IntelAI inference model manager::management/management_api/servings/servings_utils.py,"['Beata Szelag', 'Joanna Nosek', 'Pawe Pieni ek']","['Beata Szelag', 'Joanna Nosek', 'Pawe Pieni ek']",[],[],3,0,0,1.0,0.0,0.0,61.0,4.0,4.0,False,radon,0,0,267,2,35,97,0,442,41,36,32,0,5,0,0,3,59,0,4,management/management_api/servings/servings_utils.py,0,14,0,175,0,0,0,38,389,247,0,0,0,0,0,0,0,0,0,0,0,0,0,0,0,0,0,IntelAI inference model manager,0,0,0,0,0
IntelAI inference model manager,management/management_api/tenants/tenants.py,IntelAI inference model manager::management/management_api/tenants/tenants.py,"['Beata Szelag', 'Joanna Nosek', 'Krzysztof Balka', 'Mi osz eglarski', 'Trawinski Dariusz', 'mareklevv', 'mareklew Intel']","['Beata Szelag', 'Joanna Nosek', 'Krzysztof Balka', 'Mi osz eglarski', 'Trawinski Dariusz', 'mareklevv', 'mareklew Intel']",[],[],7,0,0,1.0,0.0,0.0,52.0,1.5,2.0,False,radon,4,1,517,20,52,200,0,892,103,71,64,0,4,0,0,4,119,0,9,management/management_api/tenants/tenants.py,0,24,0,384,0,0,1,63,876,485,0,0,0,0,0,0,0,0,0,0,0,0,0,0,0,0,0,IntelAI inference model manager,0,0,0,0,0
IntelAI inference model manager,management/management_api/tenants/tenants_utils.py,IntelAI inference model manager::management/management_api/tenants/tenants_utils.py,"['Beata Szelag', 'Joanna Nosek', 'Krzysztof Balka', 'Mi osz eglarski', 'Pawe Pieni ek', 'Trawinski Dariusz', 'mareklevv', 'mareklew Intel']","['Beata Szelag', 'Joanna Nosek', 'Krzysztof Balka', 'Mi osz eglarski', 'Pawe Pieni ek', 'Trawinski Dariusz', 'mareklevv', 'mareklew Intel']",[],[],8,0,0,1.0,0.0,0.0,305.0,2.9375,6.0,False,radon,14,3,967,33,118,374,0,1671,179,131,120,0,9,0,0,11,230,0,16,management/management_api/tenants/tenants_utils.py,0,49,0,744,0,0,0,109,1715,947,0,0,0,0,0,0,0,0,0,0,0,0,0,0,0,0,0,IntelAI inference model manager,0,0,0,0,0
IntelAI inference model manager,management/management_api/upload/multipart.py,IntelAI inference model manager::management/management_api/upload/multipart.py,"['Beata Szelag', 'Joanna Nosek', 'Krzysztof Balka', 'Mi osz eglarski', 'Pawe Pieni ek', 'Trawinski Dariusz', 'mareklew Intel']","['Beata Szelag', 'Joanna Nosek', 'Krzysztof Balka', 'Mi osz eglarski', 'Pawe Pieni ek', 'Trawinski Dariusz', 'mareklew Intel']",[],[],7,0,0,1.0,0.0,0.0,123.0,2.4545454545454546,3.0,False,radon,0,0,948,10,104,317,0,1543,164,130,109,0,10,0,0,9,200,0,16,management/management_api/upload/multipart.py,0,36,0,600,0,0,3,116,1297,802,0,0,0,0,0,0,0,0,0,0,0,0,0,0,0,0,0,IntelAI inference model manager,0,0,0,0,0
IntelAI inference model manager,management/management_api/upload/multipart_utils.py,IntelAI inference model manager::management/management_api/upload/multipart_utils.py,"['Joanna Nosek', 'Mi osz eglarski', 'Pawe Pieni ek', 'Trawinski Dariusz', 'mareklew Intel']","['Joanna Nosek', 'Mi osz eglarski', 'Pawe Pieni ek', 'Trawinski Dariusz', 'mareklew Intel']",[],[],5,0,0,1.0,0.0,0.0,77.0,1.8571428571428572,2.0,False,radon,0,0,456,4,54,152,0,747,81,64,51,0,4,0,0,5,99,0,8,management/management_api/upload/multipart_utils.py,0,16,0,298,0,0,1,54,640,388,0,0,0,0,0,0,0,0,0,0,0,0,0,0,0,0,0,IntelAI inference model manager,0,0,0,0,0
IntelAI inference model manager,management/management_api/utils/cert.py,IntelAI inference model manager::management/management_api/utils/cert.py,"['Mi osz eglarski', 'Trawinski Dariusz', 'mareklew Intel']","['Mi osz eglarski', 'Trawinski Dariusz', 'mareklew Intel']",[],[],3,0,0,1.0,0.0,0.0,40.0,3.0,3.0,False,radon,0,0,109,7,15,47,0,208,30,20,20,0,0,0,0,1,31,0,3,management/management_api/utils/cert.py,0,7,0,120,0,0,0,10,271,138,0,0,0,0,0,0,0,0,0,0,0,0,0,0,0,0,0,IntelAI inference model manager,0,0,0,0,0
IntelAI inference model manager,management/management_api/utils/errors_handling.py,IntelAI inference model manager::management/management_api/utils/errors_handling.py,"['Beata Szelag', 'Joanna Nosek', 'Krzysztof Balka', 'Mi osz eglarski', 'Pawe Pieni ek', 'Trawinski Dariusz', 'mareklew Intel']","['Beata Szelag', 'Joanna Nosek', 'Krzysztof Balka', 'Mi osz eglarski', 'Pawe Pieni ek', 'Trawinski Dariusz', 'mareklew Intel']",[],[],7,0,0,1.0,0.0,0.0,240.0,1.54,5.0,False,radon,1,1,772,8,100,250,0,1287,157,124,93,0,3,0,0,8,173,0,16,management/management_api/utils/errors_handling.py,0,22,0,549,0,0,0,81,1181,675,0,0,0,0,0,0,0,0,0,0,0,0,0,0,0,0,0,IntelAI inference model manager,0,0,0,0,0
IntelAI inference model manager,management/management_api/utils/kubernetes_resources.py,IntelAI inference model manager::management/management_api/utils/kubernetes_resources.py,"['Jakub R a ski', 'Joanna Nosek', 'Krzysztof Balka', 'Mi osz eglarski', 'Trawinski Dariusz', 'mareklew Intel']","['Jakub R a ski', 'Joanna Nosek', 'Krzysztof Balka', 'Mi osz eglarski', 'Trawinski Dariusz', 'mareklew Intel']",[],[],6,0,0,1.0,0.0,0.0,209.0,2.388888888888889,7.0,False,radon,0,0,597,14,67,224,0,1048,146,91,82,0,2,0,0,5,158,0,12,management/management_api/utils/kubernetes_resources.py,0,22,0,527,0,0,0,62,1128,603,0,0,0,0,0,0,0,0,0,0,0,0,0,0,0,0,0,IntelAI inference model manager,0,0,0,0,0
IntelAI inference model manager,management/management_api/utils/logger.py,IntelAI inference model manager::management/management_api/utils/logger.py,"['Beata Szelag', 'Pawe Pieni ek', 'Trawinski Dariusz']","['Beata Szelag', 'Pawe Pieni ek', 'Trawinski Dariusz']",[],[],3,0,0,1.0,0.0,0.0,27.0,1.0,1.0,False,radon,0,0,136,4,15,53,0,231,23,17,16,0,2,0,0,1,30,0,2,management/management_api/utils/logger.py,0,7,0,85,0,0,0,19,197,121,0,0,0,0,0,0,0,0,0,0,0,0,0,0,0,0,0,IntelAI inference model manager,0,0,0,0,0
IntelAI inference model manager,management/management_api/utils/routes.py,IntelAI inference model manager::management/management_api/utils/routes.py,"['Beata Szelag', 'Jakub R a ski', 'Joanna Nosek', 'Krzysztof Balka', 'Mi osz eglarski', 'Pawe Pieni ek', 'Trawinski Dariusz', 'mareklew Intel']","['Beata Szelag', 'Jakub R a ski', 'Joanna Nosek', 'Krzysztof Balka', 'Mi osz eglarski', 'Pawe Pieni ek', 'Trawinski Dariusz', 'mareklew Intel']",[],[],8,0,0,1.0,0.0,0.0,46.0,2.0,2.0,False,radon,0,0,812,12,89,274,0,1347,160,117,98,0,5,0,0,8,184,0,15,management/management_api/utils/routes.py,0,27,0,581,0,0,1,92,1211,701,0,0,0,0,0,0,0,0,0,0,0,0,0,0,0,0,0,IntelAI inference model manager,0,0,0,0,0
IntelAI inference model manager,management/test/conftest.py,IntelAI inference model manager::management/test/conftest.py,"['Joanna Nosek', 'Krzysztof Balka', 'Trawinski Dariusz', 'mareklew Intel']","['Joanna Nosek', 'Krzysztof Balka', 'Trawinski Dariusz', 'mareklew Intel']",[],[],4,0,0,1.0,0.0,0.0,81.0,1.0,1.0,False,radon,0,0,276,5,29,90,0,463,63,39,34,0,0,0,0,2,66,0,5,management/test/conftest.py,0,7,0,217,0,0,0,25,455,246,0,0,0,0,0,0,0,0,0,0,0,0,0,0,0,0,0,IntelAI inference model manager,0,0,0,0,0
IntelAI inference model manager,management/test/test_auth/test_auth_controller.py,IntelAI inference model manager::management/test/test_auth/test_auth_controller.py,"['Krzysztof Balka', 'Pawe Pieni ek', 'Trawinski Dariusz', 'mareklevv', 'mareklew Intel']","['Krzysztof Balka', 'Pawe Pieni ek', 'Trawinski Dariusz', 'mareklevv', 'mareklew Intel']",[],[],5,0,0,1.0,0.0,0.0,65.0,5.5,7.0,False,radon,0,0,424,1,55,134,0,682,68,57,47,0,3,0,0,6,89,0,7,management/test/test_auth/test_auth_controller.py,0,13,0,271,0,0,0,45,596,361,0,0,0,0,0,0,0,0,0,0,0,0,0,0,0,0,0,IntelAI inference model manager,0,0,0,0,0
IntelAI inference model manager,management/test/test_auth/test_authenticate.py,IntelAI inference model manager::management/test/test_auth/test_authenticate.py,"['Pawe Pieni ek', 'Trawinski Dariusz', 'mareklevv', 'mareklew Intel']","['Pawe Pieni ek', 'Trawinski Dariusz', 'mareklevv', 'mareklew Intel']",[],[],4,0,0,1.0,0.0,0.0,42.0,3.5,4.0,False,radon,0,0,291,1,39,93,0,473,49,41,33,0,3,0,0,4,61,0,5,management/test/test_auth/test_authenticate.py,0,10,0,189,0,0,0,33,416,253,0,0,0,0,0,0,0,0,0,0,0,0,0,0,0,0,0,IntelAI inference model manager,0,0,0,0,0
IntelAI inference model manager,management/test/test_auth/test_endpoints_auth.py,IntelAI inference model manager::management/test/test_auth/test_endpoints_auth.py,"['Beata Szelag', 'Joanna Nosek', 'Krzysztof Balka', 'Mi osz eglarski', 'Pawe Pieni ek', 'Trawinski Dariusz', 'mareklevv', 'mareklew Intel']","['Beata Szelag', 'Joanna Nosek', 'Krzysztof Balka', 'Mi osz eglarski', 'Pawe Pieni ek', 'Trawinski Dariusz', 'mareklevv', 'mareklew Intel']",[],[],8,0,0,1.0,0.0,0.0,114.0,2.0,2.0,False,radon,0,0,596,2,75,189,0,940,78,78,63,0,6,0,0,7,124,0,9,management/test/test_auth/test_endpoints_auth.py,0,20,0,363,0,0,1,69,812,497,0,0,0,0,0,0,0,0,0,0,0,0,0,0,0,0,0,IntelAI inference model manager,0,0,0,0,0
IntelAI inference model manager,management/test/test_endpoints/test_endpoint_utils.py,IntelAI inference model manager::management/test/test_endpoints/test_endpoint_utils.py,"['Joanna Nosek', 'Krzysztof Balka', 'Mi osz eglarski', 'Pawe Pieni ek', 'Trawinski Dariusz', 'mareklew Intel']","['Joanna Nosek', 'Krzysztof Balka', 'Mi osz eglarski', 'Pawe Pieni ek', 'Trawinski Dariusz', 'mareklew Intel']",[],[],6,0,0,1.0,0.0,0.0,241.0,1.8888888888888888,3.0,False,radon,4,1,773,13,92,264,0,1327,185,123,100,0,5,0,0,6,182,0,16,management/test/test_endpoints/test_endpoint_utils.py,0,23,0,590,0,0,0,89,1273,711,0,0,0,0,0,0,0,0,0,0,0,0,0,0,0,0,0,IntelAI inference model manager,0,0,0,0,0
IntelAI inference model manager,management/test/test_endpoints/test_endpoints.py,IntelAI inference model manager::management/test/test_endpoints/test_endpoints.py,"['Beata Szelag', 'Jakub R a ski', 'Joanna Nosek', 'Krzysztof Balka', 'Mi osz eglarski', 'Pawe Pieni ek', 'Trawinski Dariusz', 'mareklevv', 'mareklew Intel']","['Beata Szelag', 'Jakub R a ski', 'Joanna Nosek', 'Krzysztof Balka', 'Mi osz eglarski', 'Pawe Pieni ek', 'Trawinski Dariusz', 'mareklevv', 'mareklew Intel']",[],[],9,0,0,1.0,0.0,0.0,129.0,4.0,6.0,False,radon,0,0,900,11,105,303,0,1489,170,131,108,0,9,0,0,8,203,0,16,management/test/test_endpoints/test_endpoints.py,0,32,0,637,0,0,1,111,1373,808,0,0,0,0,0,0,0,0,0,0,0,0,0,0,0,0,0,IntelAI inference model manager,0,0,0,0,0
IntelAI inference model manager,management/test/test_models/test_models.py,IntelAI inference model manager::management/test/test_models/test_models.py,"['Beata Szelag', 'Joanna Nosek', 'Trawinski Dariusz']","['Beata Szelag', 'Joanna Nosek', 'Trawinski Dariusz']",[],[],3,0,0,1.0,0.0,0.0,43.0,2.0,2.0,False,radon,0,0,260,0,28,76,0,397,33,32,24,0,0,0,0,4,50,0,4,management/test/test_models/test_models.py,0,5,0,145,0,0,1,24,310,183,0,0,0,0,0,0,0,0,0,0,0,0,0,0,0,0,0,IntelAI inference model manager,0,0,0,0,0
IntelAI inference model manager,management/test/test_upload/test_multipart.py,IntelAI inference model manager::management/test/test_upload/test_multipart.py,"['Beata Szelag', 'Krzysztof Balka', 'Mi osz eglarski', 'Trawinski Dariusz', 'mareklew Intel']","['Beata Szelag', 'Krzysztof Balka', 'Mi osz eglarski', 'Trawinski Dariusz', 'mareklew Intel']",[],[],5,0,0,1.0,0.0,0.0,96.0,3.0,3.0,False,radon,0,0,411,4,43,123,0,660,79,60,45,0,0,0,0,4,85,0,8,management/test/test_upload/test_multipart.py,0,8,0,265,0,0,2,41,550,322,0,0,0,0,0,0,0,0,0,0,0,0,0,0,0,0,0,IntelAI inference model manager,0,0,0,0,0
IntelAI inference model manager,management/test/test_upload/test_multipart_utils.py,IntelAI inference model manager::management/test/test_upload/test_multipart_utils.py,"['Mi osz eglarski', 'Trawinski Dariusz', 'mareklew Intel']","['Mi osz eglarski', 'Trawinski Dariusz', 'mareklew Intel']",[],[],3,0,0,1.0,0.0,0.0,98.0,2.25,3.0,False,radon,0,0,255,2,29,79,0,414,49,37,27,0,0,0,0,3,55,0,5,management/test/test_upload/test_multipart_utils.py,0,5,0,169,0,0,1,25,350,203,0,0,0,0,0,0,0,0,0,0,0,0,0,0,0,0,0,IntelAI inference model manager,0,0,0,0,0
IntelAI inference model manager,management/test/test_utils/auth_middleware_mock.py,IntelAI inference model manager::management/test/test_utils/auth_middleware_mock.py,"['Krzysztof Balka', 'Trawinski Dariusz']","['Krzysztof Balka', 'Trawinski Dariusz']",[],[],2,0,0,1.0,0.0,0.0,24.0,1.5,2.0,False,radon,0,0,194,3,19,66,0,313,31,25,21,0,2,0,0,1,41,0,3,management/test/test_utils/auth_middleware_mock.py,0,8,0,118,0,0,0,25,260,159,0,0,0,0,0,0,0,0,0,0,0,0,0,0,0,0,0,IntelAI inference model manager,0,0,0,0,0
IntelAI inference model manager,scripts/common_token.py,IntelAI inference model manager::scripts/common_token.py,"['Krzysztof Balka', 'Pawe Pieni ek', 'Trawinski Dariusz', 'mareklevv', 'mareklew Intel']","['Krzysztof Balka', 'Pawe Pieni ek', 'Trawinski Dariusz', 'mareklevv', 'mareklew Intel']",[],[],5,0,0,1.0,0.0,0.0,78.0,2.75,4.0,False,radon,0,0,400,0,57,129,0,640,54,52,43,0,4,0,0,6,84,0,6,scripts/common_token.py,0,13,0,249,0,0,0,46,573,343,0,0,0,0,0,0,0,0,0,0,0,0,0,0,0,0,0,IntelAI inference model manager,0,0,0,0,0
IntelAI inference model manager,scripts/model_upload.py,IntelAI inference model manager::scripts/model_upload.py,"['Beata Szelag', 'Joanna Nosek', 'Krzysztof Balka', 'Mi osz eglarski', 'Pawe Pieni ek', 'Trawinski Dariusz', 'mareklew Intel']","['Beata Szelag', 'Joanna Nosek', 'Krzysztof Balka', 'Mi osz eglarski', 'Pawe Pieni ek', 'Trawinski Dariusz', 'mareklew Intel']",[],[],7,0,0,1.0,0.0,0.0,175.0,4.833333333333333,10.0,False,radon,0,0,671,6,79,236,0,1099,107,87,78,0,11,0,0,7,142,0,10,scripts/model_upload.py,0,31,0,416,0,0,0,91,957,590,0,0,0,0,0,0,0,0,0,0,0,0,0,0,0,0,0,IntelAI inference model manager,0,0,0,0,0
IntelAI inference model manager,scripts/model_upload_cli.py,IntelAI inference model manager::scripts/model_upload_cli.py,"['Beata Szelag', 'Joanna Nosek', 'Krzysztof Balka', 'Mi osz eglarski', 'Pawe Pieni ek', 'Trawinski Dariusz', 'mareklew Intel']","['Beata Szelag', 'Joanna Nosek', 'Krzysztof Balka', 'Mi osz eglarski', 'Pawe Pieni ek', 'Trawinski Dariusz', 'mareklew Intel']",[],[],7,0,0,1.0,0.0,0.0,90.0,2.25,4.0,False,radon,2,1,872,2,107,282,0,1389,126,111,96,0,9,0,0,12,183,0,13,scripts/model_upload_cli.py,0,31,0,541,0,0,0,98,1214,742,0,0,0,0,0,0,0,0,0,0,0,0,0,0,0,0,0,IntelAI inference model manager,0,0,0,0,0
IntelAI inference model manager,scripts/refresh_token.py,IntelAI inference model manager::scripts/refresh_token.py,"['Mi osz eglarski', 'Pawe Pieni ek', 'Trawinski Dariusz', 'mareklevv', 'mareklew Intel']","['Mi osz eglarski', 'Pawe Pieni ek', 'Trawinski Dariusz', 'mareklevv', 'mareklew Intel']",[],[],5,0,0,1.0,0.0,0.0,63.0,1.25,2.0,False,radon,2,1,601,0,80,191,0,958,86,77,65,0,6,0,0,9,125,0,9,scripts/refresh_token.py,0,19,0,372,0,0,0,66,851,517,0,0,0,0,0,0,0,0,0,0,0,0,0,0,0,0,0,IntelAI inference model manager,0,0,0,0,0
IntelAI inference model manager,scripts/webbrowser_authenticate.py,IntelAI inference model manager::scripts/webbrowser_authenticate.py,"['Joanna Nosek', 'Krzysztof Balka', 'Mi osz eglarski', 'Pawe Pieni ek', 'Trawinski Dariusz', 'mareklevv', 'mareklew Intel']","['Joanna Nosek', 'Krzysztof Balka', 'Mi osz eglarski', 'Pawe Pieni ek', 'Trawinski Dariusz', 'mareklevv', 'mareklew Intel']",[],[],7,0,0,1.0,0.0,0.0,167.0,2.0,3.0,False,radon,11,2,737,0,96,232,0,1169,104,94,79,0,6,0,0,11,153,0,11,scripts/webbrowser_authenticate.py,0,22,0,453,0,0,0,79,1032,622,0,0,0,0,0,0,0,0,0,0,0,0,0,0,0,0,0,IntelAI inference model manager,0,0,0,0,0
IntelAI inference model manager,tests/conftest.py,IntelAI inference model manager::tests/conftest.py,"['Beata Szelag', 'Joanna Nosek', 'Krzysztof Balka', 'Mi osz eglarski', 'Pawe Pieni ek', 'Trawinski Dariusz', 'mareklevv', 'mareklew Intel']","['Beata Szelag', 'Joanna Nosek', 'Krzysztof Balka', 'Mi osz eglarski', 'Pawe Pieni ek', 'Trawinski Dariusz', 'mareklevv', 'mareklew Intel']",[],[],8,0,0,1.0,0.0,0.0,396.0,1.125,3.0,True,lizard,35,6,2257,27,256,759,0,3684,385,306,260,0,18,0,0,24,493,0,37,tests/conftest.py,0,80,0,1527,0,0,1,256,3409,1979,0,0,0,0,0,0,0,0,0,0,0,0,0,0,0,0,0,IntelAI inference model manager,0,0,0,0,0
IntelAI inference model manager,tests/context.py,IntelAI inference model manager::tests/context.py,"['Pawe Pieni ek', 'mareklew Intel']","['Pawe Pieni ek', 'mareklew Intel']",[],[],2,0,0,1.0,0.0,0.0,148.0,3.5555555555555554,5.0,False,radon,0,0,133,0,20,45,0,217,19,18,15,0,3,0,0,2,29,0,2,tests/context.py,0,6,0,87,0,0,0,18,194,122,0,0,0,0,0,0,0,0,0,0,0,0,0,0,0,0,0,IntelAI inference model manager,0,0,0,0,0
IntelAI inference model manager,tests/e2e_tests/inference_endpoints/test_inference_endpoints.py,IntelAI inference model manager::tests/e2e_tests/inference_endpoints/test_inference_endpoints.py,"['Beata Szelag', 'Joanna Nosek', 'Krzysztof Balka', 'Mi osz eglarski', 'Pawe Pieni ek', 'Trawinski Dariusz', 'mareklevv', 'mareklew Intel']","['Beata Szelag', 'Joanna Nosek', 'Krzysztof Balka', 'Mi osz eglarski', 'Pawe Pieni ek', 'Trawinski Dariusz', 'mareklevv', 'mareklew Intel']",[],[],8,0,0,1.0,0.0,0.0,389.0,3.263157894736842,7.0,False,radon,9,1,1832,12,210,616,0,2959,289,239,209,0,25,0,0,20,386,0,28,tests/e2e_tests/inference_endpoints/test_inference_endpoints.py,0,74,0,1139,0,0,1,230,2552,1595,0,0,0,0,0,0,0,0,0,0,0,0,0,0,0,0,0,IntelAI inference model manager,0,0,0,0,0
IntelAI inference model manager,tests/e2e_tests/management_api_requests.py,IntelAI inference model manager::tests/e2e_tests/management_api_requests.py,"['Beata Szelag', 'Joanna Nosek', 'Krzysztof Balka', 'Mi osz eglarski', 'Pawe Pieni ek', 'Trawinski Dariusz', 'mareklew Intel']","['Beata Szelag', 'Joanna Nosek', 'Krzysztof Balka', 'Mi osz eglarski', 'Pawe Pieni ek', 'Trawinski Dariusz', 'mareklew Intel']",[],[],7,0,0,1.0,0.0,0.0,66.0,1.0,1.0,False,radon,0,0,888,2,116,283,0,1416,127,119,95,0,6,0,0,12,186,0,14,tests/e2e_tests/management_api_requests.py,0,26,0,552,0,0,1,99,1240,748,0,0,0,0,0,0,0,0,0,0,0,0,0,0,0,0,0,IntelAI inference model manager,0,0,0,0,0
IntelAI inference model manager,tests/integration/test_ovms.py,IntelAI inference model manager::tests/integration/test_ovms.py,"['Joanna Nosek', 'Mi osz eglarski', 'Pawe Pieni ek', 'mareklew Intel']","['Joanna Nosek', 'Mi osz eglarski', 'Pawe Pieni ek', 'mareklew Intel']",[],[],4,0,0,1.0,0.0,0.0,72.0,4.0,6.0,False,radon,0,0,268,2,35,96,0,443,42,36,31,0,6,0,0,3,58,0,4,tests/integration/test_ovms.py,0,13,0,172,0,0,0,40,393,249,0,0,0,0,0,0,0,0,0,0,0,0,0,0,0,0,0,IntelAI inference model manager,0,0,0,0,0
IntelAI inference model manager,tests/management_api_tests/authenticate.py,IntelAI inference model manager::tests/management_api_tests/authenticate.py,"['Beata Szelag', 'Joanna Nosek', 'Krzysztof Balka', 'Pawe Pieni ek', 'Trawinski Dariusz', 'mareklew Intel']","['Beata Szelag', 'Joanna Nosek', 'Krzysztof Balka', 'Pawe Pieni ek', 'Trawinski Dariusz', 'mareklew Intel']",[],[],6,0,0,1.0,0.0,0.0,129.0,2.5,5.0,False,radon,16,2,662,5,72,219,0,1057,99,85,72,0,7,0,0,7,139,0,10,tests/management_api_tests/authenticate.py,0,26,0,410,0,0,0,80,890,557,0,0,0,0,0,0,0,0,0,0,0,0,0,0,0,0,0,IntelAI inference model manager,0,0,0,0,0
IntelAI inference model manager,tests/management_api_tests/authenticate/test_authenticate.py,IntelAI inference model manager::tests/management_api_tests/authenticate/test_authenticate.py,"['Joanna Nosek', 'Pawe Pieni ek', 'Trawinski Dariusz', 'mareklew Intel']","['Joanna Nosek', 'Pawe Pieni ek', 'Trawinski Dariusz', 'mareklew Intel']",[],[],4,0,0,1.0,0.0,0.0,49.0,3.0,4.0,False,radon,9,1,428,1,55,134,0,686,68,58,47,0,3,0,0,6,89,0,7,tests/management_api_tests/authenticate/test_authenticate.py,0,13,0,270,0,0,0,45,593,360,0,0,0,0,0,0,0,0,0,0,0,0,0,0,0,0,0,IntelAI inference model manager,0,0,0,0,0
IntelAI inference model manager,tests/management_api_tests/config.py,IntelAI inference model manager::tests/management_api_tests/config.py,"['Beata Szelag', 'Jakub R a ski', 'Joanna Nosek', 'Krzysztof Balka', 'Mi osz eglarski', 'Pawe Pieni ek', 'Trawinski Dariusz', 'mareklevv', 'mareklew Intel']","['Beata Szelag', 'Jakub R a ski', 'Joanna Nosek', 'Krzysztof Balka', 'Mi osz eglarski', 'Pawe Pieni ek', 'Trawinski Dariusz', 'mareklevv', 'mareklew Intel']",[],[],9,0,0,1.0,0.0,0.0,195.0,1.0,1.0,False,radon,18,2,1856,18,222,609,0,3052,347,259,221,0,5,0,0,23,415,0,33,tests/management_api_tests/config.py,0,54,0,1324,0,0,2,187,2894,1622,0,0,0,0,0,0,0,0,0,0,0,0,0,0,0,0,0,IntelAI inference model manager,0,0,0,0,0
IntelAI inference model manager,tests/management_api_tests/endpoints/endpoint_utils.py,IntelAI inference model manager::tests/management_api_tests/endpoints/endpoint_utils.py,"['Joanna Nosek', 'Mi osz eglarski', 'Pawe Pieni ek', 'Trawinski Dariusz', 'mareklevv', 'mareklew Intel']","['Joanna Nosek', 'Mi osz eglarski', 'Pawe Pieni ek', 'Trawinski Dariusz', 'mareklevv', 'mareklew Intel']",[],[],6,0,0,1.0,0.0,0.0,145.0,5.5,9.0,False,radon,18,2,816,7,103,274,0,1347,147,115,101,0,10,0,0,9,181,0,14,tests/management_api_tests/endpoints/endpoint_utils.py,0,33,0,574,0,0,0,99,1269,743,0,0,0,0,0,0,0,0,0,0,0,0,0,0,0,0,0,IntelAI inference model manager,0,0,0,0,0
IntelAI inference model manager,tests/management_api_tests/endpoints/test_endpoints.py,IntelAI inference model manager::tests/management_api_tests/endpoints/test_endpoints.py,"['Beata Szelag', 'Joanna Nosek', 'Krzysztof Balka', 'Mi osz eglarski', 'Pawe Pieni ek', 'Trawinski Dariusz', 'mareklevv', 'mareklew Intel']","['Beata Szelag', 'Joanna Nosek', 'Krzysztof Balka', 'Mi osz eglarski', 'Pawe Pieni ek', 'Trawinski Dariusz', 'mareklevv', 'mareklew Intel']",[],[],8,0,0,1.0,0.0,0.0,371.0,3.933333333333333,7.0,False,radon,29,5,2523,21,304,831,0,4125,446,355,302,0,21,0,0,28,552,0,44,tests/management_api_tests/endpoints/test_endpoints.py,0,85,0,1734,0,0,3,287,3785,2230,0,0,0,0,0,0,0,0,0,0,0,0,0,0,0,0,0,IntelAI inference model manager,0,0,0,0,0
IntelAI inference model manager,tests/management_api_tests/models/test_models.py,IntelAI inference model manager::tests/management_api_tests/models/test_models.py,"['Beata Szelag', 'Joanna Nosek', 'Krzysztof Balka', 'Mi osz eglarski', 'Pawe Pieni ek', 'Trawinski Dariusz', 'mareklew Intel']","['Beata Szelag', 'Joanna Nosek', 'Krzysztof Balka', 'Mi osz eglarski', 'Pawe Pieni ek', 'Trawinski Dariusz', 'mareklew Intel']",[],[],7,0,0,1.0,0.0,0.0,56.0,3.5,4.0,False,radon,9,1,859,2,110,274,0,1360,115,110,88,0,6,0,0,12,176,0,13,tests/management_api_tests/models/test_models.py,0,27,0,512,0,0,1,96,1149,691,0,0,0,0,0,0,0,0,0,0,0,0,0,0,0,0,0,IntelAI inference model manager,0,0,0,0,0
IntelAI inference model manager,tests/management_api_tests/reused.py,IntelAI inference model manager::tests/management_api_tests/reused.py,"['Mi osz eglarski', 'Pawe Pieni ek', 'Trawinski Dariusz']","['Mi osz eglarski', 'Pawe Pieni ek', 'Trawinski Dariusz']",[],[],3,0,0,1.0,0.0,0.0,52.0,1.75,3.0,False,radon,9,1,228,1,34,75,0,380,42,33,28,0,3,0,0,3,49,0,4,tests/management_api_tests/reused.py,0,9,0,154,0,0,0,28,347,213,0,0,0,0,0,0,0,0,0,0,0,0,0,0,0,0,0,IntelAI inference model manager,0,0,0,0,0
IntelAI inference model manager,tests/management_api_tests/servings/test_servings.py,IntelAI inference model manager::tests/management_api_tests/servings/test_servings.py,"['Beata Szelag', 'Joanna Nosek', 'Pawe Pieni ek', 'mareklew Intel']","['Beata Szelag', 'Joanna Nosek', 'Pawe Pieni ek', 'mareklew Intel']",[],[],4,0,0,1.0,0.0,0.0,55.0,3.3333333333333335,4.0,False,radon,0,0,334,2,45,119,0,550,50,45,39,0,6,0,0,4,73,0,5,tests/management_api_tests/servings/test_servings.py,0,16,0,216,0,0,0,47,485,304,0,0,0,0,0,0,0,0,0,0,0,0,0,0,0,0,0,IntelAI inference model manager,0,0,0,0,0
IntelAI inference model manager,tests/management_api_tests/tenants/tenant_utils.py,IntelAI inference model manager::tests/management_api_tests/tenants/tenant_utils.py,"['Beata Szelag', 'Joanna Nosek', 'Mi osz eglarski', 'Trawinski Dariusz', 'mareklew Intel']","['Beata Szelag', 'Joanna Nosek', 'Mi osz eglarski', 'Trawinski Dariusz', 'mareklew Intel']",[],[],5,0,0,1.0,0.0,0.0,144.0,4.571428571428571,6.0,False,radon,14,2,194,9,21,79,0,354,51,28,32,0,0,0,0,2,55,0,4,tests/management_api_tests/tenants/tenant_utils.py,0,10,0,207,0,0,0,19,452,229,0,0,0,0,0,0,0,0,0,0,0,0,0,0,0,0,0,IntelAI inference model manager,0,0,0,0,0
IntelAI inference model manager,tests/management_api_tests/tenants/test_tenants.py,IntelAI inference model manager::tests/management_api_tests/tenants/test_tenants.py,"['Beata Szelag', 'Joanna Nosek', 'Krzysztof Balka', 'Mi osz eglarski', 'Pawe Pieni ek', 'Trawinski Dariusz', 'mareklevv', 'mareklew Intel']","['Beata Szelag', 'Joanna Nosek', 'Krzysztof Balka', 'Mi osz eglarski', 'Pawe Pieni ek', 'Trawinski Dariusz', 'mareklevv', 'mareklew Intel']",[],[],8,0,0,1.0,0.0,0.0,195.0,5.375,7.0,False,radon,5,1,705,19,84,269,0,1214,137,101,91,0,5,0,0,7,176,0,13,tests/management_api_tests/tenants/test_tenants.py,0,31,0,577,0,0,1,78,1307,700,0,0,0,0,0,0,0,0,0,0,0,0,0,0,0,0,0,IntelAI inference model manager,0,0,0,0,0
IntelAI inference model manager,tests/management_api_tests/upload/test_multipart_upload.py,IntelAI inference model manager::tests/management_api_tests/upload/test_multipart_upload.py,"['Beata Szelag', 'Joanna Nosek', 'Krzysztof Balka', 'Mi osz eglarski', 'Pawe Pieni ek', 'Trawinski Dariusz', 'mareklew Intel']","['Beata Szelag', 'Joanna Nosek', 'Krzysztof Balka', 'Mi osz eglarski', 'Pawe Pieni ek', 'Trawinski Dariusz', 'mareklew Intel']",[],[],7,0,0,1.0,0.0,0.0,43.0,2.0,2.0,False,radon,0,0,814,2,100,248,0,1277,113,105,84,0,3,0,0,11,165,0,13,tests/management_api_tests/upload/test_multipart_upload.py,0,22,0,494,0,0,3,81,1077,648,0,0,0,0,0,0,0,0,0,0,0,0,0,0,0,0,0,IntelAI inference model manager,0,0,0,0,0
JdeRobot DetectionSuite,app.py,JdeRobot DetectionSuite::app.py,"['David Pascual Hern ndez', 'Sakhineti Praveena', 'SakhinetiPraveena', 'd pascualhe']",[],['Sakhineti Praveena'],"['David Pascual Hern ndez', 'SakhinetiPraveena', 'd pascualhe']",0,1,3,0.0,0.25,0.75,385.0,9.0,9.0,False,radon,0,0,72,30,0,118,0,494,274,0,13,0,13,104,0,0,117,0,0,app.py,26,329,0,188,13,0,172,163,3074,1631,0,0,0,117,39,0,0,0,0,57,0,0,0,0,0,0,13,JdeRobot DetectionSuite,0,0,0,0,0
JdeRobot DetectionSuite,detectionmetrics/cli/__init__.py,JdeRobot DetectionSuite::detectionmetrics/cli/__init__.py,"['David Pascual Hern ndez', 'SakhinetiPraveena', 'd pascualhe']",[],[],"['David Pascual Hern ndez', 'SakhinetiPraveena', 'd pascualhe']",0,0,3,0.0,0.0,1.0,147.0,17.0,32.0,False,radon,0,0,24,8,0,28,0,154,94,0,6,0,4,42,0,0,36,2,0,detectionmetrics/cli/__init__.py,10,100,0,68,6,0,52,62,1014,488,0,0,0,36,14,0,0,0,0,12,0,0,0,0,0,0,4,JdeRobot DetectionSuite,0,0,0,0,0
JdeRobot DetectionSuite,detectionmetrics/cli/batch.py,JdeRobot DetectionSuite::detectionmetrics/cli/batch.py,"['David Pascual Hern ndez', 'd pascualhe']",[],[],"['David Pascual Hern ndez', 'd pascualhe']",0,0,2,0.0,0.0,1.0,154.0,26.0,26.0,False,radon,2,1,32,10,0,24,0,192,126,0,10,0,2,64,0,0,28,6,0,detectionmetrics/cli/batch.py,14,111,0,74,10,0,58,86,1268,419,0,0,0,38,19,0,0,0,0,0,0,0,0,0,0,0,2,JdeRobot DetectionSuite,0,0,0,0,0
JdeRobot DetectionSuite,detectionmetrics/cli/computational_cost.py,JdeRobot DetectionSuite::detectionmetrics/cli/computational_cost.py,"['David Pascual Hern ndez', 'd pascualhe']",[],[],"['David Pascual Hern ndez', 'd pascualhe']",0,0,2,0.0,0.0,1.0,80.0,3.0,3.0,False,radon,0,0,8,2,0,8,0,46,28,0,2,0,2,16,0,0,14,0,0,detectionmetrics/cli/computational_cost.py,4,30,0,26,2,0,16,22,336,218,0,0,0,10,6,0,0,0,0,0,0,0,0,0,0,0,2,JdeRobot DetectionSuite,0,0,0,0,0
JdeRobot DetectionSuite,detectionmetrics/cli/evaluate.py,JdeRobot DetectionSuite::detectionmetrics/cli/evaluate.py,"['David Pascual Hern ndez', 'SakhinetiPraveena', 'd pascualhe']",[],[],"['David Pascual Hern ndez', 'SakhinetiPraveena', 'd pascualhe']",0,0,3,0.0,0.0,1.0,200.0,2.5,3.0,False,radon,2,1,68,20,0,75,0,417,254,0,18,0,4,122,0,0,56,10,0,detectionmetrics/cli/evaluate.py,30,232,0,142,18,0,124,171,2598,887,0,0,0,82,40,0,0,0,0,12,0,0,0,0,0,0,6,JdeRobot DetectionSuite,0,0,0,0,0
JdeRobot DetectionSuite,detectionmetrics/datasets/coco.py,JdeRobot DetectionSuite::detectionmetrics/datasets/coco.py,"['David Pascual Hern ndez', 'Sakhineti Praveena', 'SakhinetiPraveena', 'd pascualhe', 'dpascualhe']",[],"['Sakhineti Praveena', 'dpascualhe']","['David Pascual Hern ndez', 'SakhinetiPraveena', 'd pascualhe']",0,2,3,0.0,0.4,0.6,122.0,3.25,6.0,False,radon,6,2,66,42,0,105,0,487,274,0,14,0,14,112,0,0,126,0,0,detectionmetrics/datasets/coco.py,28,324,0,192,14,0,158,164,3085,1721,0,0,0,118,42,0,0,0,0,30,0,0,0,0,0,0,14,JdeRobot DetectionSuite,0,0,0,0,0
JdeRobot DetectionSuite,detectionmetrics/datasets/detection.py,JdeRobot DetectionSuite::detectionmetrics/datasets/detection.py,"['David Pascual Hern ndez', 'SakhinetiPraveena']",[],[],"['David Pascual Hern ndez', 'SakhinetiPraveena']",0,0,2,0.0,0.0,1.0,111.0,2.8,5.0,False,radon,0,0,16,15,0,20,0,119,68,0,4,0,4,32,0,0,36,0,0,detectionmetrics/datasets/detection.py,8,76,0,52,4,0,34,44,780,460,0,0,0,27,12,0,0,0,0,0,0,0,0,0,0,0,4,JdeRobot DetectionSuite,0,0,0,0,0
JdeRobot DetectionSuite,detectionmetrics/datasets/gaia.py,JdeRobot DetectionSuite::detectionmetrics/datasets/gaia.py,"['David Pascual Hern ndez', 'JoseMaria Ca as', 'SakhinetiPraveena', 'Sergio Paniego Blanco', 'd pascualhe']","['JoseMaria Ca as', 'Sergio Paniego Blanco']",[],"['David Pascual Hern ndez', 'SakhinetiPraveena', 'd pascualhe']",2,0,3,0.4,0.0,0.6,59.0,1.8,3.0,False,radon,5,2,25,24,12,43,0,257,153,0,10,0,6,40,0,0,33,8,0,detectionmetrics/datasets/gaia.py,5,79,0,54,10,0,28,27,864,542,0,0,0,43,9,0,0,0,0,0,4,0,0,0,0,0,6,JdeRobot DetectionSuite,0,0,0,0,0
JdeRobot DetectionSuite,detectionmetrics/datasets/generic.py,JdeRobot DetectionSuite::detectionmetrics/datasets/generic.py,"['David Pascual Hern ndez', 'SakhinetiPraveena', 'd pascualhe', 'dpascualhe']",[],['dpascualhe'],"['David Pascual Hern ndez', 'SakhinetiPraveena', 'd pascualhe']",0,1,3,0.0,0.25,0.75,210.0,5.666666666666667,19.0,False,radon,0,0,17,10,0,7,0,111,77,0,6,0,2,36,0,0,25,4,0,detectionmetrics/datasets/generic.py,7,70,0,50,6,0,31,46,731,278,0,0,0,29,11,0,0,0,0,0,0,0,0,0,0,0,2,JdeRobot DetectionSuite,0,0,0,0,0
JdeRobot DetectionSuite,detectionmetrics/datasets/goose.py,JdeRobot DetectionSuite::detectionmetrics/datasets/goose.py,"['David Pascual Hern ndez', 'JoseMaria Ca as', 'SakhinetiPraveena', 'Sergio Paniego Blanco', 'd pascualhe', 'dpascualhe']","['JoseMaria Ca as', 'Sergio Paniego Blanco']",['dpascualhe'],"['David Pascual Hern ndez', 'SakhinetiPraveena', 'd pascualhe']",2,1,3,0.3333333333333333,0.16666666666666666,0.5,173.0,4.8,10.0,False,radon,2,1,43,29,12,43,0,372,245,0,18,0,6,87,0,0,49,16,0,detectionmetrics/datasets/goose.py,14,148,0,98,18,0,61,72,1663,666,0,0,0,76,22,0,0,0,0,0,4,0,0,0,0,0,6,JdeRobot DetectionSuite,0,0,0,0,0
JdeRobot DetectionSuite,detectionmetrics/datasets/perception.py,JdeRobot DetectionSuite::detectionmetrics/datasets/perception.py,"['David Pascual Hern ndez', 'SakhinetiPraveena']",[],[],"['David Pascual Hern ndez', 'SakhinetiPraveena']",0,0,2,0.0,0.0,1.0,92.0,3.0,9.0,False,radon,0,0,12,12,0,15,0,92,53,0,3,0,3,24,0,0,27,0,0,detectionmetrics/datasets/perception.py,6,59,0,39,3,0,26,33,595,351,0,0,0,22,9,0,0,0,0,0,0,0,0,0,0,0,3,JdeRobot DetectionSuite,0,0,0,0,0
JdeRobot DetectionSuite,detectionmetrics/datasets/rellis3d.py,JdeRobot DetectionSuite::detectionmetrics/datasets/rellis3d.py,"['David Pascual Hern ndez', 'JoseMaria Ca as', 'SakhinetiPraveena', 'Sergio Paniego Blanco', 'd pascualhe', 'dpascualhe']","['JoseMaria Ca as', 'Sergio Paniego Blanco']",['dpascualhe'],"['David Pascual Hern ndez', 'SakhinetiPraveena', 'd pascualhe']",2,1,3,0.3333333333333333,0.16666666666666666,0.5,142.0,4.2,15.0,False,radon,5,2,39,34,12,48,0,371,238,0,17,0,7,79,0,0,54,14,0,detectionmetrics/datasets/rellis3d.py,12,148,0,101,17,0,57,73,1616,741,0,0,0,74,23,0,0,0,0,0,4,0,0,0,0,0,8,JdeRobot DetectionSuite,0,0,0,0,0
JdeRobot DetectionSuite,detectionmetrics/datasets/rugd.py,JdeRobot DetectionSuite::detectionmetrics/datasets/rugd.py,"['David Pascual Hern ndez', 'SakhinetiPraveena', 'd pascualhe']",[],[],"['David Pascual Hern ndez', 'SakhinetiPraveena', 'd pascualhe']",0,0,3,0.0,0.0,1.0,127.0,3.6666666666666665,8.0,False,radon,0,0,17,7,0,9,0,92,59,0,4,0,2,30,0,0,21,2,0,detectionmetrics/datasets/rugd.py,5,57,0,38,4,0,28,37,611,297,0,0,0,21,9,0,0,0,0,0,0,0,0,0,0,0,2,JdeRobot DetectionSuite,0,0,0,0,0
JdeRobot DetectionSuite,detectionmetrics/datasets/segmentation.py,JdeRobot DetectionSuite::detectionmetrics/datasets/segmentation.py,"['David Pascual Hern ndez', 'SakhinetiPraveena']",[],[],"['David Pascual Hern ndez', 'SakhinetiPraveena']",0,0,2,0.0,0.0,1.0,387.0,5.571428571428571,29.0,False,radon,0,0,16,15,0,20,0,119,68,0,4,0,4,32,0,0,36,0,0,detectionmetrics/datasets/segmentation.py,8,76,0,52,4,0,34,44,780,460,0,0,0,27,12,0,0,0,0,0,0,0,0,0,0,0,4,JdeRobot DetectionSuite,0,0,0,0,0
JdeRobot DetectionSuite,detectionmetrics/datasets/wildscenes.py,JdeRobot DetectionSuite::detectionmetrics/datasets/wildscenes.py,"['David Pascual Hern ndez', 'SakhinetiPraveena', 'd pascualhe']",[],[],"['David Pascual Hern ndez', 'SakhinetiPraveena', 'd pascualhe']",0,0,3,0.0,0.0,1.0,154.0,4.666666666666667,11.0,False,radon,0,0,21,11,0,26,0,138,80,0,5,0,3,38,0,0,28,0,0,detectionmetrics/datasets/wildscenes.py,9,83,0,53,5,0,39,52,860,425,0,0,0,31,14,0,0,0,0,0,0,0,0,0,0,0,5,JdeRobot DetectionSuite,0,0,0,0,0
JdeRobot DetectionSuite,detectionmetrics/datasets/yolo.py,JdeRobot DetectionSuite::detectionmetrics/datasets/yolo.py,"['David Pascual Hern ndez', 'Sakhineti Praveena', 'd pascualhe', 'dpascualhe']",[],"['Sakhineti Praveena', 'dpascualhe']","['David Pascual Hern ndez', 'd pascualhe']",0,2,2,0.0,0.5,0.5,136.0,4.0,9.0,False,radon,0,0,24,10,0,40,0,159,85,0,4,0,4,32,0,0,36,0,0,detectionmetrics/datasets/yolo.py,8,108,0,60,4,0,58,52,993,508,0,0,0,40,12,0,0,0,0,24,0,0,0,0,0,0,4,JdeRobot DetectionSuite,0,0,0,0,0
JdeRobot DetectionSuite,detectionmetrics/models/detection.py,JdeRobot DetectionSuite::detectionmetrics/models/detection.py,"['David Pascual Hern ndez', 'SakhinetiPraveena']",[],[],"['David Pascual Hern ndez', 'SakhinetiPraveena']",0,0,2,0.0,0.0,1.0,203.0,1.25,2.0,False,radon,0,0,12,11,0,15,0,91,53,0,3,0,3,24,0,0,27,0,0,detectionmetrics/models/detection.py,6,59,0,39,3,0,26,33,593,351,0,0,0,21,9,0,0,0,0,0,0,0,0,0,0,0,3,JdeRobot DetectionSuite,0,0,0,0,0
JdeRobot DetectionSuite,detectionmetrics/models/onnx.py,JdeRobot DetectionSuite::detectionmetrics/models/onnx.py,"['David Pascual Hern ndez', 'JoseMaria Ca as', 'SakhinetiPraveena', 'Sergio Paniego Blanco', 'd pascualhe', 'dpascualhe']","['JoseMaria Ca as', 'Sergio Paniego Blanco']",['dpascualhe'],"['David Pascual Hern ndez', 'SakhinetiPraveena', 'd pascualhe']",2,1,3,0.3333333333333333,0.16666666666666666,0.5,7.0,1.5,2.0,False,radon,0,0,41,25,12,58,0,348,212,0,14,0,6,75,0,0,39,10,0,detectionmetrics/models/onnx.py,13,136,0,84,14,0,59,81,1479,694,0,0,0,57,20,0,0,0,0,0,4,0,0,0,0,0,6,JdeRobot DetectionSuite,0,0,0,0,0
JdeRobot DetectionSuite,detectionmetrics/models/perception.py,JdeRobot DetectionSuite::detectionmetrics/models/perception.py,"['David Pascual Hern ndez', 'SakhinetiPraveena']",[],[],"['David Pascual Hern ndez', 'SakhinetiPraveena']",0,0,2,0.0,0.0,1.0,96.0,2.3333333333333335,5.0,False,radon,0,0,8,7,0,10,0,59,34,0,2,0,2,16,0,0,18,0,0,detectionmetrics/models/perception.py,4,38,0,26,2,0,17,22,389,230,0,0,0,13,6,0,0,0,0,0,0,0,0,0,0,0,2,JdeRobot DetectionSuite,0,0,0,0,0
JdeRobot DetectionSuite,detectionmetrics/models/segmentation.py,JdeRobot DetectionSuite::detectionmetrics/models/segmentation.py,"['David Pascual Hern ndez', 'SakhinetiPraveena']",[],[],"['David Pascual Hern ndez', 'SakhinetiPraveena']",0,0,2,0.0,0.0,1.0,205.0,1.25,2.0,False,radon,0,0,12,11,0,15,0,91,53,0,3,0,3,24,0,0,27,0,0,detectionmetrics/models/segmentation.py,6,59,0,39,3,0,26,33,593,351,0,0,0,21,9,0,0,0,0,0,0,0,0,0,0,0,3,JdeRobot DetectionSuite,0,0,0,0,0
JdeRobot DetectionSuite,detectionmetrics/models/tensorflow.py,JdeRobot DetectionSuite::detectionmetrics/models/tensorflow.py,"['David Pascual Hern ndez', 'JoseMaria Ca as', 'SakhinetiPraveena', 'Sergio Paniego Blanco', 'd pascualhe', 'dpascualhe']","['JoseMaria Ca as', 'Sergio Paniego Blanco']",['dpascualhe'],"['David Pascual Hern ndez', 'SakhinetiPraveena', 'd pascualhe']",2,1,3,0.3333333333333333,0.16666666666666666,0.5,515.0,5.5,17.0,False,radon,1,1,111,53,13,131,0,808,500,0,35,0,13,210,0,0,125,24,0,detectionmetrics/models/tensorflow.py,44,397,0,256,35,0,191,252,4348,1802,0,0,0,160,63,0,0,0,0,18,4,0,0,0,0,0,14,JdeRobot DetectionSuite,0,0,0,0,0
JdeRobot DetectionSuite,detectionmetrics/models/torch_detection.py,JdeRobot DetectionSuite::detectionmetrics/models/torch_detection.py,"['David Pascual Hern ndez', 'Sakhineti Praveena', 'SakhinetiPraveena', 'd pascualhe']",[],['Sakhineti Praveena'],"['David Pascual Hern ndez', 'SakhinetiPraveena', 'd pascualhe']",0,1,3,0.0,0.25,0.75,537.0,6.416666666666667,23.0,False,radon,4,1,100,60,0,164,0,729,405,0,20,0,20,160,0,0,180,0,0,detectionmetrics/models/torch_detection.py,40,482,0,281,20,0,243,243,4548,2478,0,0,0,173,60,0,0,0,0,66,0,0,0,0,0,0,20,JdeRobot DetectionSuite,0,0,0,0,0
JdeRobot DetectionSuite,detectionmetrics/models/torch_model_utils/__init__.py,JdeRobot DetectionSuite::detectionmetrics/models/torch_model_utils/__init__.py,"['David Pascual Hern ndez', 'Sakhineti Praveena', 'SakhinetiPraveena', 'Sergio Paniego Blanco', 'd pascualhe', 'dpascualhe']",['Sergio Paniego Blanco'],"['Sakhineti Praveena', 'dpascualhe']","['David Pascual Hern ndez', 'SakhinetiPraveena', 'd pascualhe']",1,2,3,0.16666666666666666,0.3333333333333333,0.5,44.0,1.0,1.0,False,radon,0,0,28,13,1,35,0,189,112,0,9,0,0,54,0,0,16,4,0,detectionmetrics/models/torch_model_utils/__init__.py,13,95,0,53,9,0,51,53,1110,340,0,0,0,41,19,0,0,0,0,0,0,0,0,0,0,0,5,JdeRobot DetectionSuite,0,0,0,0,0
JdeRobot DetectionSuite,detectionmetrics/models/torch_model_utils/o3d_kpconv.py,JdeRobot DetectionSuite::detectionmetrics/models/torch_model_utils/o3d_kpconv.py,"['David Pascual Hern ndez', 'Sakhineti Praveena', 'SakhinetiPraveena', 'Sergio Paniego Blanco', 'd pascualhe', 'dpascualhe']",['Sergio Paniego Blanco'],"['Sakhineti Praveena', 'dpascualhe']","['David Pascual Hern ndez', 'SakhinetiPraveena', 'd pascualhe']",1,2,3,0.16666666666666666,0.3333333333333333,0.5,220.0,11.5,20.0,False,radon,0,0,26,8,0,35,0,172,103,0,8,0,0,50,0,0,13,3,0,detectionmetrics/models/torch_model_utils/o3d_kpconv.py,13,90,0,49,8,0,49,52,1034,331,0,0,0,37,18,0,0,0,0,0,0,0,0,0,0,0,5,JdeRobot DetectionSuite,0,0,0,0,0
JdeRobot DetectionSuite,detectionmetrics/models/torch_model_utils/o3d_randlanet.py,JdeRobot DetectionSuite::detectionmetrics/models/torch_model_utils/o3d_randlanet.py,"['David Pascual Hern ndez', 'Sakhineti Praveena', 'SakhinetiPraveena', 'Sergio Paniego Blanco', 'd pascualhe', 'dpascualhe']",['Sergio Paniego Blanco'],"['Sakhineti Praveena', 'dpascualhe']","['David Pascual Hern ndez', 'SakhinetiPraveena', 'd pascualhe']",1,2,3,0.16666666666666666,0.3333333333333333,0.5,113.0,3.0,4.0,False,radon,0,0,28,13,1,35,0,189,112,0,9,0,0,54,0,0,16,4,0,detectionmetrics/models/torch_model_utils/o3d_randlanet.py,13,95,0,53,9,0,51,53,1110,340,0,0,0,41,19,0,0,0,0,0,0,0,0,0,0,0,5,JdeRobot DetectionSuite,0,0,0,0,0
JdeRobot DetectionSuite,detectionmetrics/models/torch_segmentation.py,JdeRobot DetectionSuite::detectionmetrics/models/torch_segmentation.py,"['David Pascual Hern ndez', 'SakhinetiPraveena']",[],[],"['David Pascual Hern ndez', 'SakhinetiPraveena']",0,0,2,0.0,0.0,1.0,935.0,5.6,21.0,False,radon,0,0,30,19,0,46,0,210,115,0,6,0,6,48,0,0,54,0,0,detectionmetrics/models/torch_segmentation.py,12,133,0,84,6,0,67,72,1308,709,0,0,0,47,18,0,0,0,0,18,0,0,0,0,0,0,6,JdeRobot DetectionSuite,0,0,0,0,0
JdeRobot DetectionSuite,detectionmetrics/models/utils/torchvision.py,JdeRobot DetectionSuite::detectionmetrics/models/utils/torchvision.py,"['David Pascual Hern ndez', 'Sakhineti Praveena', 'd pascualhe']",[],['Sakhineti Praveena'],"['David Pascual Hern ndez', 'd pascualhe']",0,1,2,0.0,0.3333333333333333,0.6666666666666666,19.0,2.0,2.0,False,radon,0,0,18,7,0,30,0,118,63,0,3,0,3,24,0,0,27,0,0,detectionmetrics/models/utils/torchvision.py,6,81,0,45,3,0,45,39,748,395,0,0,0,30,9,0,0,0,0,18,0,0,0,0,0,0,3,JdeRobot DetectionSuite,0,0,0,0,0
JdeRobot DetectionSuite,detectionmetrics/models/utils/yolo.py,JdeRobot DetectionSuite::detectionmetrics/models/utils/yolo.py,"['David Pascual Hern ndez', 'Sakhineti Praveena', 'd pascualhe']",[],['Sakhineti Praveena'],"['David Pascual Hern ndez', 'd pascualhe']",0,1,2,0.0,0.3333333333333333,0.6666666666666666,50.0,1.0,1.0,False,radon,0,0,24,9,0,41,0,158,84,0,4,0,4,32,0,0,36,0,0,detectionmetrics/models/utils/yolo.py,8,108,0,60,4,0,60,52,999,526,0,0,0,40,12,0,0,0,0,24,0,0,0,0,0,0,4,JdeRobot DetectionSuite,0,0,0,0,0
JdeRobot DetectionSuite,detectionmetrics/utils/conversion.py,JdeRobot DetectionSuite::detectionmetrics/utils/conversion.py,"['David Pascual Hern ndez', 'JoseMaria Ca as', 'SakhinetiPraveena', 'Sergio Paniego Blanco', 'd pascualhe']","['JoseMaria Ca as', 'Sergio Paniego Blanco']",[],"['David Pascual Hern ndez', 'SakhinetiPraveena', 'd pascualhe']",2,0,3,0.4,0.0,0.6,102.0,4.75,10.0,False,radon,2,1,46,26,13,79,0,373,209,0,14,0,6,75,0,0,39,7,0,detectionmetrics/utils/conversion.py,16,150,0,88,14,0,70,79,1610,878,0,0,0,63,24,0,0,0,0,0,4,0,0,0,0,0,11,JdeRobot DetectionSuite,0,0,0,0,0
JdeRobot DetectionSuite,detectionmetrics/utils/detection_metrics.py,JdeRobot DetectionSuite::detectionmetrics/utils/detection_metrics.py,"['David Pascual Hern ndez', 'Sakhineti Praveena', 'SakhinetiPraveena', 'd pascualhe']",[],['Sakhineti Praveena'],"['David Pascual Hern ndez', 'SakhinetiPraveena', 'd pascualhe']",0,1,3,0.0,0.25,0.75,458.0,8.666666666666666,20.0,False,radon,5,2,66,38,0,107,0,476,265,0,13,0,13,104,0,0,117,0,0,detectionmetrics/utils/detection_metrics.py,26,317,0,184,13,0,160,159,2984,1623,0,0,0,115,39,0,0,0,0,45,0,0,0,0,0,0,13,JdeRobot DetectionSuite,0,0,0,0,0
JdeRobot DetectionSuite,detectionmetrics/utils/io.py,JdeRobot DetectionSuite::detectionmetrics/utils/io.py,"['David Pascual Hern ndez', 'JoseMaria Ca as', 'Sergio Paniego Blanco', 'd pascualhe']","['JoseMaria Ca as', 'Sergio Paniego Blanco']",[],"['David Pascual Hern ndez', 'd pascualhe']",2,0,2,0.5,0.0,0.5,86.0,1.6666666666666667,3.0,False,radon,0,0,18,16,12,36,0,195,113,0,7,0,4,25,0,0,14,7,0,detectionmetrics/utils/io.py,3,47,0,28,7,0,16,16,511,323,0,0,0,28,3,0,0,0,0,0,4,0,0,0,0,0,4,JdeRobot DetectionSuite,0,0,0,0,0
JdeRobot DetectionSuite,detectionmetrics/utils/lidar.py,JdeRobot DetectionSuite::detectionmetrics/utils/lidar.py,"['David Pascual Hern ndez', 'Sergio Paniego Blanco', 'd pascualhe']",['Sergio Paniego Blanco'],[],"['David Pascual Hern ndez', 'd pascualhe']",1,0,2,0.3333333333333333,0.0,0.6666666666666666,283.0,2.3333333333333335,5.0,False,radon,0,0,16,10,2,0,0,96,68,0,6,0,0,33,0,0,13,6,0,detectionmetrics/utils/lidar.py,5,43,0,28,6,0,19,19,568,119,0,0,0,24,8,0,0,0,0,0,0,0,0,0,0,0,0,JdeRobot DetectionSuite,0,0,0,0,0
JdeRobot DetectionSuite,detectionmetrics/utils/segmentation_metrics.py,JdeRobot DetectionSuite::detectionmetrics/utils/segmentation_metrics.py,"['David Pascual Hern ndez', 'SakhinetiPraveena']",[],[],"['David Pascual Hern ndez', 'SakhinetiPraveena']",0,0,2,0.0,0.0,1.0,294.0,2.823529411764706,7.0,False,radon,0,0,12,4,0,20,0,80,44,0,2,0,2,16,0,0,18,0,0,detectionmetrics/utils/segmentation_metrics.py,4,52,0,30,2,0,28,26,485,244,0,0,0,18,6,0,0,0,0,12,0,0,0,0,0,0,2,JdeRobot DetectionSuite,0,0,0,0,0
JdeRobot DetectionSuite,examples/convert_dataset_ontology.py,JdeRobot DetectionSuite::examples/convert_dataset_ontology.py,"['David Pascual Hern ndez', 'd pascualhe']",[],[],"['David Pascual Hern ndez', 'd pascualhe']",0,0,2,0.0,0.0,1.0,66.0,1.5,2.0,False,radon,0,0,16,4,0,10,0,84,54,0,4,0,2,30,0,0,20,2,0,examples/convert_dataset_ontology.py,6,54,0,38,4,0,28,38,606,288,0,0,0,18,10,0,0,0,0,0,0,0,0,0,0,0,2,JdeRobot DetectionSuite,0,0,0,0,0
JdeRobot DetectionSuite,examples/gaia_image.py,JdeRobot DetectionSuite::examples/gaia_image.py,"['David Pascual Hern ndez', 'd pascualhe']",[],[],"['David Pascual Hern ndez', 'd pascualhe']",0,0,2,0.0,0.0,1.0,53.0,2.0,2.0,False,radon,0,0,24,6,0,22,0,134,82,0,6,0,2,44,0,0,24,4,0,examples/gaia_image.py,10,76,0,50,6,0,40,58,882,366,0,0,0,26,14,0,0,0,0,0,0,0,0,0,0,0,2,JdeRobot DetectionSuite,0,0,0,0,0
JdeRobot DetectionSuite,examples/gaia_lidar.py,JdeRobot DetectionSuite::examples/gaia_lidar.py,"['David Pascual Hern ndez', 'd pascualhe']",[],[],"['David Pascual Hern ndez', 'd pascualhe']",0,0,2,0.0,0.0,1.0,28.0,1.0,1.0,False,radon,0,0,8,2,0,0,0,36,26,0,2,0,0,14,0,0,4,2,0,examples/gaia_lidar.py,2,20,0,12,2,0,8,16,238,70,0,0,0,8,4,0,0,0,0,0,0,0,0,0,0,0,0,JdeRobot DetectionSuite,0,0,0,0,0
JdeRobot DetectionSuite,examples/generic_image.py,JdeRobot DetectionSuite::examples/generic_image.py,"['David Pascual Hern ndez', 'd pascualhe']",[],[],"['David Pascual Hern ndez', 'd pascualhe']",0,0,2,0.0,0.0,1.0,82.0,1.5,2.0,False,radon,0,0,16,4,0,9,0,83,54,0,4,0,0,28,0,0,8,4,0,examples/generic_image.py,6,41,0,24,4,0,24,35,532,142,0,0,0,16,9,0,0,0,0,0,0,0,0,0,0,0,0,JdeRobot DetectionSuite,0,0,0,0,0
JdeRobot DetectionSuite,examples/goose_image.py,JdeRobot DetectionSuite::examples/goose_image.py,"['David Pascual Hern ndez', 'd pascualhe']",[],[],"['David Pascual Hern ndez', 'd pascualhe']",0,0,2,0.0,0.0,1.0,85.0,2.5,3.0,False,radon,0,0,24,6,0,17,0,129,82,0,6,0,2,44,0,0,24,4,0,examples/goose_image.py,10,75,0,50,6,0,40,57,874,360,0,0,0,26,15,0,0,0,0,0,0,0,0,0,0,0,2,JdeRobot DetectionSuite,0,0,0,0,0
JdeRobot DetectionSuite,examples/goose_lidar.py,JdeRobot DetectionSuite::examples/goose_lidar.py,"['David Pascual Hern ndez', 'd pascualhe']",[],[],"['David Pascual Hern ndez', 'd pascualhe']",0,0,2,0.0,0.0,1.0,53.0,1.0,1.0,False,radon,0,0,8,2,0,0,0,36,26,0,2,0,0,14,0,0,4,2,0,examples/goose_lidar.py,2,20,0,12,2,0,8,16,238,70,0,0,0,8,4,0,0,0,0,0,0,0,0,0,0,0,0,JdeRobot DetectionSuite,0,0,0,0,0
JdeRobot DetectionSuite,examples/merge_datasets.py,JdeRobot DetectionSuite::examples/merge_datasets.py,"['David Pascual Hern ndez', 'd pascualhe']",[],[],"['David Pascual Hern ndez', 'd pascualhe']",0,0,2,0.0,0.0,1.0,43.0,2.0,3.0,False,radon,0,0,8,2,0,0,0,36,26,0,2,0,0,14,0,0,4,2,0,examples/merge_datasets.py,2,20,0,12,2,0,8,16,238,70,0,0,0,8,4,0,0,0,0,0,0,0,0,0,0,0,0,JdeRobot DetectionSuite,0,0,0,0,0
JdeRobot DetectionSuite,examples/rellis3d_image.py,JdeRobot DetectionSuite::examples/rellis3d_image.py,"['David Pascual Hern ndez', 'd pascualhe']",[],[],"['David Pascual Hern ndez', 'd pascualhe']",0,0,2,0.0,0.0,1.0,87.0,2.5,3.0,False,radon,0,0,24,6,0,17,0,129,82,0,6,0,2,44,0,0,24,4,0,examples/rellis3d_image.py,10,75,0,50,6,0,40,57,874,360,0,0,0,26,15,0,0,0,0,0,0,0,0,0,0,0,2,JdeRobot DetectionSuite,0,0,0,0,0
JdeRobot DetectionSuite,examples/rellis3d_lidar.py,JdeRobot DetectionSuite::examples/rellis3d_lidar.py,"['David Pascual Hern ndez', 'd pascualhe']",[],[],"['David Pascual Hern ndez', 'd pascualhe']",0,0,2,0.0,0.0,1.0,55.0,1.0,1.0,False,radon,0,0,8,2,0,0,0,36,26,0,2,0,0,14,0,0,4,2,0,examples/rellis3d_lidar.py,2,20,0,12,2,0,8,16,238,70,0,0,0,8,4,0,0,0,0,0,0,0,0,0,0,0,0,JdeRobot DetectionSuite,0,0,0,0,0
JdeRobot DetectionSuite,examples/rugd_image.py,JdeRobot DetectionSuite::examples/rugd_image.py,"['David Pascual Hern ndez', 'd pascualhe']",[],[],"['David Pascual Hern ndez', 'd pascualhe']",0,0,2,0.0,0.0,1.0,61.0,1.5,2.0,False,radon,0,0,16,4,0,9,0,83,54,0,4,0,0,28,0,0,8,4,0,examples/rugd_image.py,6,41,0,24,4,0,24,35,532,142,0,0,0,16,9,0,0,0,0,0,0,0,0,0,0,0,0,JdeRobot DetectionSuite,0,0,0,0,0
JdeRobot DetectionSuite,examples/store_image_video.py,JdeRobot DetectionSuite::examples/store_image_video.py,"['David Pascual Hern ndez', 'd pascualhe']",[],[],"['David Pascual Hern ndez', 'd pascualhe']",0,0,2,0.0,0.0,1.0,137.0,4.5,8.0,False,radon,0,0,8,2,0,2,0,38,26,0,2,0,0,14,0,0,4,2,0,examples/store_image_video.py,2,20,0,12,2,0,12,16,264,70,0,0,0,8,4,0,0,0,0,0,0,0,0,0,0,0,0,JdeRobot DetectionSuite,0,0,0,0,0
JdeRobot DetectionSuite,examples/store_lidar_video.py,JdeRobot DetectionSuite::examples/store_lidar_video.py,"['David Pascual Hern ndez', 'SakhinetiPraveena', 'd pascualhe']",[],[],"['David Pascual Hern ndez', 'SakhinetiPraveena', 'd pascualhe']",0,0,3,0.0,0.0,1.0,148.0,5.0,8.0,False,radon,0,0,24,12,1,12,0,135,86,0,6,0,2,44,0,0,26,4,0,examples/store_lidar_video.py,8,78,0,50,6,0,37,54,893,370,0,0,0,30,14,0,0,0,0,0,0,0,0,0,0,0,2,JdeRobot DetectionSuite,0,0,0,0,0
JdeRobot DetectionSuite,examples/tensorflow_computational_cost.py,JdeRobot DetectionSuite::examples/tensorflow_computational_cost.py,"['David Pascual Hern ndez', 'd pascualhe']",[],[],"['David Pascual Hern ndez', 'd pascualhe']",0,0,2,0.0,0.0,1.0,50.0,2.5,4.0,False,radon,0,0,8,2,0,0,0,36,26,0,2,0,0,14,0,0,4,2,0,examples/tensorflow_computational_cost.py,2,20,0,12,2,0,8,16,238,70,0,0,0,8,4,0,0,0,0,0,0,0,0,0,0,0,0,JdeRobot DetectionSuite,0,0,0,0,0
JdeRobot DetectionSuite,examples/tensorflow_image.py,JdeRobot DetectionSuite::examples/tensorflow_image.py,"['David Pascual Hern ndez', 'd pascualhe']",[],[],"['David Pascual Hern ndez', 'd pascualhe']",0,0,2,0.0,0.0,1.0,94.0,1.5,2.0,False,radon,0,0,24,6,0,26,0,138,82,0,6,0,0,42,0,0,10,4,0,examples/tensorflow_image.py,10,66,0,36,6,0,38,56,832,222,0,0,0,20,12,0,0,0,0,0,0,0,0,0,0,0,0,JdeRobot DetectionSuite,0,0,0,0,0
JdeRobot DetectionSuite,examples/torch_computational_cost.py,JdeRobot DetectionSuite::examples/torch_computational_cost.py,"['David Pascual Hern ndez', 'SakhinetiPraveena', 'd pascualhe']",[],[],"['David Pascual Hern ndez', 'SakhinetiPraveena', 'd pascualhe']",0,0,3,0.0,0.0,1.0,50.0,2.5,4.0,False,radon,0,0,16,10,0,10,0,96,60,0,4,0,2,30,0,0,22,2,0,examples/torch_computational_cost.py,6,58,0,38,4,0,25,38,629,300,0,0,0,22,10,0,0,0,0,0,0,0,0,0,0,0,2,JdeRobot DetectionSuite,0,0,0,0,0
JdeRobot DetectionSuite,examples/torch_image.py,JdeRobot DetectionSuite::examples/torch_image.py,"['David Pascual Hern ndez', 'SakhinetiPraveena', 'd pascualhe']",[],[],"['David Pascual Hern ndez', 'SakhinetiPraveena', 'd pascualhe']",0,0,3,0.0,0.0,1.0,93.0,1.5,2.0,False,radon,0,0,24,12,0,26,0,150,88,0,6,0,2,44,0,0,24,2,0,examples/torch_image.py,10,82,0,50,6,0,43,58,953,378,0,0,0,26,14,0,0,0,0,0,0,0,0,0,0,0,2,JdeRobot DetectionSuite,0,0,0,0,0
JdeRobot DetectionSuite,examples/torch_lidar.py,JdeRobot DetectionSuite::examples/torch_lidar.py,"['David Pascual Hern ndez', 'SakhinetiPraveena', 'd pascualhe']",[],[],"['David Pascual Hern ndez', 'SakhinetiPraveena', 'd pascualhe']",0,0,3,0.0,0.0,1.0,97.0,1.5,2.0,False,radon,0,0,24,12,0,24,0,148,88,0,6,0,2,44,0,0,24,2,0,examples/torch_lidar.py,10,82,0,50,6,0,39,58,927,378,0,0,0,26,14,0,0,0,0,0,0,0,0,0,0,0,2,JdeRobot DetectionSuite,0,0,0,0,0
JdeRobot DetectionSuite,examples/torch_lidar_computational_cost.py,JdeRobot DetectionSuite::examples/torch_lidar_computational_cost.py,"['David Pascual Hern ndez', 'SakhinetiPraveena', 'd pascualhe']",[],[],"['David Pascual Hern ndez', 'SakhinetiPraveena', 'd pascualhe']",0,0,3,0.0,0.0,1.0,50.0,2.5,4.0,False,radon,0,0,16,10,0,10,0,96,60,0,4,0,2,30,0,0,22,2,0,examples/torch_lidar_computational_cost.py,6,58,0,38,4,0,25,38,629,300,0,0,0,22,10,0,0,0,0,0,0,0,0,0,0,0,2,JdeRobot DetectionSuite,0,0,0,0,0
JdeRobot DetectionSuite,examples/torch_native_image.py,JdeRobot DetectionSuite::examples/torch_native_image.py,"['David Pascual Hern ndez', 'd pascualhe']",[],[],"['David Pascual Hern ndez', 'd pascualhe']",0,0,2,0.0,0.0,1.0,103.0,3.5,6.0,False,radon,0,0,8,2,0,2,0,38,26,0,2,0,0,14,0,0,4,2,0,examples/torch_native_image.py,2,20,0,12,2,0,12,16,264,70,0,0,0,8,4,0,0,0,0,0,0,0,0,0,0,0,0,JdeRobot DetectionSuite,0,0,0,0,0
JdeRobot DetectionSuite,examples/wildscenes_image.py,JdeRobot DetectionSuite::examples/wildscenes_image.py,"['David Pascual Hern ndez', 'd pascualhe']",[],[],"['David Pascual Hern ndez', 'd pascualhe']",0,0,2,0.0,0.0,1.0,80.0,2.5,3.0,False,radon,0,0,8,2,0,14,0,52,28,0,2,0,0,14,0,0,2,0,0,examples/wildscenes_image.py,4,26,0,14,2,0,14,20,304,78,0,0,0,10,6,0,0,0,0,0,0,0,0,0,0,0,2,JdeRobot DetectionSuite,0,0,0,0,0
JdeRobot DetectionSuite,tabs/dataset_viewer.py,JdeRobot DetectionSuite::tabs/dataset_viewer.py,"['David Pascual Hern ndez', 'Sakhineti Praveena', 'SakhinetiPraveena', 'd pascualhe']",[],['Sakhineti Praveena'],"['David Pascual Hern ndez', 'SakhinetiPraveena', 'd pascualhe']",0,1,3,0.0,0.25,0.75,324.0,47.0,47.0,False,radon,0,0,64,29,0,107,0,449,249,0,12,0,12,96,0,0,108,0,0,tabs/dataset_viewer.py,24,301,0,171,12,0,155,148,2809,1507,0,0,0,108,36,0,0,0,0,45,0,0,0,0,0,0,12,JdeRobot DetectionSuite,0,0,0,0,0
JdeRobot DetectionSuite,tabs/evaluator.py,JdeRobot DetectionSuite::tabs/evaluator.py,"['David Pascual Hern ndez', 'SakhinetiPraveena']",[],[],"['David Pascual Hern ndez', 'SakhinetiPraveena']",0,0,2,0.0,0.0,1.0,465.0,20.5,22.0,False,radon,0,0,50,24,0,86,0,373,213,0,10,0,10,80,0,0,90,0,0,tabs/evaluator.py,20,246,0,140,10,0,121,123,2285,1227,0,0,0,84,30,0,0,0,0,33,0,0,0,0,0,0,10,JdeRobot DetectionSuite,0,0,0,0,0
JdeRobot DetectionSuite,tabs/inference.py,JdeRobot DetectionSuite::tabs/inference.py,"['David Pascual Hern ndez', 'SakhinetiPraveena']",[],[],"['David Pascual Hern ndez', 'SakhinetiPraveena']",0,0,2,0.0,0.0,1.0,150.0,8.5,9.0,False,radon,0,0,50,26,0,92,0,398,230,0,11,0,11,88,0,0,99,0,0,tabs/inference.py,22,262,0,148,11,0,127,129,2449,1355,0,0,0,90,33,0,0,0,0,21,0,0,0,0,0,0,11,JdeRobot DetectionSuite,0,0,0,0,0
JdeRobot DetectionSuite,tests/test_conversion.py,JdeRobot DetectionSuite::tests/test_conversion.py,"['David Pascual Hern ndez', 'SakhinetiPraveena']",[],[],"['David Pascual Hern ndez', 'SakhinetiPraveena']",0,0,2,0.0,0.0,1.0,139.0,3.75,5.0,False,radon,0,0,12,3,0,21,0,78,42,0,3,0,0,21,0,0,6,0,0,tests/test_conversion.py,6,45,0,24,3,0,24,30,471,261,0,0,0,15,9,0,0,0,0,0,0,0,0,0,0,0,3,JdeRobot DetectionSuite,0,0,0,0,0
JdeRobot DetectionSuite,tests/test_io.py,JdeRobot DetectionSuite::tests/test_io.py,"['David Pascual Hern ndez', 'jay zalani', 'jayzalani']","['jay zalani', 'jayzalani']",[],['David Pascual Hern ndez'],2,0,1,0.6666666666666666,0.0,0.3333333333333333,71.0,2.1666666666666665,3.0,False,radon,0,0,20,5,0,36,0,131,70,0,5,0,5,36,0,0,31,0,0,tests/test_io.py,10,75,0,65,5,0,40,50,835,541,0,0,0,25,15,0,0,0,0,0,0,0,0,0,0,0,5,JdeRobot DetectionSuite,0,0,0,0,0
JdeRobot DetectionSuite,tests/test_lidar.py,JdeRobot DetectionSuite::tests/test_lidar.py,"['David Pascual Hern ndez', 'SakhinetiPraveena', 'jayzalani']",['jayzalani'],[],"['David Pascual Hern ndez', 'SakhinetiPraveena']",1,0,2,0.3333333333333333,0.0,0.6666666666666666,278.0,3.4,8.0,False,radon,0,0,16,10,0,22,0,114,66,0,4,0,4,31,0,0,31,0,0,tests/test_lidar.py,8,72,0,52,4,0,34,42,742,459,0,0,0,26,12,0,0,0,0,0,0,0,0,0,0,0,4,JdeRobot DetectionSuite,0,0,0,0,0
JdeRobot DetectionSuite,tests/test_metrics.py,JdeRobot DetectionSuite::tests/test_metrics.py,"['David Pascual Hern ndez', 'SakhinetiPraveena', 'rudrakatkar']",['rudrakatkar'],[],"['David Pascual Hern ndez', 'SakhinetiPraveena']",1,0,2,0.3333333333333333,0.0,0.6666666666666666,123.0,3.0,5.0,False,radon,2,3,42,18,0,52,0,272,160,0,9,0,5,72,0,0,54,0,0,tests/test_metrics.py,18,174,0,100,9,0,89,101,1748,816,0,0,0,63,27,0,0,0,0,18,0,0,0,0,0,0,9,JdeRobot DetectionSuite,0,0,0,0,0
JustGlowing minisom,minisom.py,JustGlowing minisom::minisom.py,"['Adit Chawdhary', 'Austin T', 'Brandon Garcia', 'Dan Alberto Rosa De Jes s', 'Flavio Giobergia', 'Giuseppe Vettigli', 'JustGlowing', 'Maria J Molina', 'Mateusz Choinski', 'Matt Poegel', 'Peppe', 'Phan Hai Phong', 'Sumera Priyadarsini', 'T mas rni J nasson', 'Tharinda Dilshan Piyadasa', 'Velibor Zeli', 'Wei Zhang', 'ben', 'christos sourmpis', 'giu', 'jay', 'jriege', 'justglowing', 'lbugnon', 'lorenzoferre']","['Adit Chawdhary', 'Austin T', 'Brandon Garcia', 'Dan Alberto Rosa De Jes s', 'Flavio Giobergia', 'Giuseppe Vettigli', 'JustGlowing', 'Maria J Molina', 'Mateusz Choinski', 'Matt Poegel', 'Peppe', 'Phan Hai Phong', 'Sumera Priyadarsini', 'T mas rni J nasson', 'Tharinda Dilshan Piyadasa', 'Velibor Zeli', 'Wei Zhang', 'ben', 'christos sourmpis', 'giu', 'jay', 'jriege', 'justglowing', 'lbugnon', 'lorenzoferre']",[],[],25,0,0,1.0,0.0,0.0,1102.0,2.375,16.0,False,radon,70,34,0,209,662,5141,0,6139,127,0,0,0,541,472,0,350,30,0,0,minisom.py,209,280,0,609,0,0,34,219,3037,8914,0,0,0,0,0,0,0,0,0,0,0,0,0,0,0,0,0,JustGlowing minisom,0,0,0,0,0
JustinGOSSES predictatops,predictatops/balance.py,JustinGOSSES predictatops::predictatops/balance.py,['Justin Gosses'],['Justin Gosses'],[],[],1,0,0,1.0,0.0,0.0,493.0,1.75,5.0,False,radon,0,0,33,31,78,328,0,701,231,0,0,0,6,0,0,7,25,0,0,predictatops/balance.py,0,19,0,465,5,0,8,19,905,379,0,0,78,48,7,0,0,0,0,55,0,0,0,0,0,0,0,JustinGOSSES predictatops,0,0,0,0,0
JustinGOSSES predictatops,predictatops/checkdata.py,JustinGOSSES predictatops::predictatops/checkdata.py,['Justin Gosses'],['Justin Gosses'],[],[],1,0,0,1.0,0.0,0.0,495.0,2.4166666666666665,5.0,False,radon,0,0,16,20,45,183,0,386,122,0,0,0,3,0,0,4,13,0,0,predictatops/checkdata.py,0,10,0,254,2,0,4,12,492,204,0,0,44,28,4,0,0,0,0,32,0,0,0,0,0,0,0,JustinGOSSES predictatops,0,0,0,0,0
JustinGOSSES predictatops,predictatops/cli.py,JustinGOSSES predictatops::predictatops/cli.py,['Justin Gosses'],['Justin Gosses'],[],[],1,0,0,1.0,0.0,0.0,20.0,1.0,1.0,False,radon,0,0,11,10,32,126,0,263,84,0,0,0,2,0,0,3,9,0,0,predictatops/cli.py,0,7,0,165,1,0,4,7,312,145,0,0,32,20,3,0,0,0,0,23,0,0,0,0,0,0,0,JustinGOSSES predictatops,0,0,0,0,0
JustinGOSSES predictatops,predictatops/configurationplusfiles.py,JustinGOSSES predictatops::predictatops/configurationplusfiles.py,['Justin Gosses'],['Justin Gosses'],[],[],1,0,0,1.0,0.0,0.0,497.0,1.44,6.0,False,radon,12,3,100,118,247,1085,0,2345,795,0,0,0,21,0,0,22,81,0,0,predictatops/configurationplusfiles.py,0,57,0,1576,18,0,24,71,3125,1174,0,0,250,156,22,0,0,0,0,178,0,0,0,0,0,0,0,JustinGOSSES predictatops,0,0,0,0,0
JustinGOSSES predictatops,predictatops/features.py,JustinGOSSES predictatops::predictatops/features.py,['Justin Gosses'],['Justin Gosses'],[],[],1,0,0,1.0,0.0,0.0,564.0,2.125,15.0,False,radon,4,2,42,32,110,479,0,1017,354,0,0,0,10,0,0,10,36,0,0,predictatops/features.py,0,28,0,637,8,0,4,24,1252,545,0,0,110,66,10,0,0,0,0,76,0,0,0,0,0,0,0,JustinGOSSES predictatops,0,0,0,0,0
JustinGOSSES predictatops,predictatops/fetch_demo_data.py,JustinGOSSES predictatops::predictatops/fetch_demo_data.py,"['Justin Gosses', 'JustinGOSSES']","['Justin Gosses', 'JustinGOSSES']",[],[],2,0,0,1.0,0.0,0.0,94.0,2.0,2.0,False,radon,13,4,55,79,150,657,0,1417,476,0,0,0,13,0,0,13,47,0,0,predictatops/fetch_demo_data.py,0,31,0,909,8,0,20,45,1792,654,0,0,146,94,13,0,0,0,0,107,0,0,0,0,0,0,0,JustinGOSSES predictatops,0,0,0,0,0
JustinGOSSES predictatops,predictatops/load.py,JustinGOSSES predictatops::predictatops/load.py,['Justin Gosses'],['Justin Gosses'],[],[],1,0,0,1.0,0.0,0.0,133.0,2.5,4.0,False,radon,0,0,11,10,32,126,0,263,84,0,0,0,2,0,0,3,9,0,0,predictatops/load.py,0,7,0,165,1,0,4,7,312,145,0,0,32,20,3,0,0,0,0,23,0,0,0,0,0,0,0,JustinGOSSES predictatops,0,0,0,0,0
JustinGOSSES predictatops,predictatops/main.py,JustinGOSSES predictatops::predictatops/main.py,['Justin Gosses'],['Justin Gosses'],[],[],1,0,0,1.0,0.0,0.0,134.0,1.0,1.0,False,radon,0,0,33,39,82,344,0,732,234,0,0,0,6,0,0,7,25,0,0,predictatops/main.py,0,18,0,498,5,0,8,23,967,368,0,0,80,50,7,0,0,0,0,57,0,0,0,0,0,0,0,JustinGOSSES predictatops,0,0,0,0,0
JustinGOSSES predictatops,predictatops/plot.py,JustinGOSSES predictatops::predictatops/plot.py,['Justin Gosses'],['Justin Gosses'],[],[],1,0,0,1.0,0.0,0.0,89.0,4.5,13.0,False,radon,0,0,12,17,25,104,0,235,77,0,0,0,2,0,0,2,8,0,0,predictatops/plot.py,0,6,0,171,2,0,4,9,332,118,0,0,24,16,2,0,0,0,0,18,0,0,0,0,0,0,0,JustinGOSSES predictatops,0,0,0,0,0
JustinGOSSES predictatops,predictatops/predictionclasses.py,JustinGOSSES predictatops::predictatops/predictionclasses.py,['Justin Gosses'],['Justin Gosses'],[],[],1,0,0,1.0,0.0,0.0,617.0,1.4,3.0,False,radon,0,0,44,73,108,447,0,986,314,0,0,0,8,0,0,8,32,0,0,predictatops/predictionclasses.py,0,24,0,702,8,0,12,38,1364,480,0,0,96,64,8,0,0,0,0,72,0,0,0,0,0,0,0,JustinGOSSES predictatops,0,0,0,0,0
JustinGOSSES predictatops,predictatops/split.py,JustinGOSSES predictatops::predictatops/split.py,['Justin Gosses'],['Justin Gosses'],[],[],1,0,0,1.0,0.0,0.0,24.0,3.0,3.0,False,radon,0,0,11,10,32,126,0,263,84,0,0,0,2,0,0,3,9,0,0,predictatops/split.py,0,7,0,165,1,0,4,7,312,145,0,0,32,20,3,0,0,0,0,23,0,0,0,0,0,0,0,JustinGOSSES predictatops,0,0,0,0,0
JustinGOSSES predictatops,predictatops/trainclasses.py,JustinGOSSES predictatops::predictatops/trainclasses.py,['Justin Gosses'],['Justin Gosses'],[],[],1,0,0,1.0,0.0,0.0,232.0,1.6,3.0,False,radon,0,0,45,53,107,449,0,971,317,0,0,0,8,0,0,9,33,0,0,predictatops/trainclasses.py,0,25,0,656,7,0,4,30,1251,507,0,0,102,66,9,0,0,0,0,75,0,0,0,0,0,0,0,JustinGOSSES predictatops,0,0,0,0,0
JustinGOSSES predictatops,predictatops/wellsKNN.py,JustinGOSSES predictatops::predictatops/wellsKNN.py,['Justin Gosses'],['Justin Gosses'],[],[],1,0,0,1.0,0.0,0.0,537.0,1.619047619047619,6.0,False,radon,0,0,19,19,56,233,0,481,154,0,0,0,4,0,0,5,16,0,0,predictatops/wellsKNN.py,0,12,0,295,2,0,4,13,555,247,0,0,54,34,5,0,0,0,0,39,0,0,0,0,0,0,0,JustinGOSSES predictatops,0,0,0,0,0
JustinGOSSES predictatops,tests/test_StratPickSupML.py,JustinGOSSES predictatops::tests/test_StratPickSupML.py,['Justin Gosses'],['Justin Gosses'],[],[],1,0,0,1.0,0.0,0.0,39.0,2.3333333333333335,5.0,False,radon,0,0,7,0,11,55,0,137,64,0,0,0,2,0,0,1,5,0,0,tests/test_StratPickSupML.py,0,2,0,64,0,0,0,1,105,44,0,0,10,12,2,0,0,0,0,11,0,0,0,0,0,0,0,JustinGOSSES predictatops,0,0,0,0,0
KMouratidis EDA miner public,EDA_miner/dash_rnd/ResizeDraggable.py,KMouratidis EDA miner public::EDA_miner/dash_rnd/ResizeDraggable.py,['Kostas Mouratidis'],[],[],['Kostas Mouratidis'],0,0,1,0.0,0.0,1.0,43.0,5.5,6.0,False,radon,10,1,8,2,48,7,0,76,11,3,2,0,2,0,0,0,14,0,0,EDA_miner/dash_rnd/ResizeDraggable.py,0,4,0,7,0,0,2,5,246,70,0,0,0,3,0,0,0,0,0,0,0,0,0,0,0,0,0,KMouratidis EDA miner public,0,0,0,0,0
KMouratidis EDA miner public,EDA_miner/data/apis.py,KMouratidis EDA miner public::EDA_miner/data/apis.py,['Kostas Mouratidis'],[],[],['Kostas Mouratidis'],0,0,1,0.0,0.0,1.0,169.0,3.0,4.0,False,radon,0,0,11,3,55,4,0,103,30,5,6,0,2,3,0,0,12,0,1,EDA_miner/data/apis.py,0,3,0,2,0,0,6,4,279,83,0,0,0,12,0,0,0,0,0,2,0,0,0,0,0,0,0,KMouratidis EDA miner public,0,0,0,0,0
KMouratidis EDA miner public,EDA_miner/data/app.py,KMouratidis EDA miner public::EDA_miner/data/app.py,['Kostas Mouratidis'],[],[],['Kostas Mouratidis'],0,0,1,0.0,0.0,1.0,83.0,5.0,5.0,False,radon,0,0,34,6,168,12,0,323,103,15,20,0,6,9,0,0,36,0,3,EDA_miner/data/app.py,0,9,0,6,0,0,16,12,844,271,0,0,0,36,0,0,0,0,0,6,0,0,0,0,0,0,0,KMouratidis EDA miner public,0,0,0,0,0
KMouratidis EDA miner public,EDA_miner/data/data_utils/api_connectors.py,KMouratidis EDA miner public::EDA_miner/data/data_utils/api_connectors.py,['Kostas Mouratidis'],[],[],['Kostas Mouratidis'],0,0,1,0.0,0.0,1.0,75.0,3.0,3.0,False,radon,0,0,11,3,55,4,0,103,30,5,6,0,2,3,0,0,12,0,1,EDA_miner/data/data_utils/api_connectors.py,0,3,0,2,0,0,6,4,279,83,0,0,0,12,0,0,0,0,0,2,0,0,0,0,0,0,0,KMouratidis EDA miner public,0,0,0,0,0
KMouratidis EDA miner public,EDA_miner/data/data_utils/api_layouts.py,KMouratidis EDA miner public::EDA_miner/data/data_utils/api_layouts.py,['Kostas Mouratidis'],[],[],['Kostas Mouratidis'],0,0,1,0.0,0.0,1.0,793.0,1.574468085106383,5.0,False,radon,0,0,11,3,55,4,0,103,30,5,6,0,2,3,0,0,12,0,1,EDA_miner/data/data_utils/api_layouts.py,0,3,0,2,0,0,6,4,279,83,0,0,0,12,0,0,0,0,0,2,0,0,0,0,0,0,0,KMouratidis EDA miner public,0,0,0,0,0
KMouratidis EDA miner public,EDA_miner/data/data_utils/schema_heuristics.py,KMouratidis EDA miner public::EDA_miner/data/data_utils/schema_heuristics.py,['Kostas Mouratidis'],[],[],['Kostas Mouratidis'],0,0,1,0.0,0.0,1.0,217.0,7.2,25.0,False,radon,15,1,22,5,114,8,0,215,66,10,13,0,4,6,0,0,24,0,2,EDA_miner/data/data_utils/schema_heuristics.py,0,6,0,4,0,0,12,8,566,177,0,0,0,24,0,0,0,0,0,4,0,0,0,0,0,0,0,KMouratidis EDA miner public,0,0,0,0,0
KMouratidis EDA miner public,EDA_miner/data/schemata.py,KMouratidis EDA miner public::EDA_miner/data/schemata.py,['Kostas Mouratidis'],[],[],['Kostas Mouratidis'],0,0,1,0.0,0.0,1.0,203.0,4.25,9.0,False,radon,15,1,34,6,171,12,0,326,103,15,20,0,6,9,0,0,36,0,3,EDA_miner/data/schemata.py,0,9,0,6,0,0,17,12,849,271,0,0,0,36,0,0,0,0,0,6,0,0,0,0,0,0,0,KMouratidis EDA miner public,0,0,0,0,0
KMouratidis EDA miner public,EDA_miner/data/upload.py,KMouratidis EDA miner public::EDA_miner/data/upload.py,['Kostas Mouratidis'],[],[],['Kostas Mouratidis'],0,0,1,0.0,0.0,1.0,68.0,3.0,3.0,False,radon,0,0,11,3,55,4,0,103,30,5,6,0,2,3,0,0,12,0,1,EDA_miner/data/upload.py,0,3,0,2,0,0,6,4,279,83,0,0,0,12,0,0,0,0,0,2,0,0,0,0,0,0,0,KMouratidis EDA miner public,0,0,0,0,0
KMouratidis EDA miner public,EDA_miner/data/view.py,KMouratidis EDA miner public::EDA_miner/data/view.py,['Kostas Mouratidis'],[],[],['Kostas Mouratidis'],0,0,1,0.0,0.0,1.0,80.0,1.5,2.0,False,radon,0,0,11,3,55,4,0,103,30,5,6,0,2,3,0,0,12,0,1,EDA_miner/data/view.py,0,3,0,2,0,0,6,4,279,83,0,0,0,12,0,0,0,0,0,2,0,0,0,0,0,0,0,KMouratidis EDA miner public,0,0,0,0,0
KMouratidis EDA miner public,EDA_miner/docs/app.py,KMouratidis EDA miner public::EDA_miner/docs/app.py,['Kostas Mouratidis'],[],[],['Kostas Mouratidis'],0,0,1,0.0,0.0,1.0,148.0,2.3333333333333335,4.0,False,radon,0,0,23,4,112,8,0,214,67,10,13,0,4,6,0,0,24,0,2,EDA_miner/docs/app.py,0,6,0,4,0,0,11,8,562,177,0,0,0,24,0,0,0,0,0,4,0,0,0,0,0,0,0,KMouratidis EDA miner public,0,0,0,0,0
KMouratidis EDA miner public,EDA_miner/docs/doc_maker.py,KMouratidis EDA miner public::EDA_miner/docs/doc_maker.py,['Kostas Mouratidis'],[],[],['Kostas Mouratidis'],0,0,1,0.0,0.0,1.0,237.0,2.0,3.0,False,radon,0,0,23,4,112,8,0,214,67,10,13,0,4,6,0,0,24,0,2,EDA_miner/docs/doc_maker.py,0,6,0,4,0,0,11,8,562,177,0,0,0,24,0,0,0,0,0,4,0,0,0,0,0,0,0,KMouratidis EDA miner public,0,0,0,0,0
KMouratidis EDA miner public,EDA_miner/exceptions.py,KMouratidis EDA miner public::EDA_miner/exceptions.py,['Kostas Mouratidis'],[],[],['Kostas Mouratidis'],0,0,1,0.0,0.0,1.0,12.0,1.0,1.0,False,radon,0,0,19,5,109,11,0,189,45,8,8,0,4,3,0,0,23,0,1,EDA_miner/exceptions.py,0,9,0,5,0,0,12,11,543,163,0,0,0,15,0,0,0,0,0,2,0,0,0,0,0,0,0,KMouratidis EDA miner public,0,0,0,0,0
KMouratidis EDA miner public,EDA_miner/flask_app.py,KMouratidis EDA miner public::EDA_miner/flask_app.py,['Kostas Mouratidis'],[],[],['Kostas Mouratidis'],0,0,1,0.0,0.0,1.0,227.0,2.8333333333333335,7.0,False,radon,15,1,45,9,229,16,0,433,134,20,26,0,8,12,0,0,48,0,4,EDA_miner/flask_app.py,0,12,0,8,0,0,23,16,1131,363,0,0,0,48,0,0,0,0,0,8,0,0,0,0,0,0,0,KMouratidis EDA miner public,0,0,0,0,0
KMouratidis EDA miner public,EDA_miner/forms.py,KMouratidis EDA miner public::EDA_miner/forms.py,['Kostas Mouratidis'],[],[],['Kostas Mouratidis'],0,0,1,0.0,0.0,1.0,74.0,1.0,1.0,False,radon,0,0,34,7,170,12,0,321,98,15,19,0,6,9,0,0,36,0,3,EDA_miner/forms.py,0,9,0,6,0,0,17,12,844,269,0,0,0,36,0,0,0,0,0,6,0,0,0,0,0,0,0,KMouratidis EDA miner public,0,0,0,0,0
KMouratidis EDA miner public,EDA_miner/google_analytics/app.py,KMouratidis EDA miner public::EDA_miner/google_analytics/app.py,['Kostas Mouratidis'],[],[],['Kostas Mouratidis'],0,0,1,0.0,0.0,1.0,101.0,2.3333333333333335,5.0,False,radon,0,0,11,3,55,4,0,103,30,5,6,0,2,3,0,0,12,0,1,EDA_miner/google_analytics/app.py,0,3,0,2,0,0,6,4,279,83,0,0,0,12,0,0,0,0,0,2,0,0,0,0,0,0,0,KMouratidis EDA miner public,0,0,0,0,0
KMouratidis EDA miner public,EDA_miner/layouts.py,KMouratidis EDA miner public::EDA_miner/layouts.py,"['Konstantinos Mouratidis', 'Kostas Mouratidis']",[],[],"['Konstantinos Mouratidis', 'Kostas Mouratidis']",0,0,2,0.0,0.0,1.0,68.0,1.5,2.0,False,radon,15,1,27,11,256,25,0,407,88,25,15,0,4,6,0,0,63,0,2,EDA_miner/layouts.py,2,22,0,25,0,0,18,22,1184,364,0,0,0,31,0,0,0,0,0,4,0,0,0,0,0,0,0,KMouratidis EDA miner public,0,0,0,0,0
KMouratidis EDA miner public,EDA_miner/modeling/app.py,KMouratidis EDA miner public::EDA_miner/modeling/app.py,['Kostas Mouratidis'],[],[],['Kostas Mouratidis'],0,0,1,0.0,0.0,1.0,92.0,4.0,4.0,False,radon,0,0,34,6,168,12,0,323,103,15,20,0,6,9,0,0,36,0,3,EDA_miner/modeling/app.py,0,9,0,6,0,0,16,12,844,271,0,0,0,36,0,0,0,0,0,6,0,0,0,0,0,0,0,KMouratidis EDA miner public,0,0,0,0,0
KMouratidis EDA miner public,EDA_miner/modeling/model_builder.py,KMouratidis EDA miner public::EDA_miner/modeling/model_builder.py,['Kostas Mouratidis'],[],[],['Kostas Mouratidis'],0,0,1,0.0,0.0,1.0,302.0,3.8333333333333335,5.0,False,radon,18,2,57,12,286,20,0,549,174,25,80,0,10,15,0,0,60,0,5,EDA_miner/modeling/model_builder.py,0,15,0,10,0,0,27,22,1417,459,0,0,0,60,0,0,0,0,0,10,0,0,0,0,0,0,0,KMouratidis EDA miner public,0,0,0,0,0
KMouratidis EDA miner public,EDA_miner/modeling/models/graph_structures.py,KMouratidis EDA miner public::EDA_miner/modeling/models/graph_structures.py,['Kostas Mouratidis'],[],[],['Kostas Mouratidis'],0,0,1,0.0,0.0,1.0,482.0,2.264705882352941,5.0,False,radon,18,2,70,12,345,24,0,663,212,30,87,0,12,18,0,0,72,0,6,EDA_miner/modeling/models/graph_structures.py,0,18,0,12,0,0,32,26,1701,553,0,0,0,72,0,0,0,0,0,12,0,0,0,0,0,0,0,KMouratidis EDA miner public,0,0,0,0,0
KMouratidis EDA miner public,EDA_miner/modeling/models/pipeline_classes.py,KMouratidis EDA miner public::EDA_miner/modeling/models/pipeline_classes.py,['Kostas Mouratidis'],[],[],['Kostas Mouratidis'],0,0,1,0.0,0.0,1.0,700.0,1.1724137931034482,5.0,False,radon,15,1,46,10,229,16,0,440,139,20,73,0,8,12,0,0,48,0,4,EDA_miner/modeling/models/pipeline_classes.py,0,12,0,8,0,0,22,17,1133,365,0,0,0,48,0,0,0,0,0,8,0,0,0,0,0,0,0,KMouratidis EDA miner public,0,0,0,0,0
KMouratidis EDA miner public,EDA_miner/modeling/models/pipeline_creator.py,KMouratidis EDA miner public::EDA_miner/modeling/models/pipeline_creator.py,['Kostas Mouratidis'],[],[],['Kostas Mouratidis'],0,0,1,0.0,0.0,1.0,121.0,3.3333333333333335,5.0,False,radon,0,0,23,7,113,8,0,217,66,10,59,0,4,6,0,0,24,0,2,EDA_miner/modeling/models/pipeline_creator.py,0,6,0,4,0,0,11,9,563,177,0,0,0,24,0,0,0,0,0,4,0,0,0,0,0,0,0,KMouratidis EDA miner public,0,0,0,0,0
KMouratidis EDA miner public,EDA_miner/modeling/pipelines.py,KMouratidis EDA miner public::EDA_miner/modeling/pipelines.py,['Kostas Mouratidis'],[],[],['Kostas Mouratidis'],0,0,1,0.0,0.0,1.0,429.0,9.0,26.0,False,radon,18,2,68,14,345,24,0,661,210,30,87,0,12,18,0,0,72,0,6,EDA_miner/modeling/pipelines.py,0,18,0,12,0,0,33,26,1704,553,0,0,0,72,0,0,0,0,0,12,0,0,0,0,0,0,0,KMouratidis EDA miner public,0,0,0,0,0
KMouratidis EDA miner public,EDA_miner/modeling/single_model.py,KMouratidis EDA miner public::EDA_miner/modeling/single_model.py,['Kostas Mouratidis'],[],[],['Kostas Mouratidis'],0,0,1,0.0,0.0,1.0,286.0,6.0,10.0,False,radon,0,0,34,9,169,12,0,326,102,15,66,0,6,9,0,0,36,0,3,EDA_miner/modeling/single_model.py,0,9,0,6,0,0,16,13,845,271,0,0,0,36,0,0,0,0,0,6,0,0,0,0,0,0,0,KMouratidis EDA miner public,0,0,0,0,0
KMouratidis EDA miner public,EDA_miner/models.py,KMouratidis EDA miner public::EDA_miner/models.py,['Kostas Mouratidis'],[],[],['Kostas Mouratidis'],0,0,1,0.0,0.0,1.0,109.0,1.8333333333333333,3.0,False,radon,21,2,45,9,226,16,0,429,133,20,26,0,8,12,0,0,48,0,4,EDA_miner/models.py,0,12,0,8,0,0,23,16,1128,354,0,0,0,48,0,0,0,0,0,8,0,0,0,0,0,0,0,KMouratidis EDA miner public,0,0,0,0,0
KMouratidis EDA miner public,EDA_miner/presentation/app.py,KMouratidis EDA miner public::EDA_miner/presentation/app.py,['Kostas Mouratidis'],[],[],['Kostas Mouratidis'],0,0,1,0.0,0.0,1.0,60.0,4.0,4.0,False,radon,15,1,22,5,117,8,0,219,67,10,13,0,4,6,0,0,24,0,2,EDA_miner/presentation/app.py,0,6,0,4,0,0,12,8,569,186,0,0,0,24,0,0,0,0,0,4,0,0,0,0,0,0,0,KMouratidis EDA miner public,0,0,0,0,0
KMouratidis EDA miner public,EDA_miner/users_mgt.py,KMouratidis EDA miner public::EDA_miner/users_mgt.py,['Kostas Mouratidis'],[],[],['Kostas Mouratidis'],0,0,1,0.0,0.0,1.0,109.0,1.4285714285714286,2.0,False,radon,21,2,45,9,226,16,0,429,133,20,26,0,8,12,0,0,48,0,4,EDA_miner/users_mgt.py,0,12,0,8,0,0,23,16,1128,354,0,0,0,48,0,0,0,0,0,8,0,0,0,0,0,0,0,KMouratidis EDA miner public,0,0,0,0,0
KMouratidis EDA miner public,EDA_miner/utils.py,KMouratidis EDA miner public::EDA_miner/utils.py,"['Konstantinos Mouratidis', 'Kostas Mouratidis']",[],[],"['Konstantinos Mouratidis', 'Kostas Mouratidis']",0,0,2,0.0,0.0,1.0,542.0,2.8461538461538463,8.0,False,radon,43,4,98,27,738,79,0,1213,271,60,46,0,18,15,0,0,181,0,5,EDA_miner/utils.py,3,63,0,69,0,0,55,69,3506,1088,0,0,0,84,0,0,0,0,0,10,0,0,0,0,0,0,0,KMouratidis EDA miner public,0,0,0,0,0
KMouratidis EDA miner public,EDA_miner/visualization/app.py,KMouratidis EDA miner public::EDA_miner/visualization/app.py,['Kostas Mouratidis'],[],[],['Kostas Mouratidis'],0,0,1,0.0,0.0,1.0,113.0,7.0,7.0,False,radon,0,0,34,6,168,12,0,323,103,15,20,0,6,9,0,0,36,0,3,EDA_miner/visualization/app.py,0,9,0,6,0,0,16,12,844,271,0,0,0,36,0,0,0,0,0,6,0,0,0,0,0,0,0,KMouratidis EDA miner public,0,0,0,0,0
KMouratidis EDA miner public,EDA_miner/visualization/chart_maker.py,KMouratidis EDA miner public::EDA_miner/visualization/chart_maker.py,['Kostas Mouratidis'],[],[],['Kostas Mouratidis'],0,0,1,0.0,0.0,1.0,433.0,3.888888888888889,7.0,False,radon,0,0,45,9,226,16,0,430,134,20,26,0,8,12,0,0,48,0,4,EDA_miner/visualization/chart_maker.py,0,12,0,8,0,0,22,16,1126,363,0,0,0,48,0,0,0,0,0,8,0,0,0,0,0,0,0,KMouratidis EDA miner public,0,0,0,0,0
KMouratidis EDA miner public,EDA_miner/visualization/dashboard_maker.py,KMouratidis EDA miner public::EDA_miner/visualization/dashboard_maker.py,['Kostas Mouratidis'],[],[],['Kostas Mouratidis'],0,0,1,0.0,0.0,1.0,80.0,1.0,1.0,False,radon,0,0,11,3,55,4,0,103,30,5,6,0,2,3,0,0,12,0,1,EDA_miner/visualization/dashboard_maker.py,0,3,0,2,0,0,6,4,279,83,0,0,0,12,0,0,0,0,0,2,0,0,0,0,0,0,0,KMouratidis EDA miner public,0,0,0,0,0
KMouratidis EDA miner public,EDA_miner/visualization/graphs/graphs2d.py,KMouratidis EDA miner public::EDA_miner/visualization/graphs/graphs2d.py,['Kostas Mouratidis'],[],[],['Kostas Mouratidis'],0,0,1,0.0,0.0,1.0,366.0,1.5384615384615385,5.0,False,radon,0,0,11,3,55,4,0,103,30,5,6,0,2,3,0,0,12,0,1,EDA_miner/visualization/graphs/graphs2d.py,0,3,0,2,0,0,6,4,279,83,0,0,0,12,0,0,0,0,0,2,0,0,0,0,0,0,0,KMouratidis EDA miner public,0,0,0,0,0
KMouratidis EDA miner public,EDA_miner/visualization/graphs/kpis.py,KMouratidis EDA miner public::EDA_miner/visualization/graphs/kpis.py,['Kostas Mouratidis'],[],[],['Kostas Mouratidis'],0,0,1,0.0,0.0,1.0,172.0,1.8571428571428572,3.0,False,radon,0,0,11,3,55,4,0,103,30,5,6,0,2,3,0,0,12,0,1,EDA_miner/visualization/graphs/kpis.py,0,3,0,2,0,0,6,4,279,83,0,0,0,12,0,0,0,0,0,2,0,0,0,0,0,0,0,KMouratidis EDA miner public,0,0,0,0,0
KMouratidis EDA miner public,EDA_miner/visualization/graphs/textviz.py,KMouratidis EDA miner public::EDA_miner/visualization/graphs/textviz.py,['Kostas Mouratidis'],[],[],['Kostas Mouratidis'],0,0,1,0.0,0.0,1.0,46.0,1.0,1.0,False,radon,0,0,11,3,55,4,0,103,30,5,6,0,2,3,0,0,12,0,1,EDA_miner/visualization/graphs/textviz.py,0,3,0,2,0,0,6,4,279,83,0,0,0,12,0,0,0,0,0,2,0,0,0,0,0,0,0,KMouratidis EDA miner public,0,0,0,0,0
KMouratidis EDA miner public,EDA_miner/visualization/graphs/utils.py,KMouratidis EDA miner public::EDA_miner/visualization/graphs/utils.py,['Kostas Mouratidis'],[],[],['Kostas Mouratidis'],0,0,1,0.0,0.0,1.0,45.0,1.0,1.0,False,radon,0,0,11,3,55,4,0,103,30,5,6,0,2,3,0,0,12,0,1,EDA_miner/visualization/graphs/utils.py,0,3,0,2,0,0,6,4,279,83,0,0,0,12,0,0,0,0,0,2,0,0,0,0,0,0,0,KMouratidis EDA miner public,0,0,0,0,0
KMouratidis EDA miner public,EDA_miner/visualization/kpis.py,KMouratidis EDA miner public::EDA_miner/visualization/kpis.py,['Kostas Mouratidis'],[],[],['Kostas Mouratidis'],0,0,1,0.0,0.0,1.0,147.0,2.0,3.0,False,radon,0,0,22,5,111,8,0,212,66,10,13,0,4,6,0,0,24,0,2,EDA_miner/visualization/kpis.py,0,6,0,4,0,0,11,8,561,177,0,0,0,24,0,0,0,0,0,4,0,0,0,0,0,0,0,KMouratidis EDA miner public,0,0,0,0,0
KMouratidis EDA miner public,EDA_miner/visualization/maps.py,KMouratidis EDA miner public::EDA_miner/visualization/maps.py,['Kostas Mouratidis'],[],[],['Kostas Mouratidis'],0,0,1,0.0,0.0,1.0,300.0,4.0,10.0,False,radon,0,0,34,6,168,12,0,323,103,15,20,0,6,9,0,0,36,0,3,EDA_miner/visualization/maps.py,0,9,0,6,0,0,16,12,844,271,0,0,0,36,0,0,0,0,0,6,0,0,0,0,0,0,0,KMouratidis EDA miner public,0,0,0,0,0
KMouratidis EDA miner public,EDA_miner/visualization/networks.py,KMouratidis EDA miner public::EDA_miner/visualization/networks.py,['Kostas Mouratidis'],[],[],['Kostas Mouratidis'],0,0,1,0.0,0.0,1.0,171.0,3.0,5.0,False,radon,0,0,34,6,169,12,0,324,103,15,20,0,6,9,0,0,36,0,3,EDA_miner/visualization/networks.py,0,9,0,6,0,0,16,12,844,271,0,0,0,36,0,0,0,0,0,6,0,0,0,0,0,0,0,KMouratidis EDA miner public,0,0,0,0,0
KMouratidis EDA miner public,EDA_miner/visualization/text_viz.py,KMouratidis EDA miner public::EDA_miner/visualization/text_viz.py,['Kostas Mouratidis'],[],[],['Kostas Mouratidis'],0,0,1,0.0,0.0,1.0,97.0,2.0,3.0,False,radon,0,0,22,5,111,8,0,212,66,10,13,0,4,6,0,0,24,0,2,EDA_miner/visualization/text_viz.py,0,6,0,4,0,0,11,8,561,177,0,0,0,24,0,0,0,0,0,4,0,0,0,0,0,0,0,KMouratidis EDA miner public,0,0,0,0,0
KMouratidis EDA miner public,tests/data/data_utils/test_data_utils.py,KMouratidis EDA miner public::tests/data/data_utils/test_data_utils.py,['Kostas Mouratidis'],[],[],['Kostas Mouratidis'],0,0,1,0.0,0.0,1.0,27.0,4.5,5.0,False,radon,0,0,11,3,55,4,0,103,30,5,6,0,2,3,0,0,12,0,1,tests/data/data_utils/test_data_utils.py,0,3,0,2,0,0,6,4,279,83,0,0,0,12,0,0,0,0,0,2,0,0,0,0,0,0,0,KMouratidis EDA miner public,0,0,0,0,0
KMouratidis EDA miner public,tests/data/data_utils/test_schema_heuristics.py,KMouratidis EDA miner public::tests/data/data_utils/test_schema_heuristics.py,['Kostas Mouratidis'],[],[],['Kostas Mouratidis'],0,0,1,0.0,0.0,1.0,52.0,6.5,7.0,False,radon,0,0,11,3,55,4,0,103,30,5,6,0,2,3,0,0,12,0,1,tests/data/data_utils/test_schema_heuristics.py,0,3,0,2,0,0,6,4,279,83,0,0,0,12,0,0,0,0,0,2,0,0,0,0,0,0,0,KMouratidis EDA miner public,0,0,0,0,0
KMouratidis EDA miner public,tests/test_tabs.py,KMouratidis EDA miner public::tests/test_tabs.py,"['Konstantinos Mouratidis', 'Kostas Mouratidis']",[],[],"['Konstantinos Mouratidis', 'Kostas Mouratidis']",0,0,2,0.0,0.0,1.0,39.0,3.5,4.0,False,radon,5,2,43,12,304,37,0,502,106,22,19,0,8,6,0,0,81,0,2,tests/test_tabs.py,0,22,0,32,0,0,19,26,1538,457,0,0,0,36,0,0,0,0,0,4,0,0,0,0,0,0,0,KMouratidis EDA miner public,0,0,0,0,0
KMouratidis EDA miner public,tests/test_user_auth.py,KMouratidis EDA miner public::tests/test_user_auth.py,['Kostas Mouratidis'],[],[],['Kostas Mouratidis'],0,0,1,0.0,0.0,1.0,64.0,5.0,6.0,False,radon,21,2,45,9,226,16,0,429,133,20,26,0,8,12,0,0,48,0,4,tests/test_user_auth.py,0,12,0,8,0,0,23,16,1128,354,0,0,0,48,0,0,0,0,0,8,0,0,0,0,0,0,0,KMouratidis EDA miner public,0,0,0,0,0
KMouratidis EDA miner public,tests/test_utils.py,KMouratidis EDA miner public::tests/test_utils.py,"['Konstantinos Mouratidis', 'Kostas Mouratidis']",[],[],"['Konstantinos Mouratidis', 'Kostas Mouratidis']",0,0,2,0.0,0.0,1.0,61.0,3.5714285714285716,5.0,False,radon,29,4,50,15,355,45,0,580,115,27,21,0,10,6,0,0,93,0,2,tests/test_utils.py,0,26,0,39,0,0,22,31,1766,532,0,0,0,39,0,0,0,0,0,4,0,0,0,0,0,0,0,KMouratidis EDA miner public,0,0,0,0,0
KMouratidis EDA miner public,tests/testing_utils.py,KMouratidis EDA miner public::tests/testing_utils.py,['Kostas Mouratidis'],[],[],['Kostas Mouratidis'],0,0,1,0.0,0.0,1.0,78.0,1.25,2.0,False,radon,21,2,33,8,169,12,0,318,96,15,19,0,6,9,0,0,36,0,3,tests/testing_utils.py,0,9,0,6,0,0,18,12,845,260,0,0,0,36,0,0,0,0,0,6,0,0,0,0,0,0,0,KMouratidis EDA miner public,0,0,0,0,0
MLEnthusiast MHCLN,AID/dataset_generator.py,MLEnthusiast MHCLN::AID/dataset_generator.py,['Subhankar Roy'],[],[],['Subhankar Roy'],0,0,1,0.0,0.0,1.0,97.0,4.0,4.0,False,radon,0,0,3,0,17,0,0,34,14,0,0,0,0,0,0,0,3,0,0,AID/dataset_generator.py,2,4,0,1,0,0,5,5,21,79,0,0,0,0,0,0,0,0,0,0,0,0,0,0,0,0,0,MLEnthusiast MHCLN,0,0,0,0,0
MLEnthusiast MHCLN,AID/eval.py,MLEnthusiast MHCLN::AID/eval.py,['Subhankar Roy'],[],[],['Subhankar Roy'],0,0,1,0.0,0.0,1.0,176.0,3.3333333333333335,5.0,False,radon,0,0,3,0,18,0,0,36,15,0,0,0,0,0,0,0,3,0,0,AID/eval.py,2,5,0,2,0,0,6,5,30,87,0,0,0,0,0,0,0,0,0,0,0,0,0,0,0,0,0,MLEnthusiast MHCLN,0,0,0,0,0
MLEnthusiast MHCLN,AID/extract_features.py,MLEnthusiast MHCLN::AID/extract_features.py,['Subhankar Roy'],[],[],['Subhankar Roy'],0,0,1,0.0,0.0,1.0,153.0,1.75,4.0,False,radon,0,0,3,0,17,0,0,34,14,0,0,0,0,0,0,0,3,0,0,AID/extract_features.py,2,4,0,1,0,0,5,5,21,79,0,0,0,0,0,0,0,0,0,0,0,0,0,0,0,0,0,MLEnthusiast MHCLN,0,0,0,0,0
MLEnthusiast MHCLN,AID/trainer.py,MLEnthusiast MHCLN::AID/trainer.py,['Subhankar Roy'],[],[],['Subhankar Roy'],0,0,1,0.0,0.0,1.0,242.0,2.8,10.0,False,radon,0,0,3,0,17,0,0,34,14,0,0,0,0,0,0,0,3,0,0,AID/trainer.py,2,5,0,1,0,0,6,5,28,87,0,0,0,0,0,0,0,0,0,0,0,0,0,0,0,0,0,MLEnthusiast MHCLN,0,0,0,0,0
MLEnthusiast MHCLN,UCMD/dataset_generator.py,MLEnthusiast MHCLN::UCMD/dataset_generator.py,['Subhankar Roy'],[],[],['Subhankar Roy'],0,0,1,0.0,0.0,1.0,93.0,5.0,5.0,False,radon,0,0,4,0,17,1,0,36,14,0,0,0,0,0,0,0,3,0,0,UCMD/dataset_generator.py,2,4,0,1,0,0,5,5,24,100,0,0,0,0,0,0,0,0,0,0,0,0,0,0,0,0,0,MLEnthusiast MHCLN,0,0,0,0,0
MLEnthusiast MHCLN,UCMD/eval.py,MLEnthusiast MHCLN::UCMD/eval.py,['Subhankar Roy'],[],[],['Subhankar Roy'],0,0,1,0.0,0.0,1.0,178.0,3.3333333333333335,5.0,False,radon,0,0,11,0,54,0,0,111,46,0,0,0,0,0,0,0,9,0,0,UCMD/eval.py,6,14,0,6,0,0,18,15,94,283,0,0,0,0,0,0,0,0,0,0,0,0,0,0,0,0,0,MLEnthusiast MHCLN,0,0,0,0,0
MLEnthusiast MHCLN,UCMD/extract_features.py,MLEnthusiast MHCLN::UCMD/extract_features.py,['Subhankar Roy'],[],[],['Subhankar Roy'],0,0,1,0.0,0.0,1.0,151.0,1.75,4.0,False,radon,0,0,2,0,0,2,0,4,0,0,0,0,0,0,0,0,0,0,0,UCMD/extract_features.py,0,0,0,0,0,0,0,0,6,40,0,0,0,0,0,0,0,0,0,0,0,0,0,0,0,0,0,MLEnthusiast MHCLN,0,0,0,0,0
MLEnthusiast MHCLN,UCMD/trainer.py,MLEnthusiast MHCLN::UCMD/trainer.py,['Subhankar Roy'],[],[],['Subhankar Roy'],0,0,1,0.0,0.0,1.0,222.0,2.0,6.0,False,radon,0,0,5,0,17,2,0,41,17,0,0,0,0,0,0,0,3,0,0,UCMD/trainer.py,2,4,0,1,0,0,6,5,31,109,0,0,0,0,0,0,0,0,0,0,0,0,0,0,0,0,0,MLEnthusiast MHCLN,0,0,0,0,0
MLEnthusiast MHCLN,tflib/__init__.py,MLEnthusiast MHCLN::tflib/__init__.py,['Subhankar Roy'],[],[],['Subhankar Roy'],0,0,1,0.0,0.0,1.0,114.0,2.857142857142857,7.0,True,lizard,0,0,2,0,17,0,0,33,14,0,0,0,0,0,0,0,3,0,0,tflib/__init__.py,2,4,0,1,0,0,5,5,18,49,0,0,0,0,0,0,0,0,0,0,0,0,0,0,0,0,0,MLEnthusiast MHCLN,0,0,0,0,0
MLEnthusiast MHCLN,tflib/ops/batchnorm.py,MLEnthusiast MHCLN::tflib/ops/batchnorm.py,['Subhankar Roy'],[],[],['Subhankar Roy'],0,0,1,0.0,0.0,1.0,88.0,3.0,9.0,True,lizard,0,0,2,0,17,0,0,33,14,0,0,0,0,0,0,0,3,0,0,tflib/ops/batchnorm.py,2,4,0,1,0,0,5,5,18,49,0,0,0,0,0,0,0,0,0,0,0,0,0,0,0,0,0,MLEnthusiast MHCLN,0,0,0,0,0
MLEnthusiast MHCLN,tflib/ops/cond_batchnorm.py,MLEnthusiast MHCLN::tflib/ops/cond_batchnorm.py,['Subhankar Roy'],[],[],['Subhankar Roy'],0,0,1,0.0,0.0,1.0,17.0,2.0,2.0,False,radon,0,0,2,0,17,0,0,33,14,0,0,0,0,0,0,0,3,0,0,tflib/ops/cond_batchnorm.py,2,4,0,1,0,0,5,5,18,49,0,0,0,0,0,0,0,0,0,0,0,0,0,0,0,0,0,MLEnthusiast MHCLN,0,0,0,0,0
MLEnthusiast MHCLN,tflib/ops/conv1d.py,MLEnthusiast MHCLN::tflib/ops/conv1d.py,['Subhankar Roy'],[],[],['Subhankar Roy'],0,0,1,0.0,0.0,1.0,109.0,7.5,14.0,False,radon,0,0,2,0,17,0,0,33,14,0,0,0,0,0,0,0,3,0,0,tflib/ops/conv1d.py,2,4,0,1,0,0,5,5,18,49,0,0,0,0,0,0,0,0,0,0,0,0,0,0,0,0,0,MLEnthusiast MHCLN,0,0,0,0,0
MLEnthusiast MHCLN,tflib/ops/conv2d.py,MLEnthusiast MHCLN::tflib/ops/conv2d.py,['Subhankar Roy'],[],[],['Subhankar Roy'],0,0,1,0.0,0.0,1.0,124.0,4.5,15.0,False,radon,0,0,2,0,17,0,0,33,14,0,0,0,0,0,0,0,3,0,0,tflib/ops/conv2d.py,2,4,0,1,0,0,5,5,18,49,0,0,0,0,0,0,0,0,0,0,0,0,0,0,0,0,0,MLEnthusiast MHCLN,0,0,0,0,0
MLEnthusiast MHCLN,tflib/ops/deconv2d.py,MLEnthusiast MHCLN::tflib/ops/deconv2d.py,['Subhankar Roy'],[],[],['Subhankar Roy'],0,0,1,0.0,0.0,1.0,116.0,2.75,8.0,False,radon,0,0,2,0,17,0,0,33,14,0,0,0,0,0,0,0,3,0,0,tflib/ops/deconv2d.py,2,4,0,1,0,0,5,5,18,49,0,0,0,0,0,0,0,0,0,0,0,0,0,0,0,0,0,MLEnthusiast MHCLN,0,0,0,0,0
MLEnthusiast MHCLN,tflib/ops/layernorm.py,MLEnthusiast MHCLN::tflib/ops/layernorm.py,['Subhankar Roy'],[],[],['Subhankar Roy'],0,0,1,0.0,0.0,1.0,21.0,3.0,3.0,False,radon,0,0,2,0,17,0,0,33,14,0,0,0,0,0,0,0,3,0,0,tflib/ops/layernorm.py,2,4,0,1,0,0,5,5,18,49,0,0,0,0,0,0,0,0,0,0,0,0,0,0,0,0,0,MLEnthusiast MHCLN,0,0,0,0,0
MLEnthusiast MHCLN,tflib/ops/linear.py,MLEnthusiast MHCLN::tflib/ops/linear.py,['Subhankar Roy'],[],[],['Subhankar Roy'],0,0,1,0.0,0.0,1.0,148.0,3.6,14.0,False,radon,0,0,2,0,17,0,0,33,14,0,0,0,0,0,0,0,3,0,0,tflib/ops/linear.py,2,4,0,1,0,0,5,5,18,49,0,0,0,0,0,0,0,0,0,0,0,0,0,0,0,0,0,MLEnthusiast MHCLN,0,0,0,0,0
MLEnthusiast MHCLN,tflib/plot.py,MLEnthusiast MHCLN::tflib/plot.py,['Subhankar Roy'],[],[],['Subhankar Roy'],0,0,1,0.0,0.0,1.0,41.0,1.6666666666666667,3.0,True,lizard,0,0,2,0,17,0,0,33,14,0,0,0,0,0,0,0,3,0,0,tflib/plot.py,2,4,0,1,0,0,5,5,18,49,0,0,0,0,0,0,0,0,0,0,0,0,0,0,0,0,0,MLEnthusiast MHCLN,0,0,0,0,0
NCBI Hackathons Semantic search log analysis pipeline,02_API-Normalized_string.py,NCBI Hackathons Semantic search log analysis pipeline::02_API-Normalized_string.py,['wendlingd'],[],[],['wendlingd'],0,0,1,0.0,0.0,1.0,513.0,2.25,5.0,False,radon,0,0,14,2,0,15,0,78,47,0,0,0,1,0,0,0,4,0,0,02_API-Normalized_string.py,0,0,0,5,0,0,0,0,221,9,0,0,0,2,0,0,0,0,0,0,0,0,0,0,0,0,0,NCBI Hackathons Semantic search log analysis pipeline,0,0,0,0,0
NCBI Hackathons Semantic search log analysis pipeline,03_Fuzzy_match.py,NCBI Hackathons Semantic search log analysis pipeline::03_Fuzzy_match.py,"['Martin Skarzynski', 'wendlingd']",['Martin Skarzynski'],[],['wendlingd'],1,0,1,0.5,0.0,0.5,661.0,1.0,1.0,False,radon,0,0,31,4,0,41,0,174,98,0,0,0,2,0,0,0,7,0,0,03_Fuzzy_match.py,0,0,0,11,0,0,0,0,489,18,0,0,0,3,0,0,0,0,0,0,0,0,0,0,0,0,0,NCBI Hackathons Semantic search log analysis pipeline,0,0,0,0,0
NCBI Hackathons Semantic search log analysis pipeline,afterGSprocessing.py,NCBI Hackathons Semantic search log analysis pipeline::afterGSprocessing.py,"['Jonathan Street', 'kimx5230']","['Jonathan Street', 'kimx5230']",[],[],2,0,0,1.0,0.0,0.0,90.0,3.5,6.0,False,radon,0,0,21,4,0,33,0,169,111,0,0,0,3,0,0,0,4,0,0,afterGSprocessing.py,0,0,0,6,0,0,0,0,538,11,0,0,0,0,0,0,0,0,0,0,0,0,0,0,0,0,0,NCBI Hackathons Semantic search log analysis pipeline,0,0,0,0,0
NCBI Hackathons Semantic search log analysis pipeline,django/loganalysis/assignment/apps.py,NCBI Hackathons Semantic search log analysis pipeline::django/loganalysis/assignment/apps.py,['Jonathan Street'],['Jonathan Street'],[],[],1,0,0,1.0,0.0,0.0,6.0,1.0,1.0,False,radon,0,0,9,2,0,10,0,67,46,0,0,0,1,0,0,0,2,0,0,django/loganalysis/assignment/apps.py,0,0,0,2,0,0,0,0,182,2,0,0,0,0,0,0,0,0,0,0,0,0,0,0,0,0,0,NCBI Hackathons Semantic search log analysis pipeline,0,0,0,0,0
NCBI Hackathons Semantic search log analysis pipeline,django/loganalysis/assignment/forms.py,NCBI Hackathons Semantic search log analysis pipeline::django/loganalysis/assignment/forms.py,['Jonathan Street'],['Jonathan Street'],[],[],1,0,0,1.0,0.0,0.0,8.0,1.0,1.0,False,radon,0,0,9,2,0,10,0,67,46,0,0,0,1,0,0,0,2,0,0,django/loganalysis/assignment/forms.py,0,0,0,2,0,0,0,0,182,2,0,0,0,0,0,0,0,0,0,0,0,0,0,0,0,0,0,NCBI Hackathons Semantic search log analysis pipeline,0,0,0,0,0
NCBI Hackathons Semantic search log analysis pipeline,django/loganalysis/assignment/migrations/0001_initial.py,NCBI Hackathons Semantic search log analysis pipeline::django/loganalysis/assignment/migrations/0001_initial.py,['Jonathan Street'],['Jonathan Street'],[],[],1,0,0,1.0,0.0,0.0,33.0,1.0,1.0,False,radon,0,0,9,2,0,10,0,67,46,0,0,0,1,0,0,0,2,0,0,django/loganalysis/assignment/migrations/0001_initial.py,0,0,0,2,0,0,0,0,182,2,0,0,0,0,0,0,0,0,0,0,0,0,0,0,0,0,0,NCBI Hackathons Semantic search log analysis pipeline,0,0,0,0,0
NCBI Hackathons Semantic search log analysis pipeline,django/loganalysis/assignment/models.py,NCBI Hackathons Semantic search log analysis pipeline::django/loganalysis/assignment/models.py,"['Jonathan Street', 'wendlingd']",['Jonathan Street'],[],['wendlingd'],1,0,1,0.5,0.0,0.5,107.0,2.7142857142857144,6.0,False,radon,0,0,23,4,0,28,0,136,81,0,0,0,1,0,0,0,5,0,0,django/loganalysis/assignment/models.py,0,0,0,6,0,0,0,0,282,11,0,0,0,1,0,0,0,0,0,0,0,0,0,0,0,0,0,NCBI Hackathons Semantic search log analysis pipeline,0,0,0,0,0
NCBI Hackathons Semantic search log analysis pipeline,django/loganalysis/assignment/views.py,NCBI Hackathons Semantic search log analysis pipeline::django/loganalysis/assignment/views.py,['Jonathan Street'],['Jonathan Street'],[],[],1,0,0,1.0,0.0,0.0,40.0,4.333333333333333,6.0,False,radon,0,0,9,2,0,10,0,67,46,0,0,0,1,0,0,0,2,0,0,django/loganalysis/assignment/views.py,0,0,0,2,0,0,0,0,182,2,0,0,0,0,0,0,0,0,0,0,0,0,0,0,0,0,0,NCBI Hackathons Semantic search log analysis pipeline,0,0,0,0,0
Oslandia osm data classification,osmdq/analysis_tasks.py,Oslandia osm data classification::osmdq/analysis_tasks.py,['Rapha l Delhome'],['Rapha l Delhome'],[],[],1,0,0,1.0,0.0,0.0,1003.0,1.5041322314049588,7.0,False,radon,0,0,0,4,10,73,0,114,27,0,0,0,0,0,0,2,2,0,0,osmdq/analysis_tasks.py,0,4,0,1,0,0,0,5,114,49,0,0,0,42,0,0,0,0,0,62,0,0,0,0,0,0,2,Oslandia osm data classification,0,0,0,0,0
Oslandia osm data classification,osmdq/data_preparation_tasks.py,Oslandia osm data classification::osmdq/data_preparation_tasks.py,['Rapha l Delhome'],['Rapha l Delhome'],[],[],1,0,0,1.0,0.0,0.0,96.0,1.2307692307692308,2.0,False,radon,0,0,0,4,10,73,0,114,27,0,0,0,0,0,0,2,2,0,0,osmdq/data_preparation_tasks.py,0,4,0,1,0,0,0,5,114,49,0,0,0,42,0,0,0,0,0,62,0,0,0,0,0,0,2,Oslandia osm data classification,0,0,0,0,0
Oslandia osm data classification,osmdq/extract-changesets.py,Oslandia osm data classification::osmdq/extract-changesets.py,['Rapha l Delhome'],['Rapha l Delhome'],[],[],1,0,0,1.0,0.0,0.0,92.0,5.5,9.0,False,radon,0,0,0,4,10,73,0,114,27,0,0,0,0,0,0,2,2,0,0,osmdq/extract-changesets.py,0,4,0,1,0,0,0,5,114,49,0,0,0,42,0,0,0,0,0,62,0,0,0,0,0,0,2,Oslandia osm data classification,0,0,0,0,0
Oslandia osm data classification,osmdq/extract_user_editor.py,Oslandia osm data classification::osmdq/extract_user_editor.py,['Rapha l Delhome'],['Rapha l Delhome'],[],[],1,0,0,1.0,0.0,0.0,132.0,1.0,1.0,False,radon,0,0,0,4,10,73,0,114,27,0,0,0,0,0,0,2,2,0,0,osmdq/extract_user_editor.py,0,4,0,1,0,0,0,5,114,49,0,0,0,42,0,0,0,0,0,62,0,0,0,0,0,0,2,Oslandia osm data classification,0,0,0,0,0
Oslandia osm data classification,osmdq/geom_tasks.py,Oslandia osm data classification::osmdq/geom_tasks.py,['Rapha l Delhome'],['Rapha l Delhome'],[],[],1,0,0,1.0,0.0,0.0,221.0,2.0,5.0,False,radon,2,1,0,4,10,73,0,114,27,0,0,0,0,0,0,2,2,0,0,osmdq/geom_tasks.py,0,4,0,1,0,0,0,5,114,49,0,0,0,42,0,0,0,0,0,62,0,0,0,0,0,0,2,Oslandia osm data classification,0,0,0,0,0
Oslandia osm data classification,osmdq/metadata_plotting.py,Oslandia osm data classification::osmdq/metadata_plotting.py,['Rapha l Delhome'],['Rapha l Delhome'],[],[],1,0,0,1.0,0.0,0.0,155.0,1.8333333333333333,4.0,False,radon,0,0,0,4,10,73,0,114,27,0,0,0,0,0,0,2,2,0,0,osmdq/metadata_plotting.py,0,4,0,1,0,0,0,5,114,49,0,0,0,42,0,0,0,0,0,62,0,0,0,0,0,0,2,Oslandia osm data classification,0,0,0,0,0
Oslandia osm data classification,osmdq/osmparsing.py,Oslandia osm data classification::osmdq/osmparsing.py,['Rapha l Delhome'],['Rapha l Delhome'],[],[],1,0,0,1.0,0.0,0.0,123.0,1.2727272727272727,2.0,False,radon,0,0,0,4,10,73,0,114,27,0,0,0,0,0,0,2,2,0,0,osmdq/osmparsing.py,0,4,0,1,0,0,0,5,114,49,0,0,0,42,0,0,0,0,0,62,0,0,0,0,0,0,2,Oslandia osm data classification,0,0,0,0,0
Oslandia osm data classification,osmdq/output_tasks.py,Oslandia osm data classification::osmdq/output_tasks.py,['Rapha l Delhome'],['Rapha l Delhome'],[],[],1,0,0,1.0,0.0,0.0,42.0,1.4,2.0,False,radon,0,0,0,4,10,73,0,114,27,0,0,0,0,0,0,2,2,0,0,osmdq/output_tasks.py,0,4,0,1,0,0,0,5,114,49,0,0,0,42,0,0,0,0,0,62,0,0,0,0,0,0,2,Oslandia osm data classification,0,0,0,0,0
Oslandia osm data classification,osmdq/process-changesets-user-history.py,Oslandia osm data classification::osmdq/process-changesets-user-history.py,"['Damien Garaud', 'Rapha l Delhome']","['Damien Garaud', 'Rapha l Delhome']",[],[],2,0,0,1.0,0.0,0.0,89.0,1.0,1.0,False,radon,2,1,0,12,30,219,0,344,83,0,0,0,0,0,0,6,6,0,0,osmdq/process-changesets-user-history.py,0,12,0,3,0,0,0,15,344,147,0,0,0,126,0,0,0,0,0,186,0,0,0,0,0,0,6,Oslandia osm data classification,0,0,0,0,0
Oslandia osm data classification,osmdq/tagmetanalyse.py,Oslandia osm data classification::osmdq/tagmetanalyse.py,['Rapha l Delhome'],['Rapha l Delhome'],[],[],1,0,0,1.0,0.0,0.0,83.0,1.5,2.0,False,radon,0,0,0,4,10,73,0,114,27,0,0,0,0,0,0,2,2,0,0,osmdq/tagmetanalyse.py,0,4,0,1,0,0,0,5,114,49,0,0,0,42,0,0,0,0,0,62,0,0,0,0,0,0,2,Oslandia osm data classification,0,0,0,0,0
Oslandia osm data classification,osmdq/unsupervised_learning.py,Oslandia osm data classification::osmdq/unsupervised_learning.py,['Rapha l Delhome'],['Rapha l Delhome'],[],[],1,0,0,1.0,0.0,0.0,470.0,4.571428571428571,18.0,False,radon,0,0,0,4,10,73,0,114,27,0,0,0,0,0,0,2,2,0,0,osmdq/unsupervised_learning.py,0,4,0,1,0,0,0,5,114,49,0,0,0,42,0,0,0,0,0,62,0,0,0,0,0,0,2,Oslandia osm data classification,0,0,0,0,0
Oslandia osm data classification,osmdq/utils.py,Oslandia osm data classification::osmdq/utils.py,['Rapha l Delhome'],['Rapha l Delhome'],[],[],1,0,0,1.0,0.0,0.0,813.0,1.5555555555555556,6.0,False,radon,0,0,0,4,10,73,0,114,27,0,0,0,0,0,0,2,2,0,0,osmdq/utils.py,0,4,0,1,0,0,0,5,114,49,0,0,0,42,0,0,0,0,0,62,0,0,0,0,0,0,2,Oslandia osm data classification,0,0,0,0,0
Oslandia osm data classification,osmdq/validitycheck.py,Oslandia osm data classification::osmdq/validitycheck.py,['Rapha l Delhome'],['Rapha l Delhome'],[],[],1,0,0,1.0,0.0,0.0,80.0,1.6666666666666667,3.0,False,radon,0,0,0,4,10,73,0,114,27,0,0,0,0,0,0,2,2,0,0,osmdq/validitycheck.py,0,4,0,1,0,0,0,5,114,49,0,0,0,42,0,0,0,0,0,62,0,0,0,0,0,0,2,Oslandia osm data classification,0,0,0,0,0
PINTO0309 Keras OneClassAnomalyDetection,data_resizer.py,PINTO0309 Keras OneClassAnomalyDetection::data_resizer.py,['PINTO0309'],[],['PINTO0309'],[],0,1,0,0.0,1.0,0.0,18.0,2.0,2.0,False,radon,0,0,0,0,0,1,0,3,2,0,0,0,1,0,0,0,0,0,0,data_resizer.py,0,0,0,0,0,0,0,0,0,0,0,0,0,0,0,0,0,0,0,0,0,0,0,0,0,0,0,PINTO0309 Keras OneClassAnomalyDetection,0,0,0,0,0
PINTO0309 Keras OneClassAnomalyDetection,data_resizer2.py,PINTO0309 Keras OneClassAnomalyDetection::data_resizer2.py,['PINTO0309'],[],['PINTO0309'],[],0,1,0,0.0,1.0,0.0,31.0,2.0,2.0,False,radon,0,0,1,0,0,3,0,5,1,0,0,0,1,0,0,0,0,0,0,data_resizer2.py,0,1,0,1,0,0,3,0,104,7,0,0,0,0,0,0,0,0,0,0,0,0,0,0,0,0,0,PINTO0309 Keras OneClassAnomalyDetection,0,0,0,0,0
PINTO0309 Keras OneClassAnomalyDetection,main_openvino.py,PINTO0309 Keras OneClassAnomalyDetection::main_openvino.py,['PINTO0309'],[],['PINTO0309'],[],0,1,0,0.0,1.0,0.0,164.0,16.0,16.0,False,radon,1,1,5,0,0,25,0,35,5,0,0,0,12,0,0,0,0,0,0,main_openvino.py,0,12,0,5,0,0,22,7,570,63,0,0,0,0,0,0,0,0,0,0,0,0,0,0,0,0,0,PINTO0309 Keras OneClassAnomalyDetection,0,0,0,0,0
PINTO0309 Keras OneClassAnomalyDetection,main_tflite.py,PINTO0309 Keras OneClassAnomalyDetection::main_tflite.py,['PINTO0309'],[],['PINTO0309'],[],0,1,0,0.0,1.0,0.0,156.0,13.0,13.0,False,radon,0,0,1,0,0,5,0,7,1,0,0,0,3,0,0,0,0,0,0,main_tflite.py,0,3,0,1,0,0,5,2,118,15,0,0,0,0,0,0,0,0,0,0,0,0,0,0,0,0,0,PINTO0309 Keras OneClassAnomalyDetection,0,0,0,0,0
PINTO0309 Keras OneClassAnomalyDetection,models/pytorch/weights.py,PINTO0309 Keras OneClassAnomalyDetection::models/pytorch/weights.py,['PINTO0309'],[],['PINTO0309'],[],0,1,0,0.0,1.0,0.0,337.0,3.3333333333333335,6.0,False,radon,0,0,1,0,0,3,0,5,1,0,0,0,1,0,0,0,0,0,0,models/pytorch/weights.py,0,1,0,1,0,0,3,0,103,7,0,0,0,0,0,0,0,0,0,0,0,0,0,0,0,0,0,PINTO0309 Keras OneClassAnomalyDetection,0,0,0,0,0
PINTO0309 Keras OneClassAnomalyDetection,models/tensorflow/quantization/01_freeze_the_saved_model.py,PINTO0309 Keras OneClassAnomalyDetection::models/tensorflow/quantization/01_freeze_the_saved_model.py,['Katsuya Hyodo'],['Katsuya Hyodo'],[],[],1,0,0,1.0,0.0,0.0,36.0,2.5,4.0,False,radon,0,0,9,0,0,8,0,18,1,0,0,0,3,0,0,0,0,0,0,models/tensorflow/quantization/01_freeze_the_saved_model.py,0,3,0,2,0,0,5,2,120,15,0,0,0,0,0,0,0,0,0,0,0,0,0,0,0,0,0,PINTO0309 Keras OneClassAnomalyDetection,0,0,0,0,0
PINTO0309 Keras OneClassAnomalyDetection,models/tensorflow/quantization/03_quantization.py,PINTO0309 Keras OneClassAnomalyDetection::models/tensorflow/quantization/03_quantization.py,['Katsuya Hyodo'],['Katsuya Hyodo'],[],[],1,0,0,1.0,0.0,0.0,52.0,4.0,4.0,False,radon,0,0,9,0,0,8,0,18,1,0,0,0,3,0,0,0,0,0,0,models/tensorflow/quantization/03_quantization.py,0,3,0,2,0,0,5,2,120,15,0,0,0,0,0,0,0,0,0,0,0,0,0,0,0,0,0,PINTO0309 Keras OneClassAnomalyDetection,0,0,0,0,0
PINTO0309 Keras OneClassAnomalyDetection,train.py,PINTO0309 Keras OneClassAnomalyDetection::train.py,['PINTO0309'],[],['PINTO0309'],[],0,1,0,0.0,1.0,0.0,120.0,4.0,7.0,False,radon,0,0,2,0,0,4,0,10,4,0,0,0,3,0,0,0,0,0,0,train.py,0,2,0,0,0,0,2,0,2,6,0,0,0,0,0,0,0,0,0,0,0,0,0,0,0,0,0,PINTO0309 Keras OneClassAnomalyDetection,0,0,0,0,0
PINTO0309 MobileNet SSDLite RealSense TF,MobileNetSSDwithRealSenseTF.py,PINTO0309 MobileNet SSDLite RealSense TF::MobileNetSSDwithRealSenseTF.py,"['PINTO', 'PINTO0309']",['PINTO'],['PINTO0309'],[],1,1,0,0.5,0.5,0.0,177.0,1.6,3.0,False,radon,0,0,0,8,43,7,0,163,105,0,0,0,0,0,0,0,4,0,0,MobileNetSSDwithRealSenseTF.py,0,7,0,49,0,0,7,49,259,154,0,0,0,0,0,0,0,0,0,0,0,0,0,0,0,0,0,PINTO0309 MobileNet SSDLite RealSense TF,0,0,0,0,0
PINTO0309 MobileNet SSDLite RealSense TF,tfconverter.py,PINTO0309 MobileNet SSDLite RealSense TF::tfconverter.py,['PINTO0309'],[],['PINTO0309'],[],0,1,0,0.0,1.0,0.0,23.0,1.0,1.0,False,radon,0,0,0,0,7,1,0,14,6,0,0,0,0,0,0,0,1,0,0,tfconverter.py,0,1,0,7,0,0,1,7,33,22,0,0,0,0,0,0,0,0,0,0,0,0,0,0,0,0,0,PINTO0309 MobileNet SSDLite RealSense TF,0,0,0,0,0
PINTO0309 MobileNet SSDLite RealSense TF,visualization_utils.py,PINTO0309 MobileNet SSDLite RealSense TF::visualization_utils.py,['PINTO0309'],[],['PINTO0309'],[],0,1,0,0.0,1.0,0.0,728.0,3.611111111111111,19.0,False,radon,0,0,0,0,6,1,0,13,6,0,0,0,0,0,0,0,0,0,0,visualization_utils.py,0,1,0,7,0,0,1,7,33,22,0,0,0,0,0,0,0,0,0,0,0,0,0,0,0,0,0,PINTO0309 MobileNet SSDLite RealSense TF,0,0,0,0,0
PINTO0309 MobileNetV2 PoseEstimation,freeze_graph.py,PINTO0309 MobileNetV2 PoseEstimation::freeze_graph.py,['PINTO0309'],[],['PINTO0309'],[],0,1,0,0.0,1.0,0.0,383.0,6.142857142857143,22.0,False,radon,0,0,7,3,10,23,0,75,32,0,5,0,7,7,0,1,3,0,0,freeze_graph.py,2,19,0,2,1,0,8,20,153,170,0,0,0,0,0,0,0,0,0,0,1,0,0,0,0,0,0,PINTO0309 MobileNetV2 PoseEstimation,0,8,0,8,B311
PINTO0309 MobileNetV2 PoseEstimation,model_compression.py,PINTO0309 MobileNetV2 PoseEstimation::model_compression.py,['PINTO0309'],[],['PINTO0309'],[],0,1,0,0.0,1.0,0.0,30.0,1.0,1.0,False,radon,0,0,14,6,20,50,0,153,63,0,10,0,14,14,0,2,6,0,0,model_compression.py,4,42,0,4,2,0,17,43,319,359,0,0,0,0,0,0,0,0,0,0,3,0,0,0,0,0,0,PINTO0309 MobileNetV2 PoseEstimation,0,16,0,16,B311B311
PINTO0309 MobileNetV2 PoseEstimation,model_compression_quantize.py,PINTO0309 MobileNetV2 PoseEstimation::model_compression_quantize.py,['PINTO0309'],[],['PINTO0309'],[],0,1,0,0.0,1.0,0.0,33.0,1.0,1.0,False,radon,0,0,23,9,30,81,0,256,113,0,15,0,21,21,0,3,11,0,0,model_compression_quantize.py,6,79,0,6,3,0,29,69,545,641,0,0,0,0,0,0,0,0,0,0,10,0,0,0,0,0,0,PINTO0309 MobileNetV2 PoseEstimation,0,24,0,24,B311B311B311
PINTO0309 MobileNetV2 PoseEstimation,openvino-usbcamera-cpu-ncs2-async.py,PINTO0309 MobileNetV2 PoseEstimation::openvino-usbcamera-cpu-ncs2-async.py,['PINTO0309'],[],['PINTO0309'],[],0,1,0,0.0,1.0,0.0,465.0,5.916666666666667,19.0,False,radon,0,0,28,12,40,109,0,316,127,0,20,0,28,28,0,4,13,0,0,openvino-usbcamera-cpu-ncs2-async.py,8,94,0,8,4,0,36,92,673,764,0,0,0,0,0,0,0,0,0,0,9,0,0,0,0,0,0,PINTO0309 MobileNetV2 PoseEstimation,0,32,0,32,B311B311B311B311
PINTO0309 MobileNetV2 PoseEstimation,openvino-usbcamera-cpu-ncs2-sync.py,PINTO0309 MobileNetV2 PoseEstimation::openvino-usbcamera-cpu-ncs2-sync.py,['PINTO0309'],[],['PINTO0309'],[],0,1,0,0.0,1.0,0.0,266.0,7.666666666666667,11.0,False,radon,0,0,49,21,70,170,0,529,219,0,35,0,49,49,0,7,22,0,0,openvino-usbcamera-cpu-ncs2-sync.py,14,143,0,14,7,0,58,146,1106,1236,0,0,0,0,0,0,0,0,0,0,10,0,0,0,0,0,0,PINTO0309 MobileNetV2 PoseEstimation,0,56,0,56,B311B311B311B311B311B311B311
PINTO0309 MobileNetV2 PoseEstimation,tf_pose/common.py,PINTO0309 MobileNetV2 PoseEstimation::tf_pose/common.py,['PINTO0309'],[],['PINTO0309'],[],0,1,0,0.0,1.0,0.0,142.0,2.3333333333333335,4.0,False,radon,0,0,7,3,10,23,0,75,32,0,5,0,7,7,0,1,3,0,0,tf_pose/common.py,2,19,0,2,1,0,8,20,153,170,0,0,0,0,0,0,0,0,0,0,1,0,0,0,0,0,0,PINTO0309 MobileNetV2 PoseEstimation,0,8,0,8,B311
PINTO0309 MobileNetV2 PoseEstimation,tf_pose/estimator.py,PINTO0309 MobileNetV2 PoseEstimation::tf_pose/estimator.py,['PINTO0309'],[],['PINTO0309'],[],0,1,0,0.0,1.0,0.0,567.0,4.161290322580645,23.0,False,radon,0,0,7,3,10,23,0,75,32,0,5,0,7,7,0,1,3,0,0,tf_pose/estimator.py,2,19,0,2,1,0,8,20,153,170,0,0,0,0,0,0,0,0,0,0,1,0,0,0,0,0,0,PINTO0309 MobileNetV2 PoseEstimation,0,8,0,8,B311
PINTO0309 MobileNetV2 PoseEstimation,tf_pose/eval.py,PINTO0309 MobileNetV2 PoseEstimation::tf_pose/eval.py,['PINTO0309'],[],['PINTO0309'],[],0,1,0,0.0,1.0,0.0,167.0,2.0,3.0,False,radon,0,0,7,3,10,23,0,75,32,0,5,0,7,7,0,1,3,0,0,tf_pose/eval.py,2,19,0,2,1,0,8,20,153,170,0,0,0,0,0,0,0,0,0,0,1,0,0,0,0,0,0,PINTO0309 MobileNetV2 PoseEstimation,0,8,0,8,B311
PINTO0309 MobileNetV2 PoseEstimation,tf_pose/mobilenet/conv_blocks.py,PINTO0309 MobileNetV2 PoseEstimation::tf_pose/mobilenet/conv_blocks.py,['PINTO0309'],[],['PINTO0309'],[],0,1,0,0.0,1.0,0.0,347.0,5.0,20.0,False,radon,0,0,7,3,10,23,0,75,32,0,5,0,7,7,0,1,3,0,0,tf_pose/mobilenet/conv_blocks.py,2,19,0,2,1,0,8,20,153,170,0,0,0,0,0,0,0,0,0,0,1,0,0,0,0,0,0,PINTO0309 MobileNetV2 PoseEstimation,0,8,0,8,B311
PINTO0309 MobileNetV2 PoseEstimation,tf_pose/mobilenet/mobilenet.py,PINTO0309 MobileNetV2 PoseEstimation::tf_pose/mobilenet/mobilenet.py,['PINTO0309'],[],['PINTO0309'],[],0,1,0,0.0,1.0,0.0,442.0,3.3333333333333335,19.0,False,radon,0,0,7,3,10,23,0,75,32,0,5,0,7,7,0,1,3,0,0,tf_pose/mobilenet/mobilenet.py,2,19,0,2,1,0,8,20,153,170,0,0,0,0,0,0,0,0,0,0,1,0,0,0,0,0,0,PINTO0309 MobileNetV2 PoseEstimation,0,8,0,8,B311
PINTO0309 MobileNetV2 PoseEstimation,tf_pose/mobilenet/mobilenet_v2.py,PINTO0309 MobileNetV2 PoseEstimation::tf_pose/mobilenet/mobilenet_v2.py,['PINTO0309'],[],['PINTO0309'],[],0,1,0,0.0,1.0,0.0,208.0,2.75,8.0,False,radon,0,0,7,3,10,23,0,75,32,0,5,0,7,7,0,1,3,0,0,tf_pose/mobilenet/mobilenet_v2.py,2,19,0,2,1,0,8,20,153,170,0,0,0,0,0,0,0,0,0,0,1,0,0,0,0,0,0,PINTO0309 MobileNetV2 PoseEstimation,0,8,0,8,B311
PINTO0309 MobileNetV2 PoseEstimation,tf_pose/network_base.py,PINTO0309 MobileNetV2 PoseEstimation::tf_pose/network_base.py,['PINTO0309'],[],['PINTO0309'],[],0,1,0,0.0,1.0,0.0,402.0,2.2758620689655173,8.0,False,radon,0,0,7,3,10,23,0,75,32,0,5,0,7,7,0,1,3,0,0,tf_pose/network_base.py,2,19,0,2,1,0,8,20,153,170,0,0,0,0,0,0,0,0,0,0,1,0,0,0,0,0,0,PINTO0309 MobileNetV2 PoseEstimation,0,8,0,8,B311
PINTO0309 MobileNetV2 PoseEstimation,tf_pose/network_cmu.py,PINTO0309 MobileNetV2 PoseEstimation::tf_pose/network_cmu.py,['PINTO0309'],[],['PINTO0309'],[],0,1,0,0.0,1.0,0.0,166.0,2.4,6.0,False,radon,0,0,7,3,10,23,0,75,32,0,5,0,7,7,0,1,3,0,0,tf_pose/network_cmu.py,2,19,0,2,1,0,8,20,153,170,0,0,0,0,0,0,0,0,0,0,1,0,0,0,0,0,0,PINTO0309 MobileNetV2 PoseEstimation,0,8,0,8,B311
PINTO0309 MobileNetV2 PoseEstimation,tf_pose/network_dsconv.py,PINTO0309 MobileNetV2 PoseEstimation::tf_pose/network_dsconv.py,['PINTO0309'],[],['PINTO0309'],[],0,1,0,0.0,1.0,0.0,150.0,1.3333333333333333,2.0,False,radon,0,0,7,3,10,23,0,75,32,0,5,0,7,7,0,1,3,0,0,tf_pose/network_dsconv.py,2,19,0,2,1,0,8,20,153,170,0,0,0,0,0,0,0,0,0,0,1,0,0,0,0,0,0,PINTO0309 MobileNetV2 PoseEstimation,0,8,0,8,B311
PINTO0309 MobileNetV2 PoseEstimation,tf_pose/network_mobilenet.py,PINTO0309 MobileNetV2 PoseEstimation::tf_pose/network_mobilenet.py,['PINTO0309'],[],['PINTO0309'],[],0,1,0,0.0,1.0,0.0,110.0,2.7142857142857144,6.0,False,radon,0,0,7,3,10,23,0,75,32,0,5,0,7,7,0,1,3,0,0,tf_pose/network_mobilenet.py,2,19,0,2,1,0,8,20,153,170,0,0,0,0,0,0,0,0,0,0,1,0,0,0,0,0,0,PINTO0309 MobileNetV2 PoseEstimation,0,8,0,8,B311
PINTO0309 MobileNetV2 PoseEstimation,tf_pose/network_mobilenet_thin.py,PINTO0309 MobileNetV2 PoseEstimation::tf_pose/network_mobilenet_thin.py,['PINTO0309'],[],['PINTO0309'],[],0,1,0,0.0,1.0,0.0,107.0,3.3333333333333335,7.0,False,radon,0,0,7,3,10,23,0,75,32,0,5,0,7,7,0,1,3,0,0,tf_pose/network_mobilenet_thin.py,2,19,0,2,1,0,8,20,153,170,0,0,0,0,0,0,0,0,0,0,1,0,0,0,0,0,0,PINTO0309 MobileNetV2 PoseEstimation,0,8,0,8,B311
PINTO0309 MobileNetV2 PoseEstimation,tf_pose/network_mobilenet_v2.py,PINTO0309 MobileNetV2 PoseEstimation::tf_pose/network_mobilenet_v2.py,['PINTO0309'],[],['PINTO0309'],[],0,1,0,0.0,1.0,0.0,111.0,3.4285714285714284,10.0,False,radon,0,0,7,3,10,23,0,75,32,0,5,0,7,7,0,1,3,0,0,tf_pose/network_mobilenet_v2.py,2,19,0,2,1,0,8,20,153,170,0,0,0,0,0,0,0,0,0,0,1,0,0,0,0,0,0,PINTO0309 MobileNetV2 PoseEstimation,0,8,0,8,B311
PINTO0309 MobileNetV2 PoseEstimation,tf_pose/networks.py,PINTO0309 MobileNetV2 PoseEstimation::tf_pose/networks.py,['PINTO0309'],[],['PINTO0309'],[],0,1,0,0.0,1.0,0.0,160.0,8.25,25.0,False,radon,0,0,7,3,10,23,0,75,32,0,5,0,7,7,0,1,3,0,0,tf_pose/networks.py,2,19,0,2,1,0,8,20,153,170,0,0,0,0,0,0,0,0,0,0,1,0,0,0,0,0,0,PINTO0309 MobileNetV2 PoseEstimation,0,8,0,8,B311
PINTO0309 MobileNetV2 PoseEstimation,tf_pose/pafprocess/pafprocess.py,PINTO0309 MobileNetV2 PoseEstimation::tf_pose/pafprocess/pafprocess.py,['PINTO0309'],[],['PINTO0309'],[],0,1,0,0.0,1.0,0.0,267.0,2.772727272727273,8.0,False,radon,0,0,7,3,10,23,0,75,32,0,5,0,7,7,0,1,3,0,0,tf_pose/pafprocess/pafprocess.py,2,19,0,2,1,0,8,20,153,170,0,0,0,0,0,0,0,0,0,0,1,0,0,0,0,0,0,PINTO0309 MobileNetV2 PoseEstimation,0,8,0,8,B311
PINTO0309 MobileNetV2 PoseEstimation,tf_pose/pose_augment.py,PINTO0309 MobileNetV2 PoseEstimation::tf_pose/pose_augment.py,['PINTO0309'],[],['PINTO0309'],[],0,1,0,0.0,1.0,0.0,266.0,3.6153846153846154,8.0,False,radon,0,0,7,3,10,23,0,75,32,0,5,0,7,7,0,1,3,0,0,tf_pose/pose_augment.py,2,19,0,2,1,0,8,20,153,170,0,0,0,0,0,0,0,0,0,0,1,0,0,0,0,0,0,PINTO0309 MobileNetV2 PoseEstimation,0,8,0,8,B311
PINTO0309 MobileNetV2 PoseEstimation,tf_pose/pose_dataset.py,PINTO0309 MobileNetV2 PoseEstimation::tf_pose/pose_dataset.py,['PINTO0309'],[],['PINTO0309'],[],0,1,0,0.0,1.0,0.0,502.0,3.533333333333333,11.0,False,radon,0,0,7,3,10,23,0,75,32,0,5,0,7,7,0,1,3,0,0,tf_pose/pose_dataset.py,2,19,0,2,1,0,8,20,153,170,0,0,0,0,0,0,0,0,0,0,1,0,0,0,0,0,0,PINTO0309 MobileNetV2 PoseEstimation,0,8,0,8,B311
PINTO0309 MobileNetV2 PoseEstimation,tf_pose/pystopwatch.py,PINTO0309 MobileNetV2 PoseEstimation::tf_pose/pystopwatch.py,['PINTO0309'],[],['PINTO0309'],[],0,1,0,0.0,1.0,0.0,43.0,1.2142857142857142,2.0,False,radon,0,0,7,3,10,23,0,75,32,0,5,0,7,7,0,1,3,0,0,tf_pose/pystopwatch.py,2,19,0,2,1,0,8,20,153,170,0,0,0,0,0,0,0,0,0,0,1,0,0,0,0,0,0,PINTO0309 MobileNetV2 PoseEstimation,0,8,0,8,B311
PINTO0309 MobileNetV2 PoseEstimation,tf_pose/runner.py,PINTO0309 MobileNetV2 PoseEstimation::tf_pose/runner.py,['PINTO0309'],[],['PINTO0309'],[],0,1,0,0.0,1.0,0.0,51.0,4.5,6.0,False,radon,0,0,7,3,10,23,0,75,32,0,5,0,7,7,0,1,3,0,0,tf_pose/runner.py,2,19,0,2,1,0,8,20,153,170,0,0,0,0,0,0,0,0,0,0,1,0,0,0,0,0,0,PINTO0309 MobileNetV2 PoseEstimation,0,8,0,8,B311
PINTO0309 MobileNetV2 PoseEstimation,tf_pose/slidingwindow/ArrayUtils.py,PINTO0309 MobileNetV2 PoseEstimation::tf_pose/slidingwindow/ArrayUtils.py,['PINTO0309'],[],['PINTO0309'],[],0,1,0,0.0,1.0,0.0,101.0,1.875,3.0,False,radon,0,0,7,3,10,23,0,75,32,0,5,0,7,7,0,1,3,0,0,tf_pose/slidingwindow/ArrayUtils.py,2,19,0,2,1,0,8,20,153,170,0,0,0,0,0,0,0,0,0,0,1,0,0,0,0,0,0,PINTO0309 MobileNetV2 PoseEstimation,0,8,0,8,B311
PINTO0309 MobileNetV2 PoseEstimation,tf_pose/slidingwindow/Batching.py,PINTO0309 MobileNetV2 PoseEstimation::tf_pose/slidingwindow/Batching.py,['PINTO0309'],[],['PINTO0309'],[],0,1,0,0.0,1.0,0.0,8.0,1.0,1.0,False,radon,0,0,7,3,10,23,0,75,32,0,5,0,7,7,0,1,3,0,0,tf_pose/slidingwindow/Batching.py,2,19,0,2,1,0,8,20,153,170,0,0,0,0,0,0,0,0,0,0,1,0,0,0,0,0,0,PINTO0309 MobileNetV2 PoseEstimation,0,8,0,8,B311
PINTO0309 MobileNetV2 PoseEstimation,tf_pose/slidingwindow/Merging.py,PINTO0309 MobileNetV2 PoseEstimation::tf_pose/slidingwindow/Merging.py,['PINTO0309'],[],['PINTO0309'],[],0,1,0,0.0,1.0,0.0,65.0,5.0,5.0,False,radon,0,0,7,3,10,23,0,75,32,0,5,0,7,7,0,1,3,0,0,tf_pose/slidingwindow/Merging.py,2,19,0,2,1,0,8,20,153,170,0,0,0,0,0,0,0,0,0,0,1,0,0,0,0,0,0,PINTO0309 MobileNetV2 PoseEstimation,0,8,0,8,B311
PINTO0309 MobileNetV2 PoseEstimation,tf_pose/slidingwindow/RectangleUtils.py,PINTO0309 MobileNetV2 PoseEstimation::tf_pose/slidingwindow/RectangleUtils.py,['PINTO0309'],[],['PINTO0309'],[],0,1,0,0.0,1.0,0.0,152.0,2.1666666666666665,5.0,False,radon,0,0,7,3,10,23,0,75,32,0,5,0,7,7,0,1,3,0,0,tf_pose/slidingwindow/RectangleUtils.py,2,19,0,2,1,0,8,20,153,170,0,0,0,0,0,0,0,0,0,0,1,0,0,0,0,0,0,PINTO0309 MobileNetV2 PoseEstimation,0,8,0,8,B311
PINTO0309 MobileNetV2 PoseEstimation,tf_pose/slidingwindow/SlidingWindow.py,PINTO0309 MobileNetV2 PoseEstimation::tf_pose/slidingwindow/SlidingWindow.py,['PINTO0309'],[],['PINTO0309'],[],0,1,0,0.0,1.0,0.0,144.0,2.090909090909091,8.0,False,radon,0,0,7,3,10,23,0,75,32,0,5,0,7,7,0,1,3,0,0,tf_pose/slidingwindow/SlidingWindow.py,2,19,0,2,1,0,8,20,153,170,0,0,0,0,0,0,0,0,0,0,1,0,0,0,0,0,0,PINTO0309 MobileNetV2 PoseEstimation,0,8,0,8,B311
PINTO0309 MobileNetV2 PoseEstimation,tf_pose/slidingwindow/WindowDistance.py,PINTO0309 MobileNetV2 PoseEstimation::tf_pose/slidingwindow/WindowDistance.py,['PINTO0309'],[],['PINTO0309'],[],0,1,0,0.0,1.0,0.0,21.0,2.0,2.0,False,radon,0,0,7,3,10,23,0,75,32,0,5,0,7,7,0,1,3,0,0,tf_pose/slidingwindow/WindowDistance.py,2,19,0,2,1,0,8,20,153,170,0,0,0,0,0,0,0,0,0,0,1,0,0,0,0,0,0,PINTO0309 MobileNetV2 PoseEstimation,0,8,0,8,B311
PINTO0309 MobileNetV2 PoseEstimation,tf_pose/tensblur/smoother.py,PINTO0309 MobileNetV2 PoseEstimation::tf_pose/tensblur/smoother.py,['PINTO0309'],[],['PINTO0309'],[],0,1,0,0.0,1.0,0.0,96.0,1.6,5.0,False,radon,0,0,7,3,10,23,0,75,32,0,5,0,7,7,0,1,3,0,0,tf_pose/tensblur/smoother.py,2,19,0,2,1,0,8,20,153,170,0,0,0,0,0,0,0,0,0,0,1,0,0,0,0,0,0,PINTO0309 MobileNetV2 PoseEstimation,0,8,0,8,B311
PINTO0309 MobileNetV2 PoseEstimation,tflite-usbcamera-cpu-sync.py,PINTO0309 MobileNetV2 PoseEstimation::tflite-usbcamera-cpu-sync.py,"['Katsuya Hyodo', 'PINTO0309']",['Katsuya Hyodo'],['PINTO0309'],[],1,1,0,0.5,0.5,0.0,250.0,7.666666666666667,11.0,False,radon,3,1,71,27,90,243,0,788,357,0,45,0,63,63,0,9,36,0,0,tflite-usbcamera-cpu-sync.py,18,252,0,18,9,0,90,207,1698,1990,0,0,0,0,0,0,0,0,0,0,36,0,0,0,0,0,0,PINTO0309 MobileNetV2 PoseEstimation,0,72,0,72,B311B311B311B311B311B311B311B311B311
PINTO0309 MobileNetV2 PoseEstimation,tpu-usbcamera-sync.py,PINTO0309 MobileNetV2 PoseEstimation::tpu-usbcamera-sync.py,['PINTO0309'],[],['PINTO0309'],[],0,1,0,0.0,1.0,0.0,260.0,8.75,12.0,False,radon,0,0,15,6,20,54,0,171,76,0,10,0,14,14,0,2,8,0,0,tpu-usbcamera-sync.py,4,56,0,4,2,0,20,46,372,443,0,0,0,0,0,0,0,0,0,0,8,0,0,0,0,0,0,PINTO0309 MobileNetV2 PoseEstimation,0,16,0,16,B311B311
PINTO0309 OpenVINO DeeplabV3,openvino_deeplabv3_test.py,PINTO0309 OpenVINO DeeplabV3::openvino_deeplabv3_test.py,['PINTO0309'],[],['PINTO0309'],[],0,1,0,0.0,1.0,0.0,148.0,1.875,6.0,False,radon,3,1,0,0,1,0,0,20,19,0,0,0,12,0,0,0,0,0,0,openvino_deeplabv3_test.py,0,0,0,0,0,0,5,0,13,24,0,0,0,0,0,0,0,0,0,0,0,0,0,0,0,0,0,PINTO0309 OpenVINO DeeplabV3,0,0,0,0,0
PINTO0309 OpenVINO DeeplabV3,tfconverter.py,PINTO0309 OpenVINO DeeplabV3::tfconverter.py,['PINTO0309'],[],['PINTO0309'],[],0,1,0,0.0,1.0,0.0,23.0,1.0,1.0,False,radon,0,0,0,0,1,0,0,4,3,0,0,0,2,0,0,0,0,0,0,tfconverter.py,0,0,0,0,0,0,1,0,2,4,0,0,0,0,0,0,0,0,0,0,0,0,0,0,0,0,0,PINTO0309 OpenVINO DeeplabV3,0,0,0,0,0
PurduePAML TrojanNN,code/filter/filter_vgg.py,PurduePAML TrojanNN::code/filter/filter_vgg.py,['naiyeleo'],[],['naiyeleo'],['naiyeleo'],0,1,1,0.0,0.5,0.5,74.0,5.75,17.0,True,lizard,0,0,0,6,10,24,0,52,12,0,4,0,0,4,0,0,2,0,0,code/filter/filter_vgg.py,0,0,0,0,0,0,0,6,18,26,0,0,0,0,0,0,0,0,0,0,0,0,0,0,0,0,0,PurduePAML TrojanNN,0,0,0,0,0
PurduePAML TrojanNN,code/gen_trigger/act_max.tvd.center_part.py,PurduePAML TrojanNN::code/gen_trigger/act_max.tvd.center_part.py,['naiyeleo'],[],['naiyeleo'],['naiyeleo'],0,1,1,0.0,0.5,0.5,444.0,9.428571428571429,33.0,True,lizard,0,0,0,30,50,120,0,260,60,0,20,0,0,20,0,0,10,0,0,code/gen_trigger/act_max.tvd.center_part.py,0,0,0,0,0,0,0,30,90,130,0,0,0,0,0,0,0,0,0,0,0,0,0,0,0,0,0,PurduePAML TrojanNN,0,0,0,0,0
PurduePAML TrojanNN,code/retrain/vgg_fc6.py,PurduePAML TrojanNN::code/retrain/vgg_fc6.py,['naiyeleo'],[],['naiyeleo'],['naiyeleo'],0,1,1,0.0,0.5,0.5,667.0,4.769230769230769,27.0,False,radon,0,0,4,12,20,60,0,156,60,0,8,0,0,12,0,0,4,0,0,code/retrain/vgg_fc6.py,0,8,0,0,0,0,8,20,100,164,0,0,0,0,0,0,0,0,0,0,0,0,0,0,0,0,0,PurduePAML TrojanNN,0,0,0,0,0
PurduePAML TrojanNN,data/record.py,PurduePAML TrojanNN::data/record.py,['naiyeleo'],[],['naiyeleo'],['naiyeleo'],0,1,1,0.0,0.5,0.5,278.0,3.0,11.0,True,lizard,0,0,0,0,2,6,0,8,0,0,0,0,0,0,0,0,0,0,0,data/record.py,0,0,0,0,0,0,0,0,0,2,0,0,0,0,0,0,0,0,0,0,0,0,0,0,0,0,0,PurduePAML TrojanNN,0,0,0,0,0
PurduePAML TrojanNN,data/test_speech.py,PurduePAML TrojanNN::data/test_speech.py,"['Yingqi Liu', 'naiyeleo']",['Yingqi Liu'],['naiyeleo'],['naiyeleo'],1,1,1,0.3333333333333333,0.3333333333333333,0.3333333333333333,38.0,1.0,1.0,False,radon,0,0,0,12,22,54,0,96,8,0,8,0,0,8,0,0,4,0,0,data/test_speech.py,0,0,0,0,0,0,0,12,36,54,0,0,0,0,0,0,0,0,0,0,0,0,0,0,0,0,0,PurduePAML TrojanNN,0,0,0,0,0
PurduePAML TrojanNN,models/age/test_one_image.py,PurduePAML TrojanNN::models/age/test_one_image.py,['Shiqing Ma'],['Shiqing Ma'],['Shiqing Ma'],[],1,1,0,0.5,0.5,0.0,52.0,1.0,1.0,False,radon,0,0,0,6,10,24,0,44,4,0,4,0,0,4,0,0,2,0,0,models/age/test_one_image.py,0,0,0,0,0,0,0,6,18,26,0,0,0,0,0,0,0,0,0,0,0,0,0,0,0,0,0,PurduePAML TrojanNN,0,0,0,0,0
PurduePAML TrojanNN,models/face/test_one_image.py,PurduePAML TrojanNN::models/face/test_one_image.py,['Shiqing Ma'],['Shiqing Ma'],['Shiqing Ma'],[],1,1,0,0.5,0.5,0.0,38.0,1.0,1.0,False,radon,0,0,0,6,10,24,0,44,4,0,4,0,0,4,0,0,2,0,0,models/face/test_one_image.py,0,0,0,0,0,0,0,6,18,26,0,0,0,0,0,0,0,0,0,0,0,0,0,0,0,0,0,PurduePAML TrojanNN,0,0,0,0,0
PurduePAML TrojanNN,models/sentence/conv_net_classes_update.py,PurduePAML TrojanNN::models/sentence/conv_net_classes_update.py,['Shiqing Ma'],['Shiqing Ma'],['Shiqing Ma'],[],1,1,0,0.5,0.5,0.0,375.0,2.4285714285714284,5.0,False,radon,0,0,0,6,10,24,0,44,4,0,4,0,0,4,0,0,2,0,0,models/sentence/conv_net_classes_update.py,0,0,0,0,0,0,0,6,18,26,0,0,0,0,0,0,0,0,0,0,0,0,0,0,0,0,0,PurduePAML TrojanNN,0,0,0,0,0
PurduePAML TrojanNN,models/sentence/conv_net_sentence_mlp_test.py,PurduePAML TrojanNN::models/sentence/conv_net_sentence_mlp_test.py,['Shiqing Ma'],['Shiqing Ma'],['Shiqing Ma'],[],1,1,0,0.5,0.5,0.0,265.0,2.5,7.0,True,lizard,0,0,0,6,10,24,0,44,4,0,4,0,0,4,0,0,2,0,0,models/sentence/conv_net_sentence_mlp_test.py,0,0,0,0,0,0,0,6,18,26,0,0,0,0,0,0,0,0,0,0,0,0,0,0,0,0,0,PurduePAML TrojanNN,0,0,0,0,0
PurduePAML TrojanNN,models/sentence/process_data.py,PurduePAML TrojanNN::models/sentence/process_data.py,['Shiqing Ma'],['Shiqing Ma'],['Shiqing Ma'],[],1,1,0,0.5,0.5,0.0,148.0,3.6666666666666665,7.0,True,lizard,0,0,0,6,10,24,0,44,4,0,4,0,0,4,0,0,2,0,0,models/sentence/process_data.py,0,0,0,0,0,0,0,6,18,26,0,0,0,0,0,0,0,0,0,0,0,0,0,0,0,0,0,PurduePAML TrojanNN,0,0,0,0,0
PurduePAML TrojanNN,models/speech/test_speech.py,PurduePAML TrojanNN::models/speech/test_speech.py,['Shiqing Ma'],['Shiqing Ma'],['Shiqing Ma'],[],1,1,0,0.5,0.5,0.0,36.0,1.0,1.0,False,radon,0,0,0,6,10,24,0,44,4,0,4,0,0,4,0,0,2,0,0,models/speech/test_speech.py,0,0,0,0,0,0,0,6,18,26,0,0,0,0,0,0,0,0,0,0,0,0,0,0,0,0,0,PurduePAML TrojanNN,0,0,0,0,0
RRanddom tf bilinear cnn,data/build_aircraft_data.py,RRanddom tf bilinear cnn::data/build_aircraft_data.py,['RRanddom'],[],[],['RRanddom'],0,0,1,0.0,0.0,1.0,114.0,8.0,8.0,False,radon,0,0,3,1,2,2,0,16,8,0,0,0,7,0,0,0,1,0,0,data/build_aircraft_data.py,0,3,0,2,0,0,3,3,16,17,0,0,0,0,0,0,0,0,0,0,0,0,0,0,0,0,0,RRanddom tf bilinear cnn,0,0,0,0,0
RRanddom tf bilinear cnn,data/build_cub200_data.py,RRanddom tf bilinear cnn::data/build_cub200_data.py,['RRanddom'],[],[],['RRanddom'],0,0,1,0.0,0.0,1.0,154.0,14.0,14.0,False,radon,0,0,3,1,2,2,0,16,8,0,0,0,7,0,0,0,1,0,0,data/build_cub200_data.py,0,3,0,2,0,0,3,3,16,17,0,0,0,0,0,0,0,0,0,0,0,0,0,0,0,0,0,RRanddom tf bilinear cnn,0,0,0,0,0
RRanddom tf bilinear cnn,data/build_standford_cars.py,RRanddom tf bilinear cnn::data/build_standford_cars.py,['RRanddom'],[],[],['RRanddom'],0,0,1,0.0,0.0,1.0,105.0,8.0,8.0,False,radon,0,0,3,1,2,2,0,16,8,0,0,0,7,0,0,0,1,0,0,data/build_standford_cars.py,0,3,0,2,0,0,3,3,16,17,0,0,0,0,0,0,0,0,0,0,0,0,0,0,0,0,0,RRanddom tf bilinear cnn,0,0,0,0,0
RRanddom tf bilinear cnn,data/dataset_factory.py,RRanddom tf bilinear cnn::data/dataset_factory.py,"['RRanddom', 'zjcneil']",[],[],"['RRanddom', 'zjcneil']",0,0,2,0.0,0.0,1.0,46.0,2.5,4.0,False,radon,2,1,38,19,13,43,0,185,72,0,8,0,54,2,0,0,5,0,0,data/dataset_factory.py,0,16,0,9,0,0,16,19,106,128,0,0,0,1,0,0,0,0,0,0,0,0,0,0,0,0,0,RRanddom tf bilinear cnn,0,4,0,4,B403B403B403B403
RRanddom tf bilinear cnn,data/make_tfrecord.py,RRanddom tf bilinear cnn::data/make_tfrecord.py,['RRanddom'],[],[],['RRanddom'],0,0,1,0.0,0.0,1.0,115.0,1.875,3.0,False,radon,0,1,32,12,6,40,0,115,25,0,10,0,30,0,0,0,1,0,0,data/make_tfrecord.py,0,2,0,0,0,0,2,3,41,79,0,0,0,0,0,0,0,0,0,0,0,0,0,0,0,0,0,RRanddom tf bilinear cnn,0,1,0,1,B403
RRanddom tf bilinear cnn,model/bilinear_cnn.py,RRanddom tf bilinear cnn::model/bilinear_cnn.py,"['RRanddom', 'zjcneil']",[],[],"['RRanddom', 'zjcneil']",0,0,2,0.0,0.0,1.0,36.0,3.0,3.0,False,radon,0,0,34,16,9,41,0,153,53,0,11,0,52,4,0,0,3,0,0,model/bilinear_cnn.py,0,10,0,6,0,0,10,11,86,127,0,0,0,1,0,0,0,0,0,0,0,0,0,0,0,0,0,RRanddom tf bilinear cnn,0,1,0,1,B403
RRanddom tf bilinear cnn,model/vgg.py,RRanddom tf bilinear cnn::model/vgg.py,"['RRanddom', 'zjcneil']",[],[],"['RRanddom', 'zjcneil']",0,0,2,0.0,0.0,1.0,52.0,1.0,1.0,False,radon,0,0,17,9,5,25,0,89,33,0,5,0,29,2,0,0,2,0,0,model/vgg.py,0,7,0,4,0,0,7,8,54,69,0,0,0,1,0,0,0,0,0,0,0,0,0,0,0,0,0,RRanddom tf bilinear cnn,0,1,0,1,B403
RRanddom tf bilinear cnn,test.py,RRanddom tf bilinear cnn::test.py,"['RRanddom', 'zjcneil']",[],[],"['RRanddom', 'zjcneil']",0,0,2,0.0,0.0,1.0,82.0,1.0,1.0,False,radon,0,0,15,3,6,6,0,58,28,0,0,0,21,0,0,0,3,0,0,test.py,0,9,0,6,0,0,9,9,48,51,0,0,0,0,0,0,0,0,0,0,0,0,0,0,0,0,0,RRanddom tf bilinear cnn,0,0,0,0,0
RRanddom tf bilinear cnn,train.py,RRanddom tf bilinear cnn::train.py,"['RRanddom', 'zjcneil']",[],[],"['RRanddom', 'zjcneil']",0,0,2,0.0,0.0,1.0,167.0,2.2857142857142856,6.0,False,radon,0,0,10,2,4,4,0,39,19,0,0,0,14,0,0,0,2,0,0,train.py,0,6,0,4,0,0,6,6,32,34,0,0,0,0,0,0,0,0,0,0,0,0,0,0,0,0,0,RRanddom tf bilinear cnn,0,0,0,0,0
SanjayKhatwani Handwritten Math Expression Recognition,code/Line_of_Sight.py,SanjayKhatwani Handwritten Math Expression Recognition::code/Line_of_Sight.py,['Sanjay Khatwani'],[],[],['Sanjay Khatwani'],0,0,1,0.0,0.0,1.0,86.0,6.0,16.0,False,radon,0,0,1,1,6,2,0,18,8,0,3,0,0,10,0,0,0,0,0,code/Line_of_Sight.py,2,15,0,5,0,0,0,3,32,67,0,0,0,0,0,0,0,0,0,0,2,0,0,0,0,0,0,SanjayKhatwani Handwritten Math Expression Recognition,0,0,0,0,0
SanjayKhatwani Handwritten Math Expression Recognition,code/detector.py,SanjayKhatwani Handwritten Math Expression Recognition::code/detector.py,['Sanjay Khatwani'],[],[],['Sanjay Khatwani'],0,0,1,0.0,0.0,1.0,108.0,2.111111111111111,5.0,False,radon,0,0,1,1,6,2,0,18,8,0,3,0,0,10,0,0,0,0,0,code/detector.py,2,15,0,5,0,0,0,3,32,67,0,0,0,0,0,0,0,0,0,0,2,0,0,0,0,0,0,SanjayKhatwani Handwritten Math Expression Recognition,0,0,0,0,0
SanjayKhatwani Handwritten Math Expression Recognition,code/feature_extraction.py,SanjayKhatwani Handwritten Math Expression Recognition::code/feature_extraction.py,['Sanjay Khatwani'],[],[],['Sanjay Khatwani'],0,0,1,0.0,0.0,1.0,504.0,6.866666666666666,15.0,False,radon,0,0,1,1,9,2,0,25,12,0,3,0,0,10,0,0,0,0,0,code/feature_extraction.py,4,22,0,6,0,0,0,4,80,95,0,0,0,0,0,0,0,0,0,0,2,0,0,0,0,0,0,SanjayKhatwani Handwritten Math Expression Recognition,0,0,0,0,0
SanjayKhatwani Handwritten Math Expression Recognition,code/graph.py,SanjayKhatwani Handwritten Math Expression Recognition::code/graph.py,['Sanjay Khatwani'],[],[],['Sanjay Khatwani'],0,0,1,0.0,0.0,1.0,318.0,6.052631578947368,29.0,False,radon,0,0,1,1,6,2,0,18,8,0,3,0,0,10,0,0,0,0,0,code/graph.py,2,15,0,5,0,0,0,3,32,67,0,0,0,0,0,0,0,0,0,0,2,0,0,0,0,0,0,SanjayKhatwani Handwritten Math Expression Recognition,0,0,0,0,0
SanjayKhatwani Handwritten Math Expression Recognition,code/inkml.py,SanjayKhatwani Handwritten Math Expression Recognition::code/inkml.py,['Sanjay Khatwani'],[],[],['Sanjay Khatwani'],0,0,1,0.0,0.0,1.0,213.0,4.117647058823529,8.0,False,radon,0,0,1,1,6,2,0,18,8,0,3,0,0,10,0,0,0,0,0,code/inkml.py,2,15,0,5,0,0,0,3,32,67,0,0,0,0,0,0,0,0,0,0,2,0,0,0,0,0,0,SanjayKhatwani Handwritten Math Expression Recognition,0,0,0,0,0
SanjayKhatwani Handwritten Math Expression Recognition,code/object.py,SanjayKhatwani Handwritten Math Expression Recognition::code/object.py,['Sanjay Khatwani'],[],[],['Sanjay Khatwani'],0,0,1,0.0,0.0,1.0,17.0,1.5,2.0,False,radon,0,0,1,1,6,2,0,18,8,0,3,0,0,10,0,0,0,0,0,code/object.py,2,15,0,5,0,0,0,3,32,67,0,0,0,0,0,0,0,0,0,0,2,0,0,0,0,0,0,SanjayKhatwani Handwritten Math Expression Recognition,0,0,0,0,0
SanjayKhatwani Handwritten Math Expression Recognition,code/parsing_feature_extractor.py,SanjayKhatwani Handwritten Math Expression Recognition::code/parsing_feature_extractor.py,['Sanjay Khatwani'],[],[],['Sanjay Khatwani'],0,0,1,0.0,0.0,1.0,286.0,2.8666666666666667,11.0,False,radon,0,0,1,1,6,2,0,18,8,0,3,0,0,10,0,0,0,0,0,code/parsing_feature_extractor.py,2,15,0,5,0,0,0,3,32,67,0,0,0,0,0,0,0,0,0,0,2,0,0,0,0,0,0,SanjayKhatwani Handwritten Math Expression Recognition,0,0,0,0,0
SanjayKhatwani Handwritten Math Expression Recognition,code/relation.py,SanjayKhatwani Handwritten Math Expression Recognition::code/relation.py,['Sanjay Khatwani'],[],[],['Sanjay Khatwani'],0,0,1,0.0,0.0,1.0,11.0,1.5,2.0,False,radon,0,0,1,1,6,2,0,18,8,0,3,0,0,10,0,0,0,0,0,code/relation.py,2,15,0,5,0,0,0,3,32,67,0,0,0,0,0,0,0,0,0,0,2,0,0,0,0,0,0,SanjayKhatwani Handwritten Math Expression Recognition,0,0,0,0,0
SanjayKhatwani Handwritten Math Expression Recognition,code/segmentor_feature_extractor.py,SanjayKhatwani Handwritten Math Expression Recognition::code/segmentor_feature_extractor.py,['Sanjay Khatwani'],[],[],['Sanjay Khatwani'],0,0,1,0.0,0.0,1.0,286.0,5.818181818181818,17.0,False,radon,0,0,1,1,6,2,0,18,8,0,3,0,0,10,0,0,0,0,0,code/segmentor_feature_extractor.py,2,15,0,5,0,0,0,3,32,67,0,0,0,0,0,0,0,0,0,0,2,0,0,0,0,0,0,SanjayKhatwani Handwritten Math Expression Recognition,0,0,0,0,0
SanjayKhatwani Handwritten Math Expression Recognition,code/segmentor_using_binary_detector.py,SanjayKhatwani Handwritten Math Expression Recognition::code/segmentor_using_binary_detector.py,['Sanjay Khatwani'],[],[],['Sanjay Khatwani'],0,0,1,0.0,0.0,1.0,249.0,5.333333333333333,16.0,False,radon,0,0,1,1,6,2,0,18,8,0,3,0,0,10,0,0,0,0,0,code/segmentor_using_binary_detector.py,2,15,0,5,0,0,0,3,32,67,0,0,0,0,0,0,0,0,0,0,2,0,0,0,0,0,0,SanjayKhatwani Handwritten Math Expression Recognition,0,0,0,0,0
SanjayKhatwani Handwritten Math Expression Recognition,code/stroke_level_parser.py,SanjayKhatwani Handwritten Math Expression Recognition::code/stroke_level_parser.py,['Sanjay Khatwani'],[],[],['Sanjay Khatwani'],0,0,1,0.0,0.0,1.0,164.0,5.5,11.0,False,radon,0,0,1,1,6,2,0,18,8,0,3,0,0,10,0,0,0,0,0,code/stroke_level_parser.py,2,15,0,5,0,0,0,3,32,67,0,0,0,0,0,0,0,0,0,0,2,0,0,0,0,0,0,SanjayKhatwani Handwritten Math Expression Recognition,0,0,0,0,0
SanjayKhatwani Handwritten Math Expression Recognition,code/symbol_level_parser.py,SanjayKhatwani Handwritten Math Expression Recognition::code/symbol_level_parser.py,['Sanjay Khatwani'],[],[],['Sanjay Khatwani'],0,0,1,0.0,0.0,1.0,149.0,5.75,11.0,False,radon,0,0,1,1,6,2,0,18,8,0,3,0,0,10,0,0,0,0,0,code/symbol_level_parser.py,2,15,0,5,0,0,0,3,32,67,0,0,0,0,0,0,0,0,0,0,2,0,0,0,0,0,0,SanjayKhatwani Handwritten Math Expression Recognition,0,0,0,0,0
SanjayKhatwani Handwritten Math Expression Recognition,code/trace.py,SanjayKhatwani Handwritten Math Expression Recognition::code/trace.py,['Sanjay Khatwani'],[],[],['Sanjay Khatwani'],0,0,1,0.0,0.0,1.0,39.0,1.1666666666666667,2.0,False,radon,0,0,1,1,6,2,0,18,8,0,3,0,0,10,0,0,0,0,0,code/trace.py,2,15,0,5,0,0,0,3,32,67,0,0,0,0,0,0,0,0,0,0,2,0,0,0,0,0,0,SanjayKhatwani Handwritten Math Expression Recognition,0,0,0,0,0
SanjayKhatwani Handwritten Math Expression Recognition,code/trace_group.py,SanjayKhatwani Handwritten Math Expression Recognition::code/trace_group.py,['Sanjay Khatwani'],[],[],['Sanjay Khatwani'],0,0,1,0.0,0.0,1.0,21.0,1.5,2.0,False,radon,0,0,1,1,6,2,0,18,8,0,3,0,0,10,0,0,0,0,0,code/trace_group.py,2,15,0,5,0,0,0,3,32,67,0,0,0,0,0,0,0,0,0,0,2,0,0,0,0,0,0,SanjayKhatwani Handwritten Math Expression Recognition,0,0,0,0,0
SanjayKhatwani Handwritten Math Expression Recognition,code/training_testing_split.py,SanjayKhatwani Handwritten Math Expression Recognition::code/training_testing_split.py,['Sanjay Khatwani'],[],[],['Sanjay Khatwani'],0,0,1,0.0,0.0,1.0,96.0,8.5,11.0,False,radon,0,0,1,1,6,2,0,18,8,0,3,0,0,10,0,0,0,0,0,code/training_testing_split.py,2,15,0,5,0,0,0,3,32,67,0,0,0,0,0,0,0,0,0,0,2,0,0,0,0,0,0,SanjayKhatwani Handwritten Math Expression Recognition,0,0,0,0,0
SharifAmit DilatedFCNSegmentation,score.py,SharifAmit DilatedFCNSegmentation::score.py,['Sharif Amit Kamran'],['Sharif Amit Kamran'],['Sharif Amit Kamran'],[],1,1,0,0.5,0.5,0.0,57.0,2.0,4.0,True,lizard,0,0,0,4,0,12,0,20,4,0,0,0,0,0,0,0,0,0,0,score.py,0,0,0,0,0,0,0,0,12,4,0,0,0,0,0,0,0,0,0,0,0,0,0,0,0,0,0,SharifAmit DilatedFCNSegmentation,0,0,0,0,0
SharifAmit DilatedFCNSegmentation,surgery.py,SharifAmit DilatedFCNSegmentation::surgery.py,['Sharif Amit Kamran'],['Sharif Amit Kamran'],['Sharif Amit Kamran'],[],1,1,0,0.5,0.5,0.0,69.0,3.5,6.0,True,lizard,0,0,0,4,0,12,0,20,4,0,0,0,0,0,0,0,0,0,0,surgery.py,0,0,0,0,0,0,0,0,12,4,0,0,0,0,0,0,0,0,0,0,0,0,0,0,0,0,0,SharifAmit DilatedFCNSegmentation,0,0,0,0,0
SharifAmit DilatedFCNSegmentation,voc_layers.py,SharifAmit DilatedFCNSegmentation::voc_layers.py,['Sharif Amit Kamran'],['Sharif Amit Kamran'],['Sharif Amit Kamran'],[],1,1,0,0.5,0.5,0.0,234.0,2.142857142857143,5.0,False,radon,0,0,0,4,0,12,0,20,4,0,0,0,0,0,0,0,0,0,0,voc_layers.py,0,0,0,0,0,0,0,0,12,4,0,0,0,0,0,0,0,0,0,0,0,0,0,0,0,0,0,SharifAmit DilatedFCNSegmentation,0,0,0,0,0
TIBHannover GeoEstimation,classification/dataset.py,TIBHannover GeoEstimation::classification/dataset.py,"['Jonas Theiner', 'PircDef', 'TIB Visual Analytics', 'jtheiner']","['PircDef', 'TIB Visual Analytics']","['Jonas Theiner', 'jtheiner']",[],2,2,0,0.5,0.5,0.0,244.0,5.4,14.0,False,radon,0,0,18,0,0,56,0,122,48,0,0,0,12,6,0,0,6,0,0,classification/dataset.py,0,20,0,12,0,0,0,20,238,198,0,0,0,53,0,0,0,0,0,0,0,0,0,0,0,0,0,TIBHannover GeoEstimation,0,0,0,0,0
TIBHannover GeoEstimation,classification/inference.py,TIBHannover GeoEstimation::classification/inference.py,"['Jonas Theiner', 'jtheiner']",[],"['Jonas Theiner', 'jtheiner']",[],0,2,0,0.0,1.0,0.0,98.0,1.0,1.0,False,radon,0,0,15,0,0,48,0,103,40,0,0,0,10,5,0,0,5,0,0,classification/inference.py,0,15,0,10,0,0,0,15,198,157,0,0,0,44,0,0,0,0,0,0,0,0,0,0,0,0,0,TIBHannover GeoEstimation,0,0,0,0,0
TIBHannover GeoEstimation,classification/s2_utils.py,TIBHannover GeoEstimation::classification/s2_utils.py,"['Jonas Theiner', 'jtheiner']",[],"['Jonas Theiner', 'jtheiner']",[],0,2,0,0.0,1.0,0.0,149.0,2.5,9.0,False,radon,0,0,12,0,0,38,0,82,32,0,0,0,8,4,0,0,4,0,0,classification/s2_utils.py,0,12,0,8,0,0,0,12,158,124,0,0,0,35,0,0,0,0,0,0,0,0,0,0,0,0,0,TIBHannover GeoEstimation,0,0,0,0,0
TIBHannover GeoEstimation,classification/test.py,TIBHannover GeoEstimation::classification/test.py,"['Jonas Theiner', 'jtheiner']",[],"['Jonas Theiner', 'jtheiner']",[],0,2,0,0.0,1.0,0.0,113.0,1.0,1.0,False,radon,0,0,15,0,0,48,0,103,40,0,0,0,10,5,0,0,5,0,0,classification/test.py,0,15,0,10,0,0,0,15,198,157,0,0,0,44,0,0,0,0,0,0,0,0,0,0,0,0,0,TIBHannover GeoEstimation,0,0,0,0,0
TIBHannover GeoEstimation,classification/train_base.py,TIBHannover GeoEstimation::classification/train_base.py,"['Jonas Theiner', 'jtheiner']",[],"['Jonas Theiner', 'jtheiner']",[],0,2,0,0.0,1.0,0.0,432.0,3.764705882352941,14.0,False,radon,0,0,6,0,0,20,0,42,16,0,0,0,4,2,0,0,2,0,0,classification/train_base.py,0,6,0,4,0,0,0,6,80,58,0,0,0,17,0,0,0,0,0,0,0,0,0,0,0,0,0,TIBHannover GeoEstimation,0,0,0,0,0
TIBHannover GeoEstimation,classification/utils_global.py,TIBHannover GeoEstimation::classification/utils_global.py,"['Jonas Theiner', 'jtheiner']",[],"['Jonas Theiner', 'jtheiner']",[],0,2,0,0.0,1.0,0.0,178.0,4.0,6.0,False,radon,0,0,6,0,0,20,0,42,16,0,0,0,4,2,0,0,2,0,0,classification/utils_global.py,0,6,0,4,0,0,0,6,80,58,0,0,0,17,0,0,0,0,0,0,0,0,0,0,0,0,0,TIBHannover GeoEstimation,0,0,0,0,0
TIBHannover GeoEstimation,download_images.py,TIBHannover GeoEstimation::download_images.py,"['Jonas Theiner', 'jtheiner']",[],"['Jonas Theiner', 'jtheiner']",[],0,2,0,0.0,1.0,0.0,236.0,2.7142857142857144,6.0,False,radon,0,0,9,0,0,30,0,63,24,0,0,0,6,3,0,0,3,0,0,download_images.py,0,9,0,6,0,0,0,9,120,91,0,0,0,26,0,0,0,0,0,0,0,0,0,0,0,0,0,TIBHannover GeoEstimation,0,0,0,0,0
TIBHannover GeoEstimation,filter_by_downloaded_images.py,TIBHannover GeoEstimation::filter_by_downloaded_images.py,"['Jonas Theiner', 'PircDef', 'TIB Visual Analytics', 'jtheiner']","['PircDef', 'TIB Visual Analytics']","['Jonas Theiner', 'jtheiner']",[],2,2,0,0.5,0.5,0.0,223.0,4.625,10.0,False,radon,0,0,12,0,0,38,0,82,32,0,0,0,8,4,0,0,4,0,0,filter_by_downloaded_images.py,0,14,0,8,0,0,0,14,160,132,0,0,0,35,0,0,0,0,0,0,0,0,0,0,0,0,0,TIBHannover GeoEstimation,0,0,0,0,0
TIBHannover GeoEstimation,msgpack_viewer.py,TIBHannover GeoEstimation::msgpack_viewer.py,"['Jonas Theiner', 'PircDef', 'TIB Visual Analytics']","['PircDef', 'TIB Visual Analytics']",['Jonas Theiner'],[],2,1,0,0.6666666666666666,0.3333333333333333,0.0,167.0,6.4,12.0,False,radon,0,0,9,0,0,27,0,60,24,0,0,0,6,3,0,0,3,0,0,msgpack_viewer.py,0,12,0,6,0,0,0,12,120,111,0,0,0,27,0,0,0,0,0,0,0,0,0,0,0,0,0,TIBHannover GeoEstimation,0,0,0,0,0
TIBHannover GeoEstimation,partitioning/assign_classes.py,TIBHannover GeoEstimation::partitioning/assign_classes.py,"['Jonas Theiner', 'jtheiner']",[],"['Jonas Theiner', 'jtheiner']",[],0,2,0,0.0,1.0,0.0,153.0,1.75,3.0,False,radon,0,0,6,0,0,20,0,42,16,0,0,0,4,2,0,0,2,0,0,partitioning/assign_classes.py,0,6,0,4,0,0,0,6,80,58,0,0,0,17,0,0,0,0,0,0,0,0,0,0,0,0,0,TIBHannover GeoEstimation,0,0,0,0,0
TIBHannover GeoEstimation,partitioning/create_cells.py,TIBHannover GeoEstimation::partitioning/create_cells.py,"['Jonas Theiner', 'jtheiner']",[],"['Jonas Theiner', 'jtheiner']",[],0,2,0,0.0,1.0,0.0,238.0,3.2222222222222223,7.0,False,radon,0,0,6,0,0,20,0,42,16,0,0,0,4,2,0,0,2,0,0,partitioning/create_cells.py,0,6,0,4,0,0,0,6,80,66,0,0,0,18,0,0,0,0,0,0,0,0,0,0,0,0,0,TIBHannover GeoEstimation,0,0,0,0,0
TIBHannover GeoEstimation,scene_classification.py,TIBHannover GeoEstimation::scene_classification.py,"['Eric Mueller', 'TIB Visual Analytics', 'gmberton', 'jtheiner', 'muellerer']","['Eric Mueller', 'TIB Visual Analytics', 'gmberton', 'muellerer']",['jtheiner'],[],4,1,0,0.8,0.2,0.0,101.0,2.625,6.0,False,radon,5,2,38,6,21,28,0,132,39,0,0,0,4,8,0,0,22,0,0,scene_classification.py,0,30,0,4,0,0,0,74,254,221,0,0,0,19,0,0,0,0,0,0,0,0,0,0,0,0,0,TIBHannover GeoEstimation,0,0,0,0,0
Tiiiger bert score,bert_score/score.py,Tiiiger bert score::bert_score/score.py,"['Ethan Perez', 'Felix Wu', 'Nikita', 'Praveenkumar', 'Tianyi', 'Tiiiger', 'Varsha Kishore', 'dougian', 'felixgwu', 'varshakishore']","['Ethan Perez', 'Nikita', 'Praveenkumar', 'Tianyi', 'Tiiiger', 'Varsha Kishore', 'dougian', 'felixgwu', 'varshakishore']",['Felix Wu'],['Tianyi'],9,1,1,0.8181818181818182,0.09090909090909091,0.09090909090909091,321.0,22.0,25.0,False,radon,94,10,32,0,0,266,0,428,130,12,0,0,160,0,0,0,60,0,0,bert_score/score.py,0,282,0,6,0,0,86,366,2146,576,0,0,12,166,0,0,0,0,0,0,0,0,0,0,0,0,0,Tiiiger bert score,0,0,0,0,0
Tiiiger bert score,bert_score/scorer.py,Tiiiger bert score::bert_score/scorer.py,"['Felix Wu', 'Nikita', 'Tianyi', 'dougian', 'felixgwu']","['Nikita', 'Tianyi', 'dougian', 'felixgwu']",['Felix Wu'],['Tianyi'],4,1,1,0.6666666666666666,0.16666666666666666,0.16666666666666666,350.0,3.4,11.0,False,radon,22,4,0,0,0,168,0,188,20,12,0,0,78,0,0,0,44,0,0,bert_score/scorer.py,0,166,0,6,0,0,70,146,1200,270,0,0,12,122,0,0,0,0,0,0,0,0,0,0,0,0,0,Tiiiger bert score,0,0,0,0,0
Tiiiger bert score,bert_score/utils.py,Tiiiger bert score::bert_score/utils.py,"['Daniel Stancl', 'Ethan Perez', 'Felix Wu', 'Jihyung Moon', 'Jin Yong Jeffrey Yoo', 'Kir Zharov', 'Nikita', 'Seth Russell', 'Tianyi', 'Tiiiger', 'Varsha Kishore', 'dougian', 'felixgwu', 'shirley wu']","['Daniel Stancl', 'Ethan Perez', 'Jihyung Moon', 'Jin Yong Jeffrey Yoo', 'Kir Zharov', 'Nikita', 'Seth Russell', 'Tianyi', 'Tiiiger', 'Varsha Kishore', 'dougian', 'felixgwu', 'shirley wu']",['Felix Wu'],['Tianyi'],13,1,1,0.8666666666666667,0.06666666666666667,0.06666666666666667,727.0,6.538461538461538,28.0,False,radon,90,20,54,0,0,848,0,1114,212,48,0,0,374,0,0,0,160,0,0,bert_score/utils.py,0,730,0,24,0,0,240,754,5276,1324,0,0,48,450,0,0,0,0,0,0,0,0,0,0,0,0,0,Tiiiger bert score,0,0,0,0,0
Tiiiger bert score,bert_score_cli/score.py,Tiiiger bert score::bert_score_cli/score.py,"['Felix Wu', 'Nikita', 'felixgwu']","['Nikita', 'felixgwu']",['Felix Wu'],[],2,1,0,0.6666666666666666,0.3333333333333333,0.0,134.0,13.0,13.0,False,radon,20,2,0,0,0,140,0,156,16,12,0,0,68,0,0,0,38,0,0,bert_score_cli/score.py,0,146,0,6,0,0,60,128,1068,242,0,0,12,108,0,0,0,0,0,0,0,0,0,0,0,0,0,Tiiiger bert score,0,0,0,0,0
Tiiiger bert score,bert_score_cli/visualize.py,Tiiiger bert score::bert_score_cli/visualize.py,"['Felix Wu', 'felixgwu']",['felixgwu'],['Felix Wu'],[],1,1,0,0.5,0.5,0.0,79.0,1.0,1.0,False,radon,0,0,0,0,0,90,0,100,10,8,0,0,42,0,0,0,22,0,0,bert_score_cli/visualize.py,0,88,0,4,0,0,42,76,652,146,0,0,8,64,0,0,0,0,0,0,0,0,0,0,0,0,0,Tiiiger bert score,0,0,0,0,0
Tiiiger bert score,get_rescale_baseline/get_rescale_baseline.py,Tiiiger bert score::get_rescale_baseline/get_rescale_baseline.py,['Felix Wu'],[],['Felix Wu'],[],0,1,0,0.0,1.0,0.0,98.0,5.5,9.0,False,radon,0,0,2,0,0,80,0,90,8,8,0,0,24,0,0,0,12,0,0,get_rescale_baseline/get_rescale_baseline.py,0,56,0,4,0,0,30,40,366,98,0,0,8,38,0,0,0,0,0,0,0,0,0,0,0,0,0,Tiiiger bert score,0,0,0,0,0
Tiiiger bert score,reproduce/get_wmt17_sys_results.py,Tiiiger bert score::reproduce/get_wmt17_sys_results.py,['Felix Wu'],[],['Felix Wu'],[],0,1,0,0.0,1.0,0.0,170.0,6.666666666666667,10.0,False,radon,0,0,0,0,0,82,0,94,12,8,0,0,24,0,0,0,12,0,0,reproduce/get_wmt17_sys_results.py,0,58,0,4,0,0,30,40,374,104,0,0,12,40,0,0,0,0,0,0,0,0,0,0,0,0,0,Tiiiger bert score,0,0,0,0,0
Tiiiger bert score,reproduce/get_wmt18_seg_results.py,Tiiiger bert score::reproduce/get_wmt18_seg_results.py,['Felix Wu'],[],['Felix Wu'],[],0,1,0,0.0,1.0,0.0,176.0,5.25,10.0,False,radon,0,0,0,0,0,84,0,96,12,8,0,0,24,0,0,0,12,0,0,reproduce/get_wmt18_seg_results.py,0,60,0,4,0,0,30,40,376,106,0,0,12,42,0,0,0,0,0,0,0,0,0,0,0,0,0,Tiiiger bert score,0,0,0,0,0
Tiiiger bert score,tests/custom_assertions.py,Tiiiger bert score::tests/custom_assertions.py,['Nikita'],['Nikita'],[],[],1,0,0,1.0,0.0,0.0,15.0,2.3333333333333335,3.0,False,radon,20,2,0,0,0,28,0,32,4,4,0,0,8,0,0,0,4,0,0,tests/custom_assertions.py,0,20,0,2,0,0,6,14,126,36,0,0,4,14,0,0,0,0,0,0,0,0,0,0,0,0,0,Tiiiger bert score,0,0,0,0,0
Tiiiger bert score,tests/test_score_function.py,Tiiiger bert score::tests/test_score_function.py,"['Felix Wu', 'Nikita', 'Seth Russell', 'Tianyi']","['Nikita', 'Seth Russell', 'Tianyi']",['Felix Wu'],['Tianyi'],3,1,1,0.6,0.2,0.2,221.0,1.1111111111111112,2.0,False,radon,26,4,0,0,0,130,0,144,14,12,0,0,62,0,0,0,36,0,0,tests/test_score_function.py,0,136,0,6,0,0,58,116,994,230,0,0,12,102,0,0,0,0,0,0,0,0,0,0,0,0,0,Tiiiger bert score,0,0,0,0,0
Tiiiger bert score,tests/test_scorer.py,Tiiiger bert score::tests/test_scorer.py,"['Felix Wu', 'Nikita', 'Tianyi']","['Nikita', 'Tianyi']",['Felix Wu'],['Tianyi'],2,1,1,0.5,0.25,0.25,149.0,1.1428571428571428,2.0,False,radon,26,4,0,0,0,116,0,128,12,12,0,0,56,0,0,0,32,0,0,tests/test_scorer.py,0,122,0,6,0,0,52,102,884,210,0,0,12,92,0,0,0,0,0,0,0,0,0,0,0,0,0,Tiiiger bert score,0,0,0,0,0
Tiiiger bert score,tune_layers/tune_layers.py,Tiiiger bert score::tune_layers/tune_layers.py,['Felix Wu'],[],['Felix Wu'],[],0,1,0,0.0,1.0,0.0,125.0,4.333333333333333,10.0,False,radon,0,2,0,0,0,134,0,150,16,8,0,0,54,0,0,0,28,0,0,tune_layers/tune_layers.py,0,114,0,4,0,0,52,92,804,190,0,0,12,80,0,0,0,0,0,0,0,0,0,0,0,0,0,Tiiiger bert score,0,0,0,0,0
Tixierae graph 2D CNN,baselines/graphlet_kernel.py,Tixierae graph 2D CNN::baselines/graphlet_kernel.py,['giannisnik'],['giannisnik'],[],[],1,0,0,1.0,0.0,0.0,127.0,7.0,18.0,True,lizard,0,0,0,0,0,0,0,2,2,0,0,0,0,0,0,0,0,0,0,baselines/graphlet_kernel.py,0,1,0,0,0,0,0,0,1,0,0,0,0,0,0,0,0,0,0,0,0,0,0,0,0,0,0,Tixierae graph 2D CNN,0,0,0,0,0
Tixierae graph 2D CNN,baselines/wl_subtree_kernel.py,Tixierae graph 2D CNN::baselines/wl_subtree_kernel.py,['giannisnik'],['giannisnik'],[],[],1,0,0,1.0,0.0,0.0,134.0,12.5,20.0,False,radon,0,0,0,0,0,0,0,2,2,0,0,0,0,0,0,0,0,0,0,baselines/wl_subtree_kernel.py,0,1,0,0,0,0,0,0,1,0,0,0,0,0,0,0,0,0,0,0,0,0,0,0,0,0,0,Tixierae graph 2D CNN,0,0,0,0,0
Tixierae graph 2D CNN,code/get_histograms.py,Tixierae graph 2D CNN::code/get_histograms.py,['antoine tixier'],['antoine tixier'],[],[],1,0,0,1.0,0.0,0.0,114.0,3.8,7.0,True,lizard,0,0,0,0,0,9,0,9,0,0,0,0,0,0,0,0,0,0,0,code/get_histograms.py,0,0,0,0,0,0,0,0,0,0,0,0,0,0,0,0,0,0,0,0,0,0,0,0,0,0,0,Tixierae graph 2D CNN,0,0,0,0,0
Tixierae graph 2D CNN,code/get_node2vec.py,Tixierae graph 2D CNN::code/get_node2vec.py,['antoine tixier'],['antoine tixier'],[],[],1,0,0,1.0,0.0,0.0,137.0,2.0,3.0,True,lizard,1,1,0,0,0,18,0,18,0,0,0,0,0,0,0,0,0,0,0,code/get_node2vec.py,0,0,0,0,0,0,0,0,0,0,0,0,0,0,0,0,0,0,0,0,0,0,0,0,0,0,0,Tixierae graph 2D CNN,0,0,0,0,0
Tixierae graph 2D CNN,code/main.py,Tixierae graph 2D CNN::code/main.py,['antoine tixier'],['antoine tixier'],[],[],1,0,0,1.0,0.0,0.0,353.0,11.0,29.0,True,lizard,0,0,0,0,0,9,0,9,0,0,0,0,0,0,0,0,0,0,0,code/main.py,0,0,0,0,0,0,0,0,0,0,0,0,0,0,0,0,0,0,0,0,0,0,0,0,0,0,0,Tixierae graph 2D CNN,0,0,0,0,0
Tixierae graph 2D CNN,code/main_data_augmentation.py,Tixierae graph 2D CNN::code/main_data_augmentation.py,['antoine tixier'],['antoine tixier'],[],[],1,0,0,1.0,0.0,0.0,468.0,9.666666666666666,48.0,True,lizard,0,0,0,0,0,9,0,9,0,0,0,0,0,0,0,0,0,0,0,code/main_data_augmentation.py,0,0,0,0,0,0,0,0,0,0,0,0,0,0,0,0,0,0,0,0,0,0,0,0,0,0,0,Tixierae graph 2D CNN,0,0,0,0,0
Yochengliu MLIC KD WSD,caffe-MLIC/examples/finetune_flickr_style/assemble_data.py,Yochengliu MLIC KD WSD::caffe-MLIC/examples/finetune_flickr_style/assemble_data.py,['Yochengliu'],['Yochengliu'],[],[],1,0,0,1.0,0.0,0.0,99.0,5.0,5.0,False,radon,0,0,5,8,6,16,0,49,14,0,0,0,11,4,0,1,10,0,0,caffe-MLIC/examples/finetune_flickr_style/assemble_data.py,14,32,0,9,0,0,7,9,232,95,0,0,0,4,0,0,0,0,0,1,0,0,0,0,0,0,0,Yochengliu MLIC KD WSD,0,0,0,0,0
Yochengliu MLIC KD WSD,caffe-MLIC/examples/pycaffe/caffenet.py,Yochengliu MLIC KD WSD::caffe-MLIC/examples/pycaffe/caffenet.py,['Yochengliu'],['Yochengliu'],[],[],1,0,0,1.0,0.0,0.0,56.0,1.2,2.0,False,radon,0,0,5,8,6,16,0,49,14,0,0,0,11,4,0,1,10,0,0,caffe-MLIC/examples/pycaffe/caffenet.py,14,32,0,9,0,0,7,9,232,95,0,0,0,4,0,0,0,0,0,1,0,0,0,0,0,0,0,Yochengliu MLIC KD WSD,0,0,0,0,0
Yochengliu MLIC KD WSD,caffe-MLIC/examples/pycaffe/layers/pascal_multilabel_datalayers.py,Yochengliu MLIC KD WSD::caffe-MLIC/examples/pycaffe/layers/pascal_multilabel_datalayers.py,['Yochengliu'],['Yochengliu'],[],[],1,0,0,1.0,0.0,0.0,217.0,1.6,3.0,True,lizard,0,0,5,8,6,16,0,49,14,0,0,0,11,4,0,1,10,0,0,caffe-MLIC/examples/pycaffe/layers/pascal_multilabel_datalayers.py,14,32,0,9,0,0,7,9,232,95,0,0,0,4,0,0,0,0,0,1,0,0,0,0,0,0,0,Yochengliu MLIC KD WSD,0,0,0,0,0
Yochengliu MLIC KD WSD,caffe-MLIC/examples/pycaffe/layers/pyloss.py,Yochengliu MLIC KD WSD::caffe-MLIC/examples/pycaffe/layers/pyloss.py,['Yochengliu'],['Yochengliu'],[],[],1,0,0,1.0,0.0,0.0,38.0,2.4,4.0,False,radon,0,0,5,8,6,16,0,49,14,0,0,0,11,4,0,1,10,0,0,caffe-MLIC/examples/pycaffe/layers/pyloss.py,14,32,0,9,0,0,7,9,232,95,0,0,0,4,0,0,0,0,0,1,0,0,0,0,0,0,0,Yochengliu MLIC KD WSD,0,0,0,0,0
Yochengliu MLIC KD WSD,caffe-MLIC/examples/pycaffe/tools.py,Yochengliu MLIC KD WSD::caffe-MLIC/examples/pycaffe/tools.py,['Yochengliu'],['Yochengliu'],[],[],1,0,0,1.0,0.0,0.0,122.0,1.9,4.0,False,radon,0,0,5,8,6,16,0,49,14,0,0,0,11,4,0,1,10,0,0,caffe-MLIC/examples/pycaffe/tools.py,14,32,0,9,0,0,7,9,232,95,0,0,0,4,0,0,0,0,0,1,0,0,0,0,0,0,0,Yochengliu MLIC KD WSD,0,0,0,0,0
Yochengliu MLIC KD WSD,caffe-MLIC/examples/web_demo/app.py,Yochengliu MLIC KD WSD::caffe-MLIC/examples/web_demo/app.py,['Yochengliu'],['Yochengliu'],[],[],1,0,0,1.0,0.0,0.0,228.0,2.4,6.0,False,radon,0,0,5,8,6,16,0,49,14,0,0,0,11,4,0,1,10,0,0,caffe-MLIC/examples/web_demo/app.py,14,32,0,9,0,0,7,9,232,95,0,0,0,4,0,0,0,0,0,1,0,0,0,0,0,0,0,Yochengliu MLIC KD WSD,0,0,0,0,0
Yochengliu MLIC KD WSD,caffe-MLIC/examples/web_demo/exifutil.py,Yochengliu MLIC KD WSD::caffe-MLIC/examples/web_demo/exifutil.py,['Yochengliu'],['Yochengliu'],[],[],1,0,0,1.0,0.0,0.0,40.0,4.5,6.0,False,radon,0,0,5,8,6,16,0,49,14,0,0,0,11,4,0,1,10,0,0,caffe-MLIC/examples/web_demo/exifutil.py,14,32,0,9,0,0,7,9,232,95,0,0,0,4,0,0,0,0,0,1,0,0,0,0,0,0,0,Yochengliu MLIC KD WSD,0,0,0,0,0
Yochengliu MLIC KD WSD,caffe-MLIC/python/caffe/classifier.py,Yochengliu MLIC KD WSD::caffe-MLIC/python/caffe/classifier.py,['Yochengliu'],['Yochengliu'],[],[],1,0,0,1.0,0.0,0.0,99.0,6.0,7.0,False,radon,0,0,5,8,6,16,0,49,14,0,0,0,11,4,0,1,10,0,0,caffe-MLIC/python/caffe/classifier.py,14,32,0,9,0,0,7,9,232,95,0,0,0,4,0,0,0,0,0,1,0,0,0,0,0,0,0,Yochengliu MLIC KD WSD,0,0,0,0,0
Yochengliu MLIC KD WSD,caffe-MLIC/python/caffe/coord_map.py,Yochengliu MLIC KD WSD::caffe-MLIC/python/caffe/coord_map.py,['Yochengliu'],['Yochengliu'],[],[],1,0,0,1.0,0.0,0.0,186.0,3.0,8.0,False,radon,0,0,5,8,6,16,0,49,14,0,0,0,11,4,0,1,10,0,0,caffe-MLIC/python/caffe/coord_map.py,14,32,0,9,0,0,7,9,232,95,0,0,0,4,0,0,0,0,0,1,0,0,0,0,0,0,0,Yochengliu MLIC KD WSD,0,0,0,0,0
Yochengliu MLIC KD WSD,caffe-MLIC/python/caffe/detector.py,Yochengliu MLIC KD WSD::caffe-MLIC/python/caffe/detector.py,['Yochengliu'],['Yochengliu'],[],[],1,0,0,1.0,0.0,0.0,217.0,5.333333333333333,8.0,False,radon,0,0,5,8,6,16,0,49,14,0,0,0,11,4,0,1,10,0,0,caffe-MLIC/python/caffe/detector.py,14,32,0,9,0,0,7,9,232,95,0,0,0,4,0,0,0,0,0,1,0,0,0,0,0,0,0,Yochengliu MLIC KD WSD,0,0,0,0,0
Yochengliu MLIC KD WSD,caffe-MLIC/python/caffe/draw.py,Yochengliu MLIC KD WSD::caffe-MLIC/python/caffe/draw.py,['Yochengliu'],['Yochengliu'],[],[],1,0,0,1.0,0.0,0.0,245.0,6.0,20.0,False,radon,0,0,5,8,6,16,0,49,14,0,0,0,11,4,0,1,10,0,0,caffe-MLIC/python/caffe/draw.py,14,32,0,9,0,0,7,9,232,95,0,0,0,4,0,0,0,0,0,1,0,0,0,0,0,0,0,Yochengliu MLIC KD WSD,0,0,0,0,0
Yochengliu MLIC KD WSD,caffe-MLIC/python/caffe/io.py,Yochengliu MLIC KD WSD::caffe-MLIC/python/caffe/io.py,['Yochengliu'],['Yochengliu'],[],[],1,0,0,1.0,0.0,0.0,384.0,3.3157894736842106,7.0,False,radon,0,0,5,8,6,16,0,49,14,0,0,0,11,4,0,1,10,0,0,caffe-MLIC/python/caffe/io.py,14,32,0,9,0,0,7,9,232,95,0,0,0,4,0,0,0,0,0,1,0,0,0,0,0,0,0,Yochengliu MLIC KD WSD,0,0,0,0,0
Yochengliu MLIC KD WSD,caffe-MLIC/python/caffe/net_spec.py,Yochengliu MLIC KD WSD::caffe-MLIC/python/caffe/net_spec.py,['Yochengliu'],['Yochengliu'],[],[],1,0,0,1.0,0.0,0.0,227.0,2.652173913043478,9.0,False,radon,0,0,5,8,6,16,0,49,14,0,0,0,11,4,0,1,10,0,0,caffe-MLIC/python/caffe/net_spec.py,14,32,0,9,0,0,7,9,232,95,0,0,0,4,0,0,0,0,0,1,0,0,0,0,0,0,0,Yochengliu MLIC KD WSD,0,0,0,0,0
Yochengliu MLIC KD WSD,caffe-MLIC/python/caffe/pycaffe.py,Yochengliu MLIC KD WSD::caffe-MLIC/python/caffe/pycaffe.py,['Yochengliu'],['Yochengliu'],[],[],1,0,0,1.0,0.0,0.0,335.0,5.25,15.0,False,radon,0,0,5,8,6,16,0,49,14,0,0,0,11,4,0,1,10,0,0,caffe-MLIC/python/caffe/pycaffe.py,14,32,0,9,0,0,7,9,232,95,0,0,0,4,0,0,0,0,0,1,0,0,0,0,0,0,0,Yochengliu MLIC KD WSD,0,0,0,0,0
Yochengliu MLIC KD WSD,caffe-MLIC/python/caffe/test/test_coord_map.py,Yochengliu MLIC KD WSD::caffe-MLIC/python/caffe/test/test_coord_map.py,['Yochengliu'],['Yochengliu'],[],[],1,0,0,1.0,0.0,0.0,193.0,1.2857142857142858,3.0,False,radon,0,0,5,8,6,16,0,49,14,0,0,0,11,4,0,1,10,0,0,caffe-MLIC/python/caffe/test/test_coord_map.py,14,32,0,9,0,0,7,9,232,95,0,0,0,4,0,0,0,0,0,1,0,0,0,0,0,0,0,Yochengliu MLIC KD WSD,0,0,0,0,0
Yochengliu MLIC KD WSD,caffe-MLIC/python/caffe/test/test_io.py,Yochengliu MLIC KD WSD::caffe-MLIC/python/caffe/test/test_io.py,['Yochengliu'],['Yochengliu'],[],[],1,0,0,1.0,0.0,0.0,57.0,1.2857142857142858,2.0,False,radon,0,0,5,8,6,16,0,49,14,0,0,0,11,4,0,1,10,0,0,caffe-MLIC/python/caffe/test/test_io.py,14,32,0,9,0,0,7,9,232,95,0,0,0,4,0,0,0,0,0,1,0,0,0,0,0,0,0,Yochengliu MLIC KD WSD,0,0,0,0,0
Yochengliu MLIC KD WSD,caffe-MLIC/python/caffe/test/test_layer_type_list.py,Yochengliu MLIC KD WSD::caffe-MLIC/python/caffe/test/test_layer_type_list.py,['Yochengliu'],['Yochengliu'],[],[],1,0,0,1.0,0.0,0.0,12.0,2.5,3.0,False,radon,0,0,5,8,6,16,0,49,14,0,0,0,11,4,0,1,10,0,0,caffe-MLIC/python/caffe/test/test_layer_type_list.py,14,32,0,9,0,0,7,9,232,95,0,0,0,4,0,0,0,0,0,1,0,0,0,0,0,0,0,Yochengliu MLIC KD WSD,0,0,0,0,0
Yochengliu MLIC KD WSD,caffe-MLIC/python/caffe/test/test_net.py,Yochengliu MLIC KD WSD::caffe-MLIC/python/caffe/test/test_net.py,['Yochengliu'],['Yochengliu'],[],[],1,0,0,1.0,0.0,0.0,346.0,1.4666666666666666,3.0,False,radon,0,0,5,8,6,16,0,49,14,0,0,0,11,4,0,1,10,0,0,caffe-MLIC/python/caffe/test/test_net.py,14,32,0,9,0,0,7,9,232,95,0,0,0,4,0,0,0,0,0,1,0,0,0,0,0,0,0,Yochengliu MLIC KD WSD,0,0,0,0,0
Yochengliu MLIC KD WSD,caffe-MLIC/python/caffe/test/test_net_spec.py,Yochengliu MLIC KD WSD::caffe-MLIC/python/caffe/test/test_net_spec.py,['Yochengliu'],['Yochengliu'],[],[],1,0,0,1.0,0.0,0.0,82.0,1.1428571428571428,2.0,False,radon,0,0,5,8,6,16,0,49,14,0,0,0,11,4,0,1,10,0,0,caffe-MLIC/python/caffe/test/test_net_spec.py,14,32,0,9,0,0,7,9,232,95,0,0,0,4,0,0,0,0,0,1,0,0,0,0,0,0,0,Yochengliu MLIC KD WSD,0,0,0,0,0
Yochengliu MLIC KD WSD,caffe-MLIC/python/caffe/test/test_python_layer.py,Yochengliu MLIC KD WSD::caffe-MLIC/python/caffe/test/test_python_layer.py,['Yochengliu'],['Yochengliu'],[],[],1,0,0,1.0,0.0,0.0,169.0,1.3571428571428572,3.0,False,radon,0,0,5,8,6,16,0,49,14,0,0,0,11,4,0,1,10,0,0,caffe-MLIC/python/caffe/test/test_python_layer.py,14,32,0,9,0,0,7,9,232,95,0,0,0,4,0,0,0,0,0,1,0,0,0,0,0,0,0,Yochengliu MLIC KD WSD,0,0,0,0,0
Yochengliu MLIC KD WSD,caffe-MLIC/python/caffe/test/test_python_layer_with_param_str.py,Yochengliu MLIC KD WSD::caffe-MLIC/python/caffe/test/test_python_layer_with_param_str.py,['Yochengliu'],['Yochengliu'],[],[],1,0,0,1.0,0.0,0.0,62.0,1.6,3.0,False,radon,0,0,5,8,6,16,0,49,14,0,0,0,11,4,0,1,10,0,0,caffe-MLIC/python/caffe/test/test_python_layer_with_param_str.py,14,32,0,9,0,0,7,9,232,95,0,0,0,4,0,0,0,0,0,1,0,0,0,0,0,0,0,Yochengliu MLIC KD WSD,0,0,0,0,0
Yochengliu MLIC KD WSD,caffe-MLIC/python/caffe/test/test_solver.py,Yochengliu MLIC KD WSD::caffe-MLIC/python/caffe/test/test_solver.py,['Yochengliu'],['Yochengliu'],[],[],1,0,0,1.0,0.0,0.0,63.0,2.6,5.0,False,radon,0,0,5,8,6,16,0,49,14,0,0,0,11,4,0,1,10,0,0,caffe-MLIC/python/caffe/test/test_solver.py,14,32,0,9,0,0,7,9,232,95,0,0,0,4,0,0,0,0,0,1,0,0,0,0,0,0,0,Yochengliu MLIC KD WSD,0,0,0,0,0
Yochengliu MLIC KD WSD,caffe-MLIC/python/classify.py,Yochengliu MLIC KD WSD::caffe-MLIC/python/classify.py,['Yochengliu'],['Yochengliu'],[],[],1,0,0,1.0,0.0,0.0,139.0,9.0,9.0,False,radon,0,0,5,8,6,16,0,49,14,0,0,0,11,4,0,1,10,0,0,caffe-MLIC/python/classify.py,14,32,0,9,0,0,7,9,232,95,0,0,0,4,0,0,0,0,0,1,0,0,0,0,0,0,0,Yochengliu MLIC KD WSD,0,0,0,0,0
Yochengliu MLIC KD WSD,caffe-MLIC/python/detect.py,Yochengliu MLIC KD WSD::caffe-MLIC/python/detect.py,['Yochengliu'],['Yochengliu'],[],[],1,0,0,1.0,0.0,0.0,174.0,13.0,13.0,False,radon,0,0,5,8,6,16,0,49,14,0,0,0,11,4,0,1,10,0,0,caffe-MLIC/python/detect.py,14,32,0,9,0,0,7,9,232,95,0,0,0,4,0,0,0,0,0,1,0,0,0,0,0,0,0,Yochengliu MLIC KD WSD,0,0,0,0,0
Yochengliu MLIC KD WSD,caffe-MLIC/python/draw_net.py,Yochengliu MLIC KD WSD::caffe-MLIC/python/draw_net.py,['Yochengliu'],['Yochengliu'],[],[],1,0,0,1.0,0.0,0.0,59.0,2.5,4.0,False,radon,0,0,5,8,6,16,0,49,14,0,0,0,11,4,0,1,10,0,0,caffe-MLIC/python/draw_net.py,14,32,0,9,0,0,7,9,232,95,0,0,0,4,0,0,0,0,0,1,0,0,0,0,0,0,0,Yochengliu MLIC KD WSD,0,0,0,0,0
Yochengliu MLIC KD WSD,caffe-MLIC/scripts/cpp_lint.py,Yochengliu MLIC KD WSD::caffe-MLIC/scripts/cpp_lint.py,['Yochengliu'],['Yochengliu'],[],[],1,0,0,1.0,0.0,0.0,4869.0,6.0,69.0,False,radon,0,0,5,8,6,16,0,49,14,0,0,0,11,4,0,1,10,0,0,caffe-MLIC/scripts/cpp_lint.py,14,32,0,9,0,0,7,9,232,95,0,0,0,4,0,0,0,0,0,1,0,0,0,0,0,0,0,Yochengliu MLIC KD WSD,0,0,0,0,0
Yochengliu MLIC KD WSD,caffe-MLIC/scripts/download_model_binary.py,Yochengliu MLIC KD WSD::caffe-MLIC/scripts/download_model_binary.py,['Yochengliu'],['Yochengliu'],[],[],1,0,0,1.0,0.0,0.0,77.0,2.25,3.0,False,radon,0,0,5,8,6,16,0,49,14,0,0,0,11,4,0,1,10,0,0,caffe-MLIC/scripts/download_model_binary.py,14,32,0,9,0,0,7,9,232,95,0,0,0,4,0,0,0,0,0,1,0,0,0,0,0,0,0,Yochengliu MLIC KD WSD,0,0,0,0,0
Yochengliu MLIC KD WSD,caffe-MLIC/tools/extra/extract_seconds.py,Yochengliu MLIC KD WSD::caffe-MLIC/tools/extra/extract_seconds.py,['Yochengliu'],['Yochengliu'],[],[],1,0,0,1.0,0.0,0.0,65.0,2.5,4.0,False,radon,0,0,5,8,6,16,0,49,14,0,0,0,11,4,0,1,10,0,0,caffe-MLIC/tools/extra/extract_seconds.py,14,32,0,9,0,0,7,9,232,95,0,0,0,4,0,0,0,0,0,1,0,0,0,0,0,0,0,Yochengliu MLIC KD WSD,0,0,0,0,0
Yochengliu MLIC KD WSD,caffe-MLIC/tools/extra/parse_log.py,Yochengliu MLIC KD WSD::caffe-MLIC/tools/extra/parse_log.py,['Yochengliu'],['Yochengliu'],[],[],1,0,0,1.0,0.0,0.0,199.0,3.142857142857143,8.0,True,lizard,0,0,5,8,6,16,0,49,14,0,0,0,11,4,0,1,10,0,0,caffe-MLIC/tools/extra/parse_log.py,14,32,0,9,0,0,7,9,232,95,0,0,0,4,0,0,0,0,0,1,0,0,0,0,0,0,0,Yochengliu MLIC KD WSD,0,0,0,0,0
Yochengliu MLIC KD WSD,caffe-MLIC/tools/extra/resize_and_crop_images.py,Yochengliu MLIC KD WSD::caffe-MLIC/tools/extra/resize_and_crop_images.py,['Yochengliu'],['Yochengliu'],[],[],1,0,0,1.0,0.0,0.0,110.0,4.666666666666667,6.0,True,lizard,0,0,5,8,6,16,0,49,14,0,0,0,11,4,0,1,10,0,0,caffe-MLIC/tools/extra/resize_and_crop_images.py,14,32,0,9,0,0,7,9,232,95,0,0,0,4,0,0,0,0,0,1,0,0,0,0,0,0,0,Yochengliu MLIC KD WSD,0,0,0,0,0
Yochengliu MLIC KD WSD,caffe-MLIC/tools/extra/summarize.py,Yochengliu MLIC KD WSD::caffe-MLIC/tools/extra/summarize.py,['Yochengliu'],['Yochengliu'],[],[],1,0,0,1.0,0.0,0.0,141.0,5.5,20.0,True,lizard,0,0,5,8,6,16,0,49,14,0,0,0,11,4,0,1,10,0,0,caffe-MLIC/tools/extra/summarize.py,14,32,0,9,0,0,7,9,232,95,0,0,0,4,0,0,0,0,0,1,0,0,0,0,0,0,0,Yochengliu MLIC KD WSD,0,0,0,0,0
ZheC Realtime Multi Person Pose Estimation,testing/python/config_reader.py,ZheC Realtime Multi Person Pose Estimation::testing/python/config_reader.py,['shihenw'],['shihenw'],[],[],1,0,0,1.0,0.0,0.0,34.0,1.0,1.0,False,radon,0,0,0,0,4,0,0,4,0,0,0,0,0,0,0,0,0,0,0,testing/python/config_reader.py,0,1,0,0,0,0,0,0,0,33,0,0,0,0,0,0,0,0,0,0,0,0,0,0,0,0,0,ZheC Realtime Multi Person Pose Estimation,0,0,0,0,0
ZheC Realtime Multi Person Pose Estimation,testing/python/util.py,ZheC Realtime Multi Person Pose Estimation::testing/python/util.py,['shihenw'],['shihenw'],[],[],1,0,0,1.0,0.0,0.0,82.0,3.0,7.0,False,radon,0,0,0,0,4,0,0,4,0,0,0,0,0,0,0,0,0,0,0,testing/python/util.py,0,1,0,0,0,0,0,0,0,33,0,0,0,0,0,0,0,0,0,0,0,0,0,0,0,0,0,ZheC Realtime Multi Person Pose Estimation,0,0,0,0,0
ZheC Realtime Multi Person Pose Estimation,training/genLMDB.py,ZheC Realtime Multi Person Pose Estimation::training/genLMDB.py,"['Ru Wang', 'ZheC']",['Ru Wang'],['ZheC'],[],1,1,0,0.5,0.5,0.0,198.0,19.0,36.0,True,lizard,1,1,0,0,8,0,0,8,0,0,0,0,0,0,0,0,0,0,0,training/genLMDB.py,0,2,0,0,0,0,0,0,0,66,0,0,0,0,0,0,0,0,0,0,0,0,0,0,0,0,0,ZheC Realtime Multi Person Pose Estimation,0,0,0,0,0
ZheC Realtime Multi Person Pose Estimation,training/setLayers.py,ZheC Realtime Multi Person Pose Estimation::training/setLayers.py,"['Zhe Cao', 'ZheC']",['Zhe Cao'],['ZheC'],[],1,1,0,0.5,0.5,0.0,494.0,14.4,45.0,True,lizard,1,1,0,0,12,2,0,14,0,0,0,0,0,0,0,0,0,0,0,training/setLayers.py,0,3,0,0,0,0,0,0,0,99,0,0,0,0,0,0,0,0,0,0,0,0,0,0,0,0,0,ZheC Realtime Multi Person Pose Estimation,0,0,0,0,0
ad12 DOSMA,docs/source/conf.py,ad12 DOSMA::docs/source/conf.py,['Arjun Desai'],['Arjun Desai'],[],[],1,0,0,1.0,0.0,0.0,114.0,3.0,3.0,False,radon,54,1,520,89,63,156,9,1524,687,34,48,0,1155,143,0,38,185,18,0,docs/source/conf.py,4,908,0,377,52,0,190,271,6904,6769,0,0,0,112,0,0,0,0,0,72,0,0,0,0,0,0,0,ad12 DOSMA,0,4,0,4,B101B101B101B101
ad12 DOSMA,dosma/cli.py,ad12 DOSMA::dosma/cli.py,['Arjun Desai'],['Arjun Desai'],[],[],1,0,0,1.0,0.0,0.0,814.0,5.904761904761905,14.0,False,radon,83,4,645,109,63,194,8,1816,797,50,68,0,1504,174,0,43,242,34,0,dosma/cli.py,9,1106,0,433,69,0,206,311,8190,7727,0,0,0,141,0,0,0,0,0,76,0,0,0,0,0,0,0,ad12 DOSMA,0,10,0,10,B101B101B101B101B101B101B101B101B101B101
ad12 DOSMA,dosma/core/device.py,ad12 DOSMA::dosma/core/device.py,['Arjun Desai'],['Arjun Desai'],[],[],1,0,0,1.0,0.0,0.0,254.0,3.3684210526315788,18.0,False,radon,104,2,52,8,4,13,0,143,66,6,4,0,181,41,0,10,26,0,0,dosma/core/device.py,2,112,0,28,6,0,29,40,708,976,0,0,0,10,0,0,0,0,0,8,0,0,0,0,0,0,0,ad12 DOSMA,0,2,0,2,B101B101
ad12 DOSMA,dosma/core/fitting.py,ad12 DOSMA::dosma/core/fitting.py,['Arjun Desai'],['Arjun Desai'],[],[],1,0,0,1.0,0.0,0.0,1223.0,7.411764705882353,22.0,False,radon,97,3,121,20,11,32,3,352,165,12,8,0,377,89,0,22,56,0,0,dosma/core/fitting.py,4,224,0,60,12,0,61,80,1425,1997,0,0,0,28,0,0,0,0,0,20,0,0,0,0,0,0,0,ad12 DOSMA,0,5,0,5,B101B101B101B101B101
ad12 DOSMA,dosma/core/io/dicom_io.py,ad12 DOSMA::dosma/core/io/dicom_io.py,['Arjun Desai'],['Arjun Desai'],[],[],1,0,0,1.0,0.0,0.0,747.0,8.117647058823529,24.0,False,radon,126,4,121,20,12,36,3,360,168,9,6,0,276,62,0,16,39,0,0,dosma/core/io/dicom_io.py,3,168,0,42,9,0,45,60,1063,1462,0,0,0,28,0,0,0,0,0,20,0,0,0,0,0,0,0,ad12 DOSMA,0,5,0,5,B101B101B101B101B101
ad12 DOSMA,dosma/core/io/format_io.py,ad12 DOSMA::dosma/core/io/format_io.py,"['Arjun Desai', 'fsantini']","['Arjun Desai', 'fsantini']",[],[],2,0,0,1.0,0.0,0.0,202.0,1.9285714285714286,4.0,False,radon,122,4,121,20,12,39,3,366,171,6,4,0,181,41,0,10,26,0,0,dosma/core/io/format_io.py,2,112,0,28,6,0,29,40,708,976,0,0,0,28,0,0,0,0,0,20,0,0,0,0,0,0,0,ad12 DOSMA,0,5,0,5,B101B101B101B101B101
ad12 DOSMA,dosma/core/io/format_io_utils.py,ad12 DOSMA::dosma/core/io/format_io_utils.py,['Arjun Desai'],['Arjun Desai'],[],[],1,0,0,1.0,0.0,0.0,225.0,4.0,9.0,False,radon,70,2,72,12,8,27,2,226,105,3,2,0,88,19,0,5,12,0,0,dosma/core/io/format_io_utils.py,1,56,0,14,3,0,15,20,355,468,0,0,0,17,0,0,0,0,0,12,0,0,0,0,0,0,0,ad12 DOSMA,0,3,0,3,B101B101B101
ad12 DOSMA,dosma/core/io/nifti_io.py,ad12 DOSMA::dosma/core/io/nifti_io.py,['Arjun Desai'],['Arjun Desai'],[],[],1,0,0,1.0,0.0,0.0,102.0,2.1666666666666665,3.0,False,radon,70,2,72,12,7,23,2,218,102,3,2,0,88,19,0,5,12,0,0,dosma/core/io/nifti_io.py,1,56,0,14,3,0,15,20,355,468,0,0,0,17,0,0,0,0,0,12,0,0,0,0,0,0,0,ad12 DOSMA,0,3,0,3,B101B101B101
ad12 DOSMA,dosma/core/med_volume.py,ad12 DOSMA::dosma/core/med_volume.py,['Arjun Desai'],['Arjun Desai'],[],[],1,0,0,1.0,0.0,0.0,1387.0,3.721311475409836,18.0,False,radon,120,3,121,20,11,35,3,358,168,9,6,0,281,66,0,16,42,0,0,dosma/core/med_volume.py,3,168,0,44,9,0,44,60,1064,1503,0,0,0,28,0,0,0,0,0,20,0,0,0,0,0,0,0,ad12 DOSMA,0,5,0,5,B101B101B101B101B101
ad12 DOSMA,dosma/core/numpy_routines.py,ad12 DOSMA::dosma/core/numpy_routines.py,['Arjun Desai'],['Arjun Desai'],[],[],1,0,0,1.0,0.0,0.0,672.0,3.3333333333333335,22.0,False,radon,84,2,118,20,11,31,4,349,165,9,6,0,290,69,0,17,43,0,0,dosma/core/numpy_routines.py,3,168,0,44,9,0,46,60,1068,1532,0,0,0,29,0,0,0,0,0,20,0,0,0,0,0,0,0,ad12 DOSMA,0,5,0,5,B101B101B101B101B101
ad12 DOSMA,dosma/core/orientation.py,ad12 DOSMA::dosma/core/orientation.py,['Arjun Desai'],['Arjun Desai'],[],[],1,0,0,1.0,0.0,0.0,335.0,4.428571428571429,8.0,False,radon,80,2,52,8,4,14,0,144,66,6,4,0,176,38,0,10,24,0,0,dosma/core/orientation.py,2,112,0,28,6,0,30,40,710,936,0,0,0,10,0,0,0,0,0,8,0,0,0,0,0,0,0,ad12 DOSMA,0,2,0,2,B101B101
ad12 DOSMA,dosma/core/quant_vals.py,ad12 DOSMA::dosma/core/quant_vals.py,['Arjun Desai'],['Arjun Desai'],[],[],1,0,0,1.0,0.0,0.0,337.0,3.2777777777777777,18.0,False,radon,130,3,101,16,9,27,1,287,133,9,6,0,269,60,0,15,38,0,0,dosma/core/quant_vals.py,3,168,0,42,9,0,44,60,1063,1444,0,0,0,21,0,0,0,0,0,16,0,0,0,0,0,0,0,ad12 DOSMA,0,4,0,4,B101B101B101B101
ad12 DOSMA,dosma/core/registration.py,ad12 DOSMA::dosma/core/registration.py,['Arjun Desai'],['Arjun Desai'],[],[],1,0,0,1.0,0.0,0.0,558.0,7.923076923076923,39.0,False,radon,117,4,118,20,12,36,4,359,169,9,6,0,289,69,0,17,43,0,0,dosma/core/registration.py,3,168,0,44,9,0,46,60,1067,1525,0,0,0,29,0,0,0,0,0,20,0,0,0,0,0,0,0,ad12 DOSMA,0,5,0,5,B101B101B101B101B101
ad12 DOSMA,dosma/defaults.py,ad12 DOSMA::dosma/defaults.py,['Arjun Desai'],['Arjun Desai'],[],[],1,0,0,1.0,0.0,0.0,304.0,2.3684210526315788,10.0,False,radon,54,1,294,49,30,87,3,818,355,21,30,0,670,80,0,21,107,17,0,dosma/defaults.py,4,498,0,189,30,0,106,142,3610,3541,0,0,0,66,0,0,0,0,0,41,0,0,0,0,0,0,0,ad12 DOSMA,0,5,0,5,B101B101B101B101B101
ad12 DOSMA,dosma/gui/dosma_gui.py,ad12 DOSMA::dosma/gui/dosma_gui.py,['Arjun Desai'],['Arjun Desai'],[],[],1,0,0,1.0,0.0,0.0,150.0,5.166666666666667,10.0,False,radon,26,1,193,34,15,64,1,532,225,12,28,0,420,23,0,9,71,19,0,dosma/gui/dosma_gui.py,1,331,0,147,21,0,64,82,2509,2164,0,0,0,45,0,0,0,0,0,25,0,0,0,0,0,0,0,ad12 DOSMA,0,1,0,1,B101
ad12 DOSMA,dosma/gui/gui_utils/console_output.py,ad12 DOSMA::dosma/gui/gui_utils/console_output.py,['Arjun Desai'],['Arjun Desai'],[],[],1,0,0,1.0,0.0,0.0,19.0,1.3333333333333333,2.0,False,radon,0,0,113,20,10,38,1,325,143,6,16,0,231,4,0,4,41,8,0,dosma/gui/gui_utils/console_output.py,0,196,0,94,12,0,46,47,1522,1297,0,0,0,28,0,0,0,0,0,18,0,0,0,0,0,0,0,ad12 DOSMA,0,0,0,0,0
ad12 DOSMA,dosma/gui/gui_utils/filedialog_reader.py,ad12 DOSMA::dosma/gui/gui_utils/filedialog_reader.py,['Arjun Desai'],['Arjun Desai'],[],[],1,0,0,1.0,0.0,0.0,74.0,2.7142857142857144,5.0,False,radon,54,1,139,24,12,45,1,397,176,9,18,0,319,23,0,9,53,8,0,dosma/gui/gui_utils/filedialog_reader.py,1,252,0,108,15,0,61,67,1877,1765,0,0,0,33,0,0,0,0,0,22,0,0,0,0,0,0,0,ad12 DOSMA,0,1,0,1,B101
ad12 DOSMA,dosma/gui/gui_utils/gui_utils.py,ad12 DOSMA::dosma/gui/gui_utils/gui_utils.py,['Arjun Desai'],['Arjun Desai'],[],[],1,0,0,1.0,0.0,0.0,204.0,3.272727272727273,15.0,False,radon,0,0,185,34,14,64,1,503,205,10,30,0,365,4,0,4,65,23,0,dosma/gui/gui_utils/gui_utils.py,0,301,0,146,20,0,50,66,2351,1827,0,0,0,44,0,0,0,0,0,22,0,0,0,0,0,0,0,ad12 DOSMA,0,0,0,0,0
ad12 DOSMA,dosma/gui/im_viewer.py,ad12 DOSMA::dosma/gui/im_viewer.py,['Arjun Desai'],['Arjun Desai'],[],[],1,0,0,1.0,0.0,0.0,54.0,2.1666666666666665,3.0,False,radon,0,0,113,20,10,38,1,325,143,6,16,0,231,4,0,4,41,8,0,dosma/gui/im_viewer.py,0,196,0,94,12,0,46,47,1522,1297,0,0,0,28,0,0,0,0,0,18,0,0,0,0,0,0,0,ad12 DOSMA,0,0,0,0,0
ad12 DOSMA,dosma/gui/ims.py,ad12 DOSMA::dosma/gui/ims.py,['Arjun Desai'],['Arjun Desai'],[],[],1,0,0,1.0,0.0,0.0,602.0,2.341463414634146,11.0,False,radon,80,2,364,63,42,111,5,1041,456,22,38,0,800,89,0,25,124,18,0,dosma/gui/ims.py,5,599,0,249,37,0,125,165,4452,4412,0,0,0,81,0,0,0,0,0,53,0,0,0,0,0,0,0,ad12 DOSMA,0,6,0,6,B101B101B101B101B101B101
ad12 DOSMA,dosma/gui/preferences_viewer.py,ad12 DOSMA::dosma/gui/preferences_viewer.py,['Arjun Desai'],['Arjun Desai'],[],[],1,0,0,1.0,0.0,0.0,291.0,2.6363636363636362,8.0,False,radon,80,2,165,28,14,52,1,469,209,12,20,0,407,42,0,14,65,8,0,dosma/gui/preferences_viewer.py,2,308,0,122,18,0,76,87,2232,2233,0,0,0,38,0,0,0,0,0,26,0,0,0,0,0,0,0,ad12 DOSMA,0,2,0,2,B101B101
ad12 DOSMA,dosma/models/oaiunet2d.py,ad12 DOSMA::dosma/models/oaiunet2d.py,['Arjun Desai'],['Arjun Desai'],[],[],1,0,0,1.0,0.0,0.0,346.0,4.2727272727272725,13.0,False,radon,66,2,407,70,52,133,5,1216,549,23,42,0,866,77,0,23,147,8,0,dosma/models/oaiunet2d.py,4,679,0,295,42,0,133,190,5245,4764,0,0,0,93,0,0,0,0,0,56,0,0,0,0,0,0,0,ad12 DOSMA,0,5,0,5,B101B101B101B101B101
ad12 DOSMA,dosma/models/seg_model.py,ad12 DOSMA::dosma/models/seg_model.py,['Arjun Desai'],['Arjun Desai'],[],[],1,0,0,1.0,0.0,0.0,128.0,1.3333333333333333,2.0,False,radon,84,2,373,65,35,116,6,1069,474,23,38,0,850,96,0,26,139,14,0,dosma/models/seg_model.py,5,617,0,250,39,0,127,170,4671,4507,0,0,0,84,0,0,0,0,0,48,0,0,0,0,0,0,0,ad12 DOSMA,0,6,0,6,B101B101B101B101B101B101
ad12 DOSMA,dosma/models/stanford_qdess.py,ad12 DOSMA::dosma/models/stanford_qdess.py,['Arjun Desai'],['Arjun Desai'],[],[],1,0,0,1.0,0.0,0.0,206.0,6.0,12.0,False,radon,0,0,46,8,6,16,2,148,70,0,0,0,0,0,0,0,0,0,0,dosma/models/stanford_qdess.py,0,0,0,0,0,0,0,0,0,0,0,0,0,12,0,0,0,0,0,8,0,0,0,0,0,0,0,ad12 DOSMA,0,2,0,2,B101B101
ad12 DOSMA,dosma/models/util.py,ad12 DOSMA::dosma/models/util.py,['Arjun Desai'],['Arjun Desai'],[],[],1,0,0,1.0,0.0,0.0,95.0,4.5,5.0,False,radon,0,0,185,32,14,66,1,549,251,10,24,0,369,4,0,4,69,8,0,dosma/models/util.py,0,308,0,146,20,0,54,67,2480,1901,0,0,0,44,0,0,0,0,0,22,0,0,0,0,0,0,0,ad12 DOSMA,0,0,0,0,0
ad12 DOSMA,dosma/msk/knee.py,ad12 DOSMA::dosma/msk/knee.py,['Arjun Desai'],['Arjun Desai'],[],[],1,0,0,1.0,0.0,0.0,118.0,6.5,10.0,False,radon,80,2,260,44,21,84,2,743,332,16,28,0,543,42,0,14,89,20,0,dosma/msk/knee.py,2,416,0,174,26,0,80,107,3163,2765,0,0,0,60,0,0,0,0,0,34,0,0,0,0,0,0,0,ad12 DOSMA,0,3,0,3,B101B101B101
ad12 DOSMA,dosma/scan_sequences/mri/cones.py,ad12 DOSMA::dosma/scan_sequences/mri/cones.py,['Arjun Desai'],['Arjun Desai'],[],[],1,0,0,1.0,0.0,0.0,229.0,4.285714285714286,9.0,False,radon,149,5,170,28,15,44,4,492,231,15,10,0,470,111,0,27,70,0,0,dosma/scan_sequences/mri/cones.py,5,280,0,74,15,0,75,100,1778,2505,0,0,0,39,0,0,0,0,0,28,0,0,0,0,0,0,0,ad12 DOSMA,0,7,0,7,B101B101B101B101B101B101B101
ad12 DOSMA,dosma/scan_sequences/mri/cube_quant.py,ad12 DOSMA::dosma/scan_sequences/mri/cube_quant.py,['Arjun Desai'],['Arjun Desai'],[],[],1,0,0,1.0,0.0,0.0,296.0,4.222222222222222,9.0,False,radon,147,4,147,24,13,38,3,423,198,15,10,0,470,111,0,27,70,0,0,dosma/scan_sequences/mri/cube_quant.py,5,280,0,74,15,0,75,100,1778,2505,0,0,0,33,0,0,0,0,0,24,0,0,0,0,0,0,0,ad12 DOSMA,0,6,0,6,B101B101B101B101B101B101
ad12 DOSMA,dosma/scan_sequences/mri/mapss.py,ad12 DOSMA::dosma/scan_sequences/mri/mapss.py,['Arjun Desai'],['Arjun Desai'],[],[],1,0,0,1.0,0.0,0.0,294.0,3.0,7.0,False,radon,73,3,141,24,13,37,5,418,198,12,8,0,389,94,0,23,59,0,0,dosma/scan_sequences/mri/mapss.py,4,224,0,62,12,0,61,80,1423,2055,0,0,0,35,0,0,0,0,0,24,0,0,0,0,0,0,0,ad12 DOSMA,0,6,0,6,B101B101B101B101B101B101
ad12 DOSMA,dosma/scan_sequences/mri/qdess.py,ad12 DOSMA::dosma/scan_sequences/mri/qdess.py,['Arjun Desai'],['Arjun Desai'],[],[],1,0,0,1.0,0.0,0.0,332.0,5.222222222222222,19.0,False,radon,104,2,98,16,10,26,2,285,133,6,4,0,181,41,0,10,26,0,0,dosma/scan_sequences/mri/qdess.py,2,112,0,28,6,0,29,40,708,976,0,0,0,22,0,0,0,0,0,16,0,0,0,0,0,0,0,ad12 DOSMA,0,4,0,4,B101B101B101B101
ad12 DOSMA,dosma/scan_sequences/scan_io.py,ad12 DOSMA::dosma/scan_sequences/scan_io.py,['Arjun Desai'],['Arjun Desai'],[],[],1,0,0,1.0,0.0,0.0,448.0,6.785714285714286,18.0,False,radon,160,4,253,44,30,62,6,709,314,30,20,0,814,173,0,41,113,0,0,dosma/scan_sequences/scan_io.py,9,521,0,143,29,0,138,188,3391,4501,0,0,0,51,0,0,0,0,0,40,0,0,0,0,0,0,0,ad12 DOSMA,0,9,0,9,B101B101B101B101B101B101B101B101B101
ad12 DOSMA,dosma/scan_sequences/scans.py,ad12 DOSMA::dosma/scan_sequences/scans.py,['Arjun Desai'],['Arjun Desai'],[],[],1,0,0,1.0,0.0,0.0,314.0,3.6666666666666665,8.0,False,radon,111,4,665,115,71,180,15,1851,805,55,58,0,1596,263,0,64,241,23,0,dosma/scan_sequences/scans.py,11,1140,0,404,65,0,264,354,8026,8884,0,0,0,142,0,0,0,0,0,95,0,0,0,0,0,0,0,ad12 DOSMA,0,13,0,13,B101B101B101B101B101B101B101B101B101B101B101B101B101
ad12 DOSMA,dosma/tissues/femoral_cartilage.py,ad12 DOSMA::dosma/tissues/femoral_cartilage.py,['Arjun Desai'],['Arjun Desai'],[],[],1,0,0,1.0,0.0,0.0,568.0,4.3,8.0,False,radon,67,3,364,61,48,127,2,1099,497,20,40,0,687,32,0,9,126,20,0,dosma/tissues/femoral_cartilage.py,1,590,0,279,37,0,93,157,4727,3572,0,0,0,85,0,0,0,0,0,49,0,0,0,0,0,0,0,ad12 DOSMA,0,2,0,2,B101B101
ad12 DOSMA,dosma/tissues/meniscus.py,ad12 DOSMA::dosma/tissues/meniscus.py,['Arjun Desai'],['Arjun Desai'],[],[],1,0,0,1.0,0.0,0.0,394.0,4.5,10.0,False,radon,54,1,198,34,17,64,2,561,246,11,22,0,387,23,0,9,65,14,0,dosma/tissues/meniscus.py,1,306,0,134,19,0,63,77,2340,2031,0,0,0,47,0,0,0,0,0,28,0,0,0,0,0,0,0,ad12 DOSMA,0,2,0,2,B101B101
ad12 DOSMA,dosma/tissues/patellar_cartilage.py,ad12 DOSMA::dosma/tissues/patellar_cartilage.py,['Arjun Desai'],['Arjun Desai'],[],[],1,0,0,1.0,0.0,0.0,303.0,3.5714285714285716,7.0,False,radon,57,2,291,49,34,99,2,861,386,16,32,0,557,26,0,9,100,14,0,dosma/tissues/patellar_cartilage.py,1,461,0,211,29,0,79,117,3644,2838,0,0,0,67,0,0,0,0,0,41,0,0,0,0,0,0,0,ad12 DOSMA,0,2,0,2,B101B101
ad12 DOSMA,dosma/tissues/tibial_cartilage.py,ad12 DOSMA::dosma/tissues/tibial_cartilage.py,['Arjun Desai'],['Arjun Desai'],[],[],1,0,0,1.0,0.0,0.0,335.0,4.142857142857143,7.0,False,radon,57,2,272,46,29,92,2,798,357,15,30,0,523,25,0,9,93,14,0,dosma/tissues/tibial_cartilage.py,1,428,0,194,27,0,75,107,3368,2667,0,0,0,63,0,0,0,0,0,37,0,0,0,0,0,0,0,ad12 DOSMA,0,2,0,2,B101B101
ad12 DOSMA,dosma/tissues/tissue.py,ad12 DOSMA::dosma/tissues/tissue.py,['Arjun Desai'],['Arjun Desai'],[],[],1,0,0,1.0,0.0,0.0,351.0,2.3529411764705883,7.0,False,radon,80,2,336,56,41,113,2,999,451,20,36,0,691,46,0,16,119,14,0,dosma/tissues/tissue.py,2,556,0,242,34,0,100,147,4289,3625,0,0,0,78,0,0,0,0,0,50,0,0,0,0,0,0,0,ad12 DOSMA,0,3,0,3,B101B101B101
ad12 DOSMA,dosma/utils/cmd_line_utils.py,ad12 DOSMA::dosma/utils/cmd_line_utils.py,['Arjun Desai'],['Arjun Desai'],[],[],1,0,0,1.0,0.0,0.0,94.0,4.0,14.0,False,radon,0,0,149,26,12,50,1,417,179,8,20,0,299,4,0,4,53,14,0,dosma/utils/cmd_line_utils.py,0,250,0,120,16,0,48,57,1985,1563,0,0,0,36,0,0,0,0,0,20,0,0,0,0,0,0,0,ad12 DOSMA,0,0,0,0,0
ad12 DOSMA,dosma/utils/collect_env.py,ad12 DOSMA::dosma/utils/collect_env.py,['Arjun Desai'],['Arjun Desai'],[],[],1,0,0,1.0,0.0,0.0,81.0,7.0,7.0,False,radon,54,1,110,19,14,25,3,291,120,8,8,0,300,64,0,14,39,0,0,dosma/utils/collect_env.py,4,195,0,68,12,0,51,64,1344,1768,0,0,0,20,0,0,0,0,0,16,0,0,0,0,0,0,0,ad12 DOSMA,0,4,0,4,B101B101B101B101
ad12 DOSMA,dosma/utils/env.py,ad12 DOSMA::dosma/utils/env.py,['Arjun Desai'],['Arjun Desai'],[],[],1,0,0,1.0,0.0,0.0,151.0,1.8181818181818181,5.0,False,radon,0,0,462,73,60,131,14,1370,630,31,38,0,992,134,0,35,171,0,0,dosma/utils/env.py,4,797,0,317,42,0,205,239,5755,6070,0,0,0,108,0,0,0,0,0,84,0,0,0,0,0,0,0,ad12 DOSMA,0,6,0,6,B101B101B101B101B101B101
ad12 DOSMA,dosma/utils/geometry_utils.py,ad12 DOSMA::dosma/utils/geometry_utils.py,['Arjun Desai'],['Arjun Desai'],[],[],1,0,0,1.0,0.0,0.0,125.0,1.6666666666666667,3.0,False,radon,4,1,190,33,16,62,2,529,226,9,22,0,333,4,0,4,59,17,0,dosma/utils/geometry_utils.py,0,277,0,133,18,0,49,62,2215,1696,0,0,0,46,0,0,0,0,0,25,0,0,0,0,0,0,0,ad12 DOSMA,0,1,0,1,B101
ad12 DOSMA,dosma/utils/img_utils.py,ad12 DOSMA::dosma/utils/img_utils.py,['Arjun Desai'],['Arjun Desai'],[],[],1,0,0,1.0,0.0,0.0,128.0,5.0,7.0,False,radon,0,0,149,26,12,50,1,417,179,8,20,0,299,4,0,4,53,14,0,dosma/utils/img_utils.py,0,250,0,120,16,0,48,57,1985,1563,0,0,0,36,0,0,0,0,0,20,0,0,0,0,0,0,0,ad12 DOSMA,0,0,0,0,0
ad12 DOSMA,dosma/utils/io_utils.py,ad12 DOSMA::dosma/utils/io_utils.py,['Arjun Desai'],['Arjun Desai'],[],[],1,0,0,1.0,0.0,0.0,149.0,2.4285714285714284,5.0,False,radon,56,2,257,44,21,83,3,740,332,16,28,0,555,47,0,15,92,20,0,dosma/utils/io_utils.py,2,416,0,174,26,0,80,107,3161,2823,0,0,0,61,0,0,0,0,0,34,0,0,0,0,0,0,0,ad12 DOSMA,0,3,0,3,B101B101B101
ad12 DOSMA,dosma/utils/logger.py,ad12 DOSMA::dosma/utils/logger.py,['Arjun Desai'],['Arjun Desai'],[],[],1,0,0,1.0,0.0,0.0,152.0,5.4,15.0,False,radon,0,0,46,8,6,13,2,142,67,0,0,0,0,0,0,0,0,0,0,dosma/utils/logger.py,0,0,0,0,0,0,0,0,0,0,0,0,0,12,0,0,0,0,0,8,0,0,0,0,0,0,0,ad12 DOSMA,0,2,0,2,B101B101
ad12 DOSMA,setup.py,ad12 DOSMA::setup.py,['Arjun Desai'],['Arjun Desai'],[],[],1,0,0,1.0,0.0,0.0,171.0,2.4285714285714284,6.0,False,radon,243,10,1150,197,141,383,26,3511,1614,53,101,0,1897,230,0,51,340,26,0,setup.py,7,1611,0,691,93,0,327,433,12087,11090,0,0,0,263,0,0,0,0,0,163,0,0,0,0,0,0,0,ad12 DOSMA,0,18,0,18,B101B101B101B101B101B101B101B101B101B101B101B101B101B101B101B101B101B101
ad12 DOSMA,tests/core/io/test_dicom_io.py,ad12 DOSMA::tests/core/io/test_dicom_io.py,['Arjun Desai'],['Arjun Desai'],[],[],1,0,0,1.0,0.0,0.0,612.0,6.136363636363637,12.0,False,radon,150,4,121,20,12,35,3,359,168,9,6,0,281,65,0,16,41,0,0,tests/core/io/test_dicom_io.py,3,168,0,42,9,0,44,60,1061,1502,0,0,0,28,0,0,0,0,0,20,0,0,0,0,0,0,0,ad12 DOSMA,0,5,0,5,B101B101B101B101B101
ad12 DOSMA,tests/core/io/test_format_io.py,ad12 DOSMA::tests/core/io/test_format_io.py,['Arjun Desai'],['Arjun Desai'],[],[],1,0,0,1.0,0.0,0.0,25.0,5.0,6.0,False,radon,50,1,26,4,2,6,0,71,33,3,2,0,93,22,0,5,14,0,0,tests/core/io/test_format_io.py,1,56,0,14,3,0,14,20,353,508,0,0,0,5,0,0,0,0,0,4,0,0,0,0,0,0,0,ad12 DOSMA,0,1,0,1,B101
ad12 DOSMA,tests/core/io/test_format_io_utils.py,ad12 DOSMA::tests/core/io/test_format_io_utils.py,['Arjun Desai'],['Arjun Desai'],[],[],1,0,0,1.0,0.0,0.0,117.0,4.714285714285714,7.0,False,radon,66,2,49,8,5,16,1,148,69,3,2,0,93,22,0,5,14,0,0,tests/core/io/test_format_io_utils.py,1,56,0,14,3,0,14,20,353,508,0,0,0,11,0,0,0,0,0,8,0,0,0,0,0,0,0,ad12 DOSMA,0,2,0,2,B101B101
ad12 DOSMA,tests/core/io/test_inter_io.py,ad12 DOSMA::tests/core/io/test_inter_io.py,['Arjun Desai'],['Arjun Desai'],[],[],1,0,0,1.0,0.0,0.0,105.0,6.25,11.0,False,radon,104,2,52,8,4,13,0,143,66,6,4,0,181,41,0,10,26,0,0,tests/core/io/test_inter_io.py,2,112,0,28,6,0,29,40,708,976,0,0,0,10,0,0,0,0,0,8,0,0,0,0,0,0,0,ad12 DOSMA,0,2,0,2,B101B101
ad12 DOSMA,tests/core/io/test_nifti_io.py,ad12 DOSMA::tests/core/io/test_nifti_io.py,['Arjun Desai'],['Arjun Desai'],[],[],1,0,0,1.0,0.0,0.0,97.0,4.6,7.0,False,radon,104,2,52,8,4,13,0,143,66,6,4,0,181,41,0,10,26,0,0,tests/core/io/test_nifti_io.py,2,112,0,28,6,0,29,40,708,976,0,0,0,10,0,0,0,0,0,8,0,0,0,0,0,0,0,ad12 DOSMA,0,2,0,2,B101B101
ad12 DOSMA,tests/core/test_device.py,ad12 DOSMA::tests/core/test_device.py,['Arjun Desai'],['Arjun Desai'],[],[],1,0,0,1.0,0.0,0.0,88.0,5.714285714285714,10.0,False,radon,104,2,75,12,6,19,1,212,99,9,6,0,281,66,0,16,42,0,0,tests/core/test_device.py,3,168,0,44,9,0,44,60,1064,1506,0,0,0,16,0,0,0,0,0,12,0,0,0,0,0,0,0,ad12 DOSMA,0,3,0,3,B101B101B101
ad12 DOSMA,tests/core/test_fitting.py,ad12 DOSMA::tests/core/test_fitting.py,['Arjun Desai'],['Arjun Desai'],[],[],1,0,0,1.0,0.0,0.0,679.0,5.848484848484849,23.0,False,radon,121,3,98,16,8,25,2,281,132,12,8,0,382,92,0,22,58,0,0,tests/core/test_fitting.py,4,224,0,60,12,0,60,80,1423,2037,0,0,0,22,0,0,0,0,0,16,0,0,0,0,0,0,0,ad12 DOSMA,0,4,0,4,B101B101B101B101
ad12 DOSMA,tests/core/test_med_volume.py,ad12 DOSMA::tests/core/test_med_volume.py,['Arjun Desai'],['Arjun Desai'],[],[],1,0,0,1.0,0.0,0.0,659.0,7.15625,25.0,False,radon,176,5,193,32,18,54,5,569,267,15,10,0,471,110,0,27,69,0,0,tests/core/test_med_volume.py,5,280,0,72,15,0,75,100,1776,2508,0,0,0,45,0,0,0,0,0,32,0,0,0,0,0,0,0,ad12 DOSMA,0,8,0,8,B101B101B101B101B101B101B101B101
ad12 DOSMA,tests/core/test_numpy_routines.py,ad12 DOSMA::tests/core/test_numpy_routines.py,['Arjun Desai'],['Arjun Desai'],[],[],1,0,0,1.0,0.0,0.0,394.0,8.529411764705882,35.0,False,radon,0,0,23,4,3,6,1,70,33,0,0,0,0,0,0,0,0,0,0,tests/core/test_numpy_routines.py,0,0,0,0,0,0,0,0,0,0,0,0,0,6,0,0,0,0,0,4,0,0,0,0,0,0,0,ad12 DOSMA,0,1,0,1,B101
ad12 DOSMA,tests/core/test_orientation.py,ad12 DOSMA::tests/core/test_orientation.py,['Arjun Desai'],['Arjun Desai'],[],[],1,0,0,1.0,0.0,0.0,196.0,4.636363636363637,7.0,False,radon,104,2,52,8,4,13,0,143,66,6,4,0,181,41,0,10,26,0,0,tests/core/test_orientation.py,2,112,0,28,6,0,29,40,708,976,0,0,0,10,0,0,0,0,0,8,0,0,0,0,0,0,0,ad12 DOSMA,0,2,0,2,B101B101
ad12 DOSMA,tests/core/test_quant_vals.py,ad12 DOSMA::tests/core/test_quant_vals.py,['Arjun Desai'],['Arjun Desai'],[],[],1,0,0,1.0,0.0,0.0,179.0,11.5,28.0,False,radon,104,2,98,16,9,26,2,284,133,9,6,0,281,66,0,16,42,0,0,tests/core/test_quant_vals.py,3,168,0,44,9,0,44,60,1064,1506,0,0,0,22,0,0,0,0,0,16,0,0,0,0,0,0,0,ad12 DOSMA,0,4,0,4,B101B101B101B101
ad12 DOSMA,tests/core/test_registration.py,ad12 DOSMA::tests/core/test_registration.py,['Arjun Desai'],['Arjun Desai'],[],[],1,0,0,1.0,0.0,0.0,132.0,3.6666666666666665,7.0,False,radon,134,3,98,16,9,26,2,284,133,9,6,0,281,65,0,16,41,0,0,tests/core/test_registration.py,3,168,0,42,9,0,44,60,1061,1502,0,0,0,22,0,0,0,0,0,16,0,0,0,0,0,0,0,ad12 DOSMA,0,4,0,4,B101B101B101B101
ad12 DOSMA,tests/models/test_oaiunet2d.py,ad12 DOSMA::tests/models/test_oaiunet2d.py,['Arjun Desai'],['Arjun Desai'],[],[],1,0,0,1.0,0.0,0.0,153.0,3.1666666666666665,4.0,False,radon,104,2,245,41,26,69,4,709,324,17,22,0,639,94,0,25,100,0,0,tests/models/test_oaiunet2d.py,5,455,0,172,27,0,118,142,3332,3659,0,0,0,53,0,0,0,0,0,38,0,0,0,0,0,0,0,ad12 DOSMA,0,5,0,5,B101B101B101B101B101
ad12 DOSMA,tests/models/test_stanford_qdess.py,ad12 DOSMA::tests/models/test_stanford_qdess.py,['Arjun Desai'],['Arjun Desai'],[],[],1,0,0,1.0,0.0,0.0,54.0,4.333333333333333,5.0,False,radon,0,0,23,4,3,7,1,72,34,0,0,0,0,0,0,0,0,0,0,tests/models/test_stanford_qdess.py,0,0,0,0,0,0,0,0,0,0,0,0,0,6,0,0,0,0,0,4,0,0,0,0,0,0,0,ad12 DOSMA,0,1,0,1,B101
ad12 DOSMA,tests/models/test_util.py,ad12 DOSMA::tests/models/test_util.py,['Arjun Desai'],['Arjun Desai'],[],[],1,0,0,1.0,0.0,0.0,35.0,5.0,6.0,False,radon,26,1,190,36,15,65,1,543,236,9,30,0,401,23,0,9,65,21,0,tests/models/test_util.py,1,330,0,141,21,0,64,76,2443,2137,0,0,0,42,0,0,0,0,0,25,0,0,0,0,0,0,0,ad12 DOSMA,0,1,0,1,B101
ad12 DOSMA,tests/scan_sequences/mri/test_cones.py,ad12 DOSMA::tests/scan_sequences/mri/test_cones.py,['Arjun Desai'],['Arjun Desai'],[],[],1,0,0,1.0,0.0,0.0,212.0,5.444444444444445,11.0,False,radon,104,2,75,12,6,19,1,212,99,9,6,0,281,65,0,16,41,0,0,tests/scan_sequences/mri/test_cones.py,3,168,0,44,9,0,44,60,1061,1502,0,0,0,16,0,0,0,0,0,12,0,0,0,0,0,0,0,ad12 DOSMA,0,3,0,3,B101B101B101
ad12 DOSMA,tests/scan_sequences/mri/test_cubequant.py,ad12 DOSMA::tests/scan_sequences/mri/test_cubequant.py,['Arjun Desai'],['Arjun Desai'],[],[],1,0,0,1.0,0.0,0.0,242.0,4.333333333333333,11.0,False,radon,104,2,75,12,6,19,1,212,99,9,6,0,281,65,0,16,41,0,0,tests/scan_sequences/mri/test_cubequant.py,3,168,0,44,9,0,44,60,1061,1502,0,0,0,16,0,0,0,0,0,12,0,0,0,0,0,0,0,ad12 DOSMA,0,3,0,3,B101B101B101
ad12 DOSMA,tests/scan_sequences/mri/test_mapss.py,ad12 DOSMA::tests/scan_sequences/mri/test_mapss.py,['Arjun Desai'],['Arjun Desai'],[],[],1,0,0,1.0,0.0,0.0,156.0,4.375,6.0,False,radon,104,2,75,12,6,19,1,212,99,9,6,0,281,65,0,16,41,0,0,tests/scan_sequences/mri/test_mapss.py,3,168,0,44,9,0,44,60,1061,1502,0,0,0,16,0,0,0,0,0,12,0,0,0,0,0,0,0,ad12 DOSMA,0,3,0,3,B101B101B101
ad12 DOSMA,tests/scan_sequences/mri/test_qdess.py,ad12 DOSMA::tests/scan_sequences/mri/test_qdess.py,['Arjun Desai'],['Arjun Desai'],[],[],1,0,0,1.0,0.0,0.0,126.0,2.5,5.0,False,radon,104,2,75,12,6,19,1,212,99,9,6,0,281,65,0,16,41,0,0,tests/scan_sequences/mri/test_qdess.py,3,168,0,44,9,0,44,60,1061,1502,0,0,0,16,0,0,0,0,0,12,0,0,0,0,0,0,0,ad12 DOSMA,0,3,0,3,B101B101B101
ad12 DOSMA,tests/scan_sequences/test_scan_io.py,ad12 DOSMA::tests/scan_sequences/test_scan_io.py,['Arjun Desai'],['Arjun Desai'],[],[],1,0,0,1.0,0.0,0.0,143.0,7.0,16.0,False,radon,30,1,23,4,2,6,1,69,33,3,2,0,100,24,0,6,15,0,0,tests/scan_sequences/test_scan_io.py,1,56,0,14,3,0,15,20,353,526,0,0,0,6,0,0,0,0,0,4,0,0,0,0,0,0,0,ad12 DOSMA,0,1,0,1,B101
ad12 DOSMA,tests/test_preferences.py,ad12 DOSMA::tests/test_preferences.py,['Arjun Desai'],['Arjun Desai'],[],[],1,0,0,1.0,0.0,0.0,149.0,3.25,11.0,False,radon,0,0,218,44,16,81,3,599,237,12,40,0,401,4,0,4,72,32,0,tests/test_preferences.py,0,352,0,169,24,0,52,68,2705,2080,0,0,0,52,0,0,0,0,0,24,0,0,0,0,0,0,0,ad12 DOSMA,0,0,0,0,0
ad12 DOSMA,tests/tissues/test_tissue.py,ad12 DOSMA::tests/tissues/test_tissue.py,['Arjun Desai'],['Arjun Desai'],[],[],1,0,0,1.0,0.0,0.0,32.0,5.5,6.0,False,radon,0,0,115,18,18,38,1,365,175,6,12,0,233,6,0,4,43,0,0,tests/tissues/test_tissue.py,0,210,0,102,12,0,52,59,1680,1377,0,0,0,28,0,0,0,0,0,24,0,0,0,0,0,0,0,ad12 DOSMA,0,0,0,0,0
ad12 DOSMA,tests/util.py,ad12 DOSMA::tests/util.py,['Arjun Desai'],['Arjun Desai'],[],[],1,0,0,1.0,0.0,0.0,270.0,2.4761904761904763,9.0,False,radon,271,5,794,140,75,263,13,2258,973,46,108,0,1647,169,0,40,282,65,0,tests/util.py,4,1376,0,582,82,0,245,338,10127,9123,0,0,0,172,0,0,0,0,0,97,0,0,0,0,0,0,0,ad12 DOSMA,0,4,0,4,B101B101B101B101
ad12 DOSMA,tests/utils/test_collect_env.py,ad12 DOSMA::tests/utils/test_collect_env.py,['Arjun Desai'],['Arjun Desai'],[],[],1,0,0,1.0,0.0,0.0,10.0,2.5,3.0,False,radon,0,0,84,15,12,18,3,219,87,5,6,0,212,45,0,9,27,0,0,tests/utils/test_collect_env.py,3,139,0,54,9,0,36,44,989,1300,0,0,0,15,0,0,0,0,0,12,0,0,0,0,0,0,0,ad12 DOSMA,0,3,0,3,B101B101B101
ad12 DOSMA,tests/utils/test_env.py,ad12 DOSMA::tests/utils/test_env.py,['Arjun Desai'],['Arjun Desai'],[],[],1,0,0,1.0,0.0,0.0,27.0,3.0,4.0,False,radon,26,1,101,16,12,25,2,286,130,12,8,0,354,82,0,19,52,0,0,tests/utils/test_env.py,4,222,0,58,12,0,58,80,1403,1913,0,0,0,21,0,0,0,0,0,16,0,0,0,0,0,0,0,ad12 DOSMA,0,4,0,4,B101B101B101B101
ad12 DOSMA,tests/utils/test_io_utils.py,ad12 DOSMA::tests/utils/test_io_utils.py,['Arjun Desai'],['Arjun Desai'],[],[],1,0,0,1.0,0.0,0.0,54.0,2.5,5.0,False,radon,167,3,258,50,18,96,2,735,311,11,42,0,526,29,0,10,88,35,0,tests/utils/test_io_utils.py,1,436,0,193,29,0,68,92,3244,2709,0,0,0,57,0,0,0,0,0,29,0,0,0,0,0,0,0,ad12 DOSMA,0,1,0,1,B101
ad12 DOSMA,tests/utils/test_logger.py,ad12 DOSMA::tests/utils/test_logger.py,['Arjun Desai'],['Arjun Desai'],[],[],1,0,0,1.0,0.0,0.0,40.0,2.5,4.0,False,radon,0,0,23,4,3,6,1,70,33,0,0,0,0,0,0,0,0,0,0,tests/utils/test_logger.py,0,0,0,0,0,0,0,0,0,0,0,0,0,6,0,0,0,0,0,4,0,0,0,0,0,0,0,ad12 DOSMA,0,1,0,1,B101
afperezm acoustic images distillation,codebase/data/actions_data.py,afperezm acoustic images distillation::codebase/data/actions_data.py,['Andres Felipe Perez Murcia'],[],[],['Andres Felipe Perez Murcia'],0,0,1,0.0,0.0,1.0,379.0,2.8823529411764706,21.0,False,radon,0,0,4,0,10,6,0,24,4,0,2,0,4,4,0,0,8,0,0,codebase/data/actions_data.py,0,20,0,10,0,0,8,36,185,128,0,0,0,0,0,0,0,0,0,0,0,0,0,0,0,0,0,afperezm acoustic images distillation,0,0,0,0,0
afperezm acoustic images distillation,codebase/loggers/logger.py,afperezm acoustic images distillation::codebase/loggers/logger.py,['Andres Felipe Perez Murcia'],[],[],['Andres Felipe Perez Murcia'],0,0,1,0.0,0.0,1.0,38.0,1.3,3.0,False,radon,0,0,4,0,10,6,0,24,4,0,2,0,4,4,0,0,8,0,0,codebase/loggers/logger.py,0,20,0,10,0,0,8,36,186,128,0,0,0,0,0,0,0,0,0,0,0,0,0,0,0,0,0,afperezm acoustic images distillation,0,0,0,0,0
afperezm acoustic images distillation,codebase/models/audition.py,afperezm acoustic images distillation::codebase/models/audition.py,['Andres Felipe Perez Murcia'],[],[],['Andres Felipe Perez Murcia'],0,0,1,0.0,0.0,1.0,296.0,1.3125,2.0,False,radon,0,0,2,0,5,3,0,12,2,0,1,0,2,2,0,0,4,0,0,codebase/models/audition.py,0,10,0,5,0,0,4,18,93,64,0,0,0,0,0,0,0,0,0,0,0,0,0,0,0,0,0,afperezm acoustic images distillation,0,0,0,0,0
afperezm acoustic images distillation,codebase/models/dualcamnet.py,afperezm acoustic images distillation::codebase/models/dualcamnet.py,['Andres Felipe Perez Murcia'],[],[],['Andres Felipe Perez Murcia'],0,0,1,0.0,0.0,1.0,52.0,3.0,3.0,False,radon,0,0,2,0,5,3,0,12,2,0,1,0,2,2,0,0,4,0,0,codebase/models/dualcamnet.py,0,10,0,5,0,0,4,18,93,64,0,0,0,0,0,0,0,0,0,0,0,0,0,0,0,0,0,afperezm acoustic images distillation,0,0,0,0,0
afperezm acoustic images distillation,codebase/models/hearnet.py,afperezm acoustic images distillation::codebase/models/hearnet.py,['Andres Felipe Perez Murcia'],[],[],['Andres Felipe Perez Murcia'],0,0,1,0.0,0.0,1.0,79.0,1.0,1.0,False,radon,0,0,2,0,5,3,0,12,2,0,1,0,2,2,0,0,4,0,0,codebase/models/hearnet.py,0,10,0,5,0,0,4,18,93,64,0,0,0,0,0,0,0,0,0,0,0,0,0,0,0,0,0,afperezm acoustic images distillation,0,0,0,0,0
afperezm acoustic images distillation,codebase/models/multimodal.py,afperezm acoustic images distillation::codebase/models/multimodal.py,['Andres Felipe Perez Murcia'],[],[],['Andres Felipe Perez Murcia'],0,0,1,0.0,0.0,1.0,122.0,1.1666666666666667,2.0,False,radon,0,0,2,0,5,3,0,12,2,0,1,0,2,2,0,0,4,0,0,codebase/models/multimodal.py,0,10,0,5,0,0,4,18,93,64,0,0,0,0,0,0,0,0,0,0,0,0,0,0,0,0,0,afperezm acoustic images distillation,0,0,0,0,0
afperezm acoustic images distillation,codebase/models/resnet_temporal.py,afperezm acoustic images distillation::codebase/models/resnet_temporal.py,['Andres Felipe Perez Murcia'],[],[],['Andres Felipe Perez Murcia'],0,0,1,0.0,0.0,1.0,155.0,3.2,8.0,False,radon,0,0,2,0,5,3,0,12,2,0,1,0,2,2,0,0,4,0,0,codebase/models/resnet_temporal.py,0,10,0,5,0,0,4,18,93,64,0,0,0,0,0,0,0,0,0,0,0,0,0,0,0,0,0,afperezm acoustic images distillation,0,0,0,0,0
afperezm acoustic images distillation,codebase/models/resnet_utils.py,afperezm acoustic images distillation::codebase/models/resnet_utils.py,['Andres Felipe Perez Murcia'],[],[],['Andres Felipe Perez Murcia'],0,0,1,0.0,0.0,1.0,328.0,4.142857142857143,11.0,False,radon,0,0,2,0,5,3,0,12,2,0,1,0,2,2,0,0,4,0,0,codebase/models/resnet_utils.py,0,10,0,5,0,0,4,18,93,64,0,0,0,0,0,0,0,0,0,0,0,0,0,0,0,0,0,afperezm acoustic images distillation,0,0,0,0,0
afperezm acoustic images distillation,codebase/models/shared.py,afperezm acoustic images distillation::codebase/models/shared.py,['Andres Felipe Perez Murcia'],[],[],['Andres Felipe Perez Murcia'],0,0,1,0.0,0.0,1.0,29.0,2.0,2.0,False,radon,0,0,2,0,5,3,0,12,2,0,1,0,2,2,0,0,4,0,0,codebase/models/shared.py,0,10,0,5,0,0,4,18,93,64,0,0,0,0,0,0,0,0,0,0,0,0,0,0,0,0,0,afperezm acoustic images distillation,0,0,0,0,0
afperezm acoustic images distillation,codebase/models/soundnet.py,afperezm acoustic images distillation::codebase/models/soundnet.py,['Andres Felipe Perez Murcia'],[],[],['Andres Felipe Perez Murcia'],0,0,1,0.0,0.0,1.0,305.0,3.4,4.0,False,radon,0,0,2,0,5,3,0,12,2,0,1,0,2,2,0,0,4,0,0,codebase/models/soundnet.py,0,10,0,5,0,0,4,18,93,64,0,0,0,0,0,0,0,0,0,0,0,0,0,0,0,0,0,afperezm acoustic images distillation,0,0,0,0,0
afperezm acoustic images distillation,codebase/models/vision.py,afperezm acoustic images distillation::codebase/models/vision.py,['Andres Felipe Perez Murcia'],[],[],['Andres Felipe Perez Murcia'],0,0,1,0.0,0.0,1.0,128.0,1.25,2.0,False,radon,0,0,2,0,5,3,0,12,2,0,1,0,2,2,0,0,4,0,0,codebase/models/vision.py,0,10,0,5,0,0,4,18,93,64,0,0,0,0,0,0,0,0,0,0,0,0,0,0,0,0,0,afperezm acoustic images distillation,0,0,0,0,0
afperezm acoustic images distillation,codebase/trainers/one_stream.py,afperezm acoustic images distillation::codebase/trainers/one_stream.py,['Andres Felipe Perez Murcia'],[],[],['Andres Felipe Perez Murcia'],0,0,1,0.0,0.0,1.0,346.0,4.090909090909091,10.0,False,radon,0,1,4,0,10,6,0,24,4,0,2,0,4,4,0,0,8,0,0,codebase/trainers/one_stream.py,0,20,0,10,0,0,8,36,186,128,0,0,0,0,0,0,0,0,0,0,0,0,0,0,0,0,0,afperezm acoustic images distillation,0,0,0,0,0
afperezm acoustic images distillation,codebase/trainers/two_streams.py,afperezm acoustic images distillation::codebase/trainers/two_streams.py,['Andres Felipe Perez Murcia'],[],[],['Andres Felipe Perez Murcia'],0,0,1,0.0,0.0,1.0,334.0,3.1,9.0,False,radon,0,1,4,0,10,6,0,24,4,0,2,0,4,4,0,0,8,0,0,codebase/trainers/two_streams.py,0,20,0,10,0,0,8,36,186,128,0,0,0,0,0,0,0,0,0,0,0,0,0,0,0,0,0,afperezm acoustic images distillation,0,0,0,0,0
afperezm acoustic images distillation,main_s1.py,afperezm acoustic images distillation::main_s1.py,['Andres Felipe Perez Murcia'],[],[],['Andres Felipe Perez Murcia'],0,0,1,0.0,0.0,1.0,132.0,21.0,21.0,False,radon,0,0,4,0,10,6,0,24,4,0,2,0,4,4,0,0,8,0,0,main_s1.py,0,20,0,10,0,0,8,36,186,128,0,0,0,0,0,0,0,0,0,0,0,0,0,0,0,0,0,afperezm acoustic images distillation,0,0,0,0,0
afperezm acoustic images distillation,main_s2.py,afperezm acoustic images distillation::main_s2.py,['Andres Felipe Perez Murcia'],[],[],['Andres Felipe Perez Murcia'],0,0,1,0.0,0.0,1.0,120.0,8.0,8.0,False,radon,0,0,4,0,10,6,0,24,4,0,2,0,4,4,0,0,8,0,0,main_s2.py,0,20,0,10,0,0,8,36,186,128,0,0,0,0,0,0,0,0,0,0,0,0,0,0,0,0,0,afperezm acoustic images distillation,0,0,0,0,0
afperezm acoustic images distillation,utils/__init__.py,afperezm acoustic images distillation::utils/__init__.py,['Andres Felipe Perez Murcia'],[],[],['Andres Felipe Perez Murcia'],0,0,1,0.0,0.0,1.0,24.0,2.0,3.0,False,radon,0,2,6,0,15,9,0,36,6,0,3,0,6,6,0,0,12,0,0,utils/__init__.py,0,30,0,15,0,0,12,54,279,192,0,0,0,0,0,0,0,0,0,0,0,0,0,0,0,0,0,afperezm acoustic images distillation,0,0,0,0,0
afperezm acoustic images distillation,utils/convert_data.py,afperezm acoustic images distillation::utils/convert_data.py,['Andres Felipe Perez Murcia'],[],[],['Andres Felipe Perez Murcia'],0,0,1,0.0,0.0,1.0,183.0,1.2,2.0,False,radon,0,0,6,0,15,9,0,36,6,0,3,0,6,6,0,0,12,0,0,utils/convert_data.py,0,30,0,15,0,0,12,54,278,192,0,0,0,0,0,0,0,0,0,0,0,0,0,0,0,0,0,afperezm acoustic images distillation,0,0,0,0,0
alex04072000 CyclicGen,1_move_files.py,alex04072000 CyclicGen::1_move_files.py,['Yu Lun Liu'],['Yu Lun Liu'],[],[],1,0,0,1.0,0.0,0.0,81.0,3.0,5.0,False,radon,0,0,7,0,11,12,0,45,15,0,0,0,0,2,0,0,5,0,0,1_move_files.py,0,2,0,0,0,0,7,2,46,58,0,18,0,0,0,0,0,0,0,0,0,0,0,0,0,0,0,alex04072000 CyclicGen,0,0,0,0,0
alex04072000 CyclicGen,2_filter_psnr.py,alex04072000 CyclicGen::2_filter_psnr.py,['Yu Lun Liu'],['Yu Lun Liu'],[],[],1,0,0,1.0,0.0,0.0,71.0,1.0,1.0,False,radon,0,0,7,0,11,13,0,46,15,0,0,0,0,2,0,0,5,0,0,2_filter_psnr.py,0,2,0,0,0,0,7,2,46,59,0,18,0,0,0,0,0,0,0,0,0,0,0,0,0,0,0,alex04072000 CyclicGen,0,0,0,0,0
alex04072000 CyclicGen,CyclicGen_model.py,alex04072000 CyclicGen::CyclicGen_model.py,['Yu Lun Liu'],['Yu Lun Liu'],[],[],1,0,0,1.0,0.0,0.0,136.0,1.2857142857142858,2.0,False,radon,0,0,7,0,4,17,0,36,8,0,0,0,0,1,0,0,2,0,0,CyclicGen_model.py,0,2,0,0,0,0,6,1,39,44,0,16,0,0,0,0,0,0,0,0,0,0,0,0,0,0,0,alex04072000 CyclicGen,0,0,0,0,0
alex04072000 CyclicGen,CyclicGen_model_large.py,alex04072000 CyclicGen::CyclicGen_model_large.py,['Yu Lun Liu'],['Yu Lun Liu'],[],[],1,0,0,1.0,0.0,0.0,148.0,1.1428571428571428,2.0,False,radon,0,0,7,0,4,17,0,36,8,0,0,0,0,1,0,0,2,0,0,CyclicGen_model_large.py,0,2,0,0,0,0,6,1,39,44,0,16,0,0,0,0,0,0,0,0,0,0,0,0,0,0,0,alex04072000 CyclicGen,0,0,0,0,0
alex04072000 CyclicGen,CyclicGen_train_stage1.py,alex04072000 CyclicGen::CyclicGen_train_stage1.py,['Yu Lun Liu'],['Yu Lun Liu'],[],[],1,0,0,1.0,0.0,0.0,319.0,5.0,14.0,False,radon,1,1,14,0,15,29,0,80,22,0,0,0,0,3,0,0,7,0,0,CyclicGen_train_stage1.py,0,4,0,0,0,0,13,3,82,101,0,34,0,0,0,0,0,0,0,0,0,0,0,0,0,0,0,alex04072000 CyclicGen,0,0,0,0,0
alex04072000 CyclicGen,CyclicGen_train_stage2.py,alex04072000 CyclicGen::CyclicGen_train_stage2.py,['Yu Lun Liu'],['Yu Lun Liu'],[],[],1,0,0,1.0,0.0,0.0,358.0,5.0,14.0,False,radon,0,0,7,0,4,17,0,36,8,0,0,0,0,1,0,0,2,0,0,CyclicGen_train_stage2.py,0,2,0,0,0,0,6,1,39,44,0,16,0,0,0,0,0,0,0,0,0,0,0,0,0,0,0,alex04072000 CyclicGen,0,0,0,0,0
alex04072000 CyclicGen,dataset.py,alex04072000 CyclicGen::dataset.py,['Yu Lun Liu'],['Yu Lun Liu'],[],[],1,0,0,1.0,0.0,0.0,22.0,1.5,2.0,False,radon,0,0,7,0,4,17,0,36,8,0,0,0,0,1,0,0,2,0,0,dataset.py,0,2,0,0,0,0,6,1,39,44,0,16,0,0,0,0,0,0,0,0,0,0,0,0,0,0,0,alex04072000 CyclicGen,0,0,0,0,0
alex04072000 CyclicGen,losses.py,alex04072000 CyclicGen::losses.py,['Yu Lun Liu'],['Yu Lun Liu'],[],[],1,0,0,1.0,0.0,0.0,28.0,1.0,1.0,False,radon,0,0,7,0,4,17,0,36,8,0,0,0,0,1,0,0,2,0,0,losses.py,0,2,0,0,0,0,6,1,39,44,0,16,0,0,0,0,0,0,0,0,0,0,0,0,0,0,0,alex04072000 CyclicGen,0,0,0,0,0
alex04072000 CyclicGen,run.py,alex04072000 CyclicGen::run.py,['Yu Lun Liu'],['Yu Lun Liu'],[],[],1,0,0,1.0,0.0,0.0,108.0,1.5,2.0,False,radon,0,0,7,0,4,17,0,36,8,0,0,0,0,1,0,0,2,0,0,run.py,0,2,0,0,0,0,6,1,39,44,0,16,0,0,0,0,0,0,0,0,0,0,0,0,0,0,0,alex04072000 CyclicGen,0,0,0,0,0
alex04072000 CyclicGen,utils/geo_layer_utils.py,alex04072000 CyclicGen::utils/geo_layer_utils.py,['Yu Lun Liu'],['Yu Lun Liu'],[],[],1,0,0,1.0,0.0,0.0,128.0,1.3333333333333333,2.0,False,radon,0,0,7,0,11,12,0,44,14,0,0,0,0,1,0,0,5,0,0,utils/geo_layer_utils.py,0,2,0,0,0,0,7,2,43,57,0,18,0,0,0,0,0,0,0,0,0,0,0,0,0,0,0,alex04072000 CyclicGen,0,0,0,0,0
alex04072000 CyclicGen,utils/image_utils.py,alex04072000 CyclicGen::utils/image_utils.py,['Yu Lun Liu'],['Yu Lun Liu'],[],[],1,0,0,1.0,0.0,0.0,64.0,1.0,1.0,False,radon,0,0,7,0,11,12,0,44,14,0,0,0,0,1,0,0,5,0,0,utils/image_utils.py,0,2,0,0,0,0,7,2,43,57,0,18,0,0,0,0,0,0,0,0,0,0,0,0,0,0,0,alex04072000 CyclicGen,0,0,0,0,0
alex04072000 CyclicGen,utils/loss_utils.py,alex04072000 CyclicGen::utils/loss_utils.py,['Yu Lun Liu'],['Yu Lun Liu'],[],[],1,0,0,1.0,0.0,0.0,54.0,1.0,1.0,False,radon,0,0,7,0,11,12,0,44,14,0,0,0,0,1,0,0,5,0,0,utils/loss_utils.py,0,2,0,0,0,0,7,2,43,57,0,18,0,0,0,0,0,0,0,0,0,0,0,0,0,0,0,alex04072000 CyclicGen,0,0,0,0,0
alex04072000 CyclicGen,utils/prefetch_queue_shuffle.py,alex04072000 CyclicGen::utils/prefetch_queue_shuffle.py,['Yu Lun Liu'],['Yu Lun Liu'],[],[],1,0,0,1.0,0.0,0.0,117.0,2.5,6.0,False,radon,0,0,7,0,11,12,0,44,14,0,0,0,0,1,0,0,5,0,0,utils/prefetch_queue_shuffle.py,0,2,0,0,0,0,7,2,43,57,0,18,0,0,0,0,0,0,0,0,0,0,0,0,0,0,0,alex04072000 CyclicGen,0,0,0,0,0
alex04072000 CyclicGen,utils/vis_utils.py,alex04072000 CyclicGen::utils/vis_utils.py,['Yu Lun Liu'],['Yu Lun Liu'],[],[],1,0,0,1.0,0.0,0.0,101.0,3.5,6.0,True,lizard,0,0,7,0,11,12,0,44,14,0,0,0,0,1,0,0,5,0,0,utils/vis_utils.py,0,2,0,0,0,0,7,2,43,57,0,18,0,0,0,0,0,0,0,0,0,0,0,0,0,0,0,alex04072000 CyclicGen,0,0,0,0,0
alex04072000 CyclicGen,vgg16.py,alex04072000 CyclicGen::vgg16.py,['Yu Lun Liu'],['Yu Lun Liu'],[],[],1,0,0,1.0,0.0,0.0,234.0,1.5,3.0,False,radon,0,0,7,0,4,17,0,36,8,0,0,0,0,1,0,0,2,0,0,vgg16.py,0,2,0,0,0,0,6,1,39,44,0,16,0,0,0,0,0,0,0,0,0,0,0,0,0,0,0,alex04072000 CyclicGen,0,0,0,0,0
alvarowolfx gcloud iot edge tensorflow,custom_model/create_tf_record.py,alvarowolfx gcloud iot edge tensorflow::custom_model/create_tf_record.py,['alvarowolfx'],[],[],['alvarowolfx'],0,0,1,0.0,0.0,1.0,157.0,2.6666666666666665,4.0,False,radon,0,0,0,0,2,5,0,11,4,0,0,0,0,0,0,0,0,0,0,custom_model/create_tf_record.py,0,0,0,1,0,0,0,0,7,6,0,0,0,0,0,0,0,0,0,0,0,0,0,0,0,0,0,alvarowolfx gcloud iot edge tensorflow,0,0,0,0,0
alvarowolfx gcloud iot edge tensorflow,custom_model/export_images.py,alvarowolfx gcloud iot edge tensorflow::custom_model/export_images.py,['alvarowolfx'],[],[],['alvarowolfx'],0,0,1,0.0,0.0,1.0,74.0,5.0,6.0,False,radon,0,0,0,0,2,5,0,11,4,0,0,0,0,0,0,0,0,0,0,custom_model/export_images.py,0,0,0,1,0,0,0,0,7,6,0,0,0,0,0,0,0,0,0,0,0,0,0,0,0,0,0,alvarowolfx gcloud iot edge tensorflow,0,0,0,0,0
alvarowolfx gcloud iot edge tensorflow,custom_model/opencv.py,alvarowolfx gcloud iot edge tensorflow::custom_model/opencv.py,['alvarowolfx'],[],[],['alvarowolfx'],0,0,1,0.0,0.0,1.0,250.0,3.0,6.0,False,radon,0,0,0,0,2,5,0,11,4,0,0,0,0,0,0,0,0,0,0,custom_model/opencv.py,0,0,0,1,0,0,0,0,7,6,0,0,0,0,0,0,0,0,0,0,0,0,0,0,0,0,0,alvarowolfx gcloud iot edge tensorflow,0,0,0,0,0
americofmoliveira VesselSegmentation ESWA,code/bsa/CHASE_files.py,americofmoliveira VesselSegmentation ESWA::code/bsa/CHASE_files.py,['Am rico Oliveira'],[],['Am rico Oliveira'],[],0,1,0,0.0,1.0,0.0,118.0,1.4444444444444444,4.0,False,radon,0,0,8,3,19,14,2,49,3,4,5,0,3,1,0,1,1,0,0,code/bsa/CHASE_files.py,0,9,0,0,0,0,0,9,25,116,0,0,0,0,0,0,0,0,0,0,0,0,0,0,0,0,0,americofmoliveira VesselSegmentation ESWA,0,1,0,1,B101
americofmoliveira VesselSegmentation ESWA,code/bsa/DRIVE_files.py,americofmoliveira VesselSegmentation ESWA::code/bsa/DRIVE_files.py,['Am rico Oliveira'],[],['Am rico Oliveira'],[],0,1,0,0.0,1.0,0.0,152.0,2.3333333333333335,7.0,False,radon,0,0,8,3,19,14,2,49,3,4,5,0,3,1,0,1,1,0,0,code/bsa/DRIVE_files.py,0,9,0,0,0,0,0,9,25,116,0,0,0,0,0,0,0,0,0,0,0,0,0,0,0,0,0,americofmoliveira VesselSegmentation ESWA,0,1,0,1,B101
americofmoliveira VesselSegmentation ESWA,code/bsa/STARE_files.py,americofmoliveira VesselSegmentation ESWA::code/bsa/STARE_files.py,['Am rico Oliveira'],[],['Am rico Oliveira'],[],0,1,0,0.0,1.0,0.0,126.0,1.5555555555555556,4.0,False,radon,0,0,8,3,19,14,2,49,3,4,5,0,3,1,0,1,1,0,0,code/bsa/STARE_files.py,0,9,0,0,0,0,0,9,25,116,0,0,0,0,0,0,0,0,0,0,0,0,0,0,0,0,0,americofmoliveira VesselSegmentation ESWA,0,1,0,1,B101
americofmoliveira VesselSegmentation ESWA,code/bsa/batch.py,americofmoliveira VesselSegmentation ESWA::code/bsa/batch.py,['Am rico Oliveira'],[],['Am rico Oliveira'],[],0,1,0,0.0,1.0,0.0,97.0,2.3333333333333335,9.0,False,radon,0,0,8,3,19,14,2,49,3,4,5,0,3,1,0,1,1,0,0,code/bsa/batch.py,0,9,0,0,0,0,0,9,25,116,0,0,0,0,0,0,0,0,0,0,0,0,0,0,0,0,0,americofmoliveira VesselSegmentation ESWA,0,1,0,1,B101
americofmoliveira VesselSegmentation ESWA,code/bsa/cases.py,americofmoliveira VesselSegmentation ESWA::code/bsa/cases.py,['Am rico Oliveira'],[],['Am rico Oliveira'],[],0,1,0,0.0,1.0,0.0,68.0,14.0,14.0,False,radon,0,0,8,3,19,14,2,49,3,4,5,0,3,1,0,1,1,0,0,code/bsa/cases.py,0,9,0,0,0,0,0,9,25,116,0,0,0,0,0,0,0,0,0,0,0,0,0,0,0,0,0,americofmoliveira VesselSegmentation ESWA,0,1,0,1,B101
americofmoliveira VesselSegmentation ESWA,code/bsa/data_files.py,americofmoliveira VesselSegmentation ESWA::code/bsa/data_files.py,['Am rico Oliveira'],[],['Am rico Oliveira'],[],0,1,0,0.0,1.0,0.0,144.0,1.6923076923076923,9.0,False,radon,0,0,8,3,19,14,2,49,3,4,5,0,3,1,0,1,1,0,0,code/bsa/data_files.py,0,9,0,0,0,0,0,9,25,116,0,0,0,0,0,0,0,0,0,0,0,0,0,0,0,0,0,americofmoliveira VesselSegmentation ESWA,0,1,0,1,B101
americofmoliveira VesselSegmentation ESWA,code/bsa/exceptions.py,americofmoliveira VesselSegmentation ESWA::code/bsa/exceptions.py,['Am rico Oliveira'],[],['Am rico Oliveira'],[],0,1,0,0.0,1.0,0.0,35.0,1.0,1.0,False,radon,0,0,8,3,19,14,2,49,3,4,5,0,3,1,0,1,1,0,0,code/bsa/exceptions.py,0,9,0,0,0,0,0,9,25,116,0,0,0,0,0,0,0,0,0,0,0,0,0,0,0,0,0,americofmoliveira VesselSegmentation ESWA,0,1,0,1,B101
americofmoliveira VesselSegmentation ESWA,code/bsa/file_resource.py,americofmoliveira VesselSegmentation ESWA::code/bsa/file_resource.py,['Am rico Oliveira'],[],['Am rico Oliveira'],[],0,1,0,0.0,1.0,0.0,98.0,2.5,6.0,False,radon,0,0,8,3,19,14,2,49,3,4,5,0,3,1,0,1,1,0,0,code/bsa/file_resource.py,0,9,0,0,0,0,0,9,25,116,0,0,0,0,0,0,0,0,0,0,0,0,0,0,0,0,0,americofmoliveira VesselSegmentation ESWA,0,1,0,1,B101
americofmoliveira VesselSegmentation ESWA,code/bsa/layers.py,americofmoliveira VesselSegmentation ESWA::code/bsa/layers.py,['Am rico Oliveira'],[],['Am rico Oliveira'],[],0,1,0,0.0,1.0,0.0,518.0,3.7333333333333334,16.0,False,radon,0,0,8,3,19,14,2,49,3,4,5,0,3,1,0,1,1,0,0,code/bsa/layers.py,0,9,0,0,0,0,0,9,25,116,0,0,0,0,0,0,0,0,0,0,0,0,0,0,0,0,0,americofmoliveira VesselSegmentation ESWA,0,1,0,1,B101
americofmoliveira VesselSegmentation ESWA,code/bsa/patch.py,americofmoliveira VesselSegmentation ESWA::code/bsa/patch.py,['Am rico Oliveira'],[],['Am rico Oliveira'],[],0,1,0,0.0,1.0,0.0,96.0,1.6363636363636365,3.0,False,radon,0,0,8,3,19,14,2,49,3,4,5,0,3,1,0,1,1,0,0,code/bsa/patch.py,0,9,0,0,0,0,0,9,25,116,0,0,0,0,0,0,0,0,0,0,0,0,0,0,0,0,0,americofmoliveira VesselSegmentation ESWA,0,1,0,1,B101
americofmoliveira VesselSegmentation ESWA,code/bsa/prediction.py,americofmoliveira VesselSegmentation ESWA::code/bsa/prediction.py,['Am rico Oliveira'],[],['Am rico Oliveira'],[],0,1,0,0.0,1.0,0.0,95.0,2.6666666666666665,5.0,False,radon,0,0,8,3,19,14,2,49,3,4,5,0,3,1,0,1,1,0,0,code/bsa/prediction.py,0,9,0,0,0,0,0,9,25,116,0,0,0,0,0,0,0,0,0,0,0,0,0,0,0,0,0,americofmoliveira VesselSegmentation ESWA,0,1,0,1,B101
americofmoliveira VesselSegmentation ESWA,code/bsa/transform_image.py,americofmoliveira VesselSegmentation ESWA::code/bsa/transform_image.py,['Am rico Oliveira'],[],['Am rico Oliveira'],[],0,1,0,0.0,1.0,0.0,385.0,3.64,17.0,False,radon,0,0,8,3,19,14,2,49,3,4,5,0,3,1,0,1,1,0,0,code/bsa/transform_image.py,0,9,0,0,0,0,0,9,25,116,0,0,0,0,0,0,0,0,0,0,0,0,0,0,0,0,0,americofmoliveira VesselSegmentation ESWA,0,1,0,1,B101
americofmoliveira VesselSegmentation ESWA,code/bsa/transform_patch.py,americofmoliveira VesselSegmentation ESWA::code/bsa/transform_patch.py,['Am rico Oliveira'],[],['Am rico Oliveira'],[],0,1,0,0.0,1.0,0.0,71.0,3.2,5.0,False,radon,0,0,8,3,19,14,2,49,3,4,5,0,3,1,0,1,1,0,0,code/bsa/transform_patch.py,0,9,0,0,0,0,0,9,25,116,0,0,0,0,0,0,0,0,0,0,0,0,0,0,0,0,0,americofmoliveira VesselSegmentation ESWA,0,1,0,1,B101
americofmoliveira VesselSegmentation ESWA,code/bsa/unet.py,americofmoliveira VesselSegmentation ESWA::code/bsa/unet.py,['Am rico Oliveira'],[],['Am rico Oliveira'],[],0,1,0,0.0,1.0,0.0,192.0,2.4166666666666665,4.0,False,radon,0,0,8,3,19,14,2,49,3,4,5,0,3,1,0,1,1,0,0,code/bsa/unet.py,0,9,0,0,0,0,0,9,25,116,0,0,0,0,0,0,0,0,0,0,0,0,0,0,0,0,0,americofmoliveira VesselSegmentation ESWA,0,1,0,1,B101
americofmoliveira VesselSegmentation ESWA,code/bsa/util.py,americofmoliveira VesselSegmentation ESWA::code/bsa/util.py,['Am rico Oliveira'],[],['Am rico Oliveira'],[],0,1,0,0.0,1.0,0.0,87.0,3.0,8.0,False,radon,0,0,8,3,19,14,2,49,3,4,5,0,3,1,0,1,1,0,0,code/bsa/util.py,0,9,0,0,0,0,0,9,25,116,0,0,0,0,0,0,0,0,0,0,0,0,0,0,0,0,0,americofmoliveira VesselSegmentation ESWA,0,1,0,1,B101
americofmoliveira VesselSegmentation ESWA,code/bsa/utils/os_path.py,americofmoliveira VesselSegmentation ESWA::code/bsa/utils/os_path.py,['Am rico Oliveira'],[],['Am rico Oliveira'],[],0,1,0,0.0,1.0,0.0,76.0,2.2,4.0,False,radon,0,0,8,3,19,14,2,49,3,4,5,0,3,1,0,1,1,0,0,code/bsa/utils/os_path.py,0,9,0,0,0,0,0,9,25,116,0,0,0,0,0,0,0,0,0,0,0,0,0,0,0,0,0,americofmoliveira VesselSegmentation ESWA,0,1,0,1,B101
americofmoliveira VesselSegmentation ESWA,code/vessel_seg.py,americofmoliveira VesselSegmentation ESWA::code/vessel_seg.py,['Am rico Oliveira'],[],['Am rico Oliveira'],[],0,1,0,0.0,1.0,0.0,132.0,2.5,5.0,False,radon,0,0,8,3,19,14,2,49,3,4,5,0,3,1,0,1,1,0,0,code/vessel_seg.py,0,9,0,0,0,0,0,9,25,116,0,0,0,0,0,0,0,0,0,0,0,0,0,0,0,0,0,americofmoliveira VesselSegmentation ESWA,0,1,0,1,B101
americofmoliveira VesselSegmentation ESWA,image_level_results/file_io.py,americofmoliveira VesselSegmentation ESWA::image_level_results/file_io.py,['Am rico Oliveira'],[],['Am rico Oliveira'],[],0,1,0,0.0,1.0,0.0,112.0,8.5,12.0,False,radon,0,0,0,0,0,0,0,0,0,0,0,0,0,0,0,0,0,0,0,image_level_results/file_io.py,0,1,0,0,0,0,0,0,2,2,0,0,0,0,0,0,0,0,0,0,0,0,0,0,0,0,0,americofmoliveira VesselSegmentation ESWA,0,0,0,0,0
angetato Optimizers for Tensorflow,logisticR_mnist.py,angetato Optimizers for Tensorflow::logisticR_mnist.py,['Ange Tato'],[],['Ange Tato'],[],0,1,0,0.0,1.0,0.0,116.0,4.0,8.0,False,radon,0,0,0,0,0,84,0,124,40,0,0,0,0,0,0,0,0,0,0,logisticR_mnist.py,0,4,0,0,0,0,0,10,16,106,0,0,0,0,0,0,0,0,0,0,0,0,0,0,0,0,0,angetato Optimizers for Tensorflow,0,0,0,0,0
angetato Optimizers for Tensorflow,mlp_mnist.py,angetato Optimizers for Tensorflow::mlp_mnist.py,['Ange Tato'],[],['Ange Tato'],[],0,1,0,0.0,1.0,0.0,110.0,4.0,8.0,False,radon,0,0,0,0,0,78,0,116,38,0,0,0,0,0,0,0,0,0,0,mlp_mnist.py,0,3,0,0,0,0,0,10,13,102,0,0,0,0,0,0,0,0,0,0,0,0,0,0,0,0,0,angetato Optimizers for Tensorflow,0,0,0,0,0
angetato Optimizers for Tensorflow,neuralnets-testing-optimizers.py,angetato Optimizers for Tensorflow::neuralnets-testing-optimizers.py,['Ange Tato'],[],['Ange Tato'],[],0,1,0,0.0,1.0,0.0,315.0,3.066666666666667,6.0,False,radon,0,0,0,1,0,15,0,23,7,0,0,0,0,0,0,0,0,0,0,neuralnets-testing-optimizers.py,0,0,0,0,0,0,0,2,2,29,0,0,0,0,0,0,0,0,0,0,0,0,0,0,0,0,0,angetato Optimizers for Tensorflow,0,0,0,0,0
angetato Optimizers for Tensorflow,tf_utils/AAdam.py,angetato Optimizers for Tensorflow::tf_utils/AAdam.py,['Ange Tato'],[],['Ange Tato'],[],0,1,0,0.0,1.0,0.0,73.0,1.3333333333333333,2.0,False,radon,0,0,0,0,0,30,0,45,15,0,0,0,0,0,0,0,0,0,0,tf_utils/AAdam.py,0,0,0,0,0,0,0,5,4,44,0,0,0,0,0,0,0,0,0,0,0,0,0,0,0,0,0,angetato Optimizers for Tensorflow,0,0,0,0,0
angetato Optimizers for Tensorflow,tf_utils/AAdam01.py,angetato Optimizers for Tensorflow::tf_utils/AAdam01.py,['Ange Tato'],[],['Ange Tato'],[],0,1,0,0.0,1.0,0.0,73.0,1.3333333333333333,2.0,False,radon,0,0,0,0,0,60,0,90,30,0,0,0,0,0,0,0,0,0,0,tf_utils/AAdam01.py,0,0,0,0,0,0,0,10,8,88,0,0,0,0,0,0,0,0,0,0,0,0,0,0,0,0,0,angetato Optimizers for Tensorflow,0,0,0,0,0
angetato Optimizers for Tensorflow,tf_utils/AAdam02.py,angetato Optimizers for Tensorflow::tf_utils/AAdam02.py,['Ange Tato'],[],['Ange Tato'],[],0,1,0,0.0,1.0,0.0,73.0,1.3333333333333333,2.0,False,radon,0,0,0,0,0,30,0,45,15,0,0,0,0,0,0,0,0,0,0,tf_utils/AAdam02.py,0,0,0,0,0,0,0,5,4,44,0,0,0,0,0,0,0,0,0,0,0,0,0,0,0,0,0,angetato Optimizers for Tensorflow,0,0,0,0,0
angetato Optimizers for Tensorflow,tf_utils/AAdam_Old.py,angetato Optimizers for Tensorflow::tf_utils/AAdam_Old.py,['Ange Tato'],[],['Ange Tato'],[],0,1,0,0.0,1.0,0.0,71.0,1.3333333333333333,2.0,False,radon,0,0,0,0,0,30,0,45,15,0,0,0,0,0,0,0,0,0,0,tf_utils/AAdam_Old.py,0,0,0,0,0,0,0,5,4,44,0,0,0,0,0,0,0,0,0,0,0,0,0,0,0,0,0,angetato Optimizers for Tensorflow,0,0,0,0,0
angetato Optimizers for Tensorflow,tf_utils/Adam.py,angetato Optimizers for Tensorflow::tf_utils/Adam.py,['Ange Tato'],[],['Ange Tato'],[],0,1,0,0.0,1.0,0.0,68.0,1.3333333333333333,2.0,False,radon,0,0,0,0,0,30,0,45,15,0,0,0,0,0,0,0,0,0,0,tf_utils/Adam.py,0,0,0,0,0,0,0,5,4,44,0,0,0,0,0,0,0,0,0,0,0,0,0,0,0,0,0,angetato Optimizers for Tensorflow,0,0,0,0,0
angetato Optimizers for Tensorflow,tf_utils/NAdam.py,angetato Optimizers for Tensorflow::tf_utils/NAdam.py,['Ange Tato'],[],['Ange Tato'],[],0,1,0,0.0,1.0,0.0,77.0,1.3333333333333333,2.0,False,radon,0,0,0,0,0,30,0,45,15,0,0,0,0,0,0,0,0,0,0,tf_utils/NAdam.py,0,0,0,0,0,0,0,5,4,44,0,0,0,0,0,0,0,0,0,0,0,0,0,0,0,0,0,angetato Optimizers for Tensorflow,0,0,0,0,0
ankur219 ECG Arrhythmia classification,app.py,ankur219 ECG Arrhythmia classification::app.py,['Ankur Singh'],[],[],['Ankur Singh'],0,0,1,0.0,0.0,1.0,180.0,5.666666666666667,12.0,False,radon,0,0,0,0,10,18,0,28,0,0,0,0,3,0,0,0,0,0,0,app.py,0,3,0,0,0,0,3,0,0,122,0,0,0,3,0,0,0,0,0,0,0,0,0,0,0,0,0,ankur219 ECG Arrhythmia classification,0,0,0,0,0
ankur219 ECG Arrhythmia classification,cropping.py,ankur219 ECG Arrhythmia classification::cropping.py,['Ankur Singh'],[],[],['Ankur Singh'],0,0,1,0.0,0.0,1.0,46.0,1.0,1.0,False,radon,0,0,0,0,1,0,0,1,0,0,0,0,0,0,0,0,0,0,0,cropping.py,0,0,0,0,0,0,0,0,0,24,0,0,0,0,0,0,0,0,0,0,0,0,0,0,0,0,0,ankur219 ECG Arrhythmia classification,0,0,0,0,0
ankur219 ECG Arrhythmia classification,gettingData.py,ankur219 ECG Arrhythmia classification::gettingData.py,['Ankur Singh'],[],[],['Ankur Singh'],0,0,1,0.0,0.0,1.0,50.0,2.6666666666666665,5.0,True,lizard,0,0,0,0,0,2,0,2,0,0,0,0,0,0,0,0,0,0,0,gettingData.py,0,0,0,0,0,0,0,0,0,0,0,0,0,0,0,0,0,0,0,0,0,0,0,0,0,0,0,ankur219 ECG Arrhythmia classification,0,0,0,0,0
breeko spypy,src/convert.py,breeko spypy::src/convert.py,['breeko'],['breeko'],[],['breeko'],1,0,1,0.5,0.0,0.5,116.0,3.4,9.0,False,radon,0,0,4,0,0,6,0,18,8,0,2,0,4,0,0,0,0,0,0,src/convert.py,0,6,0,0,0,0,2,4,34,54,0,0,0,0,0,0,0,0,0,0,0,0,0,0,0,0,0,breeko spypy,0,0,0,0,0
breeko spypy,src/detect.py,breeko spypy::src/detect.py,['breeko'],['breeko'],[],['breeko'],1,0,1,0.5,0.0,0.5,172.0,2.1818181818181817,6.0,False,radon,0,0,16,0,0,24,0,68,28,0,8,0,16,0,0,0,0,0,0,src/detect.py,0,24,0,0,0,0,8,20,140,216,0,0,0,0,0,0,0,0,0,0,0,0,0,0,0,0,0,breeko spypy,0,0,0,0,0
breeko spypy,src/handler.py,breeko spypy::src/handler.py,['breeko'],['breeko'],[],['breeko'],1,0,1,0.5,0.0,0.5,36.0,2.5,3.0,False,radon,0,0,4,0,2,6,0,20,8,0,2,0,4,0,0,0,0,0,0,src/handler.py,0,6,0,0,0,0,2,6,36,56,0,0,0,0,0,0,0,0,0,0,0,0,0,0,0,0,0,breeko spypy,0,0,0,0,0
breeko spypy,src/summarize.py,breeko spypy::src/summarize.py,['breeko'],['breeko'],[],['breeko'],1,0,1,0.5,0.0,0.5,52.0,12.0,12.0,False,radon,0,0,4,0,0,6,0,18,8,0,2,0,4,0,0,0,0,0,0,src/summarize.py,0,6,0,0,0,0,2,4,34,54,0,0,0,0,0,0,0,0,0,0,0,0,0,0,0,0,0,breeko spypy,0,0,0,0,0
breeko spypy,src/track.py,breeko spypy::src/track.py,['breeko'],['breeko'],[],['breeko'],1,0,1,0.5,0.0,0.5,84.0,3.0,5.0,False,radon,0,0,12,0,0,18,0,52,22,0,6,0,12,0,0,0,0,0,0,src/track.py,0,18,0,0,0,0,6,16,106,162,0,0,0,0,0,0,0,0,0,0,0,0,0,0,0,0,0,breeko spypy,0,0,0,0,0
breeko spypy,src/yad2k_out.py,breeko spypy::src/yad2k_out.py,['breeko'],['breeko'],[],['breeko'],1,0,1,0.5,0.0,0.5,265.0,11.25,39.0,False,radon,0,0,12,0,0,18,0,52,22,0,6,0,12,0,0,0,0,0,0,src/yad2k_out.py,0,18,0,0,0,0,6,14,104,162,0,0,0,0,0,0,0,0,0,0,0,0,0,0,0,0,0,breeko spypy,0,0,0,0,0
cgnorthcutt benchmarking keras pytorch,cifar10_benchmarking.py,cgnorthcutt benchmarking keras pytorch::cifar10_benchmarking.py,['cgnorthcutt'],[],['cgnorthcutt'],[],0,1,0,0.0,1.0,0.0,223.0,15.5,26.0,False,radon,0,0,0,0,0,0,0,1,1,0,0,0,0,0,0,0,0,0,0,cifar10_benchmarking.py,0,2,0,0,0,0,2,2,26,7,0,0,0,2,0,0,0,0,0,0,0,0,0,0,0,0,0,cgnorthcutt benchmarking keras pytorch,0,0,0,0,0
cgnorthcutt benchmarking keras pytorch,imagenet_benchmarking.py,cgnorthcutt benchmarking keras pytorch::imagenet_benchmarking.py,['cgnorthcutt'],[],['cgnorthcutt'],[],0,1,0,0.0,1.0,0.0,282.0,16.0,27.0,False,radon,0,0,0,0,0,0,0,1,1,0,0,0,0,0,0,0,0,0,0,imagenet_benchmarking.py,0,6,0,0,0,0,3,4,97,37,0,0,0,4,0,0,0,0,0,0,0,0,0,0,0,0,0,cgnorthcutt benchmarking keras pytorch,0,0,0,0,0
cgnorthcutt benchmarking keras pytorch,imagenet_keras_get_predictions.py,cgnorthcutt benchmarking keras pytorch::imagenet_keras_get_predictions.py,['cgnorthcutt'],[],['cgnorthcutt'],[],0,1,0,0.0,1.0,0.0,237.0,5.0,5.0,False,radon,0,0,0,0,0,0,0,0,0,0,0,0,0,0,0,0,0,0,0,imagenet_keras_get_predictions.py,0,2,0,0,0,0,0,0,38,18,0,0,0,0,0,0,0,0,0,0,0,0,0,0,0,0,0,cgnorthcutt benchmarking keras pytorch,0,0,0,0,0
cgnorthcutt benchmarking keras pytorch,imagenet_pytorch_get_predictions.py,cgnorthcutt benchmarking keras pytorch::imagenet_pytorch_get_predictions.py,"['Curtis G Northcutt', 'Curtis Northcutt', 'cclauss', 'cgnorthcutt', 'gnuwind']","['Curtis G Northcutt', 'Curtis Northcutt', 'gnuwind']","['cclauss', 'cgnorthcutt']",[],3,2,0,0.6,0.4,0.0,187.0,8.5,11.0,False,radon,1,1,0,0,0,0,0,1,1,0,0,0,0,0,0,0,0,0,0,imagenet_pytorch_get_predictions.py,0,7,0,0,0,0,0,0,131,63,0,0,0,0,0,0,0,0,0,0,0,0,0,0,0,0,0,cgnorthcutt benchmarking keras pytorch,0,0,0,0,0
clarkerubber irwin,Env.py,clarkerubber irwin::Env.py,['James Clarke'],['James Clarke'],[],[],1,0,0,1.0,0.0,0.0,70.0,2.5,3.0,False,radon,7,3,27,68,18,629,0,909,167,82,44,0,43,0,0,6,154,0,0,Env.py,44,191,0,59,0,0,60,21,2853,5220,0,0,0,0,0,0,0,0,1,0,0,0,0,0,0,0,0,clarkerubber irwin,0,0,0,0,0
clarkerubber irwin,client.py,clarkerubber irwin::client.py,"['James Clarke', 'Lakin Wecker']","['James Clarke', 'Lakin Wecker']",[],[],2,0,0,1.0,0.0,0.0,84.0,3.0,3.0,False,radon,0,0,26,31,39,863,0,1043,84,38,83,0,29,0,0,18,135,0,0,client.py,33,67,0,23,0,0,18,0,2124,2549,0,0,0,0,0,0,0,0,0,0,0,0,0,0,0,0,0,clarkerubber irwin,0,0,0,0,0
clarkerubber irwin,conf/ConfigWrapper.py,clarkerubber irwin::conf/ConfigWrapper.py,['James Clarke'],['James Clarke'],[],[],1,0,0,1.0,0.0,0.0,40.0,1.4285714285714286,2.0,False,radon,0,0,17,14,19,346,0,405,9,26,15,0,16,0,0,9,40,0,0,conf/ConfigWrapper.py,17,44,0,9,0,0,9,0,932,1342,0,0,0,0,0,0,0,0,0,0,0,0,0,0,0,0,0,clarkerubber irwin,0,0,0,0,0
clarkerubber irwin,lichess-listener.py,clarkerubber irwin::lichess-listener.py,"['James Clarke', 'Lakin Wecker']","['James Clarke', 'Lakin Wecker']",[],[],2,0,0,1.0,0.0,0.0,93.0,5.0,5.0,False,radon,9,4,14,24,52,670,0,816,56,52,63,0,32,0,0,13,136,0,0,lichess-listener.py,40,107,0,25,0,0,21,9,2243,2989,0,0,0,0,0,0,0,0,0,0,0,0,0,0,0,0,0,clarkerubber irwin,0,0,0,0,0
clarkerubber irwin,modules/auth/Auth.py,clarkerubber irwin::modules/auth/Auth.py,['James Clarke'],['James Clarke'],[],[],1,0,0,1.0,0.0,0.0,99.0,2.5714285714285716,5.0,False,radon,0,0,26,20,25,440,0,541,30,31,31,0,16,0,0,12,66,0,0,modules/auth/Auth.py,23,65,0,13,0,0,12,3,1341,1763,0,0,0,0,0,0,0,0,0,0,0,0,0,0,0,0,0,clarkerubber irwin,0,0,0,0,0
clarkerubber irwin,modules/auth/Env.py,clarkerubber irwin::modules/auth/Env.py,['James Clarke'],['James Clarke'],[],[],1,0,0,1.0,0.0,0.0,15.0,1.5,2.0,False,radon,0,0,11,14,14,223,0,279,17,16,15,0,7,0,0,6,30,0,0,modules/auth/Env.py,11,31,0,6,0,0,6,1,657,885,0,0,0,0,0,0,0,0,0,0,0,0,0,0,0,0,0,clarkerubber irwin,0,0,0,0,0
clarkerubber irwin,modules/auth/Token.py,clarkerubber irwin::modules/auth/Token.py,['James Clarke'],['James Clarke'],[],[],1,0,0,1.0,0.0,0.0,40.0,2.0,3.0,False,radon,0,0,18,19,20,367,0,452,28,26,26,0,13,0,0,10,54,0,0,modules/auth/Token.py,19,54,0,10,0,0,10,3,1108,1470,0,0,0,0,0,0,0,0,0,0,0,0,0,0,0,0,0,clarkerubber irwin,0,0,0,0,0
clarkerubber irwin,modules/auth/User.py,clarkerubber irwin::modules/auth/User.py,['James Clarke'],['James Clarke'],[],[],1,0,0,1.0,0.0,0.0,79.0,1.9,3.0,False,radon,0,0,15,16,17,293,0,364,23,21,21,0,9,0,0,8,42,0,0,modules/auth/User.py,15,43,0,8,0,0,8,2,880,1178,0,0,0,0,0,0,0,0,0,0,0,0,0,0,0,0,0,clarkerubber irwin,0,0,0,0,0
clarkerubber irwin,modules/client/Api.py,clarkerubber irwin::modules/client/Api.py,['James Clarke'],['James Clarke'],[],[],1,0,0,1.0,0.0,0.0,40.0,4.0,5.0,False,radon,0,0,19,18,23,421,0,524,43,23,41,0,11,0,0,10,68,0,0,modules/client/Api.py,17,44,0,13,0,0,10,0,1188,1438,0,0,0,0,0,0,0,0,0,0,0,0,0,0,0,0,0,clarkerubber irwin,0,0,0,0,0
clarkerubber irwin,modules/client/Env.py,clarkerubber irwin::modules/client/Env.py,['James Clarke'],['James Clarke'],[],[],1,0,0,1.0,0.0,0.0,15.0,2.5,3.0,False,radon,0,0,13,13,16,278,0,347,27,17,26,0,9,0,0,7,44,0,0,modules/client/Env.py,13,32,0,7,0,0,7,0,797,1019,0,0,0,0,0,0,0,0,0,0,0,0,0,0,0,0,0,clarkerubber irwin,0,0,0,0,0
clarkerubber irwin,modules/client/Job.py,clarkerubber irwin::modules/client/Job.py,['James Clarke'],['James Clarke'],[],[],1,0,0,1.0,0.0,0.0,37.0,2.6666666666666665,4.0,False,radon,0,0,13,16,18,371,0,455,37,18,34,0,11,0,0,8,56,0,0,modules/client/Job.py,14,31,0,8,0,0,8,0,908,1138,0,0,0,0,0,0,0,0,0,0,0,0,0,0,0,0,0,clarkerubber irwin,0,0,0,0,0
clarkerubber irwin,modules/db/DBManager.py,clarkerubber irwin::modules/db/DBManager.py,['James Clarke'],['James Clarke'],[],[],1,0,0,1.0,0.0,0.0,21.0,2.0,3.0,False,radon,0,0,8,10,11,185,0,226,12,14,11,0,7,0,0,5,24,0,0,modules/db/DBManager.py,9,26,0,5,0,0,5,1,542,742,0,0,0,0,0,0,0,0,0,0,0,0,0,0,0,0,0,clarkerubber irwin,0,0,0,0,0
clarkerubber irwin,modules/fishnet/fishnet.py,clarkerubber irwin::modules/fishnet/fishnet.py,['James Clarke'],['James Clarke'],[],[],1,0,0,1.0,0.0,0.0,308.0,4.083333333333333,11.0,False,radon,0,0,15,0,2,10,0,36,9,2,2,0,0,0,0,0,1,0,0,modules/fishnet/fishnet.py,0,2,0,0,0,0,1,0,7,89,0,0,0,0,0,0,0,0,0,0,0,0,0,0,0,0,0,clarkerubber irwin,0,0,0,0,0
clarkerubber irwin,modules/game/AnalysedGame.py,clarkerubber irwin::modules/game/AnalysedGame.py,['James Clarke'],['James Clarke'],[],[],1,0,0,1.0,0.0,0.0,238.0,2.255813953488372,7.0,False,radon,0,0,23,30,30,511,0,651,57,30,53,0,15,0,0,13,86,0,0,modules/game/AnalysedGame.py,20,60,0,16,0,0,13,0,1562,1870,0,0,0,0,0,0,0,0,0,0,0,0,0,0,0,0,0,clarkerubber irwin,0,0,0,0,0
clarkerubber irwin,modules/game/AnalysedMove.py,clarkerubber irwin::modules/game/AnalysedMove.py,['James Clarke'],['James Clarke'],[],[],1,0,0,1.0,0.0,0.0,149.0,2.1363636363636362,4.0,False,radon,0,0,15,15,17,260,0,333,26,18,24,0,7,0,0,7,40,0,0,modules/game/AnalysedMove.py,12,34,0,9,0,0,7,0,818,1019,0,0,0,0,0,0,0,0,0,0,0,0,0,0,0,0,0,clarkerubber irwin,0,0,0,0,0
clarkerubber irwin,modules/game/AnalysedPosition.py,clarkerubber irwin::modules/game/AnalysedPosition.py,['James Clarke'],['James Clarke'],[],[],1,0,0,1.0,0.0,0.0,59.0,2.0,3.0,False,radon,0,0,10,12,11,190,0,241,18,13,16,0,5,0,0,5,28,0,0,modules/game/AnalysedPosition.py,8,25,0,6,0,0,5,0,576,733,0,0,0,0,0,0,0,0,0,0,0,0,0,0,0,0,0,clarkerubber irwin,0,0,0,0,0
clarkerubber irwin,modules/game/Api.py,clarkerubber irwin::modules/game/Api.py,"['James Clarke', 'Lakin Wecker']","['James Clarke', 'Lakin Wecker']",[],[],2,0,0,1.0,0.0,0.0,56.0,2.6666666666666665,7.0,False,radon,2,2,31,38,43,955,0,1160,93,43,91,0,31,0,0,20,148,0,0,modules/game/Api.py,37,76,0,24,0,0,20,0,2360,2850,0,0,0,0,0,0,0,0,0,0,0,0,0,0,0,0,0,clarkerubber irwin,0,0,0,0,0
clarkerubber irwin,modules/game/EngineEval.py,clarkerubber irwin::modules/game/EngineEval.py,['James Clarke'],['James Clarke'],[],[],1,0,0,1.0,0.0,0.0,35.0,2.125,4.0,False,radon,0,0,10,13,12,183,0,234,16,14,14,0,5,0,0,5,24,0,0,modules/game/EngineEval.py,9,25,0,5,0,0,5,0,549,736,0,0,0,0,0,0,0,0,0,0,0,0,0,0,0,0,0,clarkerubber irwin,0,0,0,0,0
clarkerubber irwin,modules/game/EngineTools.py,clarkerubber irwin::modules/game/EngineTools.py,"['James Clarke', 'Lakin Wecker']","['James Clarke', 'Lakin Wecker']",[],[],2,0,0,1.0,0.0,0.0,106.0,5.0,11.0,False,radon,0,0,26,28,34,685,0,841,68,33,66,0,21,0,0,15,107,0,0,modules/game/EngineTools.py,27,60,0,24,0,0,15,0,1764,2146,0,0,0,0,0,0,0,0,0,0,0,0,0,0,0,0,0,clarkerubber irwin,0,0,0,0,0
clarkerubber irwin,modules/game/Env.py,clarkerubber irwin::modules/game/Env.py,['James Clarke'],['James Clarke'],[],[],1,0,0,1.0,0.0,0.0,20.0,1.5,2.0,False,radon,0,0,14,10,14,217,0,272,17,16,16,0,7,0,0,6,32,0,0,modules/game/Env.py,11,32,0,6,0,0,6,1,664,885,0,0,0,0,0,0,0,0,0,0,0,0,0,0,0,0,0,clarkerubber irwin,0,0,0,0,0
clarkerubber irwin,modules/game/Game.py,clarkerubber irwin::modules/game/Game.py,"['James Clarke', 'Lakin Wecker']","['James Clarke', 'Lakin Wecker']",[],[],2,0,0,1.0,0.0,0.0,204.0,2.739130434782609,12.0,False,radon,0,0,29,42,42,845,0,1045,87,45,82,0,28,0,0,19,139,0,0,modules/game/Game.py,33,85,0,24,0,0,20,1,2314,2843,0,0,0,0,0,0,0,0,0,0,0,0,0,0,0,0,0,clarkerubber irwin,0,0,0,0,0
clarkerubber irwin,modules/game/GameStore.py,clarkerubber irwin::modules/game/GameStore.py,['James Clarke'],['James Clarke'],[],[],1,0,0,1.0,0.0,0.0,80.0,2.8421052631578947,6.0,False,radon,0,0,10,12,11,190,0,241,18,13,16,0,5,0,0,5,28,0,0,modules/game/GameStore.py,8,25,0,6,0,0,5,0,576,733,0,0,0,0,0,0,0,0,0,0,0,0,0,0,0,0,0,clarkerubber irwin,0,0,0,0,0
clarkerubber irwin,modules/game/Player.py,clarkerubber irwin::modules/game/Player.py,['James Clarke'],['James Clarke'],[],[],1,0,0,1.0,0.0,0.0,82.0,2.0,4.0,False,radon,3,2,7,11,56,314,0,406,18,43,25,0,14,0,0,9,74,0,0,modules/game/Player.py,28,99,0,16,0,0,16,11,1524,2220,0,0,0,0,0,0,0,0,0,0,0,0,0,0,0,0,0,clarkerubber irwin,0,0,0,0,0
clarkerubber irwin,modules/http/__init__.py,clarkerubber irwin::modules/http/__init__.py,"['James Clarke', 'Lakin Wecker']","['James Clarke', 'Lakin Wecker']",[],[],2,0,0,1.0,0.0,0.0,30.0,1.6,3.0,False,radon,5,1,2,4,4,110,0,130,10,4,10,0,4,0,0,2,16,0,0,modules/http/__init__.py,4,6,0,4,0,0,2,0,232,284,0,0,0,0,0,0,0,0,0,0,0,0,0,0,0,0,0,clarkerubber irwin,0,0,0,0,0
clarkerubber irwin,modules/irwin/AnalysedGameModel.py,clarkerubber irwin::modules/irwin/AnalysedGameModel.py,['James Clarke'],['James Clarke'],[],[],1,0,0,1.0,0.0,0.0,135.0,2.888888888888889,5.0,False,radon,0,0,13,41,25,415,0,551,57,35,29,0,17,0,0,8,75,0,0,modules/irwin/AnalysedGameModel.py,19,68,0,26,0,0,15,1,1553,2463,0,0,0,0,0,0,0,0,0,0,0,0,0,0,0,0,0,clarkerubber irwin,0,0,0,0,0
clarkerubber irwin,modules/irwin/AnalysisReport.py,clarkerubber irwin::modules/irwin/AnalysisReport.py,['James Clarke'],['James Clarke'],[],[],1,0,0,1.0,0.0,0.0,320.0,2.2241379310344827,7.0,False,radon,0,0,10,12,103,506,0,646,15,61,30,0,23,0,0,17,96,0,0,modules/irwin/AnalysisReport.py,41,140,0,22,0,0,21,17,2197,3178,0,0,0,0,0,0,0,0,0,0,0,0,0,0,0,0,0,clarkerubber irwin,0,0,0,0,0
clarkerubber irwin,modules/irwin/BasicGameModel.py,clarkerubber irwin::modules/irwin/BasicGameModel.py,['James Clarke'],['James Clarke'],[],[],1,0,0,1.0,0.0,0.0,91.0,2.4,4.0,False,radon,5,1,8,18,21,250,0,328,31,26,23,0,10,0,0,6,52,0,0,modules/irwin/BasicGameModel.py,14,46,0,12,0,0,10,2,1002,1442,0,0,0,0,0,0,0,0,0,0,0,0,0,0,0,0,0,clarkerubber irwin,0,0,0,0,0
clarkerubber irwin,modules/irwin/Env.py,clarkerubber irwin::modules/irwin/Env.py,['James Clarke'],['James Clarke'],[],[],1,0,0,1.0,0.0,0.0,23.0,1.5,2.0,False,radon,0,0,12,13,14,215,0,271,17,16,15,0,7,0,0,6,30,0,0,modules/irwin/Env.py,11,32,0,6,0,0,6,1,663,879,0,0,0,0,0,0,0,0,0,0,0,0,0,0,0,0,0,clarkerubber irwin,0,0,0,0,0
clarkerubber irwin,modules/irwin/GameReport.py,clarkerubber irwin::modules/irwin/GameReport.py,['James Clarke'],['James Clarke'],[],[],1,0,0,1.0,0.0,0.0,39.0,2.0,3.0,False,radon,0,0,4,6,5,81,0,106,10,4,9,0,2,0,0,2,14,0,0,modules/irwin/GameReport.py,3,9,0,2,0,0,2,0,239,285,0,0,0,0,0,0,0,0,0,0,0,0,0,0,0,0,0,clarkerubber irwin,0,0,0,0,0
clarkerubber irwin,modules/irwin/Irwin.py,clarkerubber irwin::modules/irwin/Irwin.py,"['Daniel Dugovic', 'James Clarke']",['James Clarke'],['Daniel Dugovic'],[],1,1,0,0.5,0.5,0.0,35.0,2.3333333333333335,3.0,False,radon,36,12,123,290,44,2421,0,3797,919,273,172,0,142,0,0,33,696,0,0,modules/irwin/Irwin.py,170,898,0,169,0,0,392,109,9146,18773,0,0,0,0,0,0,0,0,8,0,0,0,0,0,0,0,0,clarkerubber irwin,0,0,0,0,0
clarkerubber irwin,modules/irwin/MoveReport.py,clarkerubber irwin::modules/irwin/MoveReport.py,['James Clarke'],['James Clarke'],[],[],1,0,0,1.0,0.0,0.0,29.0,1.3333333333333333,2.0,False,radon,0,0,4,6,5,81,0,106,10,4,9,0,2,0,0,2,14,0,0,modules/irwin/MoveReport.py,3,9,0,2,0,0,2,0,239,285,0,0,0,0,0,0,0,0,0,0,0,0,0,0,0,0,0,clarkerubber irwin,0,0,0,0,0
clarkerubber irwin,modules/irwin/PlayerReport.py,clarkerubber irwin::modules/irwin/PlayerReport.py,['James Clarke'],['James Clarke'],[],[],1,0,0,1.0,0.0,0.0,70.0,4.0,10.0,False,radon,0,0,8,15,13,276,0,343,31,12,29,0,8,0,0,6,46,0,0,modules/irwin/PlayerReport.py,10,24,0,7,0,0,6,0,731,848,0,0,0,0,0,0,0,0,0,0,0,0,0,0,0,0,0,clarkerubber irwin,0,0,0,0,0
clarkerubber irwin,modules/irwin/training/AnalysedGameActivation.py,clarkerubber irwin::modules/irwin/training/AnalysedGameActivation.py,['James Clarke'],['James Clarke'],[],[],1,0,0,1.0,0.0,0.0,70.0,1.9,4.0,False,radon,0,0,6,11,9,165,0,212,21,8,19,0,4,0,0,4,30,0,0,modules/irwin/training/AnalysedGameActivation.py,5,18,0,5,0,0,4,0,497,567,0,0,0,0,0,0,0,0,0,0,0,0,0,0,0,0,0,clarkerubber irwin,0,0,0,0,0
clarkerubber irwin,modules/irwin/training/AnalysedModelTraining.py,clarkerubber irwin::modules/irwin/training/AnalysedModelTraining.py,['James Clarke'],['James Clarke'],[],[],1,0,0,1.0,0.0,0.0,156.0,3.4444444444444446,6.0,False,radon,0,0,12,26,21,366,0,469,44,20,40,0,10,0,0,9,62,0,0,modules/irwin/training/AnalysedModelTraining.py,13,40,0,10,0,0,9,0,1084,1287,0,0,0,0,0,0,0,0,0,0,0,0,0,0,0,0,0,clarkerubber irwin,0,0,0,0,0
clarkerubber irwin,modules/irwin/training/BasicGameActivation.py,clarkerubber irwin::modules/irwin/training/BasicGameActivation.py,['James Clarke'],['James Clarke'],[],[],1,0,0,1.0,0.0,0.0,71.0,1.8181818181818181,4.0,False,radon,0,0,6,11,9,166,0,213,21,8,19,0,4,0,0,4,30,0,0,modules/irwin/training/BasicGameActivation.py,6,18,0,5,0,0,4,0,497,568,0,0,0,0,0,0,0,0,0,0,0,0,0,0,0,0,0,clarkerubber irwin,0,0,0,0,0
clarkerubber irwin,modules/irwin/training/BasicModelTraining.py,clarkerubber irwin::modules/irwin/training/BasicModelTraining.py,['James Clarke'],['James Clarke'],[],[],1,0,0,1.0,0.0,0.0,146.0,2.4444444444444446,4.0,False,radon,0,0,9,20,15,238,0,311,29,14,25,0,4,0,0,6,38,0,0,modules/irwin/training/BasicModelTraining.py,10,28,0,7,0,0,6,0,713,862,0,0,0,0,0,0,0,0,0,0,0,0,0,0,0,0,0,clarkerubber irwin,0,0,0,0,0
clarkerubber irwin,modules/irwin/training/Evaluation.py,clarkerubber irwin::modules/irwin/training/Evaluation.py,['James Clarke'],['James Clarke'],[],[],1,0,0,1.0,0.0,0.0,73.0,8.6,13.0,False,radon,0,0,4,10,7,122,0,158,15,7,13,0,2,0,0,3,20,0,0,modules/irwin/training/Evaluation.py,4,14,0,4,0,0,3,0,367,433,0,0,0,0,0,0,0,0,0,0,0,0,0,0,0,0,0,clarkerubber irwin,0,0,0,0,0
clarkerubber irwin,modules/irwin/training/Training.py,clarkerubber irwin::modules/irwin/training/Training.py,['James Clarke'],['James Clarke'],[],[],1,0,0,1.0,0.0,0.0,25.0,1.5,2.0,False,radon,0,0,7,14,10,160,0,211,20,9,17,0,2,0,0,4,26,0,0,modules/irwin/training/Training.py,6,19,0,5,0,0,4,0,482,576,0,0,0,0,0,0,0,0,0,0,0,0,0,0,0,0,0,clarkerubber irwin,0,0,0,0,0
clarkerubber irwin,modules/lichess/Api.py,clarkerubber irwin::modules/lichess/Api.py,"['James Clarke', 'Lakin Wecker']","['James Clarke', 'Lakin Wecker']",[],[],2,0,0,1.0,0.0,0.0,74.0,7.0,8.0,False,radon,0,0,7,14,34,404,0,494,35,29,39,0,19,0,0,10,79,0,0,modules/lichess/Api.py,22,61,0,15,0,0,12,5,1333,1733,0,0,0,0,0,0,0,0,0,0,0,0,0,0,0,0,0,clarkerubber irwin,0,0,0,0,0
clarkerubber irwin,modules/lichess/Request.py,clarkerubber irwin::modules/lichess/Request.py,"['James Clarke', 'Lakin Wecker']","['James Clarke', 'Lakin Wecker']",[],[],2,0,0,1.0,0.0,0.0,23.0,3.5,4.0,False,radon,5,1,4,9,8,195,0,237,21,8,20,0,6,0,0,4,32,0,0,modules/lichess/Request.py,6,15,0,7,0,0,4,0,491,567,0,0,0,0,0,0,0,0,0,0,0,0,0,0,0,0,0,clarkerubber irwin,0,0,0,0,0
clarkerubber irwin,modules/queue/EngineQueue.py,clarkerubber irwin::modules/queue/EngineQueue.py,"['James Clarke', 'Lakin Wecker']","['James Clarke', 'Lakin Wecker']",[],[],2,0,0,1.0,0.0,0.0,176.0,2.1,6.0,False,radon,0,0,23,33,35,768,0,934,75,34,74,0,26,0,0,16,119,0,0,modules/queue/EngineQueue.py,29,60,0,19,0,0,16,0,1888,2267,0,0,0,0,0,0,0,0,0,0,0,0,0,0,0,0,0,clarkerubber irwin,0,0,0,0,0
clarkerubber irwin,modules/queue/Env.py,clarkerubber irwin::modules/queue/Env.py,['James Clarke'],['James Clarke'],[],[],1,0,0,1.0,0.0,0.0,15.0,1.5,2.0,False,radon,0,0,11,8,10,151,0,194,14,10,14,0,4,0,0,4,24,0,0,modules/queue/Env.py,7,20,0,4,0,0,4,0,454,585,0,0,0,0,0,0,0,0,0,0,0,0,0,0,0,0,0,clarkerubber irwin,0,0,0,0,0
clarkerubber irwin,modules/queue/IrwinQueue.py,clarkerubber irwin::modules/queue/IrwinQueue.py,['James Clarke'],['James Clarke'],[],[],1,0,0,1.0,0.0,0.0,47.0,1.4285714285714286,2.0,False,radon,0,0,7,8,7,113,0,144,9,8,9,0,4,0,0,3,16,0,0,modules/queue/IrwinQueue.py,5,15,0,3,0,0,3,0,338,442,0,0,0,0,0,0,0,0,0,0,0,0,0,0,0,0,0,clarkerubber irwin,0,0,0,0,0
clarkerubber irwin,modules/queue/Origin.py,clarkerubber irwin::modules/queue/Origin.py,['James Clarke'],['James Clarke'],[],[],1,0,0,1.0,0.0,0.0,15.0,5.0,5.0,False,radon,0,0,4,10,7,122,0,158,15,7,13,0,2,0,0,3,20,0,0,modules/queue/Origin.py,4,14,0,4,0,0,3,0,367,433,0,0,0,0,0,0,0,0,0,0,0,0,0,0,0,0,0,clarkerubber irwin,0,0,0,0,0
clarkerubber irwin,modules/queue/Queue.py,clarkerubber irwin::modules/queue/Queue.py,['James Clarke'],['James Clarke'],[],[],1,0,0,1.0,0.0,0.0,27.0,1.1428571428571428,2.0,False,radon,0,0,18,14,19,301,0,382,30,19,29,0,8,0,0,8,52,0,0,modules/queue/Queue.py,13,41,0,11,0,0,8,1,965,1159,0,0,0,0,0,0,0,0,0,0,0,0,0,0,0,0,0,clarkerubber irwin,0,0,0,0,0
clarkerubber irwin,utils/buildAnalysedPositionTable.py,clarkerubber irwin::utils/buildAnalysedPositionTable.py,['James Clarke'],['James Clarke'],[],[],1,0,0,1.0,0.0,0.0,44.0,8.0,8.0,False,radon,0,0,2,5,4,85,0,107,11,4,10,0,2,0,0,2,16,0,0,utils/buildAnalysedPositionTable.py,2,9,0,3,0,0,2,0,259,283,0,0,0,0,0,0,0,0,0,0,0,0,0,0,0,0,0,clarkerubber irwin,0,0,0,0,0
clarkerubber irwin,utils/buildAverageReport.py,clarkerubber irwin::utils/buildAverageReport.py,['James Clarke'],['James Clarke'],[],[],1,0,0,1.0,0.0,0.0,50.0,2.6666666666666665,4.0,False,radon,0,0,2,5,36,181,0,235,11,16,14,0,6,0,0,6,28,0,0,utils/buildAverageReport.py,10,37,0,7,0,0,6,4,695,923,0,0,0,0,0,0,0,0,0,0,0,0,0,0,0,0,0,clarkerubber irwin,0,0,0,0,0
clarkerubber irwin,utils/updatePlayerDatabase.py,clarkerubber irwin::utils/updatePlayerDatabase.py,['James Clarke'],['James Clarke'],[],[],1,0,0,1.0,0.0,0.0,16.0,3.0,3.0,False,radon,5,1,8,11,11,167,0,213,16,19,15,0,7,0,0,4,38,0,0,utils/updatePlayerDatabase.py,11,37,0,8,0,0,7,2,705,980,0,0,0,0,0,0,0,0,0,0,0,0,0,0,0,0,0,clarkerubber irwin,0,0,0,0,0
clarkerubber irwin,webapp/Env.py,clarkerubber irwin::webapp/Env.py,"['James Clarke', 'Lakin Wecker']","['James Clarke', 'Lakin Wecker']",[],[],2,0,0,1.0,0.0,0.0,39.0,1.5,2.0,False,radon,5,1,16,14,19,376,0,456,31,21,32,0,14,0,0,9,60,0,0,webapp/Env.py,15,42,0,13,0,0,9,1,1059,1300,0,0,0,0,0,0,0,0,0,0,0,0,0,0,0,0,0,clarkerubber irwin,0,0,0,0,0
clarkerubber irwin,webapp/controllers/api/blueprint.py,clarkerubber irwin::webapp/controllers/api/blueprint.py,"['James Clarke', 'Lakin Wecker']","['James Clarke', 'Lakin Wecker']",[],[],2,0,0,1.0,0.0,0.0,66.0,1.0,1.0,False,radon,0,0,37,46,53,1156,0,1397,105,55,105,0,42,0,0,25,179,0,0,webapp/controllers/api/blueprint.py,47,101,0,29,0,0,25,2,2927,3562,0,0,0,0,0,0,0,0,0,0,0,0,0,0,0,0,0,clarkerubber irwin,0,0,0,0,0
clemkoa tooth detection,data_preprocessing.py,clemkoa tooth detection::data_preprocessing.py,['Clement Joudet'],[],[],['Clement Joudet'],0,0,1,0.0,0.0,1.0,191.0,2.4166666666666665,7.0,False,radon,0,0,0,0,82,102,0,359,175,0,0,0,0,0,0,0,0,0,0,data_preprocessing.py,0,1,0,0,0,0,0,27,254,780,0,0,0,0,0,0,0,0,0,0,0,0,0,0,0,0,0,clemkoa tooth detection,0,0,0,0,0
clemkoa tooth detection,inference.py,clemkoa tooth detection::inference.py,['Clement Joudet'],[],[],['Clement Joudet'],0,0,1,0.0,0.0,1.0,98.0,2.6666666666666665,5.0,False,radon,0,0,0,0,26,65,0,170,79,0,0,0,0,0,0,0,0,0,0,inference.py,0,1,0,0,0,0,0,11,90,138,0,0,0,0,0,0,0,0,0,0,0,0,0,0,0,0,0,clemkoa tooth detection,0,0,0,0,0
clemkoa tooth detection,scripts/merge_datasets.py,clemkoa tooth detection::scripts/merge_datasets.py,['Clement Joudet'],[],[],['Clement Joudet'],0,0,1,0.0,0.0,1.0,46.0,3.5,5.0,False,radon,0,0,0,0,5,20,0,57,32,0,0,0,0,0,0,0,0,0,0,scripts/merge_datasets.py,0,0,0,0,0,0,0,4,41,40,0,0,0,0,0,0,0,0,0,0,0,0,0,0,0,0,0,clemkoa tooth detection,0,0,0,0,0
clemkoa tooth detection,scripts/vott.py,clemkoa tooth detection::scripts/vott.py,['Clement Joudet'],[],[],['Clement Joudet'],0,0,1,0.0,0.0,1.0,148.0,2.3333333333333335,5.0,False,radon,0,0,0,0,3,10,0,29,16,0,0,0,0,0,0,0,0,0,0,scripts/vott.py,0,0,0,0,0,0,0,2,20,20,0,0,0,0,0,0,0,0,0,0,0,0,0,0,0,0,0,clemkoa tooth detection,0,0,0,0,0
clemkoa tooth detection,tooth_number_classification/train.py,clemkoa tooth detection::tooth_number_classification/train.py,['Clement Joudet'],[],[],['Clement Joudet'],0,0,1,0.0,0.0,1.0,211.0,2.6666666666666665,5.0,False,radon,0,0,0,0,8,11,0,40,21,0,0,0,0,0,0,0,0,0,0,tooth_number_classification/train.py,0,0,0,0,0,0,0,2,25,59,0,0,0,0,0,0,0,0,0,0,0,0,0,0,0,0,0,clemkoa tooth detection,0,0,0,0,0
dair iitd BossNet,src/main.py,dair iitd BossNet::src/main.py,['NikhilGupta1997'],[],['NikhilGupta1997'],[],0,1,0,0.0,1.0,0.0,273.0,4.75,15.0,False,radon,0,0,20,0,16,81,12,177,48,0,0,0,16,0,0,0,4,0,0,src/main.py,0,56,0,12,6,0,12,28,291,92,0,0,0,0,0,0,0,0,0,0,0,0,0,0,0,0,0,dair iitd BossNet,0,0,0,0,0
dair iitd BossNet,src/memn2n/attention_wrapper.py,dair iitd BossNet::src/memn2n/attention_wrapper.py,['NikhilGupta1997'],[],['NikhilGupta1997'],[],0,1,0,0.0,1.0,0.0,981.0,3.212121212121212,15.0,False,radon,29,5,200,0,66,424,56,995,249,2,6,0,112,8,0,10,27,0,0,src/memn2n/attention_wrapper.py,0,311,0,68,52,0,98,195,2130,985,0,0,0,0,0,0,0,0,0,0,0,0,0,0,0,0,0,dair iitd BossNet,0,0,0,0,0
dair iitd BossNet,src/memn2n/dynamic_decoder.py,dair iitd BossNet::src/memn2n/dynamic_decoder.py,['NikhilGupta1997'],[],['NikhilGupta1997'],[],0,1,0,0.0,1.0,0.0,403.0,2.0833333333333335,7.0,False,radon,18,6,103,0,49,306,46,684,180,2,6,0,73,5,0,4,16,0,0,src/memn2n/dynamic_decoder.py,0,186,0,36,31,0,51,110,1195,407,0,0,0,0,0,0,0,0,0,0,0,0,0,0,0,0,0,dair iitd BossNet,0,0,0,0,0
dair iitd BossNet,src/memn2n/memn2n_dialog_generator.py,dair iitd BossNet::src/memn2n/memn2n_dialog_generator.py,"['Dinesh Raghu', 'NikhilGupta1997', 'Ubuntu']",['Ubuntu'],"['Dinesh Raghu', 'NikhilGupta1997']",[],1,2,0,0.3333333333333333,0.6666666666666666,0.0,391.0,2.0,5.0,False,radon,85,18,429,0,165,905,123,2353,731,2,7,0,233,11,0,35,50,0,0,src/memn2n/memn2n_dialog_generator.py,22,693,0,138,98,0,261,406,4266,2121,0,0,0,0,0,0,0,0,0,0,0,0,0,0,0,0,0,dair iitd BossNet,0,0,0,0,0
dair iitd BossNet,src/resources/data.py,dair iitd BossNet::src/resources/data.py,"['Dinesh Raghu', 'NikhilGupta1997']",[],"['Dinesh Raghu', 'NikhilGupta1997']",[],0,2,0,0.0,1.0,0.0,364.0,2.8181818181818183,15.0,False,radon,1,1,25,0,20,93,15,213,60,0,0,0,20,0,0,1,5,0,0,src/resources/data.py,0,70,0,15,7,0,15,36,365,115,0,0,0,0,0,0,0,0,0,0,0,0,0,0,0,0,0,dair iitd BossNet,0,0,0,0,0
dair iitd BossNet,src/resources/data_utils.py,dair iitd BossNet::src/resources/data_utils.py,['NikhilGupta1997'],[],['NikhilGupta1997'],[],0,1,0,0.0,1.0,0.0,170.0,7.0,17.0,False,radon,1,1,30,0,24,127,18,271,72,0,0,0,24,0,0,0,6,0,0,src/resources/data_utils.py,0,84,0,18,8,0,18,42,437,138,0,0,0,0,0,0,0,0,0,0,0,0,0,0,0,0,0,dair iitd BossNet,0,0,0,0,0
dair iitd BossNet,src/resources/evaluation.py,dair iitd BossNet::src/resources/evaluation.py,['NikhilGupta1997'],[],['NikhilGupta1997'],[],0,1,0,0.0,1.0,0.0,206.0,5.8,11.0,False,radon,1,1,30,0,24,127,18,271,72,0,0,0,24,0,0,0,6,0,0,src/resources/evaluation.py,0,84,0,18,8,0,18,42,437,138,0,0,0,0,0,0,0,0,0,0,0,0,0,0,0,0,0,dair iitd BossNet,0,0,0,0,0
dair iitd BossNet,src/resources/evaluation_baselines.py,dair iitd BossNet::src/resources/evaluation_baselines.py,['NikhilGupta1997'],[],['NikhilGupta1997'],[],0,1,0,0.0,1.0,0.0,342.0,6.0,11.0,False,radon,1,1,30,0,24,127,18,271,72,0,0,0,24,0,0,0,6,0,0,src/resources/evaluation_baselines.py,0,84,0,18,8,0,18,42,437,138,0,0,0,0,0,0,0,0,0,0,0,0,0,0,0,0,0,dair iitd BossNet,0,0,0,0,0
dair iitd BossNet,src/resources/measures.py,dair iitd BossNet::src/resources/measures.py,['NikhilGupta1997'],[],['NikhilGupta1997'],[],0,1,0,0.0,1.0,0.0,119.0,7.0,8.0,False,radon,0,0,20,0,16,92,12,188,48,0,0,0,16,0,0,0,4,0,0,src/resources/measures.py,0,56,0,12,6,0,12,28,292,92,0,0,0,0,0,0,0,0,0,0,0,0,0,0,0,0,0,dair iitd BossNet,0,0,0,0,0
dair iitd BossNet,src/resources/params.py,dair iitd BossNet::src/resources/params.py,['NikhilGupta1997'],[],['NikhilGupta1997'],[],0,1,0,0.0,1.0,0.0,91.0,1.0,1.0,False,radon,0,0,15,0,12,69,9,141,36,0,0,0,12,0,0,0,3,0,0,src/resources/params.py,0,42,0,9,5,0,9,21,218,69,0,0,0,0,0,0,0,0,0,0,0,0,0,0,0,0,0,dair iitd BossNet,0,0,0,0,0
deep learning for humans fontastic,fontastic/data_generation/local_image_gen.py,deep learning for humans fontastic::fontastic/data_generation/local_image_gen.py,"['Nischal', 'Raghotham', 'nischalhp']",[],"['Nischal', 'Raghotham']",['nischalhp'],0,2,1,0.0,0.6666666666666666,0.3333333333333333,81.0,4.0,4.0,False,radon,0,0,0,2,8,11,0,50,29,0,0,0,1,0,0,0,0,0,0,fontastic/data_generation/local_image_gen.py,0,5,0,0,0,0,3,4,87,139,0,0,0,9,0,0,0,0,0,9,0,0,0,0,0,0,0,deep learning for humans fontastic,0,0,0,0,0
deep learning for humans fontastic,fontastic/data_generation/scrape.py,deep learning for humans fontastic::fontastic/data_generation/scrape.py,"['Nischal', 'Raghotham', 'nischalhp']",[],"['Nischal', 'Raghotham']",['nischalhp'],0,2,1,0.0,0.6666666666666666,0.3333333333333333,148.0,3.6,4.0,False,radon,0,0,0,0,0,4,0,19,15,0,0,0,1,0,0,0,0,0,0,fontastic/data_generation/scrape.py,0,0,0,0,0,0,0,1,32,40,0,0,0,0,0,0,0,0,0,0,0,0,0,0,0,0,0,deep learning for humans fontastic,0,0,0,0,0
deep learning for humans fontastic,fontastic/data_generation/scrape_dafont.py,deep learning for humans fontastic::fontastic/data_generation/scrape_dafont.py,"['Nischal', 'Raghotham S', 'nischalhp']",[],['Nischal'],"['Raghotham S', 'nischalhp']",0,1,2,0.0,0.3333333333333333,0.6666666666666666,88.0,4.5,6.0,False,radon,0,0,0,3,8,10,0,36,15,0,0,0,0,0,0,0,0,0,0,fontastic/data_generation/scrape_dafont.py,0,5,0,0,0,0,3,3,56,104,0,0,0,9,0,0,0,0,0,9,0,0,0,0,0,0,0,deep learning for humans fontastic,0,0,0,0,0
deep learning for humans fontastic,fontastic/data_generation/train_test_split.py,deep learning for humans fontastic::fontastic/data_generation/train_test_split.py,"['Nischal', 'Raghotham', 'nischalhp']",[],"['Nischal', 'Raghotham']",['nischalhp'],0,2,1,0.0,0.6666666666666666,0.3333333333333333,143.0,8.0,8.0,False,radon,0,0,0,2,8,14,0,66,42,0,0,0,0,0,0,0,0,0,0,fontastic/data_generation/train_test_split.py,0,10,0,0,0,0,8,10,132,204,0,0,0,30,0,0,0,0,0,28,0,0,0,0,0,0,0,deep learning for humans fontastic,0,0,0,0,0
deep learning for humans fontastic,fontastic/data_generation/training_data_gen.py,deep learning for humans fontastic::fontastic/data_generation/training_data_gen.py,"['Nischal', 'Raghotham', 'nischalhp', 'root']",['root'],"['Nischal', 'Raghotham']",['nischalhp'],1,2,1,0.25,0.5,0.25,116.0,3.6666666666666665,5.0,False,radon,0,0,0,4,8,18,0,66,36,0,0,0,2,0,0,0,0,0,0,fontastic/data_generation/training_data_gen.py,0,6,0,0,0,0,4,6,104,172,0,0,0,12,0,0,0,0,0,12,0,0,0,0,0,0,0,deep learning for humans fontastic,0,0,0,0,0
deep learning for humans fontastic,fontastic/utils/logging.py,deep learning for humans fontastic::fontastic/utils/logging.py,"['Raghotham S', 'nischalhp']",[],[],"['Raghotham S', 'nischalhp']",0,0,2,0.0,0.0,1.0,25.0,1.5,2.0,False,radon,0,0,0,1,0,1,0,5,3,0,0,0,0,0,0,0,0,0,0,fontastic/utils/logging.py,0,0,0,0,0,0,0,0,11,4,0,0,0,0,0,0,0,0,0,0,0,0,0,0,0,0,0,deep learning for humans fontastic,0,0,0,0,0
deep learning for humans fontastic,notebooks/gradcam/gradcam.py,deep learning for humans fontastic::notebooks/gradcam/gradcam.py,"['Nischal', 'Raghotham', 'nischalhp']",[],"['Nischal', 'Raghotham']",['nischalhp'],0,2,1,0.0,0.6666666666666666,0.3333333333333333,118.0,1.875,3.0,False,radon,0,0,0,3,12,9,0,39,15,0,0,0,0,0,0,0,0,0,0,notebooks/gradcam/gradcam.py,0,6,0,0,0,0,3,3,66,126,0,0,0,9,0,0,0,0,0,9,0,0,0,0,0,0,0,deep learning for humans fontastic,0,0,0,0,0
deep learning for humans fontastic,notebooks/gradcam/misc_functions.py,deep learning for humans fontastic::notebooks/gradcam/misc_functions.py,"['Nischal', 'Raghotham', 'nischalhp']",[],"['Nischal', 'Raghotham']",['nischalhp'],0,2,1,0.0,0.6666666666666666,0.3333333333333333,237.0,2.3333333333333335,8.0,False,radon,0,0,0,3,12,9,0,39,15,0,0,0,0,0,0,0,0,0,0,notebooks/gradcam/misc_functions.py,0,6,0,0,0,0,3,3,66,126,0,0,0,9,0,0,0,0,0,9,0,0,0,0,0,0,0,deep learning for humans fontastic,0,0,0,0,0
deep learning for humans fontastic,notebooks/models/darknet.py,deep learning for humans fontastic::notebooks/models/darknet.py,"['Nischal', 'Raghotham S', 'nischalhp']",[],['Nischal'],"['Raghotham S', 'nischalhp']",0,1,2,0.0,0.3333333333333333,0.6666666666666666,48.0,1.7272727272727273,3.0,False,radon,0,0,0,3,8,10,0,35,14,0,0,0,0,0,0,0,0,0,0,notebooks/models/darknet.py,0,5,0,0,0,0,3,3,56,102,0,0,0,9,0,0,0,0,0,9,0,0,0,0,0,0,0,deep learning for humans fontastic,0,0,0,0,0
dougsm mvp grasp,dougsm_helpers/src/dougsm_helpers/gridshow.py,dougsm mvp grasp::dougsm_helpers/src/dougsm_helpers/gridshow.py,['Doug Morrison'],['Doug Morrison'],[],[],1,0,0,1.0,0.0,0.0,48.0,14.0,14.0,False,radon,0,0,35,1,18,45,2,117,16,0,0,0,5,12,0,0,4,0,0,dougsm_helpers/src/dougsm_helpers/gridshow.py,0,7,0,2,2,13,4,6,63,269,0,0,0,0,0,0,0,0,0,0,6,0,0,0,0,0,0,dougsm mvp grasp,0,0,0,0,0
dougsm mvp grasp,dougsm_helpers/src/dougsm_helpers/ros_control.py,dougsm mvp grasp::dougsm_helpers/src/dougsm_helpers/ros_control.py,['Doug Morrison'],['Doug Morrison'],[],[],1,0,0,1.0,0.0,0.0,41.0,3.0,4.0,False,radon,0,0,106,2,46,133,6,353,60,0,0,0,9,18,0,1,12,0,0,dougsm_helpers/src/dougsm_helpers/ros_control.py,2,18,0,10,6,21,13,17,205,754,0,0,0,0,0,0,0,0,0,0,20,0,0,0,0,0,0,dougsm mvp grasp,0,0,0,0,0
dougsm mvp grasp,dougsm_helpers/src/dougsm_helpers/tf_helpers.py,dougsm mvp grasp::dougsm_helpers/src/dougsm_helpers/tf_helpers.py,"['Doug Morrison', 'Gavin Suddrey']","['Doug Morrison', 'Gavin Suddrey']",[],[],2,0,0,1.0,0.0,0.0,172.0,1.5,4.0,False,radon,0,1,92,0,36,108,5,288,47,0,0,0,10,19,0,2,10,0,0,dougsm_helpers/src/dougsm_helpers/tf_helpers.py,0,18,0,8,5,22,11,18,214,724,0,0,0,0,0,0,0,0,0,0,18,0,0,0,0,0,0,dougsm mvp grasp,0,0,0,0,0
dougsm mvp grasp,dougsm_helpers/src/dougsm_helpers/timeit.py,dougsm mvp grasp::dougsm_helpers/src/dougsm_helpers/timeit.py,['Doug Morrison'],['Doug Morrison'],[],[],1,0,0,1.0,0.0,0.0,41.0,2.25,4.0,False,radon,1,1,94,0,45,126,6,331,60,0,0,0,9,20,0,2,12,0,0,dougsm_helpers/src/dougsm_helpers/timeit.py,1,19,0,6,6,24,13,20,223,788,0,0,0,0,0,0,0,0,0,0,21,0,0,0,0,0,0,dougsm mvp grasp,0,0,0,0,0
dougsm mvp grasp,franka_control_wrappers/src/franka_control_wrappers/panda_commander.py,dougsm mvp grasp::franka_control_wrappers/src/franka_control_wrappers/panda_commander.py,['Doug Morrison'],['Doug Morrison'],[],[],1,0,0,1.0,0.0,0.0,213.0,2.6153846153846154,5.0,False,radon,0,0,104,0,46,132,6,352,64,0,0,0,11,22,0,0,12,0,0,franka_control_wrappers/src/franka_control_wrappers/panda_commander.py,0,17,0,10,6,24,13,15,188,729,0,0,0,0,0,0,0,0,0,0,20,0,0,0,0,0,0,dougsm mvp grasp,0,0,0,0,0
dougsm mvp grasp,ggcnn/ros_nodes/ggcnn_predict_rt.py,dougsm mvp grasp::ggcnn/ros_nodes/ggcnn_predict_rt.py,"['Doug Morrison', 'Gavin Suddrey']","['Doug Morrison', 'Gavin Suddrey']",[],[],2,0,0,1.0,0.0,0.0,137.0,4.0,4.0,False,radon,0,0,198,1,88,249,13,663,114,0,0,0,19,44,0,3,24,0,0,ggcnn/ros_nodes/ggcnn_predict_rt.py,0,39,0,16,12,52,23,41,447,1554,0,0,0,0,0,0,0,0,0,0,42,0,0,0,0,0,0,dougsm mvp grasp,0,0,0,0,0
dougsm mvp grasp,ggcnn/ros_nodes/ggcnn_service.py,dougsm mvp grasp::ggcnn/ros_nodes/ggcnn_service.py,"['Doug Morrison', 'Gavin Suddrey']","['Doug Morrison', 'Gavin Suddrey']",[],[],2,0,0,1.0,0.0,0.0,130.0,2.0,3.0,False,radon,3,1,180,0,60,190,9,511,72,0,0,0,20,41,0,4,18,0,0,ggcnn/ros_nodes/ggcnn_service.py,0,34,0,18,9,50,18,38,425,1359,0,0,0,0,0,0,0,0,0,0,36,0,0,0,0,0,0,dougsm mvp grasp,0,0,0,0,0
dougsm mvp grasp,ggcnn/src/ggcnn/ggcnn.py,dougsm mvp grasp::ggcnn/src/ggcnn/ggcnn.py,"['Doug Morrison', 'Gavin Suddrey']","['Doug Morrison', 'Gavin Suddrey']",[],[],2,0,0,1.0,0.0,0.0,99.0,3.5,5.0,False,radon,0,0,205,1,87,231,14,662,124,0,0,0,14,26,0,4,24,0,0,ggcnn/src/ggcnn/ggcnn.py,0,36,0,20,12,34,23,37,440,1374,0,0,0,0,0,0,0,0,0,0,40,0,0,0,0,0,0,dougsm mvp grasp,0,0,0,0,0
dougsm mvp grasp,ggcnn/src/ggcnn/ggcnn_torch.py,dougsm mvp grasp::ggcnn/src/ggcnn/ggcnn_torch.py,['Doug Morrison'],['Doug Morrison'],[],[],1,0,0,1.0,0.0,0.0,101.0,3.5,5.0,False,radon,0,0,83,0,28,92,4,237,30,0,0,0,11,24,0,1,8,0,0,ggcnn/src/ggcnn/ggcnn_torch.py,0,16,0,8,4,29,8,17,182,657,0,0,0,0,0,0,0,0,0,0,16,0,0,0,0,0,0,dougsm mvp grasp,0,0,0,0,0
dougsm mvp grasp,ggcnn/src/ggcnn/grasp.py,dougsm mvp grasp::ggcnn/src/ggcnn/grasp.py,['Doug Morrison'],['Doug Morrison'],[],[],1,0,0,1.0,0.0,0.0,305.0,1.894736842105263,8.0,False,radon,0,0,29,0,15,38,2,106,22,0,0,0,2,4,0,1,4,0,0,ggcnn/src/ggcnn/grasp.py,0,6,0,2,2,6,4,7,77,246,0,0,0,0,0,0,0,0,0,0,7,0,0,0,0,0,0,dougsm mvp grasp,0,0,0,0,0
dougsm mvp grasp,mvp_grasping/ros_nodes/grasp_entropy_node.py,dougsm mvp grasp::mvp_grasping/ros_nodes/grasp_entropy_node.py,"['Andrea Ponza', 'Doug Morrison']","['Andrea Ponza', 'Doug Morrison']",[],[],2,0,0,1.0,0.0,0.0,346.0,2.3333333333333335,7.0,False,radon,6,2,361,1,153,421,26,1187,225,0,0,0,25,49,0,3,42,0,0,mvp_grasping/ros_nodes/grasp_entropy_node.py,0,60,0,38,21,60,41,55,690,2315,0,0,0,0,0,0,0,0,0,0,68,0,0,0,0,0,0,dougsm mvp grasp,0,0,0,0,0
dougsm mvp grasp,mvp_grasping/ros_nodes/panda_fixed_baseline_grasp.py,dougsm mvp grasp::mvp_grasping/ros_nodes/panda_fixed_baseline_grasp.py,['Doug Morrison'],['Doug Morrison'],[],[],1,0,0,1.0,0.0,0.0,77.0,4.333333333333333,7.0,False,radon,0,0,20,0,7,19,1,55,8,0,0,0,2,3,0,1,2,0,0,mvp_grasping/ros_nodes/panda_fixed_baseline_grasp.py,0,4,0,2,1,5,2,5,56,160,0,0,0,0,0,0,0,0,0,0,4,0,0,0,0,0,0,dougsm mvp grasp,0,0,0,0,0
dougsm mvp grasp,mvp_grasping/ros_nodes/panda_mvp_grasp.py,dougsm mvp grasp::mvp_grasping/ros_nodes/panda_mvp_grasp.py,['Doug Morrison'],['Doug Morrison'],[],[],1,0,0,1.0,0.0,0.0,63.0,4.333333333333333,7.0,False,radon,0,0,20,0,7,19,1,55,8,0,0,0,2,3,0,1,2,0,0,mvp_grasping/ros_nodes/panda_mvp_grasp.py,0,4,0,2,1,5,2,5,56,160,0,0,0,0,0,0,0,0,0,0,4,0,0,0,0,0,0,dougsm mvp grasp,0,0,0,0,0
dougsm mvp grasp,mvp_grasping/ros_nodes/panda_open_loop_grasp.py,dougsm mvp grasp::mvp_grasping/ros_nodes/panda_open_loop_grasp.py,['Doug Morrison'],['Doug Morrison'],[],[],1,0,0,1.0,0.0,0.0,197.0,3.625,8.0,False,radon,0,0,20,0,7,19,1,55,8,0,0,0,2,3,0,1,2,0,0,mvp_grasping/ros_nodes/panda_open_loop_grasp.py,0,4,0,2,1,5,2,5,56,160,0,0,0,0,0,0,0,0,0,0,4,0,0,0,0,0,0,dougsm mvp grasp,0,0,0,0,0
dougsm mvp grasp,mvp_grasping/src/mvp_grasping/grasp_stats.py,dougsm mvp grasp::mvp_grasping/src/mvp_grasping/grasp_stats.py,['Doug Morrison'],['Doug Morrison'],[],[],1,0,0,1.0,0.0,0.0,101.0,2.2,3.0,False,radon,0,0,45,1,25,54,3,158,30,0,0,0,3,5,0,1,6,0,0,mvp_grasping/src/mvp_grasping/grasp_stats.py,0,8,0,4,3,7,5,9,96,310,0,0,0,0,0,0,0,0,0,0,9,0,0,0,0,0,0,dougsm mvp grasp,0,0,0,0,0
dougsm mvp grasp,mvp_grasping/src/mvp_grasping/gridworld.py,dougsm mvp grasp::mvp_grasping/src/mvp_grasping/gridworld.py,['Doug Morrison'],['Doug Morrison'],[],[],1,0,0,1.0,0.0,0.0,62.0,1.3333333333333333,2.0,False,radon,0,0,54,1,34,73,4,208,42,0,0,0,3,6,0,1,8,0,0,mvp_grasping/src/mvp_grasping/gridworld.py,0,10,0,4,4,8,7,11,118,386,0,0,0,0,0,0,0,0,0,0,12,0,0,0,0,0,0,dougsm mvp grasp,0,0,0,0,0
dougsm mvp grasp,mvp_grasping/src/mvp_grasping/panda_base_grasping_controller.py,dougsm mvp grasp::mvp_grasping/src/mvp_grasping/panda_base_grasping_controller.py,['Doug Morrison'],['Doug Morrison'],[],[],1,0,0,1.0,0.0,0.0,366.0,2.1875,9.0,False,radon,0,0,20,0,7,19,1,55,8,0,0,0,2,3,0,1,2,0,0,mvp_grasping/src/mvp_grasping/panda_base_grasping_controller.py,0,4,0,2,1,5,2,5,56,160,0,0,0,0,0,0,0,0,0,0,4,0,0,0,0,0,0,dougsm mvp grasp,0,0,0,0,0
dougsm mvp grasp,mvp_grasping/src/mvp_grasping/renderer.py,dougsm mvp grasp::mvp_grasping/src/mvp_grasping/renderer.py,['Doug Morrison'],['Doug Morrison'],[],[],1,0,0,1.0,0.0,0.0,292.0,2.0833333333333335,14.0,False,radon,0,0,29,1,18,35,2,102,17,0,0,0,2,4,0,1,4,0,0,mvp_grasping/src/mvp_grasping/renderer.py,0,6,0,2,2,6,3,7,70,219,0,0,0,0,0,0,0,0,0,0,6,0,0,0,0,0,0,dougsm mvp grasp,0,0,0,0,0
dvgodoy deepreplay,deepreplay/callbacks.py,dvgodoy deepreplay::deepreplay/callbacks.py,"['Daniel Voigt Godoy', 'dvgodoy']",['dvgodoy'],['Daniel Voigt Godoy'],[],1,1,0,0.5,0.5,0.0,144.0,3.375,11.0,False,radon,13,4,20,12,14,115,93,436,182,0,0,0,35,36,0,5,36,0,0,deepreplay/callbacks.py,0,19,0,9,0,0,11,33,533,314,0,0,0,6,36,0,0,0,42,5,0,0,0,0,0,0,0,dvgodoy deepreplay,0,0,0,0,0
dvgodoy deepreplay,deepreplay/datasets/ball.py,dvgodoy deepreplay::deepreplay/datasets/ball.py,"['Daniel Voigt Godoy', 'dvgodoy']",['dvgodoy'],['Daniel Voigt Godoy'],[],1,1,0,0.5,0.5,0.0,56.0,3.0,3.0,False,radon,0,0,16,8,2,30,27,173,90,0,0,0,12,8,0,3,12,0,0,deepreplay/datasets/ball.py,0,12,0,4,0,0,7,14,204,115,0,0,0,4,24,0,0,0,11,3,0,0,0,0,0,0,0,dvgodoy deepreplay,0,0,0,0,0
dvgodoy deepreplay,deepreplay/datasets/hypercube.py,dvgodoy deepreplay::deepreplay/datasets/hypercube.py,"['Daniel Voigt Godoy', 'dvgodoy']",['dvgodoy'],['Daniel Voigt Godoy'],[],1,1,0,0.5,0.5,0.0,38.0,2.0,2.0,False,radon,0,0,12,4,1,15,11,87,44,0,0,0,6,4,0,1,6,0,0,deepreplay/datasets/hypercube.py,0,5,0,2,0,0,3,7,97,58,0,0,0,2,12,0,0,0,5,1,0,0,0,0,0,0,0,dvgodoy deepreplay,0,0,0,0,0
dvgodoy deepreplay,deepreplay/datasets/parabola.py,dvgodoy deepreplay::deepreplay/datasets/parabola.py,"['Daniel Voigt Godoy', 'dvgodoy']",['dvgodoy'],['Daniel Voigt Godoy'],[],1,1,0,0.5,0.5,0.0,51.0,2.0,2.0,False,radon,0,0,0,0,3,18,15,42,6,0,0,0,3,6,0,0,3,0,0,deepreplay/datasets/parabola.py,0,0,0,0,0,0,0,2,59,33,0,0,0,0,0,0,0,0,6,0,0,0,0,0,0,0,0,dvgodoy deepreplay,0,0,0,0,0
dvgodoy deepreplay,deepreplay/plot.py,dvgodoy deepreplay::deepreplay/plot.py,"['Daniel Voigt Godoy', 'dvgodoy']",['dvgodoy'],['Daniel Voigt Godoy'],[],1,1,0,0.5,0.5,0.0,635.0,1.95,7.0,False,radon,3,2,44,25,24,166,88,714,367,0,0,0,52,52,0,4,65,0,0,deepreplay/plot.py,0,24,0,19,0,0,18,46,847,484,0,0,0,7,36,0,0,0,69,4,0,0,0,0,0,0,0,dvgodoy deepreplay,0,0,0,0,0
dvgodoy deepreplay,deepreplay/replay.py,dvgodoy deepreplay::deepreplay/replay.py,"['Daniel Voigt Godoy', 'albb762', 'dvgodoy']","['albb762', 'dvgodoy']",['Daniel Voigt Godoy'],[],2,1,0,0.6666666666666666,0.3333333333333333,0.0,904.0,4.0,22.0,False,radon,12,5,52,34,30,219,143,966,488,0,0,0,69,66,0,10,80,0,0,deepreplay/replay.py,0,40,0,23,0,0,29,64,1167,650,0,0,0,13,72,0,0,0,91,10,0,0,0,0,0,0,0,dvgodoy deepreplay,0,0,0,0,0
dvgodoy deepreplay,deepreplay/utils.py,dvgodoy deepreplay::deepreplay/utils.py,"['Daniel Voigt Godoy', 'dvgodoy']",['dvgodoy'],['Daniel Voigt Godoy'],[],1,1,0,0.5,0.5,0.0,58.0,7.0,12.0,False,radon,0,0,14,6,1,21,20,132,70,0,0,0,9,6,0,2,9,0,0,deepreplay/utils.py,0,9,0,3,0,0,5,11,158,87,0,0,0,3,18,0,0,0,7,2,0,0,0,0,0,0,0,dvgodoy deepreplay,0,0,0,0,0
dvgodoy deepreplay,examples/part2_weight_initializers.py,dvgodoy deepreplay::examples/part2_weight_initializers.py,"['Daniel Voigt Godoy', 'dvgodoy']",['dvgodoy'],['Daniel Voigt Godoy'],[],1,1,0,0.5,0.5,0.0,94.0,4.0,4.0,False,radon,0,0,4,4,0,14,18,86,46,0,0,0,6,4,0,2,6,0,0,examples/part2_weight_initializers.py,0,8,0,2,0,0,4,8,108,58,0,0,0,2,12,0,0,0,4,2,0,0,0,0,0,0,0,dvgodoy deepreplay,0,0,0,0,0
dvgodoy deepreplay,setup.py,dvgodoy deepreplay::setup.py,"['Daniel Voigt Godoy', 'dvgodoy']",['dvgodoy'],['Daniel Voigt Godoy'],[],1,1,0,0.5,0.5,0.0,32.0,1.0,1.0,False,radon,7,3,28,21,21,163,110,709,366,0,0,0,50,52,0,5,58,0,0,setup.py,0,27,0,16,0,0,17,44,747,457,0,0,0,6,36,0,0,0,63,5,0,0,0,0,0,0,0,dvgodoy deepreplay,0,0,0,0,0
dvgodoy deepreplay,tests/deepreplay/test_callbacks.py,dvgodoy deepreplay::tests/deepreplay/test_callbacks.py,"['Daniel Voigt Godoy', 'dvgodoy']",['dvgodoy'],['Daniel Voigt Godoy'],[],1,1,0,0.5,0.5,0.0,83.0,1.5714285714285714,3.0,False,radon,6,3,12,12,7,79,61,321,150,0,0,0,31,24,0,6,35,0,0,tests/deepreplay/test_callbacks.py,0,24,0,11,0,0,12,30,492,258,0,0,0,6,36,0,0,0,29,6,0,0,0,0,0,0,0,dvgodoy deepreplay,0,0,0,0,0
dvgodoy deepreplay,tests/deepreplay/test_replay.py,dvgodoy deepreplay::tests/deepreplay/test_replay.py,"['Daniel Voigt Godoy', 'dvgodoy']",['dvgodoy'],['Daniel Voigt Godoy'],[],1,1,0,0.5,0.5,0.0,110.0,2.142857142857143,3.0,False,radon,0,0,2,1,7,37,7,85,31,0,0,0,12,12,0,0,17,0,0,tests/deepreplay/test_replay.py,0,1,0,5,0,0,1,6,171,88,0,0,0,0,0,0,0,0,17,0,0,0,0,0,0,0,0,dvgodoy deepreplay,0,0,0,0,0
ethanwharris STAWM,celeba_draw_32.py,ethanwharris STAWM::celeba_draw_32.py,['iclr2019 anon'],['iclr2019 anon'],[],[],1,0,0,1.0,0.0,0.0,290.0,1.8125,5.0,False,radon,0,0,24,0,0,232,0,264,8,0,0,0,0,0,0,0,0,0,0,celeba_draw_32.py,0,8,0,0,0,6,0,14,234,112,0,0,0,0,0,0,0,0,4,0,0,0,0,0,0,0,0,ethanwharris STAWM,0,4,0,4,B101B101B101B101
ethanwharris STAWM,cifar_baseline_self_sup.py,ethanwharris STAWM::cifar_baseline_self_sup.py,['iclr2019 anon'],['iclr2019 anon'],[],[],1,0,0,1.0,0.0,0.0,94.0,1.6,3.0,False,radon,0,0,6,0,0,58,0,66,2,0,0,0,0,0,0,0,0,0,0,cifar_baseline_self_sup.py,0,2,0,0,0,3,0,5,64,28,0,0,0,0,0,0,0,0,1,0,0,0,0,0,0,0,0,ethanwharris STAWM,0,1,0,1,B101
ethanwharris STAWM,cifar_baseline_vae.py,ethanwharris STAWM::cifar_baseline_vae.py,['iclr2019 anon'],['iclr2019 anon'],[],[],1,0,0,1.0,0.0,0.0,175.0,1.4666666666666666,3.0,False,radon,0,0,6,0,0,58,0,66,2,0,0,0,0,0,0,0,0,0,0,cifar_baseline_vae.py,0,2,0,0,0,3,0,5,64,28,0,0,0,0,0,0,0,0,1,0,0,0,0,0,0,0,0,ethanwharris STAWM,0,1,0,1,B101
ethanwharris STAWM,cifar_draw_16.py,ethanwharris STAWM::cifar_draw_16.py,['iclr2019 anon'],['iclr2019 anon'],[],[],1,0,0,1.0,0.0,0.0,239.0,1.8,5.0,False,radon,0,0,12,0,0,116,0,132,4,0,0,0,0,0,0,0,0,0,0,cifar_draw_16.py,0,4,0,0,0,3,0,7,117,56,0,0,0,0,0,0,0,0,2,0,0,0,0,0,0,0,0,ethanwharris STAWM,0,2,0,2,B101B101
ethanwharris STAWM,cifar_mobilenetv2.py,ethanwharris STAWM::cifar_mobilenetv2.py,['iclr2019 anon'],['iclr2019 anon'],[],[],1,0,0,1.0,0.0,0.0,116.0,1.5,3.0,False,radon,0,0,6,0,0,58,0,66,2,0,0,0,0,0,0,0,0,0,0,cifar_mobilenetv2.py,0,2,0,0,0,0,0,2,53,28,0,0,0,0,0,0,0,0,1,0,0,0,0,0,0,0,0,ethanwharris STAWM,0,1,0,1,B101
ethanwharris STAWM,cifar_self_sup.py,ethanwharris STAWM::cifar_self_sup.py,['iclr2019 anon'],['iclr2019 anon'],[],[],1,0,0,1.0,0.0,0.0,104.0,1.8,3.0,False,radon,0,0,6,0,0,58,0,66,2,0,0,0,0,0,0,0,0,0,0,cifar_self_sup.py,0,2,0,0,0,3,0,5,64,28,0,0,0,0,0,0,0,0,1,0,0,0,0,0,0,0,0,ethanwharris STAWM,0,1,0,1,B101
ethanwharris STAWM,memory.py,ethanwharris STAWM::memory.py,['iclr2019 anon'],['iclr2019 anon'],[],[],1,0,0,1.0,0.0,0.0,126.0,2.0,3.0,False,radon,0,0,6,0,0,58,0,66,2,0,0,0,0,0,0,0,0,0,0,memory.py,0,2,0,0,0,0,0,2,53,28,0,0,0,0,0,0,0,0,1,0,0,0,0,0,0,0,0,ethanwharris STAWM,0,1,0,1,B101
ethanwharris STAWM,mnist_class_28.py,ethanwharris STAWM::mnist_class_28.py,['iclr2019 anon'],['iclr2019 anon'],[],[],1,0,0,1.0,0.0,0.0,122.0,1.4615384615384615,3.0,False,radon,0,0,6,0,0,58,0,66,2,0,0,0,0,0,0,0,0,0,0,mnist_class_28.py,0,2,0,0,0,0,0,2,53,28,0,0,0,0,0,0,0,0,1,0,0,0,0,0,0,0,0,ethanwharris STAWM,0,1,0,1,B101
ethanwharris STAWM,mnist_class_8.py,ethanwharris STAWM::mnist_class_8.py,['iclr2019 anon'],['iclr2019 anon'],[],[],1,0,0,1.0,0.0,0.0,120.0,1.4615384615384615,3.0,False,radon,0,0,6,0,0,58,0,66,2,0,0,0,0,0,0,0,0,0,0,mnist_class_8.py,0,2,0,0,0,0,0,2,53,28,0,0,0,0,0,0,0,0,1,0,0,0,0,0,0,0,0,ethanwharris STAWM,0,1,0,1,B101
ethanwharris STAWM,mnist_draw_4.py,ethanwharris STAWM::mnist_draw_4.py,['iclr2019 anon'],['iclr2019 anon'],[],[],1,0,0,1.0,0.0,0.0,251.0,1.7142857142857142,5.0,False,radon,0,0,6,0,0,58,0,66,2,0,0,0,0,0,0,0,0,0,0,mnist_draw_4.py,0,2,0,0,0,0,0,2,53,28,0,0,0,0,0,0,0,0,1,0,0,0,0,0,0,0,0,ethanwharris STAWM,0,1,0,1,B101
ethanwharris STAWM,mnist_draw_6.py,ethanwharris STAWM::mnist_draw_6.py,['iclr2019 anon'],['iclr2019 anon'],[],[],1,0,0,1.0,0.0,0.0,251.0,1.7142857142857142,5.0,False,radon,0,0,6,0,0,58,0,66,2,0,0,0,0,0,0,0,0,0,0,mnist_draw_6.py,0,2,0,0,0,0,0,2,53,28,0,0,0,0,0,0,0,0,1,0,0,0,0,0,0,0,0,ethanwharris STAWM,0,1,0,1,B101
ethanwharris STAWM,mnist_draw_8.py,ethanwharris STAWM::mnist_draw_8.py,['iclr2019 anon'],['iclr2019 anon'],[],[],1,0,0,1.0,0.0,0.0,252.0,1.7142857142857142,5.0,False,radon,0,0,6,0,0,58,0,66,2,0,0,0,0,0,0,0,0,0,0,mnist_draw_8.py,0,2,0,0,0,0,0,2,53,28,0,0,0,0,0,0,0,0,1,0,0,0,0,0,0,0,0,ethanwharris STAWM,0,1,0,1,B101
ethanwharris STAWM,mobilenetv2.py,ethanwharris STAWM::mobilenetv2.py,['iclr2019 anon'],['iclr2019 anon'],[],[],1,0,0,1.0,0.0,0.0,75.0,2.4285714285714284,4.0,False,radon,0,0,6,0,0,58,0,66,2,0,0,0,0,0,0,0,0,0,0,mobilenetv2.py,0,2,0,0,0,0,0,2,53,28,0,0,0,0,0,0,0,0,1,0,0,0,0,0,0,0,0,ethanwharris STAWM,0,1,0,1,B101
ethanwharris STAWM,modules.py,ethanwharris STAWM::modules.py,['iclr2019 anon'],['iclr2019 anon'],[],[],1,0,0,1.0,0.0,0.0,69.0,1.4666666666666666,3.0,False,radon,0,0,6,0,0,58,0,66,2,0,0,0,0,0,0,0,0,0,0,modules.py,0,2,0,0,0,0,0,2,53,28,0,0,0,0,0,0,0,0,1,0,0,0,0,0,0,0,0,ethanwharris STAWM,0,1,0,1,B101
ethanwharris STAWM,tb_modules.py,ethanwharris STAWM::tb_modules.py,['iclr2019 anon'],['iclr2019 anon'],[],[],1,0,0,1.0,0.0,0.0,22.0,1.0,1.0,False,radon,0,0,18,0,0,174,0,198,6,0,0,0,0,0,0,0,0,0,0,tb_modules.py,0,6,0,0,0,3,0,9,170,84,0,0,0,0,0,0,0,0,3,0,0,0,0,0,0,0,0,ethanwharris STAWM,0,3,0,3,B101B101B101
ethanwharris STAWM,visual_sketchpad.py,ethanwharris STAWM::visual_sketchpad.py,['iclr2019 anon'],['iclr2019 anon'],[],[],1,0,0,1.0,0.0,0.0,277.0,1.7142857142857142,5.0,False,radon,0,0,6,0,0,58,0,66,2,0,0,0,0,0,0,0,0,0,0,visual_sketchpad.py,0,2,0,0,0,0,0,2,53,28,0,0,0,0,0,0,0,0,1,0,0,0,0,0,0,0,0,ethanwharris STAWM,0,1,0,1,B101
ethanwharris STAWM,visualise.py,ethanwharris STAWM::visualise.py,['iclr2019 anon'],['iclr2019 anon'],[],[],1,0,0,1.0,0.0,0.0,133.0,4.125,9.0,False,radon,0,0,6,0,0,58,0,66,2,0,0,0,0,0,0,0,0,0,0,visualise.py,0,2,0,0,0,0,0,2,53,28,0,0,0,0,0,0,0,0,1,0,0,0,0,0,0,0,0,ethanwharris STAWM,0,1,0,1,B101
gsurma cartpole,cartpole.py,gsurma cartpole::cartpole.py,['Greg'],['Greg'],[],[],1,0,0,1.0,0.0,0.0,93.0,2.6,5.0,True,lizard,0,0,0,0,0,6,0,6,0,0,0,0,0,0,0,0,0,0,0,cartpole.py,0,0,0,0,0,0,0,0,0,0,0,0,0,0,0,0,0,0,0,0,0,0,0,0,0,0,0,gsurma cartpole,0,0,0,0,0
gsurma cartpole,scores/score_logger.py,gsurma cartpole::scores/score_logger.py,['Greg'],['Greg'],[],[],1,0,0,1.0,0.0,0.0,99.0,3.75,7.0,True,lizard,4,2,0,0,0,8,0,8,0,0,0,0,0,0,0,0,0,0,0,scores/score_logger.py,0,0,0,0,0,0,0,0,0,0,0,0,0,0,0,0,0,0,0,0,0,0,0,0,0,0,0,gsurma cartpole,0,0,0,0,0
gsurma text predictor,data_provider.py,gsurma text predictor::data_provider.py,['Greg'],[],['Greg'],[],0,1,0,0.0,1.0,0.0,46.0,1.3333333333333333,2.0,True,lizard,0,0,3,3,0,0,0,6,0,0,0,0,0,0,0,0,0,0,0,data_provider.py,0,0,0,0,0,0,0,3,6,3,0,0,0,0,0,0,0,0,0,0,0,0,0,0,0,0,0,gsurma text predictor,0,0,0,0,0
gsurma text predictor,rnn_model.py,gsurma text predictor::rnn_model.py,['Greg'],[],['Greg'],[],0,1,0,0.0,1.0,0.0,104.0,3.3333333333333335,4.0,False,radon,0,0,3,3,0,0,0,6,0,0,0,0,0,0,0,0,0,0,0,rnn_model.py,0,0,0,0,0,0,0,3,6,3,0,0,0,0,0,0,0,0,0,0,0,0,0,0,0,0,0,gsurma text predictor,0,0,0,0,0
gsurma text predictor,text_predictor.py,gsurma text predictor::text_predictor.py,['Greg'],[],['Greg'],[],0,1,0,0.0,1.0,0.0,111.0,2.6666666666666665,6.0,True,lizard,0,0,7,7,0,6,0,20,0,0,0,0,0,0,0,0,0,0,0,text_predictor.py,0,0,0,0,0,0,0,7,14,7,0,0,0,0,0,0,0,0,0,0,0,0,0,0,0,0,0,gsurma text predictor,0,0,0,0,0
hlzz DeepMatchVO,common_utils.py,hlzz DeepMatchVO::common_utils.py,['Tianwei Shen'],['Tianwei Shen'],[],[],1,0,0,1.0,0.0,0.0,90.0,7.666666666666667,15.0,False,radon,0,0,5,0,7,4,0,23,7,0,0,0,0,3,0,0,2,0,0,common_utils.py,1,12,0,2,0,0,1,8,62,153,0,1,0,0,0,0,0,0,0,0,8,0,0,0,0,0,0,hlzz DeepMatchVO,0,0,0,0,0
hlzz DeepMatchVO,data/cityscapes/cityscapes_loader.py,hlzz DeepMatchVO::data/cityscapes/cityscapes_loader.py,['Tianwei Shen'],['Tianwei Shen'],[],[],1,0,0,1.0,0.0,0.0,125.0,2.625,4.0,False,radon,0,0,5,0,7,4,0,23,7,0,0,0,0,3,0,0,2,0,0,data/cityscapes/cityscapes_loader.py,1,12,0,2,0,0,1,8,62,153,0,1,0,0,0,0,0,0,0,0,8,0,0,0,0,0,0,hlzz DeepMatchVO,0,0,0,0,0
hlzz DeepMatchVO,data/kitti/kitti_odom_loader.py,hlzz DeepMatchVO::data/kitti/kitti_odom_loader.py,['Tianwei Shen'],['Tianwei Shen'],[],[],1,0,0,1.0,0.0,0.0,189.0,2.3846153846153846,5.0,False,radon,0,0,5,0,7,4,0,23,7,0,0,0,0,3,0,0,2,0,0,data/kitti/kitti_odom_loader.py,1,12,0,2,0,0,1,8,62,153,0,1,0,0,0,0,0,0,0,0,8,0,0,0,0,0,0,hlzz DeepMatchVO,0,0,0,0,0
hlzz DeepMatchVO,data/kitti/kitti_raw_loader.py,hlzz DeepMatchVO::data/kitti/kitti_raw_loader.py,['Tianwei Shen'],['Tianwei Shen'],[],[],1,0,0,1.0,0.0,0.0,157.0,3.5454545454545454,9.0,False,radon,0,0,5,0,7,4,0,23,7,0,0,0,0,3,0,0,2,0,0,data/kitti/kitti_raw_loader.py,1,12,0,2,0,0,1,8,62,153,0,1,0,0,0,0,0,0,0,0,8,0,0,0,0,0,0,hlzz DeepMatchVO,0,0,0,0,0
hlzz DeepMatchVO,data/prepare_train_data.py,hlzz DeepMatchVO::data/prepare_train_data.py,['Tianwei Shen'],['Tianwei Shen'],[],[],1,0,0,1.0,0.0,0.0,144.0,10.666666666666666,15.0,False,radon,0,0,5,0,7,4,0,23,7,0,0,0,0,3,0,0,2,0,0,data/prepare_train_data.py,1,12,0,2,0,0,1,8,62,153,0,1,0,0,0,0,0,0,0,0,8,0,0,0,0,0,0,hlzz DeepMatchVO,0,0,0,0,0
hlzz DeepMatchVO,data_loader.py,hlzz DeepMatchVO::data_loader.py,['Tianwei Shen'],['Tianwei Shen'],[],[],1,0,0,1.0,0.0,0.0,285.0,2.1818181818181817,5.0,False,radon,0,0,5,0,7,4,0,23,7,0,0,0,0,3,0,0,2,0,0,data_loader.py,1,12,0,2,0,0,1,8,62,153,0,1,0,0,0,0,0,0,0,0,8,0,0,0,0,0,0,hlzz DeepMatchVO,0,0,0,0,0
hlzz DeepMatchVO,deep_slam.py,hlzz DeepMatchVO::deep_slam.py,['Tianwei Shen'],['Tianwei Shen'],[],[],1,0,0,1.0,0.0,0.0,443.0,3.3684210526315788,19.0,False,radon,0,0,5,0,7,4,0,23,7,0,0,0,0,3,0,0,2,0,0,deep_slam.py,1,12,0,2,0,0,1,8,62,153,0,1,0,0,0,0,0,0,0,0,8,0,0,0,0,0,0,hlzz DeepMatchVO,0,0,0,0,0
hlzz DeepMatchVO,demo.py,hlzz DeepMatchVO::demo.py,['Tianwei Shen'],['Tianwei Shen'],[],[],1,0,0,1.0,0.0,0.0,51.0,1.5,2.0,False,radon,2,1,10,0,14,8,0,46,14,0,0,0,0,6,0,0,4,0,0,demo.py,2,24,0,4,0,0,2,16,124,306,0,2,0,0,0,0,0,0,0,0,16,0,0,0,0,0,0,hlzz DeepMatchVO,0,0,0,0,0
hlzz DeepMatchVO,geo_utils.py,hlzz DeepMatchVO::geo_utils.py,['Tianwei Shen'],['Tianwei Shen'],[],[],1,0,0,1.0,0.0,0.0,382.0,1.2142857142857142,2.0,False,radon,0,0,5,0,7,4,0,23,7,0,0,0,0,3,0,0,2,0,0,geo_utils.py,1,12,0,2,0,0,1,8,62,153,0,1,0,0,0,0,0,0,0,0,8,0,0,0,0,0,0,hlzz DeepMatchVO,0,0,0,0,0
hlzz DeepMatchVO,kitti_eval/depth_evaluation_utils.py,hlzz DeepMatchVO::kitti_eval/depth_evaluation_utils.py,['Tianwei Shen'],['Tianwei Shen'],[],[],1,0,0,1.0,0.0,0.0,223.0,2.3636363636363638,6.0,False,radon,0,0,5,0,7,4,0,23,7,0,0,0,0,3,0,0,2,0,0,kitti_eval/depth_evaluation_utils.py,1,12,0,2,0,0,1,8,62,153,0,1,0,0,0,0,0,0,0,0,8,0,0,0,0,0,0,hlzz DeepMatchVO,0,0,0,0,0
hlzz DeepMatchVO,kitti_eval/eval_depth.py,hlzz DeepMatchVO::kitti_eval/eval_depth.py,['Tianwei Shen'],['Tianwei Shen'],[],[],1,0,0,1.0,0.0,0.0,86.0,5.0,5.0,False,radon,0,0,5,0,7,4,0,23,7,0,0,0,0,3,0,0,2,0,0,kitti_eval/eval_depth.py,1,12,0,2,0,0,1,8,62,153,0,1,0,0,0,0,0,0,0,0,8,0,0,0,0,0,0,hlzz DeepMatchVO,0,0,0,0,0
hlzz DeepMatchVO,kitti_eval/eval_pose.py,hlzz DeepMatchVO::kitti_eval/eval_pose.py,['Tianwei Shen'],['Tianwei Shen'],[],[],1,0,0,1.0,0.0,0.0,30.0,4.0,4.0,False,radon,0,0,5,0,7,4,0,23,7,0,0,0,0,3,0,0,2,0,0,kitti_eval/eval_pose.py,1,12,0,2,0,0,1,8,62,153,0,1,0,0,0,0,0,0,0,0,8,0,0,0,0,0,0,hlzz DeepMatchVO,0,0,0,0,0
hlzz DeepMatchVO,kitti_eval/generate_full_pose.py,hlzz DeepMatchVO::kitti_eval/generate_full_pose.py,['Tianwei Shen'],['Tianwei Shen'],[],[],1,0,0,1.0,0.0,0.0,84.0,5.0,9.0,False,radon,0,0,5,0,7,4,0,23,7,0,0,0,0,3,0,0,2,0,0,kitti_eval/generate_full_pose.py,1,12,0,2,0,0,1,8,62,153,0,1,0,0,0,0,0,0,0,0,8,0,0,0,0,0,0,hlzz DeepMatchVO,0,0,0,0,0
hlzz DeepMatchVO,kitti_eval/generate_pose_snippets.py,hlzz DeepMatchVO::kitti_eval/generate_pose_snippets.py,['Tianwei Shen'],['Tianwei Shen'],[],[],1,0,0,1.0,0.0,0.0,59.0,9.0,9.0,False,radon,0,0,5,0,7,4,0,23,7,0,0,0,0,3,0,0,2,0,0,kitti_eval/generate_pose_snippets.py,1,12,0,2,0,0,1,8,62,153,0,1,0,0,0,0,0,0,0,0,8,0,0,0,0,0,0,hlzz DeepMatchVO,0,0,0,0,0
hlzz DeepMatchVO,kitti_eval/pose_evaluation_utils.py,hlzz DeepMatchVO::kitti_eval/pose_evaluation_utils.py,['Tianwei Shen'],['Tianwei Shen'],[],[],1,0,0,1.0,0.0,0.0,384.0,4.7,9.0,False,radon,0,0,5,0,7,4,0,23,7,0,0,0,0,3,0,0,2,0,0,kitti_eval/pose_evaluation_utils.py,1,12,0,2,0,0,1,8,62,153,0,1,0,0,0,0,0,0,0,0,8,0,0,0,0,0,0,hlzz DeepMatchVO,0,0,0,0,0
hlzz DeepMatchVO,nets.py,hlzz DeepMatchVO::nets.py,['Tianwei Shen'],['Tianwei Shen'],[],[],1,0,0,1.0,0.0,0.0,161.0,1.5,3.0,False,radon,0,0,5,0,7,4,0,23,7,0,0,0,0,3,0,0,2,0,0,nets.py,1,12,0,2,0,0,1,8,62,153,0,1,0,0,0,0,0,0,0,0,8,0,0,0,0,0,0,hlzz DeepMatchVO,0,0,0,0,0
hlzz DeepMatchVO,preprocess_matches.py,hlzz DeepMatchVO::preprocess_matches.py,['Tianwei Shen'],['Tianwei Shen'],[],[],1,0,0,1.0,0.0,0.0,207.0,4.0,6.0,False,radon,3,1,10,0,14,8,0,46,14,0,0,0,0,6,0,0,4,0,0,preprocess_matches.py,2,24,0,4,0,0,2,16,124,313,0,2,0,0,0,0,0,0,0,0,16,0,0,0,0,0,0,hlzz DeepMatchVO,0,0,0,0,0
hlzz DeepMatchVO,test_depth.py,hlzz DeepMatchVO::test_depth.py,['Tianwei Shen'],['Tianwei Shen'],[],[],1,0,0,1.0,0.0,0.0,105.0,6.5,10.0,False,radon,0,0,5,0,7,4,0,23,7,0,0,0,0,3,0,0,2,0,0,test_depth.py,1,12,0,2,0,0,1,8,62,153,0,1,0,0,0,0,0,0,0,0,8,0,0,0,0,0,0,hlzz DeepMatchVO,0,0,0,0,0
hlzz DeepMatchVO,test_kitti_depth.py,hlzz DeepMatchVO::test_kitti_depth.py,['Tianwei Shen'],['Tianwei Shen'],[],[],1,0,0,1.0,0.0,0.0,100.0,6.5,10.0,False,radon,3,1,10,0,14,8,0,46,14,0,0,0,0,6,0,0,4,0,0,test_kitti_depth.py,2,24,0,4,0,0,2,16,124,313,0,2,0,0,0,0,0,0,0,0,16,0,0,0,0,0,0,hlzz DeepMatchVO,0,0,0,0,0
hlzz DeepMatchVO,test_kitti_pose.py,hlzz DeepMatchVO::test_kitti_pose.py,['Tianwei Shen'],['Tianwei Shen'],[],[],1,0,0,1.0,0.0,0.0,85.0,5.5,8.0,False,radon,0,0,5,0,7,4,0,23,7,0,0,0,0,3,0,0,2,0,0,test_kitti_pose.py,1,12,0,2,0,0,1,8,62,153,0,1,0,0,0,0,0,0,0,0,8,0,0,0,0,0,0,hlzz DeepMatchVO,0,0,0,0,0
hlzz DeepMatchVO,train.py,hlzz DeepMatchVO::train.py,['Tianwei Shen'],['Tianwei Shen'],[],[],1,0,0,1.0,0.0,0.0,49.0,2.0,2.0,False,radon,0,0,5,0,7,4,0,23,7,0,0,0,0,3,0,0,2,0,0,train.py,1,12,0,2,0,0,1,8,62,153,0,1,0,0,0,0,0,0,0,0,8,0,0,0,0,0,0,hlzz DeepMatchVO,0,0,0,0,0
hlzz mirror,cnn_wrapper/googlenet.py,hlzz mirror::cnn_wrapper/googlenet.py,['Tianwei Shen'],[],[],['Tianwei Shen'],0,0,1,0.0,0.0,1.0,795.0,2.25,3.0,False,radon,0,0,11,0,16,8,0,50,15,0,1,0,3,1,0,1,4,0,1,cnn_wrapper/googlenet.py,0,10,0,1,0,1,13,24,236,88,0,0,0,0,0,0,0,0,0,0,0,0,0,0,0,0,0,hlzz mirror,0,0,0,0,0
hlzz mirror,cnn_wrapper/helper.py,hlzz mirror::cnn_wrapper/helper.py,['Tianwei Shen'],[],[],['Tianwei Shen'],0,0,1,0.0,0.0,1.0,99.0,2.3333333333333335,7.0,False,radon,0,0,11,0,16,8,0,50,15,0,1,0,3,1,0,1,4,0,1,cnn_wrapper/helper.py,0,10,0,1,0,1,13,24,236,88,0,0,0,0,0,0,0,0,0,0,0,0,0,0,0,0,0,hlzz mirror,0,0,0,0,0
hlzz mirror,cnn_wrapper/network.py,hlzz mirror::cnn_wrapper/network.py,['Tianwei Shen'],[],[],['Tianwei Shen'],0,0,1,0.0,0.0,1.0,517.0,2.484848484848485,10.0,False,radon,0,0,11,0,16,8,0,50,15,0,1,0,3,1,0,1,4,0,1,cnn_wrapper/network.py,0,10,0,1,0,1,13,24,236,88,0,0,0,0,0,0,0,0,0,0,0,0,0,0,0,0,0,hlzz mirror,0,0,0,0,0
hlzz mirror,cnn_wrapper/resnet.py,hlzz mirror::cnn_wrapper/resnet.py,['Tianwei Shen'],[],[],['Tianwei Shen'],0,0,1,0.0,0.0,1.0,1180.0,2.5,3.0,False,radon,0,0,11,0,16,8,0,50,15,0,1,0,3,1,0,1,4,0,1,cnn_wrapper/resnet.py,0,10,0,1,0,1,13,24,236,88,0,0,0,0,0,0,0,0,0,0,0,0,0,0,0,0,0,hlzz mirror,0,0,0,0,0
hlzz mirror,data/holidays/holidays_map.py,hlzz mirror::data/holidays/holidays_map.py,['Tianwei Shen'],[],[],['Tianwei Shen'],0,0,1,0.0,0.0,1.0,151.0,2.6,3.0,True,lizard,0,0,11,0,16,8,0,50,15,0,1,0,3,1,0,1,4,0,1,data/holidays/holidays_map.py,0,10,0,1,0,1,13,24,236,88,0,0,0,0,0,0,0,0,0,0,0,0,0,0,0,0,0,hlzz mirror,0,0,0,0,0
hlzz mirror,retrieval/compute_overlap_benchmark.py,hlzz mirror::retrieval/compute_overlap_benchmark.py,['Tianwei Shen'],[],[],['Tianwei Shen'],0,0,1,0.0,0.0,1.0,71.0,6.0,9.0,False,radon,0,0,22,0,32,16,0,100,30,0,2,0,6,2,0,2,8,0,2,retrieval/compute_overlap_benchmark.py,0,20,0,2,0,2,26,48,472,176,0,0,0,0,0,0,0,0,0,0,0,0,0,0,0,0,0,hlzz mirror,0,0,0,0,0
hlzz mirror,retrieval/deep_query.py,hlzz mirror::retrieval/deep_query.py,"['Tianwei Shen', 'Zixin Luo']",['Zixin Luo'],[],['Tianwei Shen'],1,0,1,0.5,0.0,0.5,501.0,5.555555555555555,17.0,False,radon,0,2,65,0,80,44,0,264,75,0,5,0,15,5,0,5,20,0,5,retrieval/deep_query.py,0,50,0,5,0,5,65,116,1184,440,0,0,0,0,0,0,0,0,0,0,0,0,0,0,0,0,0,hlzz mirror,0,0,0,0,0
hlzz mirror,retrieval/image_preprocessing.py,hlzz mirror::retrieval/image_preprocessing.py,['Tianwei Shen'],[],[],['Tianwei Shen'],0,0,1,0.0,0.0,1.0,88.0,2.6666666666666665,6.0,False,radon,0,0,11,0,16,8,0,50,15,0,1,0,3,1,0,1,4,0,1,retrieval/image_preprocessing.py,0,10,0,1,0,1,13,24,236,88,0,0,0,0,0,0,0,0,0,0,0,0,0,0,0,0,0,hlzz mirror,0,0,0,0,0
hlzz mirror,retrieval/inference.py,hlzz mirror::retrieval/inference.py,['Tianwei Shen'],[],[],['Tianwei Shen'],0,0,1,0.0,0.0,1.0,234.0,7.0,10.0,False,radon,0,0,11,0,16,8,0,50,15,0,1,0,3,1,0,1,4,0,1,retrieval/inference.py,0,10,0,1,0,1,13,24,236,88,0,0,0,0,0,0,0,0,0,0,0,0,0,0,0,0,0,hlzz mirror,0,0,0,0,0
hlzz mirror,retrieval/model.py,hlzz mirror::retrieval/model.py,"['Tianwei Shen', 'Zixin Luo']",['Zixin Luo'],[],['Tianwei Shen'],1,0,1,0.5,0.0,0.5,618.0,4.0588235294117645,12.0,False,radon,0,1,39,0,48,26,0,158,45,0,3,0,9,3,0,3,12,0,3,retrieval/model.py,0,30,0,3,0,3,39,70,708,264,0,0,0,0,0,0,0,0,0,0,0,0,0,0,0,0,0,hlzz mirror,0,0,0,0,0
hlzz mirror,retrieval/oxford_bench.py,hlzz mirror::retrieval/oxford_bench.py,['Tianwei Shen'],[],[],['Tianwei Shen'],0,0,1,0.0,0.0,1.0,119.0,6.0,6.0,False,radon,0,0,14,0,16,9,0,54,15,0,1,0,3,1,0,1,4,0,1,retrieval/oxford_bench.py,0,10,0,1,0,1,13,24,238,88,0,0,0,0,0,0,0,0,0,0,0,0,0,0,0,0,0,hlzz mirror,0,0,0,0,0
hlzz mirror,retrieval/train.py,hlzz mirror::retrieval/train.py,['Tianwei Shen'],[],[],['Tianwei Shen'],0,0,1,0.0,0.0,1.0,296.0,9.2,25.0,False,radon,0,0,14,0,15,9,0,53,15,0,1,0,3,1,0,1,4,0,1,retrieval/train.py,0,12,0,1,0,1,14,23,241,88,0,0,0,0,0,0,0,0,0,0,0,0,0,0,0,0,0,hlzz mirror,0,0,0,0,0
hlzz mirror,tools/common.py,hlzz mirror::tools/common.py,['Tianwei Shen'],[],[],['Tianwei Shen'],0,0,1,0.0,0.0,1.0,81.0,1.3571428571428572,3.0,False,radon,0,0,11,0,16,8,0,50,15,0,1,0,3,1,0,1,4,0,1,tools/common.py,0,10,0,1,0,1,13,24,236,88,0,0,0,0,0,0,0,0,0,0,0,0,0,0,0,0,0,hlzz mirror,0,0,0,0,0
hlzz mirror,tools/tf.py,hlzz mirror::tools/tf.py,['Tianwei Shen'],[],[],['Tianwei Shen'],0,0,1,0.0,0.0,1.0,209.0,4.0,8.0,False,radon,0,0,11,0,16,8,0,50,15,0,1,0,3,1,0,1,4,0,1,tools/tf.py,0,10,0,1,0,1,13,24,236,88,0,0,0,0,0,0,0,0,0,0,0,0,0,0,0,0,0,hlzz mirror,0,0,0,0,0
iwangjian textsum gan,attention_decoder.py,iwangjian textsum gan::attention_decoder.py,['iwangjian'],[],['iwangjian'],[],0,1,0,0.0,1.0,0.0,239.0,11.5,12.0,False,radon,0,0,39,0,3,7,2,65,14,0,0,0,3,8,0,0,4,0,0,attention_decoder.py,0,33,0,0,0,0,20,21,212,89,0,0,0,0,0,0,0,0,0,0,0,0,0,0,0,0,0,iwangjian textsum gan,0,0,0,0,0
iwangjian textsum gan,batcher.py,iwangjian textsum gan::batcher.py,['iwangjian'],[],['iwangjian'],[],0,1,0,0.0,1.0,0.0,391.0,4.9411764705882355,11.0,False,radon,0,0,57,3,4,17,1,98,16,0,0,0,7,9,0,0,6,0,0,batcher.py,0,40,0,0,1,0,24,26,290,108,0,0,0,0,0,0,0,0,0,0,0,0,0,0,0,0,0,iwangjian textsum gan,0,0,0,0,0
iwangjian textsum gan,beam_search.py,iwangjian textsum gan::beam_search.py,['iwangjian'],[],['iwangjian'],[],0,1,0,0.0,1.0,0.0,190.0,3.1,21.0,False,radon,0,0,27,0,2,4,1,45,11,0,0,0,3,6,0,0,3,0,0,beam_search.py,0,21,0,0,0,0,13,15,150,58,0,0,0,0,0,0,0,0,0,0,0,0,0,0,0,0,0,iwangjian textsum gan,0,0,0,0,0
iwangjian textsum gan,data.py,iwangjian textsum gan::data.py,['iwangjian'],[],['iwangjian'],[],0,1,0,0.0,1.0,0.0,283.0,3.923076923076923,8.0,False,radon,0,0,40,1,3,9,1,70,16,0,0,0,5,8,0,0,4,0,0,data.py,0,30,0,0,1,0,19,20,212,85,0,0,0,0,0,0,0,0,0,0,0,0,0,0,0,0,0,iwangjian textsum gan,0,0,0,0,0
iwangjian textsum gan,data_loader.py,iwangjian textsum gan::data_loader.py,['iwangjian'],[],['iwangjian'],[],0,1,0,0.0,1.0,0.0,44.0,2.0,4.0,False,radon,0,0,28,1,3,6,0,51,13,0,0,0,3,5,0,0,2,0,0,data_loader.py,0,16,0,0,0,0,12,12,132,53,0,0,0,0,0,0,0,0,0,0,0,0,0,0,0,0,0,iwangjian textsum gan,0,0,0,0,0
iwangjian textsum gan,decode.py,iwangjian textsum gan::decode.py,['iwangjian'],[],['iwangjian'],[],0,1,0,0.0,1.0,0.0,280.0,5.3,12.0,False,radon,0,0,51,0,3,9,3,83,17,0,0,0,6,12,0,0,7,0,0,decode.py,0,49,0,0,1,0,27,31,310,122,0,0,0,0,0,0,0,0,0,0,0,0,0,0,0,0,0,iwangjian textsum gan,0,0,0,0,0
iwangjian textsum gan,discriminator.py,iwangjian textsum gan::discriminator.py,['iwangjian'],[],['iwangjian'],[],0,1,0,0.0,1.0,0.0,153.0,3.0,4.0,False,radon,0,0,59,4,6,17,0,103,17,0,0,0,7,9,0,0,6,0,0,discriminator.py,0,36,0,0,0,0,23,25,290,103,0,0,0,0,0,0,0,0,0,0,0,0,0,0,0,0,0,iwangjian textsum gan,0,0,0,0,0
iwangjian textsum gan,gen_sample.py,iwangjian textsum gan::gen_sample.py,['iwangjian'],[],['iwangjian'],[],0,1,0,0.0,1.0,0.0,66.0,3.6666666666666665,7.0,False,radon,0,0,26,0,1,5,1,43,10,0,0,0,4,6,0,0,3,0,0,gen_sample.py,0,22,0,0,1,0,13,15,150,59,0,0,0,0,0,0,0,0,0,0,0,0,0,0,0,0,0,iwangjian textsum gan,0,0,0,0,0
iwangjian textsum gan,generator.py,iwangjian textsum gan::generator.py,"['Jian Wang', 'iwangjian', 'mayank k91']","['Jian Wang', 'mayank k91']",['iwangjian'],[],2,1,0,0.6666666666666666,0.3333333333333333,0.0,604.0,3.380952380952381,15.0,False,radon,11,3,130,3,6,33,7,214,35,0,0,0,17,27,0,0,18,0,0,generator.py,0,119,0,0,1,0,66,74,768,299,0,0,0,0,0,0,0,0,0,0,0,0,0,0,0,0,0,iwangjian textsum gan,0,0,0,0,0
iwangjian textsum gan,main.py,iwangjian textsum gan::main.py,['iwangjian'],[],['iwangjian'],[],0,1,0,0.0,1.0,0.0,203.0,4.6,8.0,False,radon,8,1,48,0,0,12,4,76,12,0,0,0,12,12,0,0,8,0,0,main.py,0,58,0,0,2,0,28,32,346,146,0,0,0,0,0,0,0,0,0,0,0,0,0,0,0,0,0,iwangjian textsum gan,0,0,0,0,0
iwangjian textsum gan,rollout.py,iwangjian textsum gan::rollout.py,['iwangjian'],[],['iwangjian'],[],0,1,0,0.0,1.0,0.0,223.0,7.0,12.0,False,radon,0,0,14,0,1,3,0,25,7,0,0,0,1,2,0,0,0,0,0,rollout.py,0,6,0,0,0,0,6,5,52,26,0,0,0,0,0,0,0,0,0,0,0,0,0,0,0,0,0,iwangjian textsum gan,0,0,0,0,0
iwangjian textsum gan,trainer.py,iwangjian textsum gan::trainer.py,['iwangjian'],[],['iwangjian'],[],0,1,0,0.0,1.0,0.0,220.0,7.75,18.0,False,radon,8,1,63,1,3,13,4,100,16,0,0,0,8,15,0,0,10,0,0,trainer.py,0,65,0,0,1,0,34,39,397,156,0,0,0,0,0,0,0,0,0,0,0,0,0,0,0,0,0,iwangjian textsum gan,0,0,0,0,0
iwangjian textsum gan,util.py,iwangjian textsum gan::util.py,['iwangjian'],[],['iwangjian'],[],0,1,0,0.0,1.0,0.0,50.0,2.5,4.0,False,radon,0,0,38,0,2,8,2,63,13,0,0,0,4,8,0,0,4,0,0,util.py,0,34,0,0,1,0,20,21,212,90,0,0,0,0,0,0,0,0,0,0,0,0,0,0,0,0,0,iwangjian textsum gan,0,0,0,0,0
ixarchakos nba games,main.py,ixarchakos nba games::main.py,['ioannisxar'],['ioannisxar'],[],[],1,0,0,1.0,0.0,0.0,45.0,1.0,1.0,False,radon,16,4,0,0,36,3,0,196,157,0,0,0,0,0,0,0,2,0,0,main.py,0,86,0,24,0,0,0,0,245,270,0,0,0,1,0,0,0,0,0,0,0,0,0,0,0,0,0,ixarchakos nba games,0,0,0,0,0
ixarchakos nba games,src/feature_extraction/advanced_statistics.py,ixarchakos nba games::src/feature_extraction/advanced_statistics.py,['ioannisxar'],['ioannisxar'],[],[],1,0,0,1.0,0.0,0.0,122.0,4.5,8.0,False,radon,0,0,0,0,13,0,0,56,43,0,0,0,0,0,0,0,0,0,0,src/feature_extraction/advanced_statistics.py,0,27,0,6,0,0,0,0,71,70,0,0,0,1,0,0,0,0,0,0,0,0,0,0,0,0,0,ixarchakos nba games,0,0,0,0,0
ixarchakos nba games,src/feature_extraction/feature_extraction.py,ixarchakos nba games::src/feature_extraction/feature_extraction.py,['ioannisxar'],['ioannisxar'],[],[],1,0,0,1.0,0.0,0.0,38.0,2.0,3.0,False,radon,10,3,0,0,16,1,0,94,77,0,0,0,0,0,0,0,1,0,0,src/feature_extraction/feature_extraction.py,0,45,0,13,0,0,0,0,115,119,0,0,0,1,0,0,0,0,0,0,0,0,0,0,0,0,0,ixarchakos nba games,0,0,0,0,0
ixarchakos nba games,src/feature_extraction/graph_statistics.py,ixarchakos nba games::src/feature_extraction/graph_statistics.py,['ioannisxar'],['ioannisxar'],[],[],1,0,0,1.0,0.0,0.0,93.0,6.0,11.0,False,radon,0,0,0,0,0,1,0,40,39,0,0,0,0,0,0,0,0,0,0,src/feature_extraction/graph_statistics.py,0,21,0,6,0,0,0,0,63,46,0,0,0,1,0,0,0,0,0,0,0,0,0,0,0,0,0,ixarchakos nba games,0,0,0,0,0
ixarchakos nba games,src/feature_extraction/non_points_features.py,ixarchakos nba games::src/feature_extraction/non_points_features.py,['ioannisxar'],['ioannisxar'],[],[],1,0,0,1.0,0.0,0.0,111.0,4.666666666666667,8.0,False,radon,1,1,0,0,14,0,0,52,38,0,0,0,0,0,0,0,0,0,0,src/feature_extraction/non_points_features.py,0,24,0,5,0,0,0,0,59,66,0,0,0,0,0,0,0,0,0,0,0,0,0,0,0,0,0,ixarchakos nba games,0,0,0,0,0
ixarchakos nba games,src/feature_extraction/points_features.py,ixarchakos nba games::src/feature_extraction/points_features.py,['ioannisxar'],['ioannisxar'],[],[],1,0,0,1.0,0.0,0.0,142.0,5.75,10.0,False,radon,13,3,0,0,28,1,0,84,55,0,0,0,0,0,0,0,2,0,0,src/feature_extraction/points_features.py,0,31,0,8,0,0,0,0,80,126,0,0,0,0,0,0,0,0,0,0,0,0,0,0,0,0,0,ixarchakos nba games,0,0,0,0,0
ixarchakos nba games,src/feature_extraction/simple_stats.py,ixarchakos nba games::src/feature_extraction/simple_stats.py,['ioannisxar'],['ioannisxar'],[],[],1,0,0,1.0,0.0,0.0,147.0,7.6,12.0,False,radon,13,3,0,0,16,1,0,58,41,0,0,0,0,0,0,0,2,0,0,src/feature_extraction/simple_stats.py,0,22,0,6,0,0,0,0,54,89,0,0,0,0,0,0,0,0,0,0,0,0,0,0,0,0,0,ixarchakos nba games,0,0,0,0,0
ixarchakos nba games,src/machine_learning/classification.py,ixarchakos nba games::src/machine_learning/classification.py,['ioannisxar'],['ioannisxar'],[],[],1,0,0,1.0,0.0,0.0,122.0,2.8,5.0,False,radon,0,0,0,0,9,6,0,137,122,0,0,0,0,0,0,0,0,0,0,src/machine_learning/classification.py,0,66,0,19,0,0,0,1,206,165,0,0,0,0,0,0,0,0,0,0,0,0,0,0,0,0,0,ixarchakos nba games,0,0,0,0,0
ixarchakos nba games,src/machine_learning/performance.py,ixarchakos nba games::src/machine_learning/performance.py,['ioannisxar'],['ioannisxar'],[],[],1,0,0,1.0,0.0,0.0,4.0,1.0,1.0,False,radon,0,0,0,0,0,0,0,13,13,0,0,0,0,0,0,0,0,0,0,src/machine_learning/performance.py,0,7,0,2,0,0,0,0,23,16,0,0,0,0,0,0,0,0,0,0,0,0,0,0,0,0,0,ixarchakos nba games,0,0,0,0,0
ixarchakos nba games,src/tools/general_tools.py,ixarchakos nba games::src/tools/general_tools.py,['ioannisxar'],['ioannisxar'],[],[],1,0,0,1.0,0.0,0.0,19.0,3.0,3.0,False,radon,12,2,0,0,16,1,0,102,85,0,0,0,0,0,0,0,0,0,0,src/tools/general_tools.py,0,49,0,14,0,0,0,0,129,123,0,0,0,1,0,0,0,0,0,0,0,0,0,0,0,0,0,ixarchakos nba games,0,0,0,0,0
ixarchakos nba games,src/tools/sampling.py,ixarchakos nba games::src/tools/sampling.py,['ioannisxar'],['ioannisxar'],[],[],1,0,0,1.0,0.0,0.0,54.0,4.5,6.0,False,radon,0,0,0,0,0,2,0,16,14,0,0,0,0,0,0,0,0,0,0,src/tools/sampling.py,0,7,0,2,0,0,0,1,23,17,0,0,0,0,0,0,0,0,0,0,0,0,0,0,0,0,0,ixarchakos nba games,0,0,0,0,0
jacobgil keras grad cam,grad-cam.py,jacobgil keras grad cam::grad-cam.py,"['Jacob Gildenblat', 'William Thong']",['Jacob Gildenblat'],['William Thong'],[],1,1,0,0.5,0.5,0.0,144.0,2.2222222222222223,5.0,False,radon,0,0,0,0,3,0,0,7,4,0,0,0,3,0,0,0,0,0,0,grad-cam.py,0,0,0,4,0,0,0,0,6,27,0,0,0,0,0,0,0,0,4,0,0,0,0,0,0,0,0,jacobgil keras grad cam,0,0,0,0,0
jaredwinick img2vec keras,img2vec_keras/img_to_vec.py,jaredwinick img2vec keras::img2vec_keras/img_to_vec.py,"['Georg', 'Jared Winick']",['Jared Winick'],[],['Georg'],1,0,1,0.5,0.0,0.5,40.0,1.3333333333333333,2.0,False,radon,2,1,0,0,0,6,0,6,0,0,0,0,0,0,0,0,0,0,0,img2vec_keras/img_to_vec.py,0,0,0,0,0,0,0,0,8,0,0,0,0,0,0,0,0,0,0,0,0,0,0,0,0,0,0,jaredwinick img2vec keras,0,0,0,0,0
jiegzhan time series forecasting rnn tensorflow,build_model.py,jiegzhan time series forecasting rnn tensorflow::build_model.py,['Jie Zhang'],[],['Jie Zhang'],[],0,1,0,0.0,1.0,0.0,27.0,1.0,1.0,False,radon,0,0,0,0,4,2,0,6,0,0,0,0,0,0,0,0,0,0,0,build_model.py,0,0,0,0,0,0,0,0,5,5,0,0,0,5,4,0,0,0,5,0,0,0,0,0,0,0,0,jiegzhan time series forecasting rnn tensorflow,0,0,0,0,0
jiegzhan time series forecasting rnn tensorflow,data_helper.py,jiegzhan time series forecasting rnn tensorflow::data_helper.py,['Jie Zhang'],[],['Jie Zhang'],[],0,1,0,0.0,1.0,0.0,58.0,2.5,3.0,False,radon,0,0,0,0,5,2,0,7,0,0,0,0,0,0,0,0,1,0,0,data_helper.py,0,0,0,0,0,0,0,0,6,6,0,0,0,7,5,0,0,0,5,0,0,0,0,0,0,0,0,jiegzhan time series forecasting rnn tensorflow,0,0,0,0,0
jiegzhan time series forecasting rnn tensorflow,train_predict.py,jiegzhan time series forecasting rnn tensorflow::train_predict.py,['Jie Zhang'],[],['Jie Zhang'],[],0,1,0,0.0,1.0,0.0,56.0,2.0,2.0,False,radon,0,0,0,0,4,0,0,4,0,0,0,0,0,0,0,0,0,0,0,train_predict.py,0,0,0,0,0,0,0,0,7,4,0,0,0,5,4,0,0,0,4,0,0,0,0,0,0,0,0,jiegzhan time series forecasting rnn tensorflow,0,0,0,0,0
keums melodyExtraction JDC,featureExtraction.py,keums melodyExtraction JDC::featureExtraction.py,['Sangeun Kum'],[],[],['Sangeun Kum'],0,0,1,0.0,0.0,1.0,40.0,3.0,3.0,False,radon,0,0,5,0,0,11,0,17,1,0,3,0,6,0,0,0,0,0,0,featureExtraction.py,0,0,0,0,0,0,0,0,21,54,0,0,0,0,0,0,0,0,0,0,0,0,0,0,0,0,0,keums melodyExtraction JDC,0,0,0,0,0
keums melodyExtraction JDC,melodyExtraction_JDC.py,keums melodyExtraction JDC::melodyExtraction_JDC.py,['Sangeun Kum'],[],[],['Sangeun Kum'],0,0,1,0.0,0.0,1.0,105.0,3.0,8.0,False,radon,0,0,9,0,0,36,0,47,2,0,10,0,20,0,0,0,0,0,0,melodyExtraction_JDC.py,0,8,0,0,0,0,0,0,77,184,0,0,0,0,0,0,0,0,0,0,0,0,0,0,0,0,0,keums melodyExtraction JDC,0,0,0,0,0
keums melodyExtraction JDC,model.py,keums melodyExtraction JDC::model.py,['Sangeun Kum'],[],[],['Sangeun Kum'],0,0,1,0.0,0.0,1.0,90.0,1.0,1.0,False,radon,0,0,1,0,0,3,0,5,1,0,1,0,2,0,0,0,0,0,0,model.py,0,0,0,0,0,0,0,0,7,18,0,0,0,0,0,0,0,0,0,0,0,0,0,0,0,0,0,keums melodyExtraction JDC,0,0,0,0,0
kevin ssy Optical Flow Guided Feature,lib/caffe-action/action_python/VideoSpatialPrediction.py,kevin ssy Optical Flow Guided Feature::lib/caffe-action/action_python/VideoSpatialPrediction.py,['kevin ssy'],[],['kevin ssy'],[],0,1,0,0.0,1.0,0.0,77.0,4.0,4.0,False,radon,0,0,8,3,18,4,0,47,14,0,0,0,5,3,0,1,5,0,0,lib/caffe-action/action_python/VideoSpatialPrediction.py,14,34,0,10,0,0,8,13,235,257,0,0,0,0,0,0,0,0,0,0,0,0,0,0,0,0,0,kevin ssy Optical Flow Guided Feature,0,0,0,0,0
kevin ssy Optical Flow Guided Feature,lib/caffe-action/action_python/VideoTemporalPrediction.py,kevin ssy Optical Flow Guided Feature::lib/caffe-action/action_python/VideoTemporalPrediction.py,['kevin ssy'],[],['kevin ssy'],[],0,1,0,0.0,1.0,0.0,88.0,5.0,5.0,False,radon,0,0,8,3,18,4,0,47,14,0,0,0,5,3,0,1,5,0,0,lib/caffe-action/action_python/VideoTemporalPrediction.py,14,34,0,10,0,0,8,13,235,257,0,0,0,0,0,0,0,0,0,0,0,0,0,0,0,0,0,kevin ssy Optical Flow Guided Feature,0,0,0,0,0
kevin ssy Optical Flow Guided Feature,lib/caffe-action/action_python/demo.py,kevin ssy Optical Flow Guided Feature::lib/caffe-action/action_python/demo.py,['kevin ssy'],[],['kevin ssy'],[],0,1,0,0.0,1.0,0.0,75.0,2.0,3.0,False,radon,0,0,8,3,18,4,0,47,14,0,0,0,5,3,0,1,5,0,0,lib/caffe-action/action_python/demo.py,14,34,0,10,0,0,8,13,235,257,0,0,0,0,0,0,0,0,0,0,0,0,0,0,0,0,0,kevin ssy Optical Flow Guided Feature,0,0,0,0,0
kevin ssy Optical Flow Guided Feature,lib/caffe-action/examples/finetune_flickr_style/assemble_data.py,kevin ssy Optical Flow Guided Feature::lib/caffe-action/examples/finetune_flickr_style/assemble_data.py,['kevin ssy'],[],['kevin ssy'],[],0,1,0,0.0,1.0,0.0,99.0,5.0,5.0,False,radon,0,0,8,3,18,4,0,47,14,0,0,0,5,3,0,1,5,0,0,lib/caffe-action/examples/finetune_flickr_style/assemble_data.py,14,34,0,10,0,0,8,13,235,257,0,0,0,0,0,0,0,0,0,0,0,0,0,0,0,0,0,kevin ssy Optical Flow Guided Feature,0,0,0,0,0
kevin ssy Optical Flow Guided Feature,lib/caffe-action/examples/pycaffe/caffenet.py,kevin ssy Optical Flow Guided Feature::lib/caffe-action/examples/pycaffe/caffenet.py,['kevin ssy'],[],['kevin ssy'],[],0,1,0,0.0,1.0,0.0,56.0,1.2,2.0,False,radon,0,0,8,3,18,4,0,47,14,0,0,0,5,3,0,1,5,0,0,lib/caffe-action/examples/pycaffe/caffenet.py,14,34,0,10,0,0,8,13,235,257,0,0,0,0,0,0,0,0,0,0,0,0,0,0,0,0,0,kevin ssy Optical Flow Guided Feature,0,0,0,0,0
kevin ssy Optical Flow Guided Feature,lib/caffe-action/examples/pycaffe/layers/pyloss.py,kevin ssy Optical Flow Guided Feature::lib/caffe-action/examples/pycaffe/layers/pyloss.py,['kevin ssy'],[],['kevin ssy'],[],0,1,0,0.0,1.0,0.0,38.0,2.4,4.0,False,radon,0,0,8,3,18,4,0,47,14,0,0,0,5,3,0,1,5,0,0,lib/caffe-action/examples/pycaffe/layers/pyloss.py,14,34,0,10,0,0,8,13,235,257,0,0,0,0,0,0,0,0,0,0,0,0,0,0,0,0,0,kevin ssy Optical Flow Guided Feature,0,0,0,0,0
kevin ssy Optical Flow Guided Feature,lib/caffe-action/examples/web_demo/app.py,kevin ssy Optical Flow Guided Feature::lib/caffe-action/examples/web_demo/app.py,['kevin ssy'],[],['kevin ssy'],[],0,1,0,0.0,1.0,0.0,228.0,2.4,6.0,False,radon,0,0,8,3,18,4,0,47,14,0,0,0,5,3,0,1,5,0,0,lib/caffe-action/examples/web_demo/app.py,14,34,0,10,0,0,8,13,235,257,0,0,0,0,0,0,0,0,0,0,0,0,0,0,0,0,0,kevin ssy Optical Flow Guided Feature,0,0,0,0,0
kevin ssy Optical Flow Guided Feature,lib/caffe-action/examples/web_demo/exifutil.py,kevin ssy Optical Flow Guided Feature::lib/caffe-action/examples/web_demo/exifutil.py,['kevin ssy'],[],['kevin ssy'],[],0,1,0,0.0,1.0,0.0,40.0,4.5,6.0,False,radon,0,0,8,3,18,4,0,47,14,0,0,0,5,3,0,1,5,0,0,lib/caffe-action/examples/web_demo/exifutil.py,14,34,0,10,0,0,8,13,235,257,0,0,0,0,0,0,0,0,0,0,0,0,0,0,0,0,0,kevin ssy Optical Flow Guided Feature,0,0,0,0,0
kevin ssy Optical Flow Guided Feature,lib/caffe-action/python/bn_convert_style.py,kevin ssy Optical Flow Guided Feature::lib/caffe-action/python/bn_convert_style.py,['kevin ssy'],[],['kevin ssy'],[],0,1,0,0.0,1.0,0.0,52.0,6.0,6.0,False,radon,0,0,8,3,18,4,0,47,14,0,0,0,5,3,0,1,5,0,0,lib/caffe-action/python/bn_convert_style.py,14,34,0,10,0,0,8,13,235,257,0,0,0,0,0,0,0,0,0,0,0,0,0,0,0,0,0,kevin ssy Optical Flow Guided Feature,0,0,0,0,0
kevin ssy Optical Flow Guided Feature,lib/caffe-action/python/caffe/classifier.py,kevin ssy Optical Flow Guided Feature::lib/caffe-action/python/caffe/classifier.py,['kevin ssy'],[],['kevin ssy'],[],0,1,0,0.0,1.0,0.0,98.0,6.0,7.0,False,radon,0,0,8,3,18,4,0,47,14,0,0,0,5,3,0,1,5,0,0,lib/caffe-action/python/caffe/classifier.py,14,34,0,10,0,0,8,13,235,257,0,0,0,0,0,0,0,0,0,0,0,0,0,0,0,0,0,kevin ssy Optical Flow Guided Feature,0,0,0,0,0
kevin ssy Optical Flow Guided Feature,lib/caffe-action/python/caffe/detector.py,kevin ssy Optical Flow Guided Feature::lib/caffe-action/python/caffe/detector.py,['kevin ssy'],[],['kevin ssy'],[],0,1,0,0.0,1.0,0.0,217.0,5.333333333333333,8.0,False,radon,0,0,8,3,18,4,0,47,14,0,0,0,5,3,0,1,5,0,0,lib/caffe-action/python/caffe/detector.py,14,34,0,10,0,0,8,13,235,257,0,0,0,0,0,0,0,0,0,0,0,0,0,0,0,0,0,kevin ssy Optical Flow Guided Feature,0,0,0,0,0
kevin ssy Optical Flow Guided Feature,lib/caffe-action/python/caffe/draw.py,kevin ssy Optical Flow Guided Feature::lib/caffe-action/python/caffe/draw.py,['kevin ssy'],[],['kevin ssy'],[],0,1,0,0.0,1.0,0.0,214.0,3.7142857142857144,10.0,False,radon,0,0,8,3,18,4,0,47,14,0,0,0,5,3,0,1,5,0,0,lib/caffe-action/python/caffe/draw.py,14,34,0,10,0,0,8,13,235,257,0,0,0,0,0,0,0,0,0,0,0,0,0,0,0,0,0,kevin ssy Optical Flow Guided Feature,0,0,0,0,0
kevin ssy Optical Flow Guided Feature,lib/caffe-action/python/caffe/io.py,kevin ssy Optical Flow Guided Feature::lib/caffe-action/python/caffe/io.py,['kevin ssy'],[],['kevin ssy'],[],0,1,0,0.0,1.0,0.0,380.0,3.1578947368421053,7.0,False,radon,0,0,8,3,18,4,0,47,14,0,0,0,5,3,0,1,5,0,0,lib/caffe-action/python/caffe/io.py,14,34,0,10,0,0,8,13,235,257,0,0,0,0,0,0,0,0,0,0,0,0,0,0,0,0,0,kevin ssy Optical Flow Guided Feature,0,0,0,0,0
kevin ssy Optical Flow Guided Feature,lib/caffe-action/python/caffe/net_spec.py,kevin ssy Optical Flow Guided Feature::lib/caffe-action/python/caffe/net_spec.py,['kevin ssy'],[],['kevin ssy'],[],0,1,0,0.0,1.0,0.0,205.0,2.8421052631578947,8.0,False,radon,0,0,8,3,18,4,0,47,14,0,0,0,5,3,0,1,5,0,0,lib/caffe-action/python/caffe/net_spec.py,14,34,0,10,0,0,8,13,235,257,0,0,0,0,0,0,0,0,0,0,0,0,0,0,0,0,0,kevin ssy Optical Flow Guided Feature,0,0,0,0,0
kevin ssy Optical Flow Guided Feature,lib/caffe-action/python/caffe/pycaffe.py,kevin ssy Optical Flow Guided Feature::lib/caffe-action/python/caffe/pycaffe.py,['kevin ssy'],[],['kevin ssy'],[],0,1,0,0.0,1.0,0.0,282.0,5.7,15.0,False,radon,0,0,8,3,18,4,0,47,14,0,0,0,5,3,0,1,5,0,0,lib/caffe-action/python/caffe/pycaffe.py,14,34,0,10,0,0,8,13,235,257,0,0,0,0,0,0,0,0,0,0,0,0,0,0,0,0,0,kevin ssy Optical Flow Guided Feature,0,0,0,0,0
kevin ssy Optical Flow Guided Feature,lib/caffe-action/python/caffe/test/test_net.py,kevin ssy Optical Flow Guided Feature::lib/caffe-action/python/caffe/test/test_net.py,['kevin ssy'],[],['kevin ssy'],[],0,1,0,0.0,1.0,0.0,81.0,1.8571428571428572,3.0,False,radon,0,0,8,3,18,4,0,47,14,0,0,0,5,3,0,1,5,0,0,lib/caffe-action/python/caffe/test/test_net.py,14,34,0,10,0,0,8,13,235,257,0,0,0,0,0,0,0,0,0,0,0,0,0,0,0,0,0,kevin ssy Optical Flow Guided Feature,0,0,0,0,0
kevin ssy Optical Flow Guided Feature,lib/caffe-action/python/caffe/test/test_net_spec.py,kevin ssy Optical Flow Guided Feature::lib/caffe-action/python/caffe/test/test_net_spec.py,['kevin ssy'],[],['kevin ssy'],[],0,1,0,0.0,1.0,0.0,68.0,1.2,2.0,False,radon,0,0,8,3,18,4,0,47,14,0,0,0,5,3,0,1,5,0,0,lib/caffe-action/python/caffe/test/test_net_spec.py,14,34,0,10,0,0,8,13,235,257,0,0,0,0,0,0,0,0,0,0,0,0,0,0,0,0,0,kevin ssy Optical Flow Guided Feature,0,0,0,0,0
kevin ssy Optical Flow Guided Feature,lib/caffe-action/python/caffe/test/test_python_layer.py,kevin ssy Optical Flow Guided Feature::lib/caffe-action/python/caffe/test/test_python_layer.py,['kevin ssy'],[],['kevin ssy'],[],0,1,0,0.0,1.0,0.0,64.0,1.6363636363636365,3.0,False,radon,0,0,8,3,18,4,0,47,14,0,0,0,5,3,0,1,5,0,0,lib/caffe-action/python/caffe/test/test_python_layer.py,14,34,0,10,0,0,8,13,235,257,0,0,0,0,0,0,0,0,0,0,0,0,0,0,0,0,0,kevin ssy Optical Flow Guided Feature,0,0,0,0,0
kevin ssy Optical Flow Guided Feature,lib/caffe-action/python/caffe/test/test_solver.py,kevin ssy Optical Flow Guided Feature::lib/caffe-action/python/caffe/test/test_solver.py,['kevin ssy'],[],['kevin ssy'],[],0,1,0,0.0,1.0,0.0,53.0,2.5,5.0,False,radon,0,0,8,3,18,4,0,47,14,0,0,0,5,3,0,1,5,0,0,lib/caffe-action/python/caffe/test/test_solver.py,14,34,0,10,0,0,8,13,235,257,0,0,0,0,0,0,0,0,0,0,0,0,0,0,0,0,0,kevin ssy Optical Flow Guided Feature,0,0,0,0,0
kevin ssy Optical Flow Guided Feature,lib/caffe-action/python/classify.py,kevin ssy Optical Flow Guided Feature::lib/caffe-action/python/classify.py,['kevin ssy'],[],['kevin ssy'],[],0,1,0,0.0,1.0,0.0,139.0,9.0,9.0,False,radon,0,0,8,3,18,4,0,47,14,0,0,0,5,3,0,1,5,0,0,lib/caffe-action/python/classify.py,14,34,0,10,0,0,8,13,235,257,0,0,0,0,0,0,0,0,0,0,0,0,0,0,0,0,0,kevin ssy Optical Flow Guided Feature,0,0,0,0,0
kevin ssy Optical Flow Guided Feature,lib/caffe-action/python/convert_to_fully_conv.py,kevin ssy Optical Flow Guided Feature::lib/caffe-action/python/convert_to_fully_conv.py,['kevin ssy'],[],['kevin ssy'],[],0,1,0,0.0,1.0,0.0,84.0,7.0,7.0,True,lizard,0,0,8,3,18,4,0,47,14,0,0,0,5,3,0,1,5,0,0,lib/caffe-action/python/convert_to_fully_conv.py,14,34,0,10,0,0,8,13,235,257,0,0,0,0,0,0,0,0,0,0,0,0,0,0,0,0,0,kevin ssy Optical Flow Guided Feature,0,0,0,0,0
kevin ssy Optical Flow Guided Feature,lib/caffe-action/python/detect.py,kevin ssy Optical Flow Guided Feature::lib/caffe-action/python/detect.py,['kevin ssy'],[],['kevin ssy'],[],0,1,0,0.0,1.0,0.0,174.0,13.0,13.0,False,radon,0,0,8,3,18,4,0,47,14,0,0,0,5,3,0,1,5,0,0,lib/caffe-action/python/detect.py,14,34,0,10,0,0,8,13,235,257,0,0,0,0,0,0,0,0,0,0,0,0,0,0,0,0,0,kevin ssy Optical Flow Guided Feature,0,0,0,0,0
kevin ssy Optical Flow Guided Feature,lib/caffe-action/python/draw_net.py,kevin ssy Optical Flow Guided Feature::lib/caffe-action/python/draw_net.py,['kevin ssy'],[],['kevin ssy'],[],0,1,0,0.0,1.0,0.0,46.0,1.0,1.0,False,radon,0,0,8,3,18,4,0,47,14,0,0,0,5,3,0,1,5,0,0,lib/caffe-action/python/draw_net.py,14,34,0,10,0,0,8,13,235,257,0,0,0,0,0,0,0,0,0,0,0,0,0,0,0,0,0,kevin ssy Optical Flow Guided Feature,0,0,0,0,0
kevin ssy Optical Flow Guided Feature,lib/caffe-action/python/gen_bn_inference.py,kevin ssy Optical Flow Guided Feature::lib/caffe-action/python/gen_bn_inference.py,['kevin ssy'],[],['kevin ssy'],[],0,1,0,0.0,1.0,0.0,172.0,11.666666666666666,30.0,False,radon,0,0,8,3,18,4,0,47,14,0,0,0,5,3,0,1,5,0,0,lib/caffe-action/python/gen_bn_inference.py,14,34,0,10,0,0,8,13,235,257,0,0,0,0,0,0,0,0,0,0,0,0,0,0,0,0,0,kevin ssy Optical Flow Guided Feature,0,0,0,0,0
kevin ssy Optical Flow Guided Feature,lib/caffe-action/python/polyak_average.py,kevin ssy Optical Flow Guided Feature::lib/caffe-action/python/polyak_average.py,['kevin ssy'],[],['kevin ssy'],[],0,1,0,0.0,1.0,0.0,61.0,11.0,11.0,False,radon,0,0,8,3,18,4,0,47,14,0,0,0,5,3,0,1,5,0,0,lib/caffe-action/python/polyak_average.py,14,34,0,10,0,0,8,13,235,257,0,0,0,0,0,0,0,0,0,0,0,0,0,0,0,0,0,kevin ssy Optical Flow Guided Feature,0,0,0,0,0
kevin ssy Optical Flow Guided Feature,lib/caffe-action/scripts/cpp_lint.py,kevin ssy Optical Flow Guided Feature::lib/caffe-action/scripts/cpp_lint.py,['kevin ssy'],[],['kevin ssy'],[],0,1,0,0.0,1.0,0.0,4869.0,6.0,69.0,False,radon,0,0,8,3,18,4,0,47,14,0,0,0,5,3,0,1,5,0,0,lib/caffe-action/scripts/cpp_lint.py,14,34,0,10,0,0,8,13,235,257,0,0,0,0,0,0,0,0,0,0,0,0,0,0,0,0,0,kevin ssy Optical Flow Guided Feature,0,0,0,0,0
kevin ssy Optical Flow Guided Feature,lib/caffe-action/scripts/download_model_binary.py,kevin ssy Optical Flow Guided Feature::lib/caffe-action/scripts/download_model_binary.py,['kevin ssy'],[],['kevin ssy'],[],0,1,0,0.0,1.0,0.0,77.0,2.0,3.0,False,radon,0,0,8,3,18,4,0,47,14,0,0,0,5,3,0,1,5,0,0,lib/caffe-action/scripts/download_model_binary.py,14,34,0,10,0,0,8,13,235,257,0,0,0,0,0,0,0,0,0,0,0,0,0,0,0,0,0,kevin ssy Optical Flow Guided Feature,0,0,0,0,0
kevin ssy Optical Flow Guided Feature,lib/caffe-action/tools/extra/extract_seconds.py,kevin ssy Optical Flow Guided Feature::lib/caffe-action/tools/extra/extract_seconds.py,['kevin ssy'],[],['kevin ssy'],[],0,1,0,0.0,1.0,0.0,65.0,2.5,4.0,False,radon,0,0,8,3,18,4,0,47,14,0,0,0,5,3,0,1,5,0,0,lib/caffe-action/tools/extra/extract_seconds.py,14,34,0,10,0,0,8,13,235,257,0,0,0,0,0,0,0,0,0,0,0,0,0,0,0,0,0,kevin ssy Optical Flow Guided Feature,0,0,0,0,0
kevin ssy Optical Flow Guided Feature,lib/caffe-action/tools/extra/parse_log.py,kevin ssy Optical Flow Guided Feature::lib/caffe-action/tools/extra/parse_log.py,['kevin ssy'],[],['kevin ssy'],[],0,1,0,0.0,1.0,0.0,197.0,2.857142857142857,8.0,True,lizard,0,0,8,3,18,4,0,47,14,0,0,0,5,3,0,1,5,0,0,lib/caffe-action/tools/extra/parse_log.py,14,34,0,10,0,0,8,13,235,257,0,0,0,0,0,0,0,0,0,0,0,0,0,0,0,0,0,kevin ssy Optical Flow Guided Feature,0,0,0,0,0
kevin ssy Optical Flow Guided Feature,lib/caffe-action/tools/extra/resize_and_crop_images.py,kevin ssy Optical Flow Guided Feature::lib/caffe-action/tools/extra/resize_and_crop_images.py,['kevin ssy'],[],['kevin ssy'],[],0,1,0,0.0,1.0,0.0,110.0,4.666666666666667,6.0,True,lizard,0,0,8,3,18,4,0,47,14,0,0,0,5,3,0,1,5,0,0,lib/caffe-action/tools/extra/resize_and_crop_images.py,14,34,0,10,0,0,8,13,235,257,0,0,0,0,0,0,0,0,0,0,0,0,0,0,0,0,0,kevin ssy Optical Flow Guided Feature,0,0,0,0,0
kevin ssy Optical Flow Guided Feature,pyActionRecog/__init__.py,kevin ssy Optical Flow Guided Feature::pyActionRecog/__init__.py,['kevin ssy'],[],['kevin ssy'],[],0,1,0,0.0,1.0,0.0,13.0,1.0,1.0,False,radon,0,0,8,3,18,4,0,47,14,0,0,0,5,3,0,1,5,0,0,pyActionRecog/__init__.py,14,34,0,10,0,0,8,13,235,257,0,0,0,0,0,0,0,0,0,0,0,0,0,0,0,0,0,kevin ssy Optical Flow Guided Feature,0,0,0,0,0
kevin ssy Optical Flow Guided Feature,pyActionRecog/action_caffe.py,kevin ssy Optical Flow Guided Feature::pyActionRecog/action_caffe.py,['kevin ssy'],[],['kevin ssy'],[],0,1,0,0.0,1.0,0.0,347.0,5.25,14.0,True,lizard,0,0,8,3,18,4,0,47,14,0,0,0,5,3,0,1,5,0,0,pyActionRecog/action_caffe.py,14,34,0,10,0,0,8,13,235,257,0,0,0,0,0,0,0,0,0,0,0,0,0,0,0,0,0,kevin ssy Optical Flow Guided Feature,0,0,0,0,0
kevin ssy Optical Flow Guided Feature,pyActionRecog/action_parrots.py,kevin ssy Optical Flow Guided Feature::pyActionRecog/action_parrots.py,['kevin ssy'],[],['kevin ssy'],[],0,1,0,0.0,1.0,0.0,102.0,7.25,11.0,False,radon,0,0,8,3,18,4,0,47,14,0,0,0,5,3,0,1,5,0,0,pyActionRecog/action_parrots.py,14,34,0,10,0,0,8,13,235,257,0,0,0,0,0,0,0,0,0,0,0,0,0,0,0,0,0,kevin ssy Optical Flow Guided Feature,0,0,0,0,0
kevin ssy Optical Flow Guided Feature,pyActionRecog/benchmark_db.py,kevin ssy Optical Flow Guided Feature::pyActionRecog/benchmark_db.py,['kevin ssy'],[],['kevin ssy'],[],0,1,0,0.0,1.0,0.0,114.0,4.125,10.0,True,lizard,0,0,8,3,18,4,0,47,14,0,0,0,5,3,0,1,5,0,0,pyActionRecog/benchmark_db.py,14,34,0,10,0,0,8,13,235,257,0,0,0,0,0,0,0,0,0,0,0,0,0,0,0,0,0,kevin ssy Optical Flow Guided Feature,0,0,0,0,0
kevin ssy Optical Flow Guided Feature,pyActionRecog/utils/io.py,kevin ssy Optical Flow Guided Feature::pyActionRecog/utils/io.py,['kevin ssy'],[],['kevin ssy'],[],0,1,0,0.0,1.0,0.0,282.0,7.888888888888889,39.0,False,radon,0,0,8,3,18,4,0,47,14,0,0,0,5,3,0,1,5,0,0,pyActionRecog/utils/io.py,14,34,0,10,0,0,8,13,235,257,0,0,0,0,0,0,0,0,0,0,0,0,0,0,0,0,0,kevin ssy Optical Flow Guided Feature,0,0,0,0,0
kevin ssy Optical Flow Guided Feature,pyActionRecog/utils/metrics.py,kevin ssy Optical Flow Guided Feature::pyActionRecog/utils/metrics.py,['kevin ssy'],[],['kevin ssy'],[],0,1,0,0.0,1.0,0.0,60.0,2.4285714285714284,7.0,False,radon,0,0,8,3,18,4,0,47,14,0,0,0,5,3,0,1,5,0,0,pyActionRecog/utils/metrics.py,14,34,0,10,0,0,8,13,235,257,0,0,0,0,0,0,0,0,0,0,0,0,0,0,0,0,0,kevin ssy Optical Flow Guided Feature,0,0,0,0,0
kevin ssy Optical Flow Guided Feature,pyActionRecog/utils/video_funcs.py,kevin ssy Optical Flow Guided Feature::pyActionRecog/utils/video_funcs.py,['kevin ssy'],[],['kevin ssy'],[],0,1,0,0.0,1.0,0.0,70.0,3.5,4.0,False,radon,0,0,8,3,18,4,0,47,14,0,0,0,5,3,0,1,5,0,0,pyActionRecog/utils/video_funcs.py,14,34,0,10,0,0,8,13,235,257,0,0,0,0,0,0,0,0,0,0,0,0,0,0,0,0,0,kevin ssy Optical Flow Guided Feature,0,0,0,0,0
kevin ssy Optical Flow Guided Feature,tools/build_of.py,kevin ssy Optical Flow Guided Feature::tools/build_of.py,['kevin ssy'],[],['kevin ssy'],[],0,1,0,0.0,1.0,0.0,122.0,2.3333333333333335,3.0,True,lizard,0,0,8,3,18,4,0,47,14,0,0,0,5,3,0,1,5,0,0,tools/build_of.py,14,34,0,10,0,0,8,13,235,257,0,0,0,0,0,0,0,0,0,0,0,0,0,0,0,0,0,kevin ssy Optical Flow Guided Feature,0,0,0,0,0
kevin ssy Optical Flow Guided Feature,tools/parse_meta_data.py,kevin ssy Optical Flow Guided Feature::tools/parse_meta_data.py,['kevin ssy'],[],['kevin ssy'],[],0,1,0,0.0,1.0,0.0,154.0,3.2222222222222223,7.0,True,lizard,0,0,8,3,18,4,0,47,14,0,0,0,5,3,0,1,5,0,0,tools/parse_meta_data.py,14,34,0,10,0,0,8,13,235,257,0,0,0,0,0,0,0,0,0,0,0,0,0,0,0,0,0,kevin ssy Optical Flow Guided Feature,0,0,0,0,0
kevin ssy Optical Flow Guided Feature,tools/test.py,kevin ssy Optical Flow Guided Feature::tools/test.py,['kevin ssy'],[],['kevin ssy'],[],0,1,0,0.0,1.0,0.0,156.0,2.5,5.0,True,lizard,0,0,8,3,18,4,0,47,14,0,0,0,5,3,0,1,5,0,0,tools/test.py,14,34,0,10,0,0,8,13,235,257,0,0,0,0,0,0,0,0,0,0,0,0,0,0,0,0,0,kevin ssy Optical Flow Guided Feature,0,0,0,0,0
kimhc6028 relational networks,main.py,kimhc6028 relational networks::main.py,"['David Speck', 'Heecheol', 'Heecheol Kim', 'Kim Heecheol', 'Martin Andrews', 'Thiviyan Thanapalasingam']","['Heecheol', 'Kim Heecheol', 'Thiviyan Thanapalasingam']",[],"['David Speck', 'Heecheol Kim', 'Martin Andrews']",3,0,3,0.5,0.0,0.5,287.0,4.2,9.0,False,radon,3,4,0,0,0,99,0,150,51,0,0,0,0,0,0,0,0,0,0,main.py,13,62,0,0,0,0,40,0,197,1155,0,0,0,0,0,0,0,0,0,0,0,0,0,0,0,0,0,kimhc6028 relational networks,0,0,0,0,0
kimhc6028 relational networks,model.py,kimhc6028 relational networks::model.py,"['David Speck', 'Heecheol', 'Heecheol Kim', 'Kim Heecheol', 'Martin Andrews', 'Thiviyan Thanapalasingam', 'gngdb']","['Heecheol', 'Kim Heecheol', 'Thiviyan Thanapalasingam', 'gngdb']",[],"['David Speck', 'Heecheol Kim', 'Martin Andrews']",4,0,3,0.5714285714285714,0.0,0.42857142857142855,237.0,1.8235294117647058,5.0,False,radon,5,4,3,0,0,74,0,119,42,0,0,0,0,0,0,0,0,0,0,model.py,9,54,0,0,0,0,35,0,155,993,0,0,0,0,0,0,0,0,0,0,0,0,0,0,0,0,0,kimhc6028 relational networks,0,0,0,0,0
kimhc6028 relational networks,sort_of_clevr_generator.py,kimhc6028 relational networks::sort_of_clevr_generator.py,"['David Speck', 'Heecheol', 'Heecheol Kim', 'Kim Heecheol', 'Martin Andrews', 'Thiviyan Thanapalasingam']","['Heecheol', 'Kim Heecheol', 'Thiviyan Thanapalasingam']",[],"['David Speck', 'Heecheol Kim', 'Martin Andrews']",3,0,3,0.5,0.0,0.5,280.0,26.0,46.0,False,radon,2,3,0,0,0,104,0,145,41,0,0,0,0,0,0,0,0,0,0,sort_of_clevr_generator.py,13,58,0,0,0,0,34,0,187,1108,0,0,0,0,0,0,0,0,0,0,0,0,0,0,0,0,0,kimhc6028 relational networks,0,0,0,0,0
kimhc6028 relational networks,translator.py,kimhc6028 relational networks::translator.py,['Heecheol'],['Heecheol'],[],[],1,0,0,1.0,0.0,0.0,37.0,10.0,10.0,True,lizard,0,0,0,0,0,1,0,7,6,0,0,0,0,0,0,0,0,0,0,translator.py,0,2,0,0,0,0,1,0,4,33,0,0,0,0,0,0,0,0,0,0,0,0,0,0,0,0,0,kimhc6028 relational networks,0,0,0,0,0
kk7nc HDLTex,HDLTex/BuildModel.py,kk7nc HDLTex::HDLTex/BuildModel.py,"['Kamran Kowsari', 'Mojtaba Heidarysafa']","['Kamran Kowsari', 'Mojtaba Heidarysafa']",[],[],2,0,0,1.0,0.0,0.0,153.0,4.0,7.0,False,radon,0,0,0,0,1,29,0,35,5,0,0,0,0,0,0,0,5,0,0,HDLTex/BuildModel.py,0,10,0,0,0,0,10,5,145,40,0,0,0,0,0,0,0,0,10,0,0,0,0,0,0,0,0,kk7nc HDLTex,0,0,0,0,0
kk7nc HDLTex,HDLTex/Data_helper.py,kk7nc HDLTex::HDLTex/Data_helper.py,"['Kamran Kowsari', 'Mojtaba Heidarysafa']","['Kamran Kowsari', 'Mojtaba Heidarysafa']",[],[],2,0,0,1.0,0.0,0.0,236.0,5.5,10.0,False,radon,0,0,0,0,1,17,0,21,3,0,0,0,0,0,0,0,3,0,0,HDLTex/Data_helper.py,0,6,0,0,0,0,6,3,85,24,0,0,0,0,0,0,0,0,6,0,0,0,0,0,0,0,0,kk7nc HDLTex,0,0,0,0,0
kk7nc HDLTex,HDLTex/Download_Glove.py,kk7nc HDLTex::HDLTex/Download_Glove.py,"['Kamran Kowsari', 'Mojtaba Heidarysafa']","['Kamran Kowsari', 'Mojtaba Heidarysafa']",[],[],2,0,0,1.0,0.0,0.0,66.0,3.0,3.0,False,radon,0,0,0,0,1,17,0,21,3,0,0,0,0,0,0,0,3,0,0,HDLTex/Download_Glove.py,0,6,0,0,0,0,6,3,85,24,0,0,0,0,0,0,0,0,6,0,0,0,0,0,0,0,0,kk7nc HDLTex,0,0,0,0,0
kk7nc HDLTex,HDLTex/WOS_input.py,kk7nc HDLTex::HDLTex/WOS_input.py,"['Kamran Kowsari', 'Mojtaba Heidarysafa']","['Kamran Kowsari', 'Mojtaba Heidarysafa']",[],[],2,0,0,1.0,0.0,0.0,64.0,3.0,3.0,False,radon,0,0,0,0,1,23,0,28,4,0,0,0,0,0,0,0,4,0,0,HDLTex/WOS_input.py,0,8,0,0,0,0,8,4,117,32,0,0,0,0,0,0,0,0,8,0,0,0,0,0,0,0,0,kk7nc HDLTex,0,0,0,0,0
kk7nc HDLTex,setup.py,kk7nc HDLTex::setup.py,['Kamran Kowsari'],['Kamran Kowsari'],[],[],1,0,0,1.0,0.0,0.0,66.0,1.0,1.0,False,radon,0,0,0,0,1,43,0,53,9,0,0,0,0,0,0,0,8,0,0,setup.py,0,16,0,0,0,0,16,8,198,64,0,0,0,0,0,0,0,0,16,0,0,0,0,0,0,0,0,kk7nc HDLTex,0,0,0,0,0
kk7nc RMDL,RMDL/BuildModel.py,kk7nc RMDL::RMDL/BuildModel.py,['Kamran Kowsari'],['Kamran Kowsari'],[],[],1,0,0,1.0,0.0,0.0,436.0,4.555555555555555,13.0,False,radon,18,3,0,13,59,43,0,142,27,0,0,0,0,0,0,0,16,0,0,RMDL/BuildModel.py,0,74,0,0,0,0,41,96,770,646,0,0,0,0,0,0,0,0,79,0,0,0,0,0,0,0,0,kk7nc RMDL,0,0,0,0,0
kk7nc RMDL,RMDL/Download/Download_Glove.py,kk7nc RMDL::RMDL/Download/Download_Glove.py,['Kamran Kowsari'],['Kamran Kowsari'],[],[],1,0,0,1.0,0.0,0.0,83.0,7.0,7.0,False,radon,26,2,0,4,17,15,0,43,7,0,0,0,0,0,0,0,5,0,0,RMDL/Download/Download_Glove.py,0,22,0,0,0,0,14,30,237,198,0,0,0,0,0,0,0,0,24,0,0,0,0,0,0,0,0,kk7nc RMDL,0,0,0,0,0
kk7nc RMDL,RMDL/Download/Download_WOS.py,kk7nc RMDL::RMDL/Download/Download_WOS.py,['Kamran Kowsari'],['Kamran Kowsari'],[],[],1,0,0,1.0,0.0,0.0,67.0,3.0,3.0,False,radon,19,2,0,5,21,13,0,49,10,0,0,0,0,0,0,0,7,0,0,RMDL/Download/Download_WOS.py,0,26,0,0,0,0,16,34,294,207,0,0,0,0,0,0,0,0,30,0,0,0,0,0,0,0,0,kk7nc RMDL,0,0,0,0,0
kk7nc RMDL,RMDL/Global.py,kk7nc RMDL::RMDL/Global.py,['Kamran Kowsari'],['Kamran Kowsari'],[],[],1,0,0,1.0,0.0,0.0,27.0,2.0,2.0,False,radon,38,5,0,13,66,31,0,138,28,0,0,0,0,0,0,0,22,0,0,RMDL/Global.py,0,63,0,0,0,0,41,71,695,346,0,0,0,0,0,0,0,0,78,0,0,0,0,0,0,0,0,kk7nc RMDL,0,0,0,0,0
kk7nc RMDL,RMDL/Plot.py,kk7nc RMDL::RMDL/Plot.py,"['Kamran Kowsari', 'yogendra']","['Kamran Kowsari', 'yogendra']",[],[],2,0,0,1.0,0.0,0.0,115.0,4.0,6.0,False,radon,5,2,0,8,29,24,0,78,17,0,0,0,0,0,0,0,10,0,0,RMDL/Plot.py,0,46,0,0,0,0,25,61,491,417,0,0,0,0,0,0,0,0,48,0,0,0,0,0,0,0,0,kk7nc RMDL,0,0,0,0,0
kk7nc RMDL,RMDL/RMDL_Image.py,kk7nc RMDL::RMDL/RMDL_Image.py,['Kamran Kowsari'],['Kamran Kowsari'],[],[],1,0,0,1.0,0.0,0.0,317.0,20.0,20.0,False,radon,28,4,0,13,58,37,0,139,31,0,0,0,0,0,0,0,18,0,0,RMDL/RMDL_Image.py,0,71,0,0,0,0,41,91,761,583,0,0,0,0,0,0,0,0,78,0,0,0,0,0,0,0,0,kk7nc RMDL,0,0,0,0,0
kk7nc RMDL,RMDL/RMDL_Text.py,kk7nc RMDL::RMDL/RMDL_Text.py,"['Aaditya Paul', 'Kamran Kowsari', 'yogendra']","['Aaditya Paul', 'Kamran Kowsari', 'yogendra']",[],[],3,0,0,1.0,0.0,0.0,434.0,34.0,34.0,False,radon,49,7,0,22,94,66,0,223,41,0,0,0,0,0,0,0,27,0,0,RMDL/RMDL_Text.py,0,116,0,0,0,0,66,157,1255,1043,0,0,0,0,0,0,0,0,126,0,0,0,0,0,0,0,0,kk7nc RMDL,0,0,0,0,0
kk7nc RMDL,RMDL/text_feature_extraction.py,kk7nc RMDL::RMDL/text_feature_extraction.py,['Kamran Kowsari'],['Kamran Kowsari'],[],[],1,0,0,1.0,0.0,0.0,140.0,5.0,12.0,False,radon,37,5,0,12,53,43,0,132,24,0,0,0,0,0,0,0,16,0,0,RMDL/text_feature_extraction.py,0,66,0,0,0,0,39,88,705,571,0,0,0,0,0,0,0,0,72,0,0,0,0,0,0,0,0,kk7nc RMDL,0,0,0,0,0
kk7nc RMDL,setup.py,kk7nc RMDL::setup.py,['Kamran Kowsari'],['Kamran Kowsari'],[],[],1,0,0,1.0,0.0,0.0,59.0,1.0,1.0,False,radon,0,0,0,11,53,28,0,117,25,0,0,0,0,0,0,0,16,0,0,setup.py,0,57,0,0,0,0,33,74,639,463,0,0,0,0,0,0,0,0,66,0,0,0,0,0,0,0,0,kk7nc RMDL,0,0,0,0,0
kk7nc Text Classification,Data/Download_Glove.py,kk7nc Text Classification::Data/Download_Glove.py,['Kamran Kowsari'],['Kamran Kowsari'],[],[],1,0,0,1.0,0.0,0.0,79.0,7.0,7.0,False,radon,0,0,0,0,2,2,0,4,0,0,0,0,0,0,0,0,0,0,0,Data/Download_Glove.py,0,1,0,0,0,0,0,0,1,0,0,0,0,0,0,0,0,0,0,0,0,0,0,0,0,0,0,kk7nc Text Classification,0,0,0,0,0
kk7nc Text Classification,Data/Download_WOS.py,kk7nc Text Classification::Data/Download_WOS.py,['Kamran Kowsari'],['Kamran Kowsari'],[],[],1,0,0,1.0,0.0,0.0,63.0,3.0,3.0,False,radon,0,0,0,0,2,6,0,8,0,0,0,0,0,0,0,0,0,0,0,Data/Download_WOS.py,0,1,0,0,0,0,0,0,2,0,0,0,0,0,0,0,0,0,0,0,0,0,0,0,0,0,0,kk7nc Text Classification,0,0,0,0,0
kk7nc Text Classification,code/CNN.py,kk7nc Text Classification::code/CNN.py,['Kamran Kowsari'],['Kamran Kowsari'],[],[],1,0,0,1.0,0.0,0.0,148.0,4.5,6.0,False,radon,0,0,4,0,11,33,0,52,4,0,0,0,0,0,0,0,0,0,0,code/CNN.py,0,4,0,0,0,0,0,8,74,109,0,0,0,0,0,0,0,0,15,0,0,0,0,0,0,0,0,kk7nc Text Classification,0,0,0,0,0
kk7nc Text Classification,code/CRF.py,kk7nc Text Classification::code/CRF.py,['Kamran Kowsari'],['Kamran Kowsari'],[],[],1,0,0,1.0,0.0,0.0,80.0,2.25,3.0,False,radon,0,0,0,0,3,3,0,6,0,0,0,0,0,0,0,0,0,0,0,code/CRF.py,0,1,0,0,0,0,0,2,17,29,0,0,0,0,0,0,0,0,4,0,0,0,0,0,0,0,0,kk7nc Text Classification,0,0,0,0,0
kk7nc Text Classification,code/DNN.py,kk7nc Text Classification::code/DNN.py,['Kamran Kowsari'],['Kamran Kowsari'],[],[],1,0,0,1.0,0.0,0.0,64.0,1.5,2.0,False,radon,0,0,0,0,2,0,0,2,0,0,0,0,0,0,0,0,0,0,0,code/DNN.py,0,1,0,0,0,0,0,2,11,18,0,0,0,0,0,0,0,0,3,0,0,0,0,0,0,0,0,kk7nc Text Classification,0,0,0,0,0
kk7nc Text Classification,code/Hierarchical_Attention_Networks/textClassifierConv.py,kk7nc Text Classification::code/Hierarchical_Attention_Networks/textClassifierConv.py,"['Kamran Kowsari', 'cclauss']","['Kamran Kowsari', 'cclauss']",[],[],2,0,0,1.0,0.0,0.0,171.0,1.0,1.0,False,radon,0,0,4,0,6,33,0,47,4,0,0,0,0,0,0,0,0,0,0,code/Hierarchical_Attention_Networks/textClassifierConv.py,0,2,0,0,0,0,0,4,46,62,0,0,0,0,0,0,0,0,8,0,0,0,0,0,0,0,0,kk7nc Text Classification,0,0,0,0,0
kk7nc Text Classification,code/Hierarchical_Attention_Networks/textClassifierHATT.py,kk7nc Text Classification::code/Hierarchical_Attention_Networks/textClassifierHATT.py,"['Kamran Kowsari', 'cclauss']","['Kamran Kowsari', 'cclauss']",[],[],2,0,0,1.0,0.0,0.0,208.0,1.3333333333333333,2.0,False,radon,0,0,4,0,6,33,0,47,4,0,0,0,0,0,0,0,0,0,0,code/Hierarchical_Attention_Networks/textClassifierHATT.py,0,2,0,0,0,0,0,4,46,62,0,0,0,0,0,0,0,0,8,0,0,0,0,0,0,0,0,kk7nc Text Classification,0,0,0,0,0
kk7nc Text Classification,code/Hierarchical_Attention_Networks/textClassifierRNN.py,kk7nc Text Classification::code/Hierarchical_Attention_Networks/textClassifierRNN.py,"['Kamran Kowsari', 'cclauss']","['Kamran Kowsari', 'cclauss']",[],[],2,0,0,1.0,0.0,0.0,180.0,1.3333333333333333,2.0,False,radon,0,0,4,0,6,33,0,47,4,0,0,0,0,0,0,0,0,0,0,code/Hierarchical_Attention_Networks/textClassifierRNN.py,0,2,0,0,0,0,0,4,46,62,0,0,0,0,0,0,0,0,8,0,0,0,0,0,0,0,0,kk7nc Text Classification,0,0,0,0,0
kk7nc Text Classification,code/RCNN.py,kk7nc Text Classification::code/RCNN.py,['Kamran Kowsari'],['Kamran Kowsari'],[],[],1,0,0,1.0,0.0,0.0,121.0,3.5,4.0,False,radon,0,0,2,0,6,18,0,28,2,0,0,0,0,0,0,0,0,0,0,code/RCNN.py,0,2,0,0,0,0,0,4,40,60,0,0,0,0,0,0,0,0,8,0,0,0,0,0,0,0,0,kk7nc Text Classification,0,0,0,0,0
kk7nc Text Classification,code/RNN.py,kk7nc Text Classification::code/RNN.py,['Kamran Kowsari'],['Kamran Kowsari'],[],[],1,0,0,1.0,0.0,0.0,116.0,4.0,5.0,False,radon,0,0,0,0,2,0,0,2,0,0,0,0,0,0,0,0,0,0,0,code/RNN.py,0,1,0,0,0,0,0,2,11,18,0,0,0,0,0,0,0,0,3,0,0,0,0,0,0,0,0,kk7nc Text Classification,0,0,0,0,0
linbo0518 BLSeg,blseg/backbone/base.py,linbo0518 BLSeg::blseg/backbone/base.py,['linbo0518'],[],['linbo0518'],[],0,1,0,0.0,1.0,0.0,68.0,3.625,10.0,False,radon,0,0,8,27,0,158,0,193,0,0,0,0,3,0,0,0,5,0,4,blseg/backbone/base.py,0,4,0,0,0,0,0,21,207,734,0,0,0,0,0,0,0,0,0,0,0,0,0,0,2,0,0,linbo0518 BLSeg,0,35,0,35,B101B101B101B101B101B101B101
linbo0518 BLSeg,blseg/backbone/mobilenet.py,linbo0518 BLSeg::blseg/backbone/mobilenet.py,['linbo0518'],[],['linbo0518'],[],0,1,0,0.0,1.0,0.0,134.0,2.0,3.0,False,radon,0,0,21,31,0,207,0,259,0,0,0,0,3,0,0,0,5,0,6,blseg/backbone/mobilenet.py,0,6,0,0,0,0,0,29,282,1163,0,0,0,0,0,0,0,0,0,0,0,0,0,0,3,0,0,linbo0518 BLSeg,0,25,0,25,B101B101B101B101B101
linbo0518 BLSeg,blseg/backbone/resnet.py,linbo0518 BLSeg::blseg/backbone/resnet.py,['linbo0518'],[],['linbo0518'],[],0,1,0,0.0,1.0,0.0,202.0,2.7333333333333334,5.0,False,radon,0,0,25,45,0,276,0,346,0,0,0,0,3,0,0,0,4,0,9,blseg/backbone/resnet.py,0,6,0,0,0,0,0,34,322,1329,0,0,0,0,0,0,0,0,0,0,0,0,0,0,3,0,0,linbo0518 BLSeg,0,34,0,34,B101B101B101B101B101B101
linbo0518 BLSeg,blseg/backbone/utils.py,linbo0518 BLSeg::blseg/backbone/utils.py,['linbo0518'],[],['linbo0518'],[],0,1,0,0.0,1.0,0.0,48.0,2.5,4.0,False,radon,0,0,6,22,0,91,0,119,0,0,0,0,0,0,0,0,2,0,5,blseg/backbone/utils.py,0,4,0,0,0,0,0,14,135,445,0,0,0,0,0,0,0,0,0,0,0,0,0,0,2,0,0,linbo0518 BLSeg,0,12,0,12,B101B101
linbo0518 BLSeg,blseg/backbone/vgg.py,linbo0518 BLSeg::blseg/backbone/vgg.py,['linbo0518'],[],['linbo0518'],[],0,1,0,0.0,1.0,0.0,76.0,1.4444444444444444,3.0,False,radon,1,1,16,14,0,144,0,174,0,0,0,0,3,0,0,0,4,0,4,blseg/backbone/vgg.py,0,4,0,0,0,0,0,20,208,910,0,0,0,0,0,0,0,0,0,0,0,0,0,0,2,0,0,linbo0518 BLSeg,0,12,0,12,B101B101B101
linbo0518 BLSeg,blseg/backbone/xception.py,linbo0518 BLSeg::blseg/backbone/xception.py,['linbo0518'],[],['linbo0518'],[],0,1,0,0.0,1.0,0.0,147.0,3.142857142857143,7.0,False,radon,0,0,16,15,0,107,0,138,0,0,0,0,3,0,0,0,2,0,4,blseg/backbone/xception.py,0,4,0,0,0,0,0,16,159,720,0,0,0,0,0,0,0,0,0,0,0,0,0,0,2,0,0,linbo0518 BLSeg,0,10,0,10,B101B101
linbo0518 BLSeg,blseg/loss.py,linbo0518 BLSeg::blseg/loss.py,['linbo0518'],[],['linbo0518'],[],0,1,0,0.0,1.0,0.0,88.0,1.25,2.0,False,radon,0,0,0,9,0,15,0,24,0,0,0,0,0,0,0,0,1,0,2,blseg/loss.py,0,2,0,0,0,0,0,4,43,126,0,0,0,0,0,0,0,0,0,0,0,0,0,0,1,0,0,linbo0518 BLSeg,0,6,0,6,B101
linbo0518 BLSeg,blseg/metric.py,linbo0518 BLSeg::blseg/metric.py,['linbo0518'],[],['linbo0518'],[],0,1,0,0.0,1.0,0.0,94.0,1.7333333333333334,3.0,False,radon,0,0,0,7,0,18,0,25,0,0,0,0,0,0,0,0,1,0,2,blseg/metric.py,0,2,0,0,0,0,0,4,43,126,0,0,0,0,0,0,0,0,0,0,0,0,0,0,1,0,0,linbo0518 BLSeg,0,6,0,6,B101
linbo0518 BLSeg,blseg/model/base.py,linbo0518 BLSeg::blseg/model/base.py,['linbo0518'],[],['linbo0518'],[],0,1,0,0.0,1.0,0.0,119.0,4.166666666666667,11.0,False,radon,2,1,30,76,0,559,0,665,0,0,0,0,0,0,0,0,15,0,12,blseg/model/base.py,0,6,0,0,0,0,0,64,608,2170,0,0,0,0,0,0,0,0,0,0,0,0,0,0,3,0,0,linbo0518 BLSeg,0,100,0,100,B101B101B101B101B101B101B101B101B101B101B101B101B101B101B101B101B101B101B101
linbo0518 BLSeg,blseg/model/deeplab.py,linbo0518 BLSeg::blseg/model/deeplab.py,['linbo0518'],[],['linbo0518'],[],0,1,0,0.0,1.0,0.0,112.0,1.4285714285714286,2.0,False,radon,0,0,0,14,0,36,0,50,0,0,0,0,0,0,0,0,2,0,4,blseg/model/deeplab.py,0,4,0,0,0,0,0,8,87,266,0,0,0,0,0,0,0,0,0,0,0,0,0,0,2,0,0,linbo0518 BLSeg,0,0,0,0,0
linbo0518 BLSeg,blseg/model/fcn.py,linbo0518 BLSeg::blseg/model/fcn.py,['linbo0518'],[],['linbo0518'],[],0,1,0,0.0,1.0,0.0,81.0,1.5,2.0,False,radon,0,0,0,14,0,36,0,50,0,0,0,0,0,0,0,0,2,0,4,blseg/model/fcn.py,0,4,0,0,0,0,0,8,87,266,0,0,0,0,0,0,0,0,0,0,0,0,0,0,2,0,0,linbo0518 BLSeg,0,0,0,0,0
linbo0518 BLSeg,blseg/model/gcn.py,linbo0518 BLSeg::blseg/model/gcn.py,['linbo0518'],[],['linbo0518'],[],0,1,0,0.0,1.0,0.0,128.0,1.3846153846153846,2.0,False,radon,0,0,0,14,0,36,0,50,0,0,0,0,0,0,0,0,2,0,4,blseg/model/gcn.py,0,4,0,0,0,0,0,8,87,266,0,0,0,0,0,0,0,0,0,0,0,0,0,0,2,0,0,linbo0518 BLSeg,0,0,0,0,0
linbo0518 BLSeg,blseg/model/pspnet.py,linbo0518 BLSeg::blseg/model/pspnet.py,['linbo0518'],[],['linbo0518'],[],0,1,0,0.0,1.0,0.0,102.0,1.4285714285714286,2.0,False,radon,0,0,0,14,0,36,0,50,0,0,0,0,0,0,0,0,2,0,4,blseg/model/pspnet.py,0,4,0,0,0,0,0,8,87,266,0,0,0,0,0,0,0,0,0,0,0,0,0,0,2,0,0,linbo0518 BLSeg,0,0,0,0,0
linbo0518 BLSeg,blseg/model/unet.py,linbo0518 BLSeg::blseg/model/unet.py,['linbo0518'],[],['linbo0518'],[],0,1,0,0.0,1.0,0.0,175.0,1.434782608695652,3.0,False,radon,0,0,0,14,0,36,0,50,0,0,0,0,0,0,0,0,2,0,4,blseg/model/unet.py,0,4,0,0,0,0,0,8,87,266,0,0,0,0,0,0,0,0,0,0,0,0,0,0,2,0,0,linbo0518 BLSeg,0,0,0,0,0
linbo0518 CVBenchmarks,code/mx_benchmark.py,linbo0518 CVBenchmarks::code/mx_benchmark.py,['linbo0518'],['linbo0518'],[],[],1,0,0,1.0,0.0,0.0,79.0,1.0,1.0,False,radon,0,0,0,0,0,0,0,6,6,0,0,0,0,0,0,0,1,0,0,code/mx_benchmark.py,0,0,0,0,0,0,0,0,6,0,0,0,0,0,0,0,0,0,0,0,0,0,0,0,0,0,0,linbo0518 CVBenchmarks,0,0,0,0,0
linbo0518 CVBenchmarks,code/tvm_benchmark.py,linbo0518 CVBenchmarks::code/tvm_benchmark.py,['linbo0518'],['linbo0518'],[],[],1,0,0,1.0,0.0,0.0,99.0,1.0,1.0,False,radon,0,0,0,0,0,0,0,6,6,0,0,0,0,0,0,0,1,0,0,code/tvm_benchmark.py,0,0,0,0,0,0,0,0,6,0,0,0,0,0,0,0,0,0,0,0,0,0,0,0,0,0,0,linbo0518 CVBenchmarks,0,0,0,0,0
liuxinhai Point2Sequence,modelnet_dataset.py,liuxinhai Point2Sequence::modelnet_dataset.py,['liuxinhai'],[],[],['liuxinhai'],0,0,1,0.0,0.0,1.0,148.0,3.090909090909091,13.0,False,radon,0,0,0,0,1,1,0,3,1,0,0,0,0,0,0,0,0,0,0,modelnet_dataset.py,0,0,0,0,0,0,0,1,1,7,0,0,0,0,0,0,0,0,0,0,0,0,0,0,0,0,0,liuxinhai Point2Sequence,0,0,0,0,0
liuxinhai Point2Sequence,modelnet_h5_dataset.py,liuxinhai Point2Sequence::modelnet_h5_dataset.py,['liuxinhai'],[],[],['liuxinhai'],0,0,1,0.0,0.0,1.0,127.0,1.5714285714285714,4.0,False,radon,0,0,0,0,2,1,0,4,1,0,0,0,0,0,0,0,0,0,0,modelnet_h5_dataset.py,0,0,0,0,0,0,0,1,3,11,0,0,0,0,0,0,0,0,0,0,0,0,0,0,0,0,0,liuxinhai Point2Sequence,0,0,0,0,0
liuxinhai Point2Sequence,models/point2sequence_cls.py,liuxinhai Point2Sequence::models/point2sequence_cls.py,"['Xinhai Liu', 'liuxinhai']",['Xinhai Liu'],[],['liuxinhai'],1,0,1,0.5,0.0,0.5,58.0,1.0,1.0,False,radon,0,0,0,0,8,2,0,14,4,0,0,0,0,0,0,0,2,0,0,models/point2sequence_cls.py,0,0,0,0,0,0,0,2,10,22,0,0,0,0,0,0,0,0,0,0,0,0,0,0,0,0,0,liuxinhai Point2Sequence,0,0,0,0,0
liuxinhai Point2Sequence,models/point2sequence_part_seg.py,liuxinhai Point2Sequence::models/point2sequence_part_seg.py,['liuxinhai'],[],[],['liuxinhai'],0,0,1,0.0,0.0,1.0,57.0,1.0,1.0,False,radon,0,0,0,0,6,1,0,9,2,0,0,0,0,0,0,0,2,0,0,models/point2sequence_part_seg.py,0,0,0,0,0,0,0,1,10,11,0,0,0,0,0,0,0,0,0,0,0,0,0,0,0,0,0,liuxinhai Point2Sequence,0,0,0,0,0
liuxinhai Point2Sequence,part_seg/part_dataset.py,liuxinhai Point2Sequence::part_seg/part_dataset.py,['liuxinhai'],[],[],['liuxinhai'],0,0,1,0.0,0.0,1.0,132.0,8.75,28.0,True,lizard,0,0,0,0,6,1,0,9,2,0,0,0,0,0,0,0,2,0,0,part_seg/part_dataset.py,0,0,0,0,0,0,0,1,10,11,0,0,0,0,0,0,0,0,0,0,0,0,0,0,0,0,0,liuxinhai Point2Sequence,0,0,0,0,0
liuxinhai Point2Sequence,part_seg/part_dataset_all_normal.py,liuxinhai Point2Sequence::part_seg/part_dataset_all_normal.py,['liuxinhai'],[],[],['liuxinhai'],0,0,1,0.0,0.0,1.0,139.0,8.0,24.0,True,lizard,0,0,0,0,6,1,0,9,2,0,0,0,0,0,0,0,2,0,0,part_seg/part_dataset_all_normal.py,0,0,0,0,0,0,0,1,10,11,0,0,0,0,0,0,0,0,0,0,0,0,0,0,0,0,0,liuxinhai Point2Sequence,0,0,0,0,0
liuxinhai Point2Sequence,part_seg/train.py,liuxinhai Point2Sequence::part_seg/train.py,['liuxinhai'],[],[],['liuxinhai'],0,0,1,0.0,0.0,1.0,325.0,4.714285714285714,20.0,True,lizard,0,0,0,0,6,1,0,9,2,0,0,0,0,0,0,0,2,0,0,part_seg/train.py,0,0,0,0,0,0,0,1,10,11,0,0,0,0,0,0,0,0,0,0,0,0,0,0,0,0,0,liuxinhai Point2Sequence,0,0,0,0,0
liuxinhai Point2Sequence,tf_ops/3d_interpolation/tf_interpolate.py,liuxinhai Point2Sequence::tf_ops/3d_interpolation/tf_interpolate.py,['liuxinhai'],[],[],['liuxinhai'],0,0,1,0.0,0.0,1.0,60.0,1.0,1.0,True,lizard,0,0,0,0,4,1,0,7,2,0,0,0,0,0,0,0,1,0,0,tf_ops/3d_interpolation/tf_interpolate.py,0,0,0,0,0,0,0,1,5,11,0,0,0,0,0,0,0,0,0,0,0,0,0,0,0,0,0,liuxinhai Point2Sequence,0,0,0,0,0
liuxinhai Point2Sequence,tf_ops/3d_interpolation/tf_interpolate_op_test.py,liuxinhai Point2Sequence::tf_ops/3d_interpolation/tf_interpolate_op_test.py,['liuxinhai'],[],[],['liuxinhai'],0,0,1,0.0,0.0,1.0,25.0,1.0,1.0,True,lizard,0,0,0,0,4,1,0,7,2,0,0,0,0,0,0,0,1,0,0,tf_ops/3d_interpolation/tf_interpolate_op_test.py,0,0,0,0,0,0,0,1,5,11,0,0,0,0,0,0,0,0,0,0,0,0,0,0,0,0,0,liuxinhai Point2Sequence,0,0,0,0,0
liuxinhai Point2Sequence,tf_ops/3d_interpolation/visu_interpolation.py,liuxinhai Point2Sequence::tf_ops/3d_interpolation/visu_interpolation.py,['liuxinhai'],[],[],['liuxinhai'],0,0,1,0.0,0.0,1.0,45.0,1.0,1.0,True,lizard,0,0,0,0,4,1,0,7,2,0,0,0,0,0,0,0,1,0,0,tf_ops/3d_interpolation/visu_interpolation.py,0,0,0,0,0,0,0,1,5,11,0,0,0,0,0,0,0,0,0,0,0,0,0,0,0,0,0,liuxinhai Point2Sequence,0,0,0,0,0
liuxinhai Point2Sequence,tf_ops/grouping/tf_grouping.py,liuxinhai Point2Sequence::tf_ops/grouping/tf_grouping.py,['liuxinhai'],[],[],['liuxinhai'],0,0,1,0.0,0.0,1.0,174.0,1.125,2.0,True,lizard,0,0,0,0,4,1,0,7,2,0,0,0,0,0,0,0,1,0,0,tf_ops/grouping/tf_grouping.py,0,0,0,0,0,0,0,1,5,11,0,0,0,0,0,0,0,0,0,0,0,0,0,0,0,0,0,liuxinhai Point2Sequence,0,0,0,0,0
liuxinhai Point2Sequence,tf_ops/grouping/tf_grouping_op_test.py,liuxinhai Point2Sequence::tf_ops/grouping/tf_grouping_op_test.py,['liuxinhai'],[],[],['liuxinhai'],0,0,1,0.0,0.0,1.0,29.0,1.0,1.0,True,lizard,0,0,0,0,4,1,0,7,2,0,0,0,0,0,0,0,1,0,0,tf_ops/grouping/tf_grouping_op_test.py,0,0,0,0,0,0,0,1,5,11,0,0,0,0,0,0,0,0,0,0,0,0,0,0,0,0,0,liuxinhai Point2Sequence,0,0,0,0,0
liuxinhai Point2Sequence,tf_ops/sampling/tf_sampling.py,liuxinhai Point2Sequence::tf_ops/sampling/tf_sampling.py,['liuxinhai'],[],[],['liuxinhai'],0,0,1,0.0,0.0,1.0,92.0,1.0,1.0,True,lizard,0,0,0,0,4,1,0,7,2,0,0,0,0,0,0,0,1,0,0,tf_ops/sampling/tf_sampling.py,0,0,0,0,0,0,0,1,5,11,0,0,0,0,0,0,0,0,0,0,0,0,0,0,0,0,0,liuxinhai Point2Sequence,0,0,0,0,0
liuxinhai Point2Sequence,train.py,liuxinhai Point2Sequence::train.py,"['Xinhai Liu', 'liuxinhai']",['Xinhai Liu'],[],['liuxinhai'],1,0,1,0.5,0.0,0.5,295.0,3.4285714285714284,10.0,True,lizard,0,0,0,0,16,6,0,33,11,0,0,0,0,0,0,0,3,0,0,train.py,0,2,0,3,0,0,0,14,69,73,0,1,0,0,0,0,0,0,0,0,13,0,0,0,0,0,0,liuxinhai Point2Sequence,0,0,0,0,0
liuxinhai Point2Sequence,utils/pointnet_util.py,liuxinhai Point2Sequence::utils/pointnet_util.py,['liuxinhai'],[],[],['liuxinhai'],0,0,1,0.0,0.0,1.0,251.0,6.4,14.0,False,radon,0,0,0,0,14,5,0,29,10,0,0,0,0,0,0,0,3,0,0,utils/pointnet_util.py,0,2,0,3,0,0,0,13,66,62,0,1,0,0,0,0,0,0,0,0,13,0,0,0,0,0,0,liuxinhai Point2Sequence,0,0,0,0,0
liuxinhai Point2Sequence,utils/provider.py,liuxinhai Point2Sequence::utils/provider.py,['liuxinhai'],[],[],['liuxinhai'],0,0,1,0.0,0.0,1.0,228.0,1.8,3.0,False,radon,0,0,0,0,14,5,0,29,10,0,0,0,0,0,0,0,3,0,0,utils/provider.py,0,2,0,3,0,0,0,13,66,62,0,1,0,0,0,0,0,0,0,0,13,0,0,0,0,0,0,liuxinhai Point2Sequence,0,0,0,0,0
liuxinhai Point2Sequence,utils/tf_util.py,liuxinhai Point2Sequence::utils/tf_util.py,['liuxinhai'],[],[],['liuxinhai'],0,0,1,0.0,0.0,1.0,620.0,2.411764705882353,6.0,False,radon,0,0,0,0,14,5,0,29,10,0,0,0,0,0,0,0,3,0,0,utils/tf_util.py,0,2,0,3,0,0,0,13,66,62,0,1,0,0,0,0,0,0,0,0,13,0,0,0,0,0,0,liuxinhai Point2Sequence,0,0,0,0,0
liuziwei7 voxel flow,dataset.py,liuziwei7 voxel flow::dataset.py,['Ziwei Liu'],['Ziwei Liu'],[],[],1,0,0,1.0,0.0,0.0,31.0,2.0,3.0,False,radon,0,0,0,2,8,6,0,22,6,0,0,0,0,0,0,0,3,0,0,dataset.py,0,0,0,0,0,0,1,1,5,18,0,8,0,0,0,0,0,0,0,0,0,0,0,0,0,0,0,liuziwei7 voxel flow,0,0,0,0,0
liuziwei7 voxel flow,utils/geo_layer_utils.py,liuziwei7 voxel flow::utils/geo_layer_utils.py,['Ziwei Liu'],['Ziwei Liu'],[],[],1,0,0,1.0,0.0,0.0,128.0,1.3333333333333333,2.0,False,radon,0,0,0,2,8,6,0,22,6,0,0,0,0,0,0,0,3,0,0,utils/geo_layer_utils.py,0,0,0,0,0,0,1,1,5,18,0,8,0,0,0,0,0,0,0,0,0,0,0,0,0,0,0,liuziwei7 voxel flow,0,0,0,0,0
liuziwei7 voxel flow,utils/image_utils.py,liuziwei7 voxel flow::utils/image_utils.py,['Ziwei Liu'],['Ziwei Liu'],[],[],1,0,0,1.0,0.0,0.0,64.0,1.0,1.0,False,radon,0,0,0,2,8,6,0,22,6,0,0,0,0,0,0,0,3,0,0,utils/image_utils.py,0,0,0,0,0,0,1,1,5,18,0,8,0,0,0,0,0,0,0,0,0,0,0,0,0,0,0,liuziwei7 voxel flow,0,0,0,0,0
liuziwei7 voxel flow,utils/loss_utils.py,liuziwei7 voxel flow::utils/loss_utils.py,['Ziwei Liu'],['Ziwei Liu'],[],[],1,0,0,1.0,0.0,0.0,54.0,1.0,1.0,False,radon,0,0,0,2,8,6,0,22,6,0,0,0,0,0,0,0,3,0,0,utils/loss_utils.py,0,0,0,0,0,0,1,1,5,18,0,8,0,0,0,0,0,0,0,0,0,0,0,0,0,0,0,liuziwei7 voxel flow,0,0,0,0,0
liuziwei7 voxel flow,utils/prefetch_queue_shuffle.py,liuziwei7 voxel flow::utils/prefetch_queue_shuffle.py,['Ziwei Liu'],['Ziwei Liu'],[],[],1,0,0,1.0,0.0,0.0,117.0,2.5,6.0,False,radon,0,0,0,2,8,6,0,22,6,0,0,0,0,0,0,0,3,0,0,utils/prefetch_queue_shuffle.py,0,0,0,0,0,0,1,1,5,18,0,8,0,0,0,0,0,0,0,0,0,0,0,0,0,0,0,liuziwei7 voxel flow,0,0,0,0,0
liuziwei7 voxel flow,utils/vis_utils.py,liuziwei7 voxel flow::utils/vis_utils.py,['Ziwei Liu'],['Ziwei Liu'],[],[],1,0,0,1.0,0.0,0.0,101.0,3.5,6.0,True,lizard,0,0,0,2,8,6,0,22,6,0,0,0,0,0,0,0,3,0,0,utils/vis_utils.py,0,0,0,0,0,0,1,1,5,18,0,8,0,0,0,0,0,0,0,0,0,0,0,0,0,0,0,liuziwei7 voxel flow,0,0,0,0,0
liuziwei7 voxel flow,voxel_flow_model.py,liuziwei7 voxel flow::voxel_flow_model.py,['Ziwei Liu'],['Ziwei Liu'],[],[],1,0,0,1.0,0.0,0.0,91.0,1.2,2.0,False,radon,0,0,0,2,8,6,0,22,6,0,0,0,0,0,0,0,3,0,0,voxel_flow_model.py,0,0,0,0,0,0,1,1,5,18,0,8,0,0,0,0,0,0,0,0,0,0,0,0,0,0,0,liuziwei7 voxel flow,0,0,0,0,0
liuziwei7 voxel flow,voxel_flow_train.py,liuziwei7 voxel flow::voxel_flow_train.py,['Ziwei Liu'],['Ziwei Liu'],[],[],1,0,0,1.0,0.0,0.0,283.0,6.0,11.0,True,lizard,0,0,0,2,8,6,0,22,6,0,0,0,0,0,0,0,3,0,0,voxel_flow_train.py,0,0,0,0,0,0,1,1,5,18,0,8,0,0,0,0,0,0,0,0,0,0,0,0,0,0,0,liuziwei7 voxel flow,0,0,0,0,0
lvapeab ABiViRNet,abivirnet/__init__.py,lvapeab ABiViRNet::abivirnet/__init__.py,['lvapeab'],[],[],['lvapeab'],0,0,1,0.0,0.0,1.0,27.0,8.0,8.0,False,radon,0,0,6,1,1,8,0,151,135,0,0,0,0,0,0,0,0,0,0,abivirnet/__init__.py,0,7,0,4,0,0,5,1,76,38,0,0,0,0,0,0,0,0,0,0,0,0,0,0,0,0,0,lvapeab ABiViRNet,0,0,0,0,0
lvapeab ABiViRNet,abivirnet/apply_model.py,lvapeab ABiViRNet::abivirnet/apply_model.py,['lvapeab'],[],[],['lvapeab'],0,0,1,0.0,0.0,1.0,99.0,6.0,6.0,True,lizard,0,0,6,1,1,8,0,151,135,0,0,0,0,0,0,0,0,0,0,abivirnet/apply_model.py,0,7,0,4,0,0,5,1,76,38,0,0,0,0,0,0,0,0,0,0,0,0,0,0,0,0,0,lvapeab ABiViRNet,0,0,0,0,0
lvapeab ABiViRNet,abivirnet/build_callbacks.py,lvapeab ABiViRNet::abivirnet/build_callbacks.py,['lvapeab'],[],[],['lvapeab'],0,0,1,0.0,0.0,1.0,101.0,7.0,7.0,False,radon,0,0,6,1,1,8,0,151,135,0,0,0,0,0,0,0,0,0,0,abivirnet/build_callbacks.py,0,7,0,4,0,0,5,1,76,38,0,0,0,0,0,0,0,0,0,0,0,0,0,0,0,0,0,lvapeab ABiViRNet,0,0,0,0,0
lvapeab ABiViRNet,abivirnet/model_zoo.py,lvapeab ABiViRNet::abivirnet/model_zoo.py,['lvapeab'],[],[],['lvapeab'],0,0,1,0.0,0.0,1.0,835.0,20.5,48.0,False,radon,0,0,6,1,1,8,0,151,135,0,0,0,0,0,0,0,0,0,0,abivirnet/model_zoo.py,0,7,0,4,0,0,5,1,76,38,0,0,0,0,0,0,0,0,0,0,0,0,0,0,0,0,0,lvapeab ABiViRNet,0,0,0,0,0
lvapeab ABiViRNet,abivirnet/training.py,lvapeab ABiViRNet::abivirnet/training.py,['lvapeab'],[],[],['lvapeab'],0,0,1,0.0,0.0,1.0,91.0,7.0,7.0,False,radon,0,0,6,1,1,8,0,151,135,0,0,0,0,0,0,0,0,0,0,abivirnet/training.py,0,7,0,4,0,0,5,1,76,38,0,0,0,0,0,0,0,0,0,0,0,0,0,0,0,0,0,lvapeab ABiViRNet,0,0,0,0,0
lvapeab ABiViRNet,config.py,lvapeab ABiViRNet::config.py,"['Alvaro', 'MarcBS', 'lvapeab']","['Alvaro', 'MarcBS']",[],['lvapeab'],2,0,1,0.6666666666666666,0.0,0.3333333333333333,290.0,3.0,3.0,False,radon,0,0,24,25,98,21,0,945,777,0,0,0,0,0,0,0,5,0,0,config.py,0,24,0,14,0,0,26,20,194,244,0,0,0,0,0,0,0,0,0,0,0,0,0,0,0,0,0,lvapeab ABiViRNet,0,0,0,0,0
lvapeab ABiViRNet,data_engine/generate_descriptions_lists.py,lvapeab ABiViRNet::data_engine/generate_descriptions_lists.py,"['Alvaro', 'lvapeab']",['Alvaro'],[],['lvapeab'],1,0,1,0.5,0.0,0.5,84.0,15.0,15.0,True,lizard,0,0,0,4,6,0,0,248,238,0,0,0,0,0,0,0,0,0,0,data_engine/generate_descriptions_lists.py,0,3,0,2,0,0,6,0,18,62,0,0,0,0,0,0,0,0,0,0,0,0,0,0,0,0,0,lvapeab ABiViRNet,0,0,0,0,0
lvapeab ABiViRNet,data_engine/prepare_data.py,lvapeab ABiViRNet::data_engine/prepare_data.py,"['Alvaro', 'MarcBS', 'lvapeab']","['Alvaro', 'MarcBS']",[],['lvapeab'],2,0,1,0.6666666666666666,0.0,0.3333333333333333,166.0,9.5,13.0,False,radon,0,0,6,6,45,4,0,522,461,0,0,0,0,0,0,0,2,0,0,data_engine/prepare_data.py,0,8,0,7,0,0,12,5,113,129,0,0,0,0,0,0,0,0,0,0,0,0,0,0,0,0,0,lvapeab ABiViRNet,0,0,0,0,0
lvapeab ABiViRNet,main.py,lvapeab ABiViRNet::main.py,"['Alvaro', 'MarcBS', 'lvapeab']","['Alvaro', 'MarcBS']",[],['lvapeab'],2,0,1,0.6666666666666666,0.0,0.3333333333333333,48.0,1.0,1.0,False,radon,0,0,24,23,88,23,0,1246,1088,0,0,0,0,0,0,0,4,0,0,main.py,0,29,0,19,0,0,33,16,263,314,0,0,0,0,0,0,0,0,0,0,0,0,0,0,0,0,0,lvapeab ABiViRNet,0,0,0,0,0
lvapeab ABiViRNet,utils/common.py,lvapeab ABiViRNet::utils/common.py,"['MarcBS', 'lvapeab']",['MarcBS'],[],['lvapeab'],1,0,1,0.5,0.0,0.5,221.0,2.7142857142857144,5.0,True,lizard,0,0,12,12,34,11,0,223,154,0,0,0,0,0,0,0,2,0,0,utils/common.py,0,10,0,4,0,0,8,10,51,61,0,0,0,0,0,0,0,0,0,0,0,0,0,0,0,0,0,lvapeab ABiViRNet,0,0,0,0,0
lvapeab ABiViRNet,utils/evaluate_from_file.py,lvapeab ABiViRNet::utils/evaluate_from_file.py,['MarcBS'],['MarcBS'],[],[],1,0,0,1.0,0.0,0.0,103.0,3.3333333333333335,5.0,True,lizard,0,0,6,6,17,6,0,113,78,0,0,0,0,0,0,0,1,0,0,utils/evaluate_from_file.py,0,5,0,2,0,0,4,5,25,32,0,0,0,0,0,0,0,0,0,0,0,0,0,0,0,0,0,lvapeab ABiViRNet,0,0,0,0,0
lvapeab ABiViRNet,utils/prepare_features.py,lvapeab ABiViRNet::utils/prepare_features.py,"['MarcBS', 'lvapeab']",['MarcBS'],[],['lvapeab'],1,0,1,0.5,0.0,0.5,63.0,5.0,5.0,True,lizard,0,0,12,12,34,11,0,223,154,0,0,0,0,0,0,0,2,0,0,utils/prepare_features.py,0,10,0,4,0,0,8,10,51,61,0,0,0,0,0,0,0,0,0,0,0,0,0,0,0,0,0,lvapeab ABiViRNet,0,0,0,0,0
lvapeab ABiViRNet,utils/pretrain_word_vectors.py,lvapeab ABiViRNet::utils/pretrain_word_vectors.py,['MarcBS'],['MarcBS'],[],[],1,0,0,1.0,0.0,0.0,35.0,4.0,4.0,True,lizard,0,0,6,6,17,6,0,113,78,0,0,0,0,0,0,0,1,0,0,utils/pretrain_word_vectors.py,0,5,0,2,0,0,4,5,25,32,0,0,0,0,0,0,0,0,0,0,0,0,0,0,0,0,0,lvapeab ABiViRNet,0,0,0,0,0
lvapeab ABiViRNet,utils/split_features.py,lvapeab ABiViRNet::utils/split_features.py,['MarcBS'],['MarcBS'],[],[],1,0,0,1.0,0.0,0.0,35.0,2.5,4.0,True,lizard,0,0,6,6,17,6,0,113,78,0,0,0,0,0,0,0,1,0,0,utils/split_features.py,0,5,0,2,0,0,4,5,25,32,0,0,0,0,0,0,0,0,0,0,0,0,0,0,0,0,0,lvapeab ABiViRNet,0,0,0,0,0
lvapeab ABiViRNet,utils/vqaClassNormalizedEval.py,lvapeab ABiViRNet::utils/vqaClassNormalizedEval.py,['MarcBS'],['MarcBS'],[],[],1,0,0,1.0,0.0,0.0,121.0,10.0,20.0,True,lizard,0,0,6,6,17,6,0,113,78,0,0,0,0,0,0,0,1,0,0,utils/vqaClassNormalizedEval.py,0,5,0,2,0,0,4,5,25,32,0,0,0,0,0,0,0,0,0,0,0,0,0,0,0,0,0,lvapeab ABiViRNet,0,0,0,0,0
lvapeab ABiViRNet,utils/vqaEval.py,lvapeab ABiViRNet::utils/vqaEval.py,['MarcBS'],['MarcBS'],[],[],1,0,0,1.0,0.0,0.0,186.0,4.444444444444445,16.0,True,lizard,0,0,6,6,17,6,0,113,78,0,0,0,0,0,0,0,1,0,0,utils/vqaEval.py,0,5,0,2,0,0,4,5,25,32,0,0,0,0,0,0,0,0,0,0,0,0,0,0,0,0,0,lvapeab ABiViRNet,0,0,0,0,0
mks0601 PoseFix RELEASE,data/COCO/dataset.py,mks0601 PoseFix RELEASE::data/COCO/dataset.py,['mks0601'],[],[],['mks0601'],0,0,1,0.0,0.0,1.0,228.0,5.666666666666667,12.0,False,radon,0,0,5,0,18,8,0,40,9,0,1,0,2,2,0,1,5,0,0,data/COCO/dataset.py,5,16,0,1,0,0,4,11,78,256,0,0,0,0,0,0,0,0,2,0,1,0,0,0,0,0,0,mks0601 PoseFix RELEASE,0,0,0,0,0
mks0601 PoseFix RELEASE,data/MPII/dataset.py,mks0601 PoseFix RELEASE::data/MPII/dataset.py,['mks0601'],[],[],['mks0601'],0,0,1,0.0,0.0,1.0,179.0,5.375,13.0,False,radon,0,0,5,0,18,8,0,40,9,0,1,0,2,2,0,1,5,0,0,data/MPII/dataset.py,5,16,0,1,0,0,4,11,78,256,0,0,0,0,0,0,0,0,2,0,1,0,0,0,0,0,0,mks0601 PoseFix RELEASE,0,0,0,0,0
mks0601 PoseFix RELEASE,data/PoseTrack/dataset.py,mks0601 PoseFix RELEASE::data/PoseTrack/dataset.py,['mks0601'],[],[],['mks0601'],0,0,1,0.0,0.0,1.0,241.0,6.222222222222222,13.0,False,radon,0,0,5,0,18,8,0,40,9,0,1,0,2,2,0,1,5,0,0,data/PoseTrack/dataset.py,5,16,0,1,0,0,4,11,78,256,0,0,0,0,0,0,0,0,2,0,1,0,0,0,0,0,0,mks0601 PoseFix RELEASE,0,0,0,0,0
mks0601 PoseFix RELEASE,lib/nets/basemodel.py,mks0601 PoseFix RELEASE::lib/nets/basemodel.py,['mks0601'],[],[],['mks0601'],0,0,1,0.0,0.0,1.0,177.0,1.0,1.0,False,radon,0,0,5,0,18,8,0,40,9,0,1,0,2,2,0,1,5,0,0,lib/nets/basemodel.py,5,16,0,1,0,0,4,11,78,256,0,0,0,0,0,0,0,0,2,0,1,0,0,0,0,0,0,mks0601 PoseFix RELEASE,0,0,0,0,0
mks0601 PoseFix RELEASE,lib/nets/resnet_utils.py,mks0601 PoseFix RELEASE::lib/nets/resnet_utils.py,['mks0601'],[],[],['mks0601'],0,0,1,0.0,0.0,1.0,289.0,3.0,9.0,False,radon,0,0,5,0,18,8,0,40,9,0,1,0,2,2,0,1,5,0,0,lib/nets/resnet_utils.py,5,16,0,1,0,0,4,11,78,256,0,0,0,0,0,0,0,0,2,0,1,0,0,0,0,0,0,mks0601 PoseFix RELEASE,0,0,0,0,0
mks0601 PoseFix RELEASE,lib/nets/resnet_v1.py,mks0601 PoseFix RELEASE::lib/nets/resnet_v1.py,['mks0601'],[],[],['mks0601'],0,0,1,0.0,0.0,1.0,331.0,2.1666666666666665,7.0,False,radon,0,0,5,0,18,8,0,40,9,0,1,0,2,2,0,1,5,0,0,lib/nets/resnet_v1.py,5,16,0,1,0,0,4,11,78,256,0,0,0,0,0,0,0,0,2,0,1,0,0,0,0,0,0,mks0601 PoseFix RELEASE,0,0,0,0,0
mks0601 PoseFix RELEASE,lib/nms/nms.py,mks0601 PoseFix RELEASE::lib/nms/nms.py,['mks0601'],[],[],['mks0601'],0,0,1,0.0,0.0,1.0,119.0,2.3333333333333335,5.0,False,radon,0,0,5,0,18,8,0,40,9,0,1,0,2,2,0,1,5,0,0,lib/nms/nms.py,5,16,0,1,0,0,4,11,78,256,0,0,0,0,0,0,0,0,2,0,1,0,0,0,0,0,0,mks0601 PoseFix RELEASE,0,0,0,0,0
mks0601 PoseFix RELEASE,lib/nms/setup.py,mks0601 PoseFix RELEASE::lib/nms/setup.py,['mks0601'],[],[],['mks0601'],0,0,1,0.0,0.0,1.0,141.0,2.4,5.0,False,radon,0,0,5,0,18,8,0,40,9,0,1,0,2,2,0,1,5,0,0,lib/nms/setup.py,5,16,0,1,0,0,4,11,78,256,0,0,0,0,0,0,0,0,2,0,1,0,0,0,0,0,0,mks0601 PoseFix RELEASE,0,0,0,0,0
mks0601 PoseFix RELEASE,lib/tfflat/base.py,mks0601 PoseFix RELEASE::lib/tfflat/base.py,"['Gyeongsik Moon', 'mks0601']",['Gyeongsik Moon'],[],['mks0601'],1,0,1,0.5,0.0,0.5,569.0,4.620689655172414,27.0,False,radon,0,1,10,0,36,16,0,80,18,0,2,0,4,4,0,2,10,0,0,lib/tfflat/base.py,10,32,0,2,0,0,8,22,156,512,0,0,0,0,0,0,0,0,4,0,2,0,0,0,0,0,0,mks0601 PoseFix RELEASE,0,0,0,0,0
mks0601 PoseFix RELEASE,lib/tfflat/data_provider.py,mks0601 PoseFix RELEASE::lib/tfflat/data_provider.py,['mks0601'],[],[],['mks0601'],0,0,1,0.0,0.0,1.0,373.0,2.857142857142857,12.0,False,radon,0,0,5,0,18,8,0,40,9,0,1,0,2,2,0,1,5,0,0,lib/tfflat/data_provider.py,5,16,0,1,0,0,4,11,78,256,0,0,0,0,0,0,0,0,2,0,1,0,0,0,0,0,0,mks0601 PoseFix RELEASE,0,0,0,0,0
mks0601 PoseFix RELEASE,lib/tfflat/dpflow.py,mks0601 PoseFix RELEASE::lib/tfflat/dpflow.py,['mks0601'],[],[],['mks0601'],0,0,1,0.0,0.0,1.0,39.0,3.0,4.0,False,radon,0,0,5,0,18,8,0,40,9,0,1,0,2,2,0,1,5,0,0,lib/tfflat/dpflow.py,5,16,0,1,0,0,4,11,78,256,0,0,0,0,0,0,0,0,2,0,1,0,0,0,0,0,0,mks0601 PoseFix RELEASE,0,0,0,0,0
mks0601 PoseFix RELEASE,lib/tfflat/logger.py,mks0601 PoseFix RELEASE::lib/tfflat/logger.py,['mks0601'],[],[],['mks0601'],0,0,1,0.0,0.0,1.0,50.0,1.2857142857142858,2.0,False,radon,0,0,5,0,18,8,0,40,9,0,1,0,2,2,0,1,5,0,0,lib/tfflat/logger.py,5,16,0,1,0,0,4,11,78,256,0,0,0,0,0,0,0,0,2,0,1,0,0,0,0,0,0,mks0601 PoseFix RELEASE,0,0,0,0,0
mks0601 PoseFix RELEASE,lib/tfflat/mp_utils.py,mks0601 PoseFix RELEASE::lib/tfflat/mp_utils.py,['mks0601'],[],[],['mks0601'],0,0,1,0.0,0.0,1.0,120.0,6.285714285714286,18.0,False,radon,0,0,5,0,18,8,0,40,9,0,1,0,2,2,0,1,5,0,0,lib/tfflat/mp_utils.py,5,16,0,1,0,0,4,11,78,256,0,0,0,0,0,0,0,0,2,0,1,0,0,0,0,0,0,mks0601 PoseFix RELEASE,0,0,0,0,0
mks0601 PoseFix RELEASE,lib/tfflat/net_utils.py,mks0601 PoseFix RELEASE::lib/tfflat/net_utils.py,['mks0601'],[],[],['mks0601'],0,0,1,0.0,0.0,1.0,119.0,5.2,7.0,False,radon,0,0,5,0,18,8,0,40,9,0,1,0,2,2,0,1,5,0,0,lib/tfflat/net_utils.py,5,16,0,1,0,0,4,11,78,256,0,0,0,0,0,0,0,0,2,0,1,0,0,0,0,0,0,mks0601 PoseFix RELEASE,0,0,0,0,0
mks0601 PoseFix RELEASE,lib/tfflat/saver.py,mks0601 PoseFix RELEASE::lib/tfflat/saver.py,['mks0601'],[],[],['mks0601'],0,0,1,0.0,0.0,1.0,79.0,3.8,10.0,False,radon,0,0,5,0,18,8,0,40,9,0,1,0,2,2,0,1,5,0,0,lib/tfflat/saver.py,5,16,0,1,0,0,4,11,78,256,0,0,0,0,0,0,0,0,2,0,1,0,0,0,0,0,0,mks0601 PoseFix RELEASE,0,0,0,0,0
mks0601 PoseFix RELEASE,lib/tfflat/serialize.py,mks0601 PoseFix RELEASE::lib/tfflat/serialize.py,['mks0601'],[],[],['mks0601'],0,0,1,0.0,0.0,1.0,79.0,1.0,1.0,False,radon,0,0,5,0,18,8,0,40,9,0,1,0,2,2,0,1,5,0,0,lib/tfflat/serialize.py,5,16,0,1,0,0,4,11,78,256,0,0,0,0,0,0,0,0,2,0,1,0,0,0,0,0,0,mks0601 PoseFix RELEASE,0,0,0,0,0
mks0601 PoseFix RELEASE,lib/tfflat/timer.py,mks0601 PoseFix RELEASE::lib/tfflat/timer.py,['mks0601'],[],[],['mks0601'],0,0,1,0.0,0.0,1.0,39.0,2.0,3.0,False,radon,0,0,5,0,18,8,0,40,9,0,1,0,2,2,0,1,5,0,0,lib/tfflat/timer.py,5,16,0,1,0,0,4,11,78,256,0,0,0,0,0,0,0,0,2,0,1,0,0,0,0,0,0,mks0601 PoseFix RELEASE,0,0,0,0,0
mks0601 PoseFix RELEASE,lib/tfflat/utils.py,mks0601 PoseFix RELEASE::lib/tfflat/utils.py,['mks0601'],[],[],['mks0601'],0,0,1,0.0,0.0,1.0,53.0,1.7142857142857142,3.0,False,radon,0,0,5,0,18,8,0,40,9,0,1,0,2,2,0,1,5,0,0,lib/tfflat/utils.py,5,16,0,1,0,0,4,11,78,256,0,0,0,0,0,0,0,0,2,0,1,0,0,0,0,0,0,mks0601 PoseFix RELEASE,0,0,0,0,0
mks0601 PoseFix RELEASE,lib/utils/blob.py,mks0601 PoseFix RELEASE::lib/utils/blob.py,['mks0601'],[],[],['mks0601'],0,0,1,0.0,0.0,1.0,48.0,2.5,3.0,False,radon,0,0,5,0,18,8,0,40,9,0,1,0,2,2,0,1,5,0,0,lib/utils/blob.py,5,16,0,1,0,0,4,11,78,256,0,0,0,0,0,0,0,0,2,0,1,0,0,0,0,0,0,mks0601 PoseFix RELEASE,0,0,0,0,0
mks0601 PoseFix RELEASE,lib/utils/boxes_grid.py,mks0601 PoseFix RELEASE::lib/utils/boxes_grid.py,['mks0601'],[],[],['mks0601'],0,0,1,0.0,0.0,1.0,74.0,5.0,5.0,False,radon,0,0,5,0,18,8,0,40,9,0,1,0,2,2,0,1,5,0,0,lib/utils/boxes_grid.py,5,16,0,1,0,0,4,11,78,256,0,0,0,0,0,0,0,0,2,0,1,0,0,0,0,0,0,mks0601 PoseFix RELEASE,0,0,0,0,0
mks0601 PoseFix RELEASE,lib/utils/mask.py,mks0601 PoseFix RELEASE::lib/utils/mask.py,['mks0601'],[],[],['mks0601'],0,0,1,0.0,0.0,1.0,41.0,4.0,5.0,False,radon,0,0,5,0,18,8,0,40,9,0,1,0,2,2,0,1,5,0,0,lib/utils/mask.py,5,16,0,1,0,0,4,11,78,256,0,0,0,0,0,0,0,0,2,0,1,0,0,0,0,0,0,mks0601 PoseFix RELEASE,0,0,0,0,0
mks0601 PoseFix RELEASE,lib/utils/timer.py,mks0601 PoseFix RELEASE::lib/utils/timer.py,['mks0601'],[],[],['mks0601'],0,0,1,0.0,0.0,1.0,39.0,2.0,3.0,False,radon,0,0,5,0,18,8,0,40,9,0,1,0,2,2,0,1,5,0,0,lib/utils/timer.py,5,16,0,1,0,0,4,11,78,256,0,0,0,0,0,0,0,0,2,0,1,0,0,0,0,0,0,mks0601 PoseFix RELEASE,0,0,0,0,0
mks0601 PoseFix RELEASE,main/config.py,mks0601 PoseFix RELEASE::main/config.py,['mks0601'],[],[],['mks0601'],0,0,1,0.0,0.0,1.0,105.0,2.0,4.0,False,radon,0,0,5,0,18,8,0,40,9,0,1,0,2,2,0,1,5,0,0,main/config.py,5,16,0,1,0,0,4,11,78,256,0,0,0,0,0,0,0,0,2,0,1,0,0,0,0,0,0,mks0601 PoseFix RELEASE,0,0,0,0,0
mks0601 PoseFix RELEASE,main/gen_batch.py,mks0601 PoseFix RELEASE::main/gen_batch.py,['mks0601'],[],[],['mks0601'],0,0,1,0.0,0.0,1.0,451.0,19.666666666666668,94.0,False,radon,0,0,5,0,18,8,0,40,9,0,1,0,2,2,0,1,5,0,0,main/gen_batch.py,5,16,0,1,0,0,4,11,78,256,0,0,0,0,0,0,0,0,2,0,1,0,0,0,0,0,0,mks0601 PoseFix RELEASE,0,0,0,0,0
mks0601 PoseFix RELEASE,main/model.py,mks0601 PoseFix RELEASE::main/model.py,"['Gyeongsik Moon', 'mks0601']",['Gyeongsik Moon'],[],['mks0601'],1,0,1,0.5,0.0,0.5,188.0,2.5,4.0,False,radon,0,1,10,0,36,16,0,80,18,0,2,0,4,4,0,2,10,0,0,main/model.py,10,32,0,2,0,0,8,22,156,512,0,0,0,0,0,0,0,0,4,0,2,0,0,0,0,0,0,mks0601 PoseFix RELEASE,0,0,0,0,0
mks0601 PoseFix RELEASE,main/test.py,mks0601 PoseFix RELEASE::main/test.py,['mks0601'],[],[],['mks0601'],0,0,1,0.0,0.0,1.0,234.0,12.0,23.0,False,radon,0,0,5,0,18,8,0,40,9,0,1,0,2,2,0,1,5,0,0,main/test.py,5,16,0,1,0,0,4,11,78,256,0,0,0,0,0,0,0,0,2,0,1,0,0,0,0,0,0,mks0601 PoseFix RELEASE,0,0,0,0,0
mks0601 PoseFix RELEASE,main/train.py,mks0601 PoseFix RELEASE::main/train.py,['mks0601'],[],[],['mks0601'],0,0,1,0.0,0.0,1.0,35.0,5.0,5.0,False,radon,0,0,5,0,18,8,0,40,9,0,1,0,2,2,0,1,5,0,0,main/train.py,5,16,0,1,0,0,4,11,78,256,0,0,0,0,0,0,0,0,2,0,1,0,0,0,0,0,0,mks0601 PoseFix RELEASE,0,0,0,0,0
neo ai neo ai dlr,container/ec2_compilation_container/tvm_ec2_compiler_utils.py,neo ai neo ai dlr::container/ec2_compilation_container/tvm_ec2_compiler_utils.py,['Alexander Pivovarov'],[],[],['Alexander Pivovarov'],0,0,1,0.0,0.0,1.0,64.0,7.0,7.0,False,radon,0,0,2,0,8,16,0,80,54,0,0,0,2,8,0,0,3,1,0,container/ec2_compilation_container/tvm_ec2_compiler_utils.py,2,20,0,2,0,2,0,0,78,64,0,0,0,0,0,0,0,0,0,0,0,0,0,0,0,0,0,neo ai neo ai dlr,0,0,0,0,0
neo ai neo ai dlr,container/neo_template_image_classification.py,neo ai neo ai dlr::container/neo_template_image_classification.py,"['Ashish Gupta', 'Philip Hyunsu Cho']",['Philip Hyunsu Cho'],[],['Ashish Gupta'],1,0,1,0.5,0.0,0.5,152.0,3.4545454545454546,9.0,False,radon,5,1,4,0,11,35,0,193,143,0,0,0,6,19,0,0,6,2,0,container/neo_template_image_classification.py,4,41,0,5,0,4,0,0,182,156,0,0,0,0,0,0,0,0,0,0,0,0,0,0,0,0,0,neo ai neo ai dlr,0,0,0,0,0
neo ai neo ai dlr,container/neo_template_mxnet_byom.py,neo ai neo ai dlr::container/neo_template_mxnet_byom.py,"['Ashish Gupta', 'Philip Hyunsu Cho', 'Xingyu Zhou', 'eddiecho']","['Philip Hyunsu Cho', 'Xingyu Zhou', 'eddiecho']",[],['Ashish Gupta'],3,0,1,0.75,0.0,0.25,227.0,4.363636363636363,16.0,False,radon,5,1,5,0,10,31,0,192,146,0,0,0,6,23,0,0,6,2,0,container/neo_template_mxnet_byom.py,5,47,0,5,0,5,0,0,202,157,0,0,0,0,0,0,0,0,0,0,0,0,0,0,0,0,0,neo ai neo ai dlr,0,0,0,0,0
neo ai neo ai dlr,container/neo_template_xgboost.py,neo ai neo ai dlr::container/neo_template_xgboost.py,"['Ashish Gupta', 'Philip Hyunsu Cho']",['Philip Hyunsu Cho'],[],['Ashish Gupta'],1,0,1,0.5,0.0,0.5,131.0,3.7777777777777777,13.0,False,radon,5,1,4,0,11,35,0,193,143,0,0,0,6,19,0,0,6,2,0,container/neo_template_xgboost.py,4,41,0,5,0,4,0,0,182,156,0,0,0,0,0,0,0,0,0,0,0,0,0,0,0,0,0,neo ai neo ai dlr,0,0,0,0,0
neo ai neo ai dlr,container/sagemaker-pytorch-inferentia-serving/setup.py,neo ai neo ai dlr::container/sagemaker-pytorch-inferentia-serving/setup.py,"['Ashish Gupta', 'aws vrnatham']",[],[],"['Ashish Gupta', 'aws vrnatham']",0,0,2,0.0,0.0,1.0,63.0,1.0,1.0,False,radon,4,1,10,2,13,43,0,150,82,0,0,0,13,13,0,2,6,0,0,container/sagemaker-pytorch-inferentia-serving/setup.py,2,23,0,17,0,1,1,2,162,101,0,0,0,0,0,0,0,0,0,0,0,0,0,0,0,0,0,neo ai neo ai dlr,0,0,0,0,0
neo ai neo ai dlr,container/sagemaker-pytorch-inferentia-serving/src/sagemaker_pytorch_inferentia_serving_container/default_inference_handler.py,neo ai neo ai dlr::container/sagemaker-pytorch-inferentia-serving/src/sagemaker_pytorch_inferentia_serving_container/default_inference_handler.py,['Ashish Gupta'],[],[],['Ashish Gupta'],0,0,1,0.0,0.0,1.0,79.0,3.2,6.0,False,radon,0,0,4,1,5,19,0,65,36,0,0,0,5,8,0,1,3,0,0,container/sagemaker-pytorch-inferentia-serving/src/sagemaker_pytorch_inferentia_serving_container/default_inference_handler.py,1,10,0,5,0,1,0,0,71,47,0,0,0,0,0,0,0,0,0,0,0,0,0,0,0,0,0,neo ai neo ai dlr,0,0,0,0,0
neo ai neo ai dlr,container/sagemaker-pytorch-inferentia-serving/src/sagemaker_pytorch_inferentia_serving_container/handler_service.py,neo ai neo ai dlr::container/sagemaker-pytorch-inferentia-serving/src/sagemaker_pytorch_inferentia_serving_container/handler_service.py,['Ashish Gupta'],[],[],['Ashish Gupta'],0,0,1,0.0,0.0,1.0,48.0,2.3333333333333335,3.0,False,radon,0,0,4,1,5,19,0,65,36,0,0,0,5,8,0,1,3,0,0,container/sagemaker-pytorch-inferentia-serving/src/sagemaker_pytorch_inferentia_serving_container/handler_service.py,1,10,0,5,0,1,0,0,71,47,0,0,0,0,0,0,0,0,0,0,0,0,0,0,0,0,0,neo ai neo ai dlr,0,0,0,0,0
neo ai neo ai dlr,container/sagemaker-pytorch-inferentia-serving/src/sagemaker_pytorch_inferentia_serving_container/serving.py,neo ai neo ai dlr::container/sagemaker-pytorch-inferentia-serving/src/sagemaker_pytorch_inferentia_serving_container/serving.py,"['Ashish Gupta', 'aws vrnatham']",[],[],"['Ashish Gupta', 'aws vrnatham']",0,0,2,0.0,0.0,1.0,52.0,1.0,1.0,False,radon,4,1,10,2,13,43,0,150,82,0,0,0,13,13,0,2,6,0,0,container/sagemaker-pytorch-inferentia-serving/src/sagemaker_pytorch_inferentia_serving_container/serving.py,2,23,0,17,0,1,1,2,162,101,0,0,0,0,0,0,0,0,0,0,0,0,0,0,0,0,0,neo ai neo ai dlr,0,0,0,0,0
neo ai neo ai dlr,container/sagemaker-tensorflow-inferentia/build_artifacts/deep_learning_container.py,neo ai neo ai dlr::container/sagemaker-tensorflow-inferentia/build_artifacts/deep_learning_container.py,['Ashish Gupta'],[],[],['Ashish Gupta'],0,0,1,0.0,0.0,1.0,110.0,2.1666666666666665,3.0,False,radon,4,1,6,1,9,22,0,84,46,0,0,0,7,5,0,1,3,0,0,container/sagemaker-tensorflow-inferentia/build_artifacts/deep_learning_container.py,1,12,0,7,0,0,1,0,80,50,0,0,0,0,0,0,0,0,0,0,0,0,0,0,0,0,0,neo ai neo ai dlr,0,0,0,0,0
neo ai neo ai dlr,container/sagemaker-tensorflow-inferentia/build_artifacts/sagemaker/multi_model_utils.py,neo ai neo ai dlr::container/sagemaker-tensorflow-inferentia/build_artifacts/sagemaker/multi_model_utils.py,['Ashish Gupta'],[],[],['Ashish Gupta'],0,0,1,0.0,0.0,1.0,53.0,1.25,2.0,False,radon,4,1,6,1,9,22,0,84,46,0,0,0,7,5,0,1,3,0,0,container/sagemaker-tensorflow-inferentia/build_artifacts/sagemaker/multi_model_utils.py,1,12,0,7,0,0,1,0,80,50,0,0,0,0,0,0,0,0,0,0,0,0,0,0,0,0,0,neo ai neo ai dlr,0,0,0,0,0
neo ai neo ai dlr,container/sagemaker-tensorflow-inferentia/build_artifacts/sagemaker/python_service.py,neo ai neo ai dlr::container/sagemaker-tensorflow-inferentia/build_artifacts/sagemaker/python_service.py,"['Ashish Gupta', 'aws vrnatham']",[],[],"['Ashish Gupta', 'aws vrnatham']",0,0,2,0.0,0.0,1.0,412.0,3.1739130434782608,11.0,False,radon,10,2,19,3,26,66,0,252,138,0,0,0,22,15,0,3,9,0,0,container/sagemaker-tensorflow-inferentia/build_artifacts/sagemaker/python_service.py,3,37,0,31,0,0,3,4,249,156,0,0,0,0,0,0,0,0,0,0,0,0,0,0,0,0,0,neo ai neo ai dlr,0,0,0,0,0
neo ai neo ai dlr,container/sagemaker-tensorflow-inferentia/build_artifacts/sagemaker/serve.py,neo ai neo ai dlr::container/sagemaker-tensorflow-inferentia/build_artifacts/sagemaker/serve.py,"['Ashish Gupta', 'aws vrnatham']",[],[],"['Ashish Gupta', 'aws vrnatham']",0,0,2,0.0,0.0,1.0,461.0,3.5,10.0,False,radon,10,2,19,3,26,66,0,252,138,0,0,0,22,15,0,3,9,0,0,container/sagemaker-tensorflow-inferentia/build_artifacts/sagemaker/serve.py,3,37,0,31,0,0,3,4,249,156,0,0,0,0,0,0,0,0,0,0,0,0,0,0,0,0,0,neo ai neo ai dlr,0,0,0,0,0
neo ai neo ai dlr,container/sagemaker-tensorflow-inferentia/build_artifacts/sagemaker/tfs_utils.py,neo ai neo ai dlr::container/sagemaker-tensorflow-inferentia/build_artifacts/sagemaker/tfs_utils.py,"['Ashish Gupta', 'aws vrnatham']",[],[],"['Ashish Gupta', 'aws vrnatham']",0,0,2,0.0,0.0,1.0,253.0,3.357142857142857,6.0,False,radon,10,2,19,3,26,66,0,252,138,0,0,0,22,15,0,3,9,0,0,container/sagemaker-tensorflow-inferentia/build_artifacts/sagemaker/tfs_utils.py,3,37,0,31,0,0,3,4,249,156,0,0,0,0,0,0,0,0,0,0,0,0,0,0,0,0,0,neo ai neo ai dlr,0,0,0,0,0
neo ai neo ai dlr,container/sample-inf1/inf1_mx.py,neo ai neo ai dlr::container/sample-inf1/inf1_mx.py,['Ashish Gupta'],[],[],['Ashish Gupta'],0,0,1,0.0,0.0,1.0,54.0,2.0,3.0,False,radon,0,0,4,1,7,19,0,71,40,0,0,0,6,8,0,1,3,0,0,container/sample-inf1/inf1_mx.py,1,10,0,5,0,1,0,0,75,47,0,0,0,0,0,0,0,0,0,0,0,0,0,0,0,0,0,neo ai neo ai dlr,0,0,0,0,0
neo ai neo ai dlr,container/sample-inf1/inf1_pt.py,neo ai neo ai dlr::container/sample-inf1/inf1_pt.py,['Ashish Gupta'],[],[],['Ashish Gupta'],0,0,1,0.0,0.0,1.0,57.0,3.5,6.0,False,radon,0,0,4,1,5,19,0,65,36,0,0,0,5,8,0,1,3,0,0,container/sample-inf1/inf1_pt.py,1,10,0,5,0,1,0,0,71,47,0,0,0,0,0,0,0,0,0,0,0,0,0,0,0,0,0,neo ai neo ai dlr,0,0,0,0,0
neo ai neo ai dlr,container/sample-inf1/inf1_tf_handler.py,neo ai neo ai dlr::container/sample-inf1/inf1_tf_handler.py,['Ashish Gupta'],[],[],['Ashish Gupta'],0,0,1,0.0,0.0,1.0,60.0,1.5,2.0,False,radon,4,1,6,1,9,22,0,84,46,0,0,0,7,5,0,1,3,0,0,container/sample-inf1/inf1_tf_handler.py,1,12,0,7,0,0,1,0,80,50,0,0,0,0,0,0,0,0,0,0,0,0,0,0,0,0,0,neo ai neo ai dlr,0,0,0,0,0
neo ai neo ai dlr,container/sample-inf1/inf1_tf_io_handler.py,neo ai neo ai dlr::container/sample-inf1/inf1_tf_io_handler.py,['Ashish Gupta'],[],[],['Ashish Gupta'],0,0,1,0.0,0.0,1.0,51.0,1.0,1.0,False,radon,4,1,6,1,9,22,0,84,46,0,0,0,7,5,0,1,3,0,0,container/sample-inf1/inf1_tf_io_handler.py,1,12,0,7,0,0,1,0,80,50,0,0,0,0,0,0,0,0,0,0,0,0,0,0,0,0,0,neo ai neo ai dlr,0,0,0,0,0
neo ai neo ai dlr,examples/android/tvm_compiler/tvm_compiler_utils.py,neo ai neo ai dlr::examples/android/tvm_compiler/tvm_compiler_utils.py,['Alexander Pivovarov'],[],[],['Alexander Pivovarov'],0,0,1,0.0,0.0,1.0,70.0,5.0,5.0,False,radon,0,0,2,0,8,15,0,79,54,0,0,0,2,8,0,0,2,2,0,examples/android/tvm_compiler/tvm_compiler_utils.py,2,19,0,2,0,2,0,0,76,64,0,0,0,0,0,0,0,0,0,0,0,0,0,0,0,0,0,neo ai neo ai dlr,0,0,0,0,0
neo ai neo ai dlr,install/dlr-1.0-py2.py3-armv7l/test-dlr.py,neo ai neo ai dlr::install/dlr-1.0-py2.py3-armv7l/test-dlr.py,['AWS Neo'],['AWS Neo'],[],[],1,0,0,1.0,0.0,0.0,56.0,2.0,2.0,False,radon,0,0,0,0,0,14,0,18,4,0,0,0,0,0,0,0,0,0,0,install/dlr-1.0-py2.py3-armv7l/test-dlr.py,0,1,0,0,0,0,0,0,19,11,0,0,0,0,0,0,0,0,0,0,0,0,0,0,0,0,0,neo ai neo ai dlr,0,0,0,0,0
neo ai neo ai dlr,install/dlr-1.0-py2.py3-cuda90-aarch64/test-dlr.py,neo ai neo ai dlr::install/dlr-1.0-py2.py3-cuda90-aarch64/test-dlr.py,['AWS Neo'],['AWS Neo'],[],[],1,0,0,1.0,0.0,0.0,56.0,2.0,2.0,False,radon,0,0,0,0,0,14,0,18,4,0,0,0,0,0,0,0,0,0,0,install/dlr-1.0-py2.py3-cuda90-aarch64/test-dlr.py,0,1,0,0,0,0,0,0,19,11,0,0,0,0,0,0,0,0,0,0,0,0,0,0,0,0,0,neo ai neo ai dlr,0,0,0,0,0
neo ai neo ai dlr,install/dlr-1.0-py2.py3-opencl-x86_64/test-dlr.py,neo ai neo ai dlr::install/dlr-1.0-py2.py3-opencl-x86_64/test-dlr.py,['AWS Neo'],['AWS Neo'],[],[],1,0,0,1.0,0.0,0.0,56.0,2.0,2.0,False,radon,0,0,0,0,0,14,0,18,4,0,0,0,0,0,0,0,0,0,0,install/dlr-1.0-py2.py3-opencl-x86_64/test-dlr.py,0,1,0,0,0,0,0,0,19,11,0,0,0,0,0,0,0,0,0,0,0,0,0,0,0,0,0,neo ai neo ai dlr,0,0,0,0,0
neo ai neo ai dlr,python/dlr/api.py,neo ai neo ai dlr::python/dlr/api.py,"['AWS Neo', 'Alexander Pivovarov', 'Ashish Gupta', 'Hyunsu Cho', 'Jian Sheng', 'Nag Varun Chunduru', 'Philip Cho', 'Philip Hyunsu Cho', 'Trevor Morris', 'Xingyu Zhou', 'wuchih amazon', 'ziyu guo']","['AWS Neo', 'Philip Cho', 'Philip Hyunsu Cho', 'Trevor Morris', 'Xingyu Zhou', 'wuchih amazon']",[],"['Alexander Pivovarov', 'Ashish Gupta', 'Hyunsu Cho', 'Jian Sheng', 'Nag Varun Chunduru', 'ziyu guo']",6,0,6,0.5,0.0,0.5,299.0,2.0454545454545454,5.0,False,radon,38,8,22,3,45,201,0,821,550,0,0,0,36,73,0,6,28,4,0,python/dlr/api.py,14,134,0,39,0,10,4,2,786,602,0,0,0,0,0,0,0,0,0,0,0,0,0,0,0,0,0,neo ai neo ai dlr,0,0,0,0,0
neo ai neo ai dlr,python/dlr/counter/deviceinfo.py,neo ai neo ai dlr::python/dlr/counter/deviceinfo.py,['wuchih amazon'],['wuchih amazon'],[],[],1,0,0,1.0,0.0,0.0,71.0,1.3333333333333333,2.0,False,radon,4,1,4,1,3,11,0,53,34,0,0,0,4,8,0,1,2,0,0,python/dlr/counter/deviceinfo.py,1,10,0,5,0,1,0,0,64,47,0,0,0,0,0,0,0,0,0,0,0,0,0,0,0,0,0,neo ai neo ai dlr,0,0,0,0,0
neo ai neo ai dlr,python/dlr/counter/phone_home.py,neo ai neo ai dlr::python/dlr/counter/phone_home.py,['wuchih amazon'],['wuchih amazon'],[],[],1,0,0,1.0,0.0,0.0,205.0,2.2,6.0,False,radon,4,1,4,1,3,11,0,53,34,0,0,0,4,8,0,1,2,0,0,python/dlr/counter/phone_home.py,1,10,0,5,0,1,0,0,64,47,0,0,0,0,0,0,0,0,0,0,0,0,0,0,0,0,0,neo ai neo ai dlr,0,0,0,0,0
neo ai neo ai dlr,python/dlr/counter/system.py,neo ai neo ai dlr::python/dlr/counter/system.py,"['Trevor Morris', 'wuchih amazon']","['Trevor Morris', 'wuchih amazon']",[],[],2,0,0,1.0,0.0,0.0,72.0,3.3333333333333335,6.0,False,radon,4,1,8,2,10,30,0,124,74,0,0,0,10,16,0,2,5,0,0,python/dlr/counter/system.py,2,20,0,10,0,2,0,0,139,94,0,0,0,0,0,0,0,0,0,0,0,0,0,0,0,0,0,neo ai neo ai dlr,0,0,0,0,0
neo ai neo ai dlr,python/dlr/counter/utils/helper.py,neo ai neo ai dlr::python/dlr/counter/utils/helper.py,['wuchih amazon'],['wuchih amazon'],[],[],1,0,0,1.0,0.0,0.0,19.0,1.0,1.0,False,radon,4,1,4,1,3,11,0,53,34,0,0,0,4,8,0,1,2,0,0,python/dlr/counter/utils/helper.py,1,10,0,5,0,1,0,0,64,47,0,0,0,0,0,0,0,0,0,0,0,0,0,0,0,0,0,neo ai neo ai dlr,0,0,0,0,0
neo ai neo ai dlr,python/dlr/counter/utils/resturlutils.py,neo ai neo ai dlr::python/dlr/counter/utils/resturlutils.py,['wuchih amazon'],['wuchih amazon'],[],[],1,0,0,1.0,0.0,0.0,36.0,2.5,3.0,False,radon,4,1,4,1,3,11,0,53,34,0,0,0,4,8,0,1,2,0,0,python/dlr/counter/utils/resturlutils.py,1,10,0,5,0,1,0,0,64,47,0,0,0,0,0,0,0,0,0,0,0,0,0,0,0,0,0,neo ai neo ai dlr,0,0,0,0,0
neo ai neo ai dlr,python/dlr/dlr_model.py,neo ai neo ai dlr::python/dlr/dlr_model.py,"['Alexander Pivovarov', 'Jianzhong Xu', 'Nag Varun Chunduru', 'Trevor Morris', 'ziyu guo']","['Jianzhong Xu', 'Trevor Morris']",[],"['Alexander Pivovarov', 'Nag Varun Chunduru', 'ziyu guo']",2,0,3,0.4,0.0,0.6,489.0,2.3157894736842106,10.0,False,radon,44,6,32,5,61,189,0,876,589,0,0,0,54,108,0,14,31,3,0,python/dlr/dlr_model.py,18,170,0,69,0,13,9,2,961,677,0,0,0,0,0,0,0,0,0,0,0,0,0,0,0,0,0,neo ai neo ai dlr,0,0,0,0,0
neo ai neo ai dlr,python/dlr/libpath.py,neo ai neo ai dlr::python/dlr/libpath.py,"['Alexander Pivovarov', 'Nag Varun Chunduru', 'Philip Hyunsu Cho', 'Trevor Morris']","['Philip Hyunsu Cho', 'Trevor Morris']",[],"['Alexander Pivovarov', 'Nag Varun Chunduru']",2,0,2,0.5,0.0,0.5,67.0,9.5,18.0,False,radon,11,2,6,1,15,54,0,229,153,0,0,0,12,25,0,3,8,1,0,python/dlr/libpath.py,4,39,0,14,0,3,1,0,228,174,0,0,0,0,0,0,0,0,0,0,0,0,0,0,0,0,0,neo ai neo ai dlr,0,0,0,0,0
neo ai neo ai dlr,python/dlr/neologger.py,neo ai neo ai dlr::python/dlr/neologger.py,"['Ashish Gupta', 'Trevor Morris']",['Trevor Morris'],[],['Ashish Gupta'],1,0,1,0.5,0.0,0.5,43.0,4.0,4.0,False,radon,18,2,5,1,14,34,0,150,96,0,0,0,8,14,0,1,6,0,0,python/dlr/neologger.py,3,28,0,7,0,2,0,0,149,106,0,0,0,0,0,0,0,0,0,0,0,0,0,0,0,0,0,neo ai neo ai dlr,0,0,0,0,0
neo ai neo ai dlr,python/dlr/tf2_model.py,neo ai neo ai dlr::python/dlr/tf2_model.py,['Jian Sheng'],[],[],['Jian Sheng'],0,0,1,0.0,0.0,1.0,271.0,2.625,12.0,False,radon,0,0,12,2,16,45,0,167,92,0,0,0,16,10,0,2,6,0,0,python/dlr/tf2_model.py,2,26,0,24,0,0,2,4,178,108,0,0,0,0,0,0,0,0,0,0,0,0,0,0,0,0,0,neo ai neo ai dlr,0,0,0,0,0
neo ai neo ai dlr,python/test/test_phone_home.py,neo ai neo ai dlr::python/test/test_phone_home.py,['wuchih amazon'],['wuchih amazon'],[],[],1,0,0,1.0,0.0,0.0,88.0,2.0,4.0,False,radon,4,1,4,1,3,11,0,53,34,0,0,0,4,8,0,1,2,0,0,python/test/test_phone_home.py,1,10,0,5,0,1,0,0,64,47,0,0,0,0,0,0,0,0,0,0,0,0,0,0,0,0,0,neo ai neo ai dlr,0,0,0,0,0
neo ai neo ai dlr,tests/python/integration/load_and_run_relayvm_model.py,neo ai neo ai dlr::tests/python/integration/load_and_run_relayvm_model.py,['Nag Varun Chunduru'],[],[],['Nag Varun Chunduru'],0,0,1,0.0,0.0,1.0,28.0,10.0,10.0,False,radon,5,1,5,1,6,27,0,105,66,0,0,0,7,16,0,2,4,0,0,tests/python/integration/load_and_run_relayvm_model.py,2,20,0,9,0,2,0,0,129,89,0,0,0,0,0,0,0,0,0,0,0,0,0,0,0,0,0,neo ai neo ai dlr,0,0,0,0,0
neo ai neo ai dlr,tests/python/integration/load_and_run_treelite_model.py,neo ai neo ai dlr::tests/python/integration/load_and_run_treelite_model.py,"['AWS Neo', 'Alexander Pivovarov', 'Hyunsu Cho', 'Jian Sheng', 'Ziyu Guo', 'ziyu guo']","['AWS Neo', 'Ziyu Guo']",[],"['Alexander Pivovarov', 'Hyunsu Cho', 'Jian Sheng', 'ziyu guo']",2,0,4,0.3333333333333333,0.0,0.6666666666666666,64.0,2.25,4.0,False,radon,4,1,14,2,20,106,0,277,135,0,0,0,15,11,0,2,8,0,0,tests/python/integration/load_and_run_treelite_model.py,2,33,0,25,0,0,2,4,264,196,0,0,0,0,0,0,0,0,0,0,0,0,0,0,0,0,0,neo ai neo ai dlr,0,0,0,0,0
neo ai neo ai dlr,tests/python/integration/load_and_run_tvm_model.py,neo ai neo ai dlr::tests/python/integration/load_and_run_tvm_model.py,"['AWS Neo', 'Alexander Pivovarov', 'Nag Varun Chunduru', 'Philip Hyunsu Cho', 'Ziyu Guo', 'ziyu guo']","['AWS Neo', 'Philip Hyunsu Cho', 'Ziyu Guo']",[],"['Alexander Pivovarov', 'Nag Varun Chunduru', 'ziyu guo']",3,0,3,0.5,0.0,0.5,116.0,5.8,10.0,False,radon,18,4,3,0,9,91,0,316,213,0,0,0,10,26,0,2,9,1,0,tests/python/integration/load_and_run_tvm_model.py,5,51,0,9,0,3,2,0,299,258,0,0,0,0,0,0,0,0,0,0,0,0,0,0,0,0,0,neo ai neo ai dlr,0,0,0,0,0
neo ai neo ai dlr,tests/python/integration/test_load_counter_mgr.py,neo ai neo ai dlr::tests/python/integration/test_load_counter_mgr.py,['wuchih amazon'],['wuchih amazon'],[],[],1,0,0,1.0,0.0,0.0,53.0,2.0,3.0,False,radon,4,1,4,1,3,11,0,53,34,0,0,0,4,8,0,1,2,0,0,tests/python/integration/test_load_counter_mgr.py,1,10,0,5,0,1,0,0,64,47,0,0,0,0,0,0,0,0,0,0,0,0,0,0,0,0,0,neo ai neo ai dlr,0,0,0,0,0
neo ai neo ai dlr,tests/python/integration/test_utils.py,neo ai neo ai dlr::tests/python/integration/test_utils.py,"['Philip Hyunsu Cho', 'Trevor Morris', 'ziyu guo']","['Philip Hyunsu Cho', 'Trevor Morris']",[],['ziyu guo'],2,0,1,0.6666666666666666,0.0,0.3333333333333333,54.0,8.0,12.0,False,radon,2,1,1,0,5,23,0,114,85,0,0,0,4,9,0,0,2,0,0,tests/python/integration/test_utils.py,2,20,0,3,0,1,1,0,97,82,0,0,0,0,0,0,0,0,0,0,0,0,0,0,0,0,0,neo ai neo ai dlr,0,0,0,0,0
neo ai neo ai dlr,tests/python/unittest/test_get_set_input.py,neo ai neo ai dlr::tests/python/unittest/test_get_set_input.py,['Philip Hyunsu Cho'],['Philip Hyunsu Cho'],[],[],1,0,0,1.0,0.0,0.0,27.0,5.0,5.0,False,radon,2,1,0,0,2,8,0,37,27,0,0,0,1,3,0,0,1,0,0,tests/python/unittest/test_get_set_input.py,1,5,0,1,0,0,0,0,27,25,0,0,0,0,0,0,0,0,0,0,0,0,0,0,0,0,0,neo ai neo ai dlr,0,0,0,0,0
neo ai neo ai dlr,tests/python/unittest/test_tf2.py,neo ai neo ai dlr::tests/python/unittest/test_tf2.py,['Jian Sheng'],[],[],['Jian Sheng'],0,0,1,0.0,0.0,1.0,75.0,5.333333333333333,13.0,False,radon,0,0,12,2,16,45,0,167,92,0,0,0,16,10,0,2,6,0,0,tests/python/unittest/test_tf2.py,2,26,0,24,0,0,2,4,178,108,0,0,0,0,0,0,0,0,0,0,0,0,0,0,0,0,0,neo ai neo ai dlr,0,0,0,0,0
nikicc twitter emotion recognition,emotion_predictor.py,nikicc twitter emotion recognition::emotion_predictor.py,['nikicc'],[],[],['nikicc'],0,0,1,0.0,0.0,1.0,116.0,2.5,4.0,False,radon,2,1,6,0,0,1,0,7,0,0,0,0,0,0,0,0,0,0,0,emotion_predictor.py,0,0,0,0,0,0,0,0,8,12,0,0,0,9,0,0,0,0,0,0,0,0,0,0,0,0,0,nikicc twitter emotion recognition,0,0,0,0,0
nikicc twitter emotion recognition,models/merge-keras-models.py,nikicc twitter emotion recognition::models/merge-keras-models.py,['nikicc'],[],[],['nikicc'],0,0,1,0.0,0.0,1.0,31.0,2.0,2.0,False,radon,0,0,2,0,0,0,0,2,0,0,0,0,0,0,0,0,0,0,0,models/merge-keras-models.py,0,0,0,0,0,0,0,0,3,4,0,0,0,3,0,0,0,0,0,0,0,0,0,0,0,0,0,nikicc twitter emotion recognition,0,0,0,0,0
nsavinov SPTM,src/common/constants.py,nsavinov SPTM::src/common/constants.py,['Nikolay Savinov'],[],[],['Nikolay Savinov'],0,0,1,0.0,0.0,1.0,178.0,6.0,8.0,True,lizard,5,2,30,20,128,112,0,298,8,0,11,0,0,11,0,0,11,0,0,src/common/constants.py,0,38,0,19,0,0,0,20,418,204,0,0,0,0,0,0,0,0,0,0,0,0,0,0,0,0,0,nsavinov SPTM,0,0,0,0,0
nsavinov SPTM,src/common/register_test_setups.py,nsavinov SPTM::src/common/register_test_setups.py,['Nikolay Savinov'],[],[],['Nikolay Savinov'],0,0,1,0.0,0.0,1.0,321.0,2.0,3.0,False,radon,0,0,2,1,1,11,0,15,0,0,1,0,0,1,0,0,1,0,0,src/common/register_test_setups.py,0,1,0,1,0,0,0,1,34,16,0,0,0,0,0,0,0,0,0,0,0,0,0,0,0,0,0,nsavinov SPTM,0,0,0,0,0
nsavinov SPTM,src/common/resnet.py,nsavinov SPTM::src/common/resnet.py,['Nikolay Savinov'],[],[],['Nikolay Savinov'],0,0,1,0.0,0.0,1.0,331.0,1.6818181818181819,5.0,False,radon,0,0,2,1,1,11,0,15,0,0,1,0,0,1,0,0,1,0,0,src/common/resnet.py,0,1,0,1,0,0,0,1,34,16,0,0,0,0,0,0,0,0,0,0,0,0,0,0,0,0,0,nsavinov SPTM,0,0,0,0,0
nsavinov SPTM,src/common/util.py,nsavinov SPTM::src/common/util.py,['Nikolay Savinov'],[],[],['Nikolay Savinov'],0,0,1,0.0,0.0,1.0,216.0,1.6451612903225807,7.0,False,radon,0,0,4,3,15,21,0,44,1,0,2,0,0,2,0,0,2,0,0,src/common/util.py,0,5,0,2,0,0,0,3,73,35,0,0,0,0,0,0,0,0,0,0,0,0,0,0,0,0,0,nsavinov SPTM,0,0,0,0,0
nsavinov SPTM,src/common/video_writer.py,nsavinov SPTM::src/common/video_writer.py,['Nikolay Savinov'],[],[],['Nikolay Savinov'],0,0,1,0.0,0.0,1.0,45.0,3.25,7.0,False,radon,0,0,2,1,1,11,0,15,0,0,1,0,0,1,0,0,1,0,0,src/common/video_writer.py,0,1,0,1,0,0,0,1,34,16,0,0,0,0,0,0,0,0,0,0,0,0,0,0,0,0,0,nsavinov SPTM,0,0,0,0,0
nsavinov SPTM,src/data_generation/apply_random_textures.py,nsavinov SPTM::src/data_generation/apply_random_textures.py,['Nikolay Savinov'],[],[],['Nikolay Savinov'],0,0,1,0.0,0.0,1.0,135.0,1.9333333333333333,5.0,True,lizard,0,0,3,2,14,10,0,30,1,0,1,0,0,1,0,0,1,0,0,src/data_generation/apply_random_textures.py,0,4,0,2,0,0,0,2,41,19,0,0,0,0,0,0,0,0,0,0,0,0,0,0,0,0,0,nsavinov SPTM,0,0,0,0,0
nsavinov SPTM,src/test/build_graph.py,nsavinov SPTM::src/test/build_graph.py,['Nikolay Savinov'],[],[],['Nikolay Savinov'],0,0,1,0.0,0.0,1.0,22.0,4.0,4.0,False,radon,0,0,2,1,1,11,0,15,0,0,1,0,0,1,0,0,1,0,0,src/test/build_graph.py,0,1,0,1,0,0,0,1,34,16,0,0,0,0,0,0,0,0,0,0,0,0,0,0,0,0,0,nsavinov SPTM,0,0,0,0,0
nsavinov SPTM,src/test/navigator.py,nsavinov SPTM::src/test/navigator.py,['Nikolay Savinov'],[],[],['Nikolay Savinov'],0,0,1,0.0,0.0,1.0,214.0,2.1666666666666665,11.0,True,lizard,0,0,4,3,15,21,0,44,1,0,2,0,0,2,0,0,2,0,0,src/test/navigator.py,0,5,0,2,0,0,0,3,73,35,0,0,0,0,0,0,0,0,0,0,0,0,0,0,0,0,0,nsavinov SPTM,0,0,0,0,0
nsavinov SPTM,src/test/process_log.py,nsavinov SPTM::src/test/process_log.py,['Nikolay Savinov'],[],[],['Nikolay Savinov'],0,0,1,0.0,0.0,1.0,130.0,7.0,13.0,True,lizard,0,0,2,1,1,11,0,15,0,0,1,0,0,1,0,0,1,0,0,src/test/process_log.py,0,1,0,1,0,0,0,1,34,16,0,0,0,0,0,0,0,0,0,0,0,0,0,0,0,0,0,nsavinov SPTM,0,0,0,0,0
nsavinov SPTM,src/test/run_eval.py,nsavinov SPTM::src/test/run_eval.py,['Nikolay Savinov'],[],[],['Nikolay Savinov'],0,0,1,0.0,0.0,1.0,91.0,3.0,4.0,False,radon,0,0,4,3,15,21,0,44,1,0,2,0,0,2,0,0,2,0,0,src/test/run_eval.py,0,5,0,2,0,0,0,3,73,35,0,0,0,0,0,0,0,0,0,0,0,0,0,0,0,0,0,nsavinov SPTM,0,0,0,0,0
nsavinov SPTM,src/test/sptm.py,nsavinov SPTM::src/test/sptm.py,['Nikolay Savinov'],[],[],['Nikolay Savinov'],0,0,1,0.0,0.0,1.0,357.0,2.5675675675675675,10.0,True,lizard,0,0,7,5,29,31,0,74,2,0,3,0,0,3,0,0,3,0,0,src/test/sptm.py,0,9,0,4,0,0,0,5,112,54,0,0,0,0,0,0,0,0,0,0,0,0,0,0,0,0,0,nsavinov SPTM,0,0,0,0,0
nsavinov SPTM,src/test/test_navigation_quantitative.py,nsavinov SPTM::src/test/test_navigation_quantitative.py,['Nikolay Savinov'],[],[],['Nikolay Savinov'],0,0,1,0.0,0.0,1.0,136.0,7.0,15.0,True,lizard,0,0,2,1,1,11,0,15,0,0,1,0,0,1,0,0,1,0,0,src/test/test_navigation_quantitative.py,0,1,0,1,0,0,0,1,34,16,0,0,0,0,0,0,0,0,0,0,0,0,0,0,0,0,0,nsavinov SPTM,0,0,0,0,0
nsavinov SPTM,src/test/test_setup.py,nsavinov SPTM::src/test/test_setup.py,['Nikolay Savinov'],[],[],['Nikolay Savinov'],0,0,1,0.0,0.0,1.0,23.0,1.0,1.0,False,radon,3,1,6,4,28,20,0,60,2,0,2,0,0,2,0,0,2,0,0,src/test/test_setup.py,0,8,0,4,0,0,0,4,78,38,0,0,0,0,0,0,0,0,0,0,0,0,0,0,0,0,0,nsavinov SPTM,0,0,0,0,0
nsavinov SPTM,src/test/trajectory_plotter.py,nsavinov SPTM::src/test/trajectory_plotter.py,['Nikolay Savinov'],[],[],['Nikolay Savinov'],0,0,1,0.0,0.0,1.0,33.0,2.0,4.0,False,radon,0,0,2,1,1,11,0,15,0,0,1,0,0,1,0,0,1,0,0,src/test/trajectory_plotter.py,0,1,0,1,0,0,0,1,34,16,0,0,0,0,0,0,0,0,0,0,0,0,0,0,0,0,0,nsavinov SPTM,0,0,0,0,0
nsavinov SPTM,src/train/train_action_predictor.py,nsavinov SPTM::src/train/train_action_predictor.py,['Nikolay Savinov'],[],[],['Nikolay Savinov'],0,0,1,0.0,0.0,1.0,65.0,9.0,9.0,False,radon,0,0,3,2,14,10,0,30,1,0,1,0,0,1,0,0,1,0,0,src/train/train_action_predictor.py,0,4,0,2,0,0,0,2,41,19,0,0,0,0,0,0,0,0,0,0,0,0,0,0,0,0,0,nsavinov SPTM,0,0,0,0,0
nsavinov SPTM,src/train/train_edge_predictor.py,nsavinov SPTM::src/train/train_edge_predictor.py,['Nikolay Savinov'],[],[],['Nikolay Savinov'],0,0,1,0.0,0.0,1.0,80.0,15.0,15.0,False,radon,0,0,3,2,14,10,0,30,1,0,1,0,0,1,0,0,1,0,0,src/train/train_edge_predictor.py,0,4,0,2,0,0,0,2,41,19,0,0,0,0,0,0,0,0,0,0,0,0,0,0,0,0,0,nsavinov SPTM,0,0,0,0,0
nsavinov SPTM,src/train/train_setup.py,nsavinov SPTM::src/train/train_setup.py,['Nikolay Savinov'],[],[],['Nikolay Savinov'],0,0,1,0.0,0.0,1.0,22.0,2.0,2.0,False,radon,0,0,6,4,28,20,0,60,2,0,2,0,0,2,0,0,2,0,0,src/train/train_setup.py,0,8,0,4,0,0,0,4,80,38,0,0,0,0,0,0,0,0,0,0,0,0,0,0,0,0,0,nsavinov SPTM,0,0,0,0,0
paulfitz mlsql,irnet/server/add_csv.py,paulfitz mlsql::irnet/server/add_csv.py,['Paul Fitzpatrick'],[],[],['Paul Fitzpatrick'],0,0,1,0.0,0.0,1.0,93.0,4.0,13.0,False,radon,0,0,6,0,3,0,0,18,9,0,0,0,0,0,0,0,0,0,0,irnet/server/add_csv.py,0,4,0,0,0,0,0,0,18,12,0,0,0,0,0,0,0,0,0,0,0,0,0,0,0,0,0,paulfitz mlsql,0,0,0,0,0
paulfitz mlsql,irnet/server/add_question.py,paulfitz mlsql::irnet/server/add_question.py,['Paul Fitzpatrick'],[],[],['Paul Fitzpatrick'],0,0,1,0.0,0.0,1.0,106.0,1.0,1.0,False,radon,0,0,4,0,2,0,0,12,6,0,0,0,0,0,0,0,0,0,0,irnet/server/add_question.py,0,2,0,0,0,0,0,0,12,8,0,0,0,0,0,0,0,0,0,0,0,0,0,0,0,0,0,paulfitz mlsql,0,0,0,0,0
paulfitz mlsql,irnet/server/prediction_server.py,paulfitz mlsql::irnet/server/prediction_server.py,['Paul Fitzpatrick'],[],[],['Paul Fitzpatrick'],0,0,1,0.0,0.0,1.0,211.0,3.6,11.0,False,radon,0,0,10,0,5,0,0,30,15,0,0,0,0,0,0,0,0,0,0,irnet/server/prediction_server.py,0,8,0,0,0,0,2,0,30,20,0,0,0,0,0,0,0,0,0,0,0,0,0,0,0,0,0,paulfitz mlsql,0,0,0,0,0
paulfitz mlsql,valuenet/server/add_csv.py,paulfitz mlsql::valuenet/server/add_csv.py,['Paul Fitzpatrick'],[],[],['Paul Fitzpatrick'],0,0,1,0.0,0.0,1.0,93.0,4.0,13.0,False,radon,0,0,6,0,6,8,0,32,12,0,0,0,0,0,0,0,0,0,0,valuenet/server/add_csv.py,0,8,0,0,0,0,4,0,22,16,0,0,0,0,0,0,0,0,0,0,0,0,0,0,0,0,0,paulfitz mlsql,0,0,0,0,0
paulfitz mlsql,valuenet/server/add_question.py,paulfitz mlsql::valuenet/server/add_question.py,['Paul Fitzpatrick'],[],[],['Paul Fitzpatrick'],0,0,1,0.0,0.0,1.0,106.0,1.0,1.0,False,radon,0,0,6,0,6,8,0,32,12,0,0,0,0,0,0,0,0,0,0,valuenet/server/add_question.py,0,8,0,0,0,0,4,0,22,16,0,0,0,0,0,0,0,0,0,0,0,0,0,0,0,0,0,paulfitz mlsql,0,0,0,0,0
paulfitz mlsql,valuenet/server/prediction_server.py,paulfitz mlsql::valuenet/server/prediction_server.py,['Paul Fitzpatrick'],[],[],['Paul Fitzpatrick'],0,0,1,0.0,0.0,1.0,355.0,2.3333333333333335,11.0,False,radon,0,0,6,0,6,8,0,32,12,0,0,0,0,0,0,0,0,0,0,valuenet/server/prediction_server.py,0,8,0,0,0,0,4,0,22,16,0,0,0,0,0,0,0,0,0,0,0,0,0,0,0,0,0,paulfitz mlsql,0,0,0,0,0
phillipi pix2pix,scripts/edges/batch_hed.py,phillipi pix2pix::scripts/edges/batch_hed.py,"['Jun Yan Zhu', 'Salisbury', 'UNKNOWN', 'junyanz']","['Jun Yan Zhu', 'Salisbury', 'UNKNOWN', 'junyanz']",[],['junyanz'],4,0,1,0.8,0.0,0.2,80.0,1.0,1.0,False,radon,0,0,0,0,12,54,0,80,14,0,0,0,0,12,0,0,0,0,0,scripts/edges/batch_hed.py,0,12,0,0,0,0,0,0,164,132,0,0,0,0,0,0,0,0,0,0,0,0,0,0,0,0,0,phillipi pix2pix,0,0,0,0,0
phillipi pix2pix,scripts/eval_cityscapes/cityscapes.py,phillipi pix2pix::scripts/eval_cityscapes/cityscapes.py,['Tinghui Zhou'],[],[],['Tinghui Zhou'],0,0,1,0.0,0.0,1.0,141.0,2.6363636363636362,5.0,False,radon,0,0,0,0,2,8,0,12,2,0,0,0,0,2,0,0,0,0,0,scripts/eval_cityscapes/cityscapes.py,0,2,0,0,0,0,0,0,24,22,0,0,0,0,0,0,0,0,0,0,0,0,0,0,0,0,0,phillipi pix2pix,0,0,0,0,0
phillipi pix2pix,scripts/eval_cityscapes/evaluate.py,phillipi pix2pix::scripts/eval_cityscapes/evaluate.py,['Tinghui Zhou'],[],[],['Tinghui Zhou'],0,0,1,0.0,0.0,1.0,67.0,9.0,9.0,False,radon,4,4,0,0,6,24,0,36,6,0,0,0,0,6,0,0,0,0,0,scripts/eval_cityscapes/evaluate.py,0,6,0,0,0,0,0,0,76,66,0,0,0,0,0,0,0,0,0,0,0,0,0,0,0,0,0,phillipi pix2pix,0,0,0,0,0
phillipi pix2pix,scripts/eval_cityscapes/util.py,phillipi pix2pix::scripts/eval_cityscapes/util.py,['Tinghui Zhou'],[],[],['Tinghui Zhou'],0,0,1,0.0,0.0,1.0,41.0,1.2,2.0,False,radon,0,0,0,0,2,8,0,12,2,0,0,0,0,2,0,0,0,0,0,scripts/eval_cityscapes/util.py,0,2,0,0,0,0,0,0,24,22,0,0,0,0,0,0,0,0,0,0,0,0,0,0,0,0,0,phillipi pix2pix,0,0,0,0,0
phohenecker pytorch transformer,examples/bert_pretraining.py,phohenecker pytorch transformer::examples/bert_pretraining.py,['Patrick Hohenecker'],[],['Patrick Hohenecker'],[],0,1,0,0.0,1.0,0.0,227.0,7.0,8.0,False,radon,0,0,2,0,0,13,2,17,0,0,15,0,2,0,0,0,2,0,0,examples/bert_pretraining.py,0,5,0,1,0,4,2,3,105,61,0,0,0,0,0,0,0,0,0,0,0,0,0,0,0,0,0,phohenecker pytorch transformer,0,0,0,0,0
phohenecker pytorch transformer,examples/gpt_pretraining.py,phohenecker pytorch transformer::examples/gpt_pretraining.py,['Patrick Hohenecker'],[],['Patrick Hohenecker'],[],0,1,0,0.0,1.0,0.0,233.0,6.5,7.0,False,radon,0,0,2,0,0,13,2,17,0,0,15,0,2,0,0,0,2,0,0,examples/gpt_pretraining.py,0,5,0,1,0,4,2,3,110,62,0,0,0,0,0,0,0,0,0,0,0,0,0,0,0,0,0,phohenecker pytorch transformer,0,0,0,0,0
phohenecker pytorch transformer,examples/overfitting_test.py,phohenecker pytorch transformer::examples/overfitting_test.py,['Patrick Hohenecker'],[],['Patrick Hohenecker'],[],0,1,0,0.0,1.0,0.0,266.0,6.0,11.0,False,radon,0,0,5,0,0,59,5,69,0,0,74,0,10,0,0,0,10,0,0,examples/overfitting_test.py,0,18,0,5,0,20,8,10,431,269,0,0,0,0,0,0,0,0,0,0,0,0,0,0,0,0,0,phohenecker pytorch transformer,0,0,0,0,0
phohenecker pytorch transformer,examples/speed_check.py,phohenecker pytorch transformer::examples/speed_check.py,['Patrick Hohenecker'],[],['Patrick Hohenecker'],[],0,1,0,0.0,1.0,0.0,245.0,2.0,4.0,False,radon,0,0,1,0,0,12,1,14,0,0,14,0,2,0,0,0,2,0,0,examples/speed_check.py,0,4,0,1,0,4,2,2,94,56,0,0,0,0,0,0,0,0,0,0,0,0,0,0,0,0,0,phohenecker pytorch transformer,0,0,0,0,0
phohenecker pytorch transformer,src/main/python/transformer/bert/mlm_loss.py,phohenecker pytorch transformer::src/main/python/transformer/bert/mlm_loss.py,['Patrick Hohenecker'],[],['Patrick Hohenecker'],[],0,1,0,0.0,1.0,0.0,228.0,3.6,7.0,False,radon,0,0,1,1,0,13,2,17,0,0,15,0,2,0,0,0,2,0,0,src/main/python/transformer/bert/mlm_loss.py,0,5,0,1,0,4,2,3,101,60,0,0,0,0,0,0,0,0,0,0,0,0,0,0,0,0,0,phohenecker pytorch transformer,0,0,0,0,0
phohenecker pytorch transformer,src/main/python/transformer/decoder.py,phohenecker pytorch transformer::src/main/python/transformer/decoder.py,['Patrick Hohenecker'],[],['Patrick Hohenecker'],[],0,1,0,0.0,1.0,0.0,203.0,3.875,12.0,False,radon,0,0,1,0,0,22,1,24,0,0,27,0,4,0,0,0,4,0,0,src/main/python/transformer/decoder.py,0,4,0,2,0,8,3,3,155,97,0,0,0,0,0,0,0,0,0,0,0,0,0,0,0,0,0,phohenecker pytorch transformer,0,0,0,0,0
phohenecker pytorch transformer,src/main/python/transformer/enc_dec_base.py,phohenecker pytorch transformer::src/main/python/transformer/enc_dec_base.py,['Patrick Hohenecker'],[],['Patrick Hohenecker'],[],0,1,0,0.0,1.0,0.0,220.0,1.4,4.0,False,radon,0,0,0,0,0,7,0,7,0,0,10,0,1,0,0,0,2,0,0,src/main/python/transformer/enc_dec_base.py,0,0,0,1,0,4,1,1,52,31,0,0,0,0,0,0,0,0,0,0,0,0,0,0,0,0,0,phohenecker pytorch transformer,0,0,0,0,0
phohenecker pytorch transformer,src/main/python/transformer/encoder.py,phohenecker pytorch transformer::src/main/python/transformer/encoder.py,['Patrick Hohenecker'],[],['Patrick Hohenecker'],[],0,1,0,0.0,1.0,0.0,146.0,2.125,4.0,False,radon,0,0,0,0,0,7,0,7,0,0,10,0,1,0,0,0,2,0,0,src/main/python/transformer/encoder.py,0,0,0,1,0,4,1,1,52,31,0,0,0,0,0,0,0,0,0,0,0,0,0,0,0,0,0,phohenecker pytorch transformer,0,0,0,0,0
phohenecker pytorch transformer,src/main/python/transformer/feed_forward_layer.py,phohenecker pytorch transformer::src/main/python/transformer/feed_forward_layer.py,['Patrick Hohenecker'],[],['Patrick Hohenecker'],[],0,1,0,0.0,1.0,0.0,110.0,1.7142857142857142,3.0,False,radon,0,0,0,0,0,2,0,2,0,0,5,0,0,0,0,0,2,0,0,src/main/python/transformer/feed_forward_layer.py,0,0,0,1,0,4,0,0,24,9,0,0,0,0,0,0,0,0,0,0,0,0,0,0,0,0,0,phohenecker pytorch transformer,0,0,0,0,0
phohenecker pytorch transformer,src/main/python/transformer/multi_head_attention.py,phohenecker pytorch transformer::src/main/python/transformer/multi_head_attention.py,['Patrick Hohenecker'],[],['Patrick Hohenecker'],[],0,1,0,0.0,1.0,0.0,245.0,4.142857142857143,17.0,False,radon,0,0,2,0,0,17,2,21,0,0,22,0,2,0,0,0,4,0,0,src/main/python/transformer/multi_head_attention.py,0,5,0,2,0,8,3,3,141,84,0,0,0,0,0,0,0,0,0,0,0,0,0,0,0,0,0,phohenecker pytorch transformer,0,0,0,0,0
phohenecker pytorch transformer,src/main/python/transformer/normalization.py,phohenecker pytorch transformer::src/main/python/transformer/normalization.py,['Patrick Hohenecker'],[],['Patrick Hohenecker'],[],0,1,0,0.0,1.0,0.0,91.0,1.4,2.0,False,radon,0,0,0,0,0,1,0,1,0,0,3,0,0,0,0,0,2,0,0,src/main/python/transformer/normalization.py,0,0,0,1,0,0,0,0,19,7,0,0,0,0,0,0,0,0,0,0,0,0,0,0,0,0,0,phohenecker pytorch transformer,0,0,0,0,0
phohenecker pytorch transformer,src/main/python/transformer/transformer.py,phohenecker pytorch transformer::src/main/python/transformer/transformer.py,['Patrick Hohenecker'],[],['Patrick Hohenecker'],[],0,1,0,0.0,1.0,0.0,268.0,2.5,14.0,False,radon,0,0,2,1,0,35,3,41,0,0,43,0,6,0,0,0,6,0,0,src/main/python/transformer/transformer.py,0,10,0,3,0,12,5,6,250,162,0,0,0,0,0,0,0,0,0,0,0,0,0,0,0,0,0,phohenecker pytorch transformer,0,0,0,0,0
phohenecker pytorch transformer,src/main/python/transformer/transformer_tools.py,phohenecker pytorch transformer::src/main/python/transformer/transformer_tools.py,['Patrick Hohenecker'],[],['Patrick Hohenecker'],[],0,1,0,0.0,1.0,0.0,196.0,17.0,19.0,False,radon,0,0,4,0,0,48,4,56,0,0,60,0,8,0,0,0,8,0,0,src/main/python/transformer/transformer_tools.py,0,14,0,4,0,16,6,8,333,213,0,0,0,0,0,0,0,0,0,0,0,0,0,0,0,0,0,phohenecker pytorch transformer,0,0,0,0,0
phohenecker pytorch transformer,src/main/python/transformer/util.py,phohenecker pytorch transformer::src/main/python/transformer/util.py,['Patrick Hohenecker'],[],['Patrick Hohenecker'],[],0,1,0,0.0,1.0,0.0,169.0,4.0,5.0,False,radon,1,1,4,0,0,47,4,55,0,0,60,0,8,0,0,0,10,0,0,src/main/python/transformer/util.py,0,15,0,5,0,16,7,8,365,226,0,0,0,0,0,0,0,0,0,0,0,0,0,0,0,0,0,phohenecker pytorch transformer,0,0,0,0,0
phohenecker pytorch transformer,src/test/python/transformer_test/decoder_test.py,phohenecker pytorch transformer::src/test/python/transformer_test/decoder_test.py,['Patrick Hohenecker'],[],['Patrick Hohenecker'],[],0,1,0,0.0,1.0,0.0,166.0,2.0,3.0,False,radon,0,0,2,0,0,34,2,38,0,0,42,0,6,0,0,0,6,0,0,src/test/python/transformer_test/decoder_test.py,0,8,0,3,0,12,5,5,245,153,0,0,0,0,0,0,0,0,0,0,0,0,0,0,0,0,0,phohenecker pytorch transformer,0,0,0,0,0
phohenecker pytorch transformer,src/test/python/transformer_test/encoder_test.py,phohenecker pytorch transformer::src/test/python/transformer_test/encoder_test.py,['Patrick Hohenecker'],[],['Patrick Hohenecker'],[],0,1,0,0.0,1.0,0.0,133.0,2.0,3.0,False,radon,0,0,0,0,0,7,0,7,0,0,10,0,1,0,0,0,2,0,0,src/test/python/transformer_test/encoder_test.py,0,0,0,1,0,4,1,1,52,31,0,0,0,0,0,0,0,0,0,0,0,0,0,0,0,0,0,phohenecker pytorch transformer,0,0,0,0,0
phohenecker pytorch transformer,src/test/python/transformer_test/feed_forward_layer_test.py,phohenecker pytorch transformer::src/test/python/transformer_test/feed_forward_layer_test.py,['Patrick Hohenecker'],[],['Patrick Hohenecker'],[],0,1,0,0.0,1.0,0.0,108.0,3.5,4.0,False,radon,0,0,0,0,0,2,0,2,0,0,5,0,0,0,0,0,2,0,0,src/test/python/transformer_test/feed_forward_layer_test.py,0,0,0,1,0,4,0,0,24,9,0,0,0,0,0,0,0,0,0,0,0,0,0,0,0,0,0,phohenecker pytorch transformer,0,0,0,0,0
phohenecker pytorch transformer,src/test/python/transformer_test/multi_head_attention_test.py,phohenecker pytorch transformer::src/test/python/transformer_test/multi_head_attention_test.py,['Patrick Hohenecker'],[],['Patrick Hohenecker'],[],0,1,0,0.0,1.0,0.0,278.0,2.1666666666666665,3.0,False,radon,0,1,3,0,0,29,3,35,0,0,37,0,4,0,0,0,6,0,0,src/test/python/transformer_test/multi_head_attention_test.py,0,9,0,3,0,12,5,5,231,140,0,0,0,0,0,0,0,0,0,0,0,0,0,0,0,0,0,phohenecker pytorch transformer,0,0,0,0,0
phohenecker pytorch transformer,src/test/python/transformer_test/normalization_test.py,phohenecker pytorch transformer::src/test/python/transformer_test/normalization_test.py,['Patrick Hohenecker'],[],['Patrick Hohenecker'],[],0,1,0,0.0,1.0,0.0,85.0,3.5,4.0,False,radon,0,0,0,0,0,1,0,1,0,0,3,0,0,0,0,0,2,0,0,src/test/python/transformer_test/normalization_test.py,0,0,0,1,0,0,0,0,19,7,0,0,0,0,0,0,0,0,0,0,0,0,0,0,0,0,0,phohenecker pytorch transformer,0,0,0,0,0
phohenecker pytorch transformer,src/test/python/transformer_test/transformer_tools_test.py,phohenecker pytorch transformer::src/test/python/transformer_test/transformer_tools_test.py,['Patrick Hohenecker'],[],['Patrick Hohenecker'],[],0,1,0,0.0,1.0,0.0,191.0,1.3333333333333333,2.0,False,radon,0,0,2,0,0,24,2,28,0,0,30,0,4,0,0,0,4,0,0,src/test/python/transformer_test/transformer_tools_test.py,0,7,0,2,0,8,3,4,160,105,0,0,0,0,0,0,0,0,0,0,0,0,0,0,0,0,0,phohenecker pytorch transformer,0,0,0,0,0
phohenecker pytorch transformer,src/test/python/transformer_test/util_test.py,phohenecker pytorch transformer::src/test/python/transformer_test/util_test.py,['Patrick Hohenecker'],[],['Patrick Hohenecker'],[],0,1,0,0.0,1.0,0.0,222.0,2.0,4.0,False,radon,0,0,2,0,0,24,2,28,0,0,31,0,4,0,0,0,6,0,0,src/test/python/transformer_test/util_test.py,0,8,0,3,0,8,4,4,193,118,0,0,0,0,0,0,0,0,0,0,0,0,0,0,0,0,0,phohenecker pytorch transformer,0,0,0,0,0
seongahjo Mosaicer,mosaicer/extraction.py,seongahjo Mosaicer::mosaicer/extraction.py,['seongahjo'],['seongahjo'],[],[],1,0,0,1.0,0.0,0.0,61.0,9.0,9.0,False,radon,0,0,1,0,4,1,0,12,6,0,0,0,0,0,0,1,1,0,0,mosaicer/extraction.py,2,7,0,2,0,0,3,8,63,40,0,0,0,0,0,0,0,0,0,0,0,0,0,0,0,0,0,seongahjo Mosaicer,0,0,0,0,0
seongahjo Mosaicer,mosaicer/feature.py,seongahjo Mosaicer::mosaicer/feature.py,['seongahjo'],['seongahjo'],[],[],1,0,0,1.0,0.0,0.0,104.0,1.4705882352941178,3.0,False,radon,0,0,0,0,9,4,0,21,8,0,0,0,0,0,0,0,4,0,0,mosaicer/feature.py,0,3,0,0,0,0,0,0,22,21,0,0,0,0,0,0,0,0,0,0,0,0,0,0,0,0,0,seongahjo Mosaicer,0,0,0,0,0
seongahjo Mosaicer,mosaicer/file_util.py,seongahjo Mosaicer::mosaicer/file_util.py,['seongahjo'],['seongahjo'],[],[],1,0,0,1.0,0.0,0.0,48.0,3.0,5.0,False,radon,0,0,1,0,13,5,0,33,14,0,0,0,0,0,0,1,6,0,0,mosaicer/file_util.py,2,10,0,2,0,0,3,8,85,61,0,0,0,0,0,0,0,0,0,0,0,0,0,0,0,0,0,seongahjo Mosaicer,0,0,0,0,0
seongahjo Mosaicer,mosaicer/label.py,seongahjo Mosaicer::mosaicer/label.py,['seongahjo'],['seongahjo'],[],[],1,0,0,1.0,0.0,0.0,89.0,1.75,3.0,False,radon,0,0,0,0,13,4,0,31,14,0,0,0,0,0,0,0,6,0,0,mosaicer/label.py,0,6,0,0,0,0,0,0,40,26,0,0,0,0,0,0,0,0,0,0,0,0,0,0,0,0,0,seongahjo Mosaicer,0,0,0,0,0
seongahjo Mosaicer,mosaicer/mosaicer.py,seongahjo Mosaicer::mosaicer/mosaicer.py,"['SeongAhJo', 'seongahjo']","['SeongAhJo', 'seongahjo']",[],[],2,0,0,1.0,0.0,0.0,143.0,2.2222222222222223,4.0,False,radon,2,1,4,0,43,17,0,108,44,0,0,0,0,0,0,7,14,0,0,mosaicer/mosaicer.py,14,50,0,14,0,0,21,56,498,316,0,0,0,0,0,0,0,0,0,0,0,0,0,0,0,0,0,seongahjo Mosaicer,0,0,0,0,0
seongahjo Mosaicer,mosaicer/train.py,seongahjo Mosaicer::mosaicer/train.py,['seongahjo'],['seongahjo'],[],[],1,0,0,1.0,0.0,0.0,60.0,4.0,4.0,False,radon,0,0,0,0,26,3,0,45,16,0,0,0,0,0,0,0,8,0,0,mosaicer/train.py,0,15,0,0,0,0,0,0,87,59,0,0,0,0,0,0,0,0,0,0,0,0,0,0,0,0,0,seongahjo Mosaicer,0,0,0,0,0
seongahjo Mosaicer,mosaicer/web.py,seongahjo Mosaicer::mosaicer/web.py,"['SeongAhJo', 'seongahjo']","['SeongAhJo', 'seongahjo']",[],[],2,0,0,1.0,0.0,0.0,69.0,1.3333333333333333,2.0,False,radon,0,0,2,0,30,17,0,81,32,0,0,0,0,0,0,8,8,0,0,mosaicer/web.py,16,48,0,16,0,0,24,64,496,319,0,0,0,0,0,0,0,0,0,0,0,0,0,0,0,0,0,seongahjo Mosaicer,0,0,0,0,0
sethuiyer Image to Image Search,capgen.py,sethuiyer Image to Image Search::capgen.py,['Sethu Iyer'],[],[],['Sethu Iyer'],0,0,1,0.0,0.0,1.0,62.0,1.5,3.0,False,radon,0,0,0,3,8,15,0,36,10,0,0,0,0,0,0,0,16,0,0,capgen.py,0,24,0,0,0,0,16,0,18,179,0,0,0,0,0,0,0,0,0,0,0,0,0,0,0,0,0,sethuiyer Image to Image Search,0,0,0,0,0
sethuiyer Image to Image Search,cmdline/query.py,sethuiyer Image to Image Search::cmdline/query.py,['Sethu Iyer'],[],[],['Sethu Iyer'],0,0,1,0.0,0.0,1.0,28.0,4.0,4.0,False,radon,0,0,0,0,5,5,0,14,4,0,0,0,0,0,0,0,4,0,0,cmdline/query.py,0,6,0,0,0,0,4,0,5,46,0,0,0,0,0,0,0,0,0,0,0,0,0,0,0,0,0,sethuiyer Image to Image Search,0,0,0,0,0
sethuiyer Image to Image Search,imagernn/data_provider.py,sethuiyer Image to Image Search::imagernn/data_provider.py,['Sethu Iyer'],[],[],['Sethu Iyer'],0,0,1,0.0,0.0,1.0,117.0,3.0,7.0,True,lizard,0,0,0,1,2,3,0,8,2,0,0,0,0,0,0,0,4,0,0,imagernn/data_provider.py,0,6,0,0,0,0,4,0,4,44,0,0,0,0,0,0,0,0,0,0,0,0,0,0,0,0,0,sethuiyer Image to Image Search,0,0,0,0,0
sethuiyer Image to Image Search,imagernn/generic_batch_generator.py,sethuiyer Image to Image Search::imagernn/generic_batch_generator.py,['Sethu Iyer'],[],[],['Sethu Iyer'],0,0,1,0.0,0.0,1.0,154.0,4.0,7.0,False,radon,0,0,0,1,2,3,0,8,2,0,0,0,0,0,0,0,4,0,0,imagernn/generic_batch_generator.py,0,6,0,0,0,0,4,0,4,44,0,0,0,0,0,0,0,0,0,0,0,0,0,0,0,0,0,sethuiyer Image to Image Search,0,0,0,0,0
sethuiyer Image to Image Search,imagernn/imagernn_utils.py,sethuiyer Image to Image Search::imagernn/imagernn_utils.py,['Sethu Iyer'],[],[],['Sethu Iyer'],0,0,1,0.0,0.0,1.0,39.0,3.0,5.0,False,radon,0,0,0,1,5,7,0,19,6,0,0,0,0,0,0,0,8,0,0,imagernn/imagernn_utils.py,0,12,0,0,0,0,8,0,10,90,0,0,0,0,0,0,0,0,0,0,0,0,0,0,0,0,0,sethuiyer Image to Image Search,0,0,0,0,0
sethuiyer Image to Image Search,imagernn/lstm_generator.py,sethuiyer Image to Image Search::imagernn/lstm_generator.py,['Sethu Iyer'],[],[],['Sethu Iyer'],0,0,1,0.0,0.0,1.0,299.0,7.166666666666667,13.0,False,radon,0,0,0,1,5,7,0,19,6,0,0,0,0,0,0,0,8,0,0,imagernn/lstm_generator.py,0,12,0,0,0,0,8,0,10,90,0,0,0,0,0,0,0,0,0,0,0,0,0,0,0,0,0,sethuiyer Image to Image Search,0,0,0,0,0
sethuiyer Image to Image Search,imagernn/rnn_generator.py,sethuiyer Image to Image Search::imagernn/rnn_generator.py,['Sethu Iyer'],[],[],['Sethu Iyer'],0,0,1,0.0,0.0,1.0,281.0,9.0,20.0,False,radon,0,0,0,1,2,3,0,8,2,0,0,0,0,0,0,0,4,0,0,imagernn/rnn_generator.py,0,6,0,0,0,0,4,0,4,44,0,0,0,0,0,0,0,0,0,0,0,0,0,0,0,0,0,sethuiyer Image to Image Search,0,0,0,0,0
sethuiyer Image to Image Search,imagernn/solver.py,sethuiyer Image to Image Search::imagernn/solver.py,['Sethu Iyer'],[],[],['Sethu Iyer'],0,0,1,0.0,0.0,1.0,151.0,8.666666666666666,16.0,True,lizard,0,0,0,1,2,3,0,8,2,0,0,0,0,0,0,0,4,0,0,imagernn/solver.py,0,6,0,0,0,0,4,0,4,44,0,0,0,0,0,0,0,0,0,0,0,0,0,0,0,0,0,sethuiyer Image to Image Search,0,0,0,0,0
sethuiyer Image to Image Search,imagernn/utils.py,sethuiyer Image to Image Search::imagernn/utils.py,['Sethu Iyer'],[],[],['Sethu Iyer'],0,0,1,0.0,0.0,1.0,26.0,2.0,3.0,False,radon,0,0,0,1,2,3,0,8,2,0,0,0,0,0,0,0,4,0,0,imagernn/utils.py,0,6,0,0,0,0,4,0,4,44,0,0,0,0,0,0,0,0,0,0,0,0,0,0,0,0,0,sethuiyer Image to Image Search,0,0,0,0,0
sethuiyer Image to Image Search,index_database.py,sethuiyer Image to Image Search::index_database.py,['Sethu Iyer'],[],[],['Sethu Iyer'],0,0,1,0.0,0.0,1.0,22.0,2.0,2.0,False,radon,0,0,0,0,5,5,0,14,4,0,0,0,0,0,0,0,4,0,0,index_database.py,0,6,0,0,0,0,4,0,5,46,0,0,0,0,0,0,0,0,0,0,0,0,0,0,0,0,0,sethuiyer Image to Image Search,0,0,0,0,0
sethuiyer Image to Image Search,server.py,sethuiyer Image to Image Search::server.py,"['Mohammed Ramli', 'Sethu Iyer']",['Mohammed Ramli'],[],['Sethu Iyer'],1,0,1,0.5,0.0,0.5,162.0,3.7777777777777777,6.0,False,radon,0,0,0,2,33,32,0,91,24,0,0,0,0,0,0,0,28,0,0,server.py,0,42,0,0,0,0,28,0,37,325,0,0,0,0,0,0,0,0,0,0,0,0,0,0,0,0,0,sethuiyer Image to Image Search,0,0,0,0,0
sirfoga pygce,pygce/analysis/cli.py,sirfoga pygce::pygce/analysis/cli.py,"['Stefano Fogarollo', 'stefano']","['Stefano Fogarollo', 'stefano']",[],[],2,0,0,1.0,0.0,0.0,70.0,2.25,5.0,False,radon,7,1,0,8,3,45,0,93,37,0,0,0,116,0,0,0,10,0,2,pygce/analysis/cli.py,0,0,0,20,0,0,0,20,443,72,0,0,0,0,0,0,0,0,10,0,0,0,0,0,0,0,0,sirfoga pygce,0,0,0,0,0
sirfoga pygce,pygce/analysis/models.py,sirfoga pygce::pygce/analysis/models.py,"['Stefano Fogarollo', 'sirfoga', 'stefano']","['Stefano Fogarollo', 'sirfoga', 'stefano']",[],[],3,0,0,1.0,0.0,0.0,410.0,2.090909090909091,5.0,False,radon,7,1,0,10,4,58,0,120,48,0,0,0,154,0,0,0,13,0,2,pygce/analysis/models.py,0,0,0,26,0,0,0,26,576,91,0,0,0,0,0,0,0,0,13,0,0,0,0,0,0,0,0,sirfoga pygce,0,0,0,0,0
sirfoga pygce,pygce/cli.py,sirfoga pygce::pygce/cli.py,"['Stefano Fogarollo', 'sirfoga', 'stefano']","['Stefano Fogarollo', 'sirfoga', 'stefano']",[],[],3,0,0,1.0,0.0,0.0,145.0,3.8,9.0,False,radon,58,13,0,21,21,105,0,243,96,0,0,0,225,0,0,0,21,0,12,pygce/cli.py,0,0,0,42,0,0,0,47,1037,188,0,0,0,0,0,0,0,0,21,0,0,0,0,0,0,0,0,sirfoga pygce,0,0,0,0,0
sirfoga pygce,pygce/models/bot.py,sirfoga pygce::pygce/models/bot.py,"['Stefano Fogarollo', 'saltgz', 'sirfoga', 'stefano']","['Stefano Fogarollo', 'saltgz', 'sirfoga', 'stefano']",[],[],4,0,0,1.0,0.0,0.0,419.0,2.125,5.0,False,radon,65,12,0,33,25,138,0,310,114,0,0,0,333,0,0,0,28,0,11,pygce/models/bot.py,0,0,0,53,0,0,0,64,1375,225,0,0,0,0,0,0,0,0,26,0,0,0,0,0,0,0,0,sirfoga pygce,0,0,0,0,0
sirfoga pygce,pygce/models/garmin/timeline.py,sirfoga pygce::pygce/models/garmin/timeline.py,"['Stefano Fogarollo', 'sirfoga', 'stefano']","['Stefano Fogarollo', 'sirfoga', 'stefano']",[],[],3,0,0,1.0,0.0,0.0,654.0,1.8679245283018868,6.0,False,radon,28,6,0,16,12,80,0,178,70,0,0,0,175,0,0,0,17,0,6,pygce/models/garmin/timeline.py,0,0,0,33,0,0,0,34,759,137,0,0,0,0,0,0,0,0,16,0,0,0,0,0,0,0,0,sirfoga pygce,0,0,0,0,0
sirfoga pygce,pygce/models/garmin/utils.py,sirfoga pygce::pygce/models/garmin/utils.py,"['Stefano Fogarollo', 'sirfoga', 'stefano']","['Stefano Fogarollo', 'sirfoga', 'stefano']",[],[],3,0,0,1.0,0.0,0.0,85.0,1.5,3.0,False,radon,20,3,0,7,5,35,0,83,36,0,0,0,102,0,0,0,11,0,3,pygce/models/garmin/utils.py,0,0,0,19,0,0,0,20,427,69,0,0,0,0,0,0,0,0,7,0,0,0,0,0,0,0,0,sirfoga pygce,0,0,0,0,0
sirfoga pygce,pygce/models/logger.py,sirfoga pygce::pygce/models/logger.py,"['sirfoga', 'stefano']","['sirfoga', 'stefano']",[],[],2,0,0,1.0,0.0,0.0,41.0,1.3333333333333333,2.0,False,radon,21,3,0,4,7,20,0,48,17,0,0,0,46,0,0,0,4,0,1,pygce/models/logger.py,0,0,0,8,0,0,0,8,187,32,0,0,0,0,0,0,0,0,4,0,0,0,0,0,0,0,0,sirfoga pygce,0,0,0,0,0
skjerns AutoSleepScorer,sleepscorer/main.py,skjerns AutoSleepScorer::sleepscorer/main.py,"['Simon Kern', 'skjerns']","['Simon Kern', 'skjerns']",[],[],2,0,0,1.0,0.0,0.0,93.0,2.0,2.0,False,radon,0,0,24,10,73,14,0,132,11,0,0,0,0,0,0,3,0,0,0,sleepscorer/main.py,0,36,0,0,0,0,4,19,117,325,0,0,3,7,0,0,0,0,0,13,0,0,0,12,0,0,0,skjerns AutoSleepScorer,0,0,0,0,0
skjerns AutoSleepScorer,sleepscorer/sleeploader.py,skjerns AutoSleepScorer::sleepscorer/sleeploader.py,"['Simon Kern', 'skjerns']","['Simon Kern', 'skjerns']",[],[],2,0,0,1.0,0.0,0.0,346.0,4.294117647058823,16.0,False,radon,0,0,27,12,82,16,0,152,15,0,0,0,0,0,0,3,0,0,0,sleepscorer/sleeploader.py,0,45,0,0,0,0,5,23,144,365,0,0,3,8,0,0,0,0,0,14,0,0,0,12,0,0,0,skjerns AutoSleepScorer,0,0,0,0,0
skjerns AutoSleepScorer,sleepscorer/sleepscorer.py,skjerns AutoSleepScorer::sleepscorer/sleepscorer.py,"['Simon Kern', 'skjerns']","['Simon Kern', 'skjerns']",[],[],2,0,0,1.0,0.0,0.0,224.0,3.611111111111111,14.0,False,radon,4,2,66,38,199,42,0,412,67,0,0,0,0,0,0,3,0,0,0,sleepscorer/sleepscorer.py,0,162,0,0,0,0,18,75,490,885,0,0,3,21,0,0,0,0,0,27,0,0,0,12,0,0,0,skjerns AutoSleepScorer,0,0,0,0,0
skjerns AutoSleepScorer,sleepscorer/tools.py,skjerns AutoSleepScorer::sleepscorer/tools.py,"['Simon Kern', 'skjerns']","['Simon Kern', 'skjerns']",[],[],2,0,0,1.0,0.0,0.0,370.0,6.785714285714286,31.0,False,radon,0,0,27,12,82,16,0,152,15,0,0,0,0,0,0,3,0,0,0,sleepscorer/tools.py,0,45,0,0,0,0,5,23,143,365,0,0,3,8,0,0,0,0,0,14,0,0,0,12,0,0,0,skjerns AutoSleepScorer,0,0,0,0,0
soumyadip1995 TextBrain Building an AI start up using NLP,backend/api.py,soumyadip1995 TextBrain Building an AI start up using NLP::backend/api.py,['Soumyadip Nandi'],['Soumyadip Nandi'],[],[],1,0,0,1.0,0.0,0.0,373.0,4.2,13.0,False,radon,0,0,0,0,5,1,0,8,2,0,0,0,0,1,0,0,2,0,0,backend/api.py,0,1,0,0,0,0,1,0,10,9,0,0,0,0,0,0,0,0,0,0,0,0,0,0,0,0,0,soumyadip1995 TextBrain Building an AI start up using NLP,0,0,0,0,0
soumyadip1995 TextBrain Building an AI start up using NLP,backend/class_register.py,soumyadip1995 TextBrain Building an AI start up using NLP::backend/class_register.py,['Soumyadip Nandi'],['Soumyadip Nandi'],[],[],1,0,0,1.0,0.0,0.0,11.0,1.0,1.0,False,radon,0,0,0,0,5,1,0,8,2,0,0,0,0,1,0,0,2,0,0,backend/class_register.py,0,1,0,0,0,0,1,0,10,9,0,0,0,0,0,0,0,0,0,0,0,0,0,0,0,0,0,soumyadip1995 TextBrain Building an AI start up using NLP,0,0,0,0,0
soumyadip1995 TextBrain Building an AI start up using NLP,server.py,soumyadip1995 TextBrain Building an AI start up using NLP::server.py,['Soumyadip Nandi'],['Soumyadip Nandi'],[],[],1,0,0,1.0,0.0,0.0,152.0,1.4285714285714286,2.0,False,radon,0,0,0,0,5,1,0,7,1,0,0,0,0,0,0,0,1,0,0,server.py,0,0,0,0,0,0,0,0,0,0,0,0,0,0,0,0,0,0,0,0,0,0,0,0,0,0,0,soumyadip1995 TextBrain Building an AI start up using NLP,0,0,0,0,0
subodh malgonde vehicle detection,utils.py,subodh malgonde vehicle detection::utils.py,['Subodh Malgonde'],['Subodh Malgonde'],[],[],1,0,0,1.0,0.0,0.0,24.0,4.0,4.0,False,radon,0,0,0,0,1,1,0,2,0,0,0,0,0,0,0,0,0,0,0,utils.py,0,0,0,0,0,0,0,0,0,1,0,0,0,0,0,0,0,0,0,0,0,0,0,0,0,0,0,subodh malgonde vehicle detection,0,0,0,0,0
sugyan tf face recognizer,eval/misc/collage.py,sugyan tf face recognizer::eval/misc/collage.py,['sugyan'],[],[],['sugyan'],0,0,1,0.0,0.0,1.0,33.0,4.0,4.0,False,radon,0,0,1,0,10,0,0,11,0,0,0,0,0,0,0,0,1,0,0,eval/misc/collage.py,0,4,0,2,0,0,1,0,18,13,0,0,0,0,0,0,0,0,0,0,0,0,0,0,0,0,0,sugyan tf face recognizer,0,0,0,0,0
sugyan tf face recognizer,eval/misc/errors.py,sugyan tf face recognizer::eval/misc/errors.py,['sugyan'],[],[],['sugyan'],0,0,1,0.0,0.0,1.0,85.0,8.0,8.0,False,radon,0,0,3,0,33,0,0,36,0,0,0,0,0,0,0,0,3,0,0,eval/misc/errors.py,0,15,0,6,0,0,3,0,64,45,0,0,0,0,0,0,0,0,0,0,0,0,0,0,0,0,0,sugyan tf face recognizer,0,0,0,0,0
sugyan tf face recognizer,eval/train_and_eval.py,sugyan tf face recognizer::eval/train_and_eval.py,['sugyan'],[],[],['sugyan'],0,0,1,0.0,0.0,1.0,153.0,5.0,11.0,False,radon,2,1,15,0,142,0,0,161,4,0,0,0,0,7,0,0,15,0,0,eval/train_and_eval.py,0,57,0,29,0,0,15,0,219,153,0,0,0,0,0,0,0,0,0,0,0,0,0,0,0,0,0,sugyan tf face recognizer,0,0,0,0,0
sugyan tf face recognizer,misc/clustering/outputs_from_images.py,sugyan tf face recognizer::misc/clustering/outputs_from_images.py,['sugyan'],[],[],['sugyan'],0,0,1,0.0,0.0,1.0,59.0,8.0,8.0,False,radon,0,0,1,0,7,1,0,9,0,0,0,0,0,0,0,0,1,0,0,misc/clustering/outputs_from_images.py,0,3,0,1,0,0,1,0,7,5,0,0,0,0,0,0,0,0,0,0,0,0,0,0,0,0,0,sugyan tf face recognizer,0,0,0,0,0
sugyan tf face recognizer,misc/clustering/outputs_from_tfrecords.py,sugyan tf face recognizer::misc/clustering/outputs_from_tfrecords.py,['sugyan'],[],[],['sugyan'],0,0,1,0.0,0.0,1.0,52.0,6.0,6.0,False,radon,0,0,3,0,21,2,0,26,0,0,0,0,0,0,0,0,3,0,0,misc/clustering/outputs_from_tfrecords.py,0,9,0,3,0,0,3,0,22,15,0,0,0,0,0,0,0,0,0,0,0,0,0,0,0,0,0,sugyan tf face recognizer,0,0,0,0,0
sugyan tf face recognizer,misc/experiment/distortion/main.py,sugyan tf face recognizer::misc/experiment/distortion/main.py,['sugyan'],[],[],['sugyan'],0,0,1,0.0,0.0,1.0,44.0,3.0,3.0,False,radon,0,0,4,0,37,0,0,41,0,0,0,0,0,2,0,0,4,0,0,misc/experiment/distortion/main.py,0,14,0,6,0,0,4,0,52,34,0,0,0,0,0,0,0,0,0,0,0,0,0,0,0,0,0,sugyan tf face recognizer,0,0,0,0,0
sugyan tf face recognizer,misc/graph/freeze.py,sugyan tf face recognizer::misc/graph/freeze.py,['sugyan'],[],[],['sugyan'],0,0,1,0.0,0.0,1.0,48.0,2.0,2.0,False,radon,0,0,2,0,17,2,0,21,0,0,0,0,0,1,0,0,2,0,0,misc/graph/freeze.py,0,6,0,2,0,0,3,0,20,32,0,0,0,0,0,0,0,0,0,0,0,0,0,0,0,0,0,sugyan tf face recognizer,0,0,0,0,0
sugyan tf face recognizer,misc/projector/directory.py,sugyan tf face recognizer::misc/projector/directory.py,['sugyan'],[],[],['sugyan'],0,0,1,0.0,0.0,1.0,94.0,9.0,9.0,False,radon,0,0,3,0,30,3,0,39,3,0,0,0,0,3,0,0,3,0,0,misc/projector/directory.py,0,6,0,3,0,0,3,0,34,81,0,0,0,0,0,0,0,0,0,0,0,0,0,0,0,0,0,sugyan tf face recognizer,0,0,0,0,0
sugyan tf face recognizer,misc/projector/tfrecords.py,sugyan tf face recognizer::misc/projector/tfrecords.py,['sugyan'],[],[],['sugyan'],0,0,1,0.0,0.0,1.0,88.0,5.0,9.0,False,radon,0,0,2,0,19,2,0,26,3,0,0,0,0,3,0,0,2,0,0,misc/projector/tfrecords.py,0,3,0,2,0,0,1,0,21,54,0,0,0,0,0,0,0,0,0,0,0,0,0,0,0,0,0,sugyan tf face recognizer,0,0,0,0,0
sugyan tf face recognizer,model.py,sugyan tf face recognizer::model.py,['sugyan'],[],[],['sugyan'],0,0,1,0.0,0.0,1.0,100.0,2.6666666666666665,5.0,False,radon,2,1,12,0,120,3,0,135,0,0,0,0,0,2,0,0,13,0,0,model.py,0,51,0,23,0,0,12,0,201,174,0,0,0,0,0,0,0,0,0,0,0,0,0,0,0,0,0,sugyan tf face recognizer,0,0,0,0,0
sugyan tf face recognizer,train.py,sugyan tf face recognizer::train.py,['sugyan'],[],[],['sugyan'],0,0,1,0.0,0.0,1.0,133.0,4.75,8.0,False,radon,12,1,19,3,158,31,0,215,4,0,0,0,0,6,0,0,17,0,0,train.py,0,53,0,22,0,0,18,0,217,289,0,0,0,0,0,0,0,0,0,0,0,0,0,0,0,0,0,sugyan tf face recognizer,0,0,0,0,0
sugyan tf face recognizer,web.py,sugyan tf face recognizer::web.py,['sugyan'],[],[],['sugyan'],0,0,1,0.0,0.0,1.0,63.0,2.0,3.0,False,radon,17,2,21,8,172,30,0,260,29,0,0,0,0,15,0,0,31,0,0,web.py,0,22,0,31,0,0,10,0,167,316,0,0,0,0,0,0,0,0,0,0,0,0,0,0,0,0,0,sugyan tf face recognizer,0,0,0,0,0
t04glovern stylegan pokemon,rnn/model.py,t04glovern stylegan pokemon::rnn/model.py,['Nathan Glover'],[],[],['Nathan Glover'],0,0,1,0.0,0.0,1.0,138.0,10.333333333333334,14.0,False,radon,0,0,4,6,36,15,0,76,15,0,1,0,3,5,0,1,2,0,0,rnn/model.py,0,21,0,3,0,0,5,15,63,211,0,1,0,0,0,0,0,0,1,0,1,0,0,0,0,0,0,t04glovern stylegan pokemon,0,0,0,0,0
t04glovern stylegan pokemon,rnn/sample.py,t04glovern stylegan pokemon::rnn/sample.py,['Nathan Glover'],[],[],['Nathan Glover'],0,0,1,0.0,0.0,1.0,55.0,4.0,4.0,False,radon,0,0,8,12,71,31,0,152,30,0,2,0,6,10,0,2,4,0,0,rnn/sample.py,0,42,0,6,0,0,10,30,128,422,0,2,0,0,0,0,0,0,2,0,2,0,0,0,0,0,0,t04glovern stylegan pokemon,0,0,0,0,0
t04glovern stylegan pokemon,rnn/train.py,t04glovern stylegan pokemon::rnn/train.py,['Nathan Glover'],[],[],['Nathan Glover'],0,0,1,0.0,0.0,1.0,145.0,18.0,18.0,False,radon,0,0,4,6,36,15,0,76,15,0,1,0,3,5,0,1,2,0,0,rnn/train.py,0,21,0,3,0,0,5,15,63,211,0,1,0,0,0,0,0,0,1,0,1,0,0,0,0,0,0,t04glovern stylegan pokemon,0,0,0,0,0
t04glovern stylegan pokemon,rnn/utils.py,t04glovern stylegan pokemon::rnn/utils.py,['Nathan Glover'],[],[],['Nathan Glover'],0,0,1,0.0,0.0,1.0,82.0,1.7142857142857142,3.0,False,radon,0,0,4,6,36,15,0,76,15,0,1,0,3,5,0,1,2,0,0,rnn/utils.py,0,21,0,3,0,0,5,15,63,211,0,1,0,0,0,0,0,0,1,0,1,0,0,0,0,0,0,t04glovern stylegan pokemon,0,0,0,0,0
t04glovern stylegan pokemon,stylegan/dataset_tool.py,t04glovern stylegan pokemon::stylegan/dataset_tool.py,['Nathan Glover'],[],[],['Nathan Glover'],0,0,1,0.0,0.0,1.0,646.0,4.472222222222222,15.0,False,radon,0,0,4,6,36,15,0,76,15,0,1,0,3,4,0,1,2,0,0,stylegan/dataset_tool.py,0,19,0,3,0,0,4,14,48,209,0,1,0,0,0,0,0,0,1,0,1,0,0,0,0,0,0,t04glovern stylegan pokemon,0,0,0,0,0
t04glovern stylegan pokemon,stylegan/dnnlib/submission/_internal/run.py,t04glovern stylegan pokemon::stylegan/dnnlib/submission/_internal/run.py,['Nathan Glover'],[],[],['Nathan Glover'],0,0,1,0.0,0.0,1.0,46.0,3.0,3.0,True,lizard,0,0,4,6,36,15,0,76,15,0,1,0,3,4,0,1,2,0,0,stylegan/dnnlib/submission/_internal/run.py,0,19,0,3,0,0,4,14,48,209,0,1,0,0,0,0,0,0,1,0,1,0,0,0,0,0,0,t04glovern stylegan pokemon,0,0,0,0,0
t04glovern stylegan pokemon,stylegan/dnnlib/submission/run_context.py,t04glovern stylegan pokemon::stylegan/dnnlib/submission/run_context.py,['Nathan Glover'],[],[],['Nathan Glover'],0,0,1,0.0,0.0,1.0,100.0,1.7777777777777777,5.0,True,lizard,0,0,4,6,36,15,0,76,15,0,1,0,3,4,0,1,2,0,0,stylegan/dnnlib/submission/run_context.py,0,19,0,3,0,0,4,14,48,209,0,1,0,0,0,0,0,0,1,0,1,0,0,0,0,0,0,t04glovern stylegan pokemon,0,0,0,0,0
t04glovern stylegan pokemon,stylegan/dnnlib/submission/submit.py,t04glovern stylegan pokemon::stylegan/dnnlib/submission/submit.py,['Nathan Glover'],[],[],['Nathan Glover'],0,0,1,0.0,0.0,1.0,291.0,3.142857142857143,7.0,False,radon,0,0,4,6,36,15,0,76,15,0,1,0,3,4,0,1,2,0,0,stylegan/dnnlib/submission/submit.py,0,19,0,3,0,0,4,14,48,209,0,1,0,0,0,0,0,0,1,0,1,0,0,0,0,0,0,t04glovern stylegan pokemon,0,0,0,0,0
t04glovern stylegan pokemon,stylegan/dnnlib/tflib/autosummary.py,t04glovern stylegan pokemon::stylegan/dnnlib/tflib/autosummary.py,['Nathan Glover'],[],[],['Nathan Glover'],0,0,1,0.0,0.0,1.0,185.0,6.75,14.0,True,lizard,0,0,4,6,36,15,0,76,15,0,1,0,3,4,0,1,2,0,0,stylegan/dnnlib/tflib/autosummary.py,0,19,0,3,0,0,4,14,48,209,0,1,0,0,0,0,0,0,1,0,1,0,0,0,0,0,0,t04glovern stylegan pokemon,0,0,0,0,0
t04glovern stylegan pokemon,stylegan/dnnlib/tflib/network.py,t04glovern stylegan pokemon::stylegan/dnnlib/tflib/network.py,['Nathan Glover'],[],[],['Nathan Glover'],0,0,1,0.0,0.0,1.0,592.0,6.241379310344827,28.0,True,lizard,0,0,4,6,36,15,0,76,15,0,1,0,3,4,0,1,2,0,0,stylegan/dnnlib/tflib/network.py,0,19,0,3,0,0,4,14,48,209,0,1,0,0,0,0,0,0,1,0,1,0,0,0,0,0,0,t04glovern stylegan pokemon,0,0,0,0,0
t04glovern stylegan pokemon,stylegan/dnnlib/tflib/optimizer.py,t04glovern stylegan pokemon::stylegan/dnnlib/tflib/optimizer.py,['Nathan Glover'],[],[],['Nathan Glover'],0,0,1,0.0,0.0,1.0,215.0,7.125,22.0,False,radon,0,0,4,6,36,15,0,76,15,0,1,0,3,4,0,1,2,0,0,stylegan/dnnlib/tflib/optimizer.py,0,19,0,3,0,0,4,14,48,209,0,1,0,0,0,0,0,0,1,0,1,0,0,0,0,0,0,t04glovern stylegan pokemon,0,0,0,0,0
t04glovern stylegan pokemon,stylegan/dnnlib/tflib/tfutil.py,t04glovern stylegan pokemon::stylegan/dnnlib/tflib/tfutil.py,['Nathan Glover'],[],[],['Nathan Glover'],0,0,1,0.0,0.0,1.0,241.0,2.263157894736842,7.0,True,lizard,0,0,4,6,36,15,0,76,15,0,1,0,3,4,0,1,2,0,0,stylegan/dnnlib/tflib/tfutil.py,0,19,0,3,0,0,4,14,48,209,0,1,0,0,0,0,0,0,1,0,1,0,0,0,0,0,0,t04glovern stylegan pokemon,0,0,0,0,0
t04glovern stylegan pokemon,stylegan/dnnlib/util.py,t04glovern stylegan pokemon::stylegan/dnnlib/util.py,['Nathan Glover'],[],[],['Nathan Glover'],0,0,1,0.0,0.0,1.0,406.0,4.074074074074074,21.0,False,radon,0,0,4,6,36,15,0,76,15,0,1,0,3,4,0,1,2,0,0,stylegan/dnnlib/util.py,0,19,0,3,0,0,4,14,48,209,0,1,0,0,0,0,0,0,1,0,1,0,0,0,0,0,0,t04glovern stylegan pokemon,0,0,0,0,0
t04glovern stylegan pokemon,stylegan/invoke.py,t04glovern stylegan pokemon::stylegan/invoke.py,['Nathan Glover'],[],[],['Nathan Glover'],0,0,1,0.0,0.0,1.0,47.0,2.0,2.0,False,radon,0,0,16,24,143,61,0,304,60,0,4,0,12,18,0,4,8,0,0,stylegan/invoke.py,0,80,0,12,0,0,18,58,223,840,0,4,0,0,0,0,0,0,4,0,4,0,0,0,0,0,0,t04glovern stylegan pokemon,0,0,0,0,0
t04glovern stylegan pokemon,stylegan/metrics/frechet_inception_distance.py,t04glovern stylegan pokemon::stylegan/metrics/frechet_inception_distance.py,['Nathan Glover'],[],[],['Nathan Glover'],0,0,1,0.0,0.0,1.0,73.0,4.0,6.0,False,radon,0,0,4,6,36,15,0,76,15,0,1,0,3,4,0,1,2,0,0,stylegan/metrics/frechet_inception_distance.py,0,19,0,3,0,0,4,14,48,209,0,1,0,0,0,0,0,0,1,0,1,0,0,0,0,0,0,t04glovern stylegan pokemon,0,0,0,0,0
t04glovern stylegan pokemon,stylegan/metrics/linear_separability.py,t04glovern stylegan pokemon::stylegan/metrics/linear_separability.py,['Nathan Glover'],[],[],['Nathan Glover'],0,0,1,0.0,0.0,1.0,178.0,5.142857142857143,14.0,False,radon,0,0,4,6,36,15,0,76,15,0,1,0,3,4,0,1,2,0,0,stylegan/metrics/linear_separability.py,0,19,0,3,0,0,4,14,48,209,0,1,0,0,0,0,0,0,1,0,1,0,0,0,0,0,0,t04glovern stylegan pokemon,0,0,0,0,0
t04glovern stylegan pokemon,stylegan/metrics/metric_base.py,t04glovern stylegan pokemon::stylegan/metrics/metric_base.py,['Nathan Glover'],[],[],['Nathan Glover'],0,0,1,0.0,0.0,1.0,143.0,2.176470588235294,6.0,False,radon,0,0,4,6,36,15,0,76,15,0,1,0,3,4,0,1,2,0,0,stylegan/metrics/metric_base.py,0,19,0,3,0,0,4,14,48,209,0,1,0,0,0,0,0,0,1,0,1,0,0,0,0,0,0,t04glovern stylegan pokemon,0,0,0,0,0
t04glovern stylegan pokemon,stylegan/metrics/perceptual_path_length.py,t04glovern stylegan pokemon::stylegan/metrics/perceptual_path_length.py,['Nathan Glover'],[],[],['Nathan Glover'],0,0,1,0.0,0.0,1.0,109.0,4.2,9.0,False,radon,0,0,4,6,36,15,0,76,15,0,1,0,3,4,0,1,2,0,0,stylegan/metrics/perceptual_path_length.py,0,19,0,3,0,0,4,14,48,209,0,1,0,0,0,0,0,0,1,0,1,0,0,0,0,0,0,t04glovern stylegan pokemon,0,0,0,0,0
t04glovern stylegan pokemon,stylegan/train.py,t04glovern stylegan pokemon::stylegan/train.py,['Nathan Glover'],[],[],['Nathan Glover'],0,0,1,0.0,0.0,1.0,191.0,1.0,1.0,False,radon,0,0,4,6,36,15,0,76,15,0,1,0,3,4,0,1,2,0,0,stylegan/train.py,0,19,0,3,0,0,4,14,48,209,0,1,0,0,0,0,0,0,1,0,1,0,0,0,0,0,0,t04glovern stylegan pokemon,0,0,0,0,0
t04glovern stylegan pokemon,stylegan/training/dataset.py,t04glovern stylegan pokemon::stylegan/training/dataset.py,['Nathan Glover'],[],[],['Nathan Glover'],0,0,1,0.0,0.0,1.0,242.0,3.473684210526316,27.0,False,radon,0,0,4,6,36,15,0,76,15,0,1,0,3,4,0,1,2,0,0,stylegan/training/dataset.py,0,19,0,3,0,0,4,14,48,209,0,1,0,0,0,0,0,0,1,0,1,0,0,0,0,0,0,t04glovern stylegan pokemon,0,0,0,0,0
t04glovern stylegan pokemon,stylegan/training/loss.py,t04glovern stylegan pokemon::stylegan/training/loss.py,['Nathan Glover'],[],[],['Nathan Glover'],0,0,1,0.0,0.0,1.0,178.0,1.6,5.0,False,radon,0,0,4,6,36,15,0,76,15,0,1,0,3,4,0,1,2,0,0,stylegan/training/loss.py,0,19,0,3,0,0,4,14,48,209,0,1,0,0,0,0,0,0,1,0,1,0,0,0,0,0,0,t04glovern stylegan pokemon,0,0,0,0,0
t04glovern stylegan pokemon,stylegan/training/misc.py,t04glovern stylegan pokemon::stylegan/training/misc.py,['Nathan Glover'],[],[],['Nathan Glover'],0,0,1,0.0,0.0,1.0,246.0,4.411764705882353,16.0,False,radon,0,0,4,6,36,15,0,76,15,0,1,0,3,4,0,1,2,0,0,stylegan/training/misc.py,0,19,0,3,0,0,4,14,48,209,0,1,0,0,0,0,0,0,1,0,1,0,0,0,0,0,0,t04glovern stylegan pokemon,0,0,0,0,0
t04glovern stylegan pokemon,stylegan/training/networks_progan.py,t04glovern stylegan pokemon::stylegan/training/networks_progan.py,['Nathan Glover'],[],[],['Nathan Glover'],0,0,1,0.0,0.0,1.0,323.0,2.6875,10.0,False,radon,0,0,4,6,36,15,0,76,15,0,1,0,3,4,0,1,2,0,0,stylegan/training/networks_progan.py,0,19,0,3,0,0,4,14,48,209,0,1,0,0,0,0,0,0,1,0,1,0,0,0,0,0,0,t04glovern stylegan pokemon,0,0,0,0,0
t04glovern stylegan pokemon,stylegan/training/networks_stylegan.py,t04glovern stylegan pokemon::stylegan/training/networks_stylegan.py,['Nathan Glover'],[],[],['Nathan Glover'],0,0,1,0.0,0.0,1.0,662.0,3.325,25.0,True,lizard,0,0,4,6,36,15,0,76,15,0,1,0,3,4,0,1,2,0,0,stylegan/training/networks_stylegan.py,0,19,0,3,0,0,4,14,48,209,0,1,0,0,0,0,0,0,1,0,1,0,0,0,0,0,0,t04glovern stylegan pokemon,0,0,0,0,0
t04glovern stylegan pokemon,stylegan/training/training_loop.py,t04glovern stylegan pokemon::stylegan/training/training_loop.py,['Nathan Glover'],[],[],['Nathan Glover'],0,0,1,0.0,0.0,1.0,279.0,10.0,23.0,False,radon,0,0,4,6,36,15,0,76,15,0,1,0,3,4,0,1,2,0,0,stylegan/training/training_loop.py,0,19,0,3,0,0,4,14,48,209,0,1,0,0,0,0,0,0,1,0,1,0,0,0,0,0,0,t04glovern stylegan pokemon,0,0,0,0,0
tech srl code2vec,CSharpExtractor/extract.py,tech srl code2vec::CSharpExtractor/extract.py,"['Alexey Svyatkovskiy', 'Uri Alon']",['Alexey Svyatkovskiy'],[],['Uri Alon'],1,0,1,0.5,0.0,0.5,91.0,2.75,4.0,False,radon,0,0,0,0,0,18,0,28,10,0,0,0,0,0,0,0,2,0,0,CSharpExtractor/extract.py,0,10,0,4,0,0,0,4,140,50,0,0,0,0,0,0,0,0,0,0,0,0,0,0,0,0,0,tech srl code2vec,0,0,0,0,0
tech srl code2vec,JavaExtractor/extract.py,tech srl code2vec::JavaExtractor/extract.py,"['Torge', 'Uri Alon', 'lidian']","['Torge', 'lidian']",[],['Uri Alon'],2,0,1,0.6666666666666666,0.0,0.3333333333333333,85.0,3.5,5.0,False,radon,1,1,30,0,1,180,25,271,35,0,5,0,15,0,0,10,20,10,0,JavaExtractor/extract.py,5,60,0,220,10,0,5,25,1100,357,0,0,0,0,0,0,0,0,0,0,0,0,0,0,0,0,0,tech srl code2vec,0,0,0,0,0
tech srl code2vec,code2vec.py,tech srl code2vec::code2vec.py,"['Elad', 'Uri Alon', 'eladn', 'urialon']",[],"['Elad', 'eladn']","['Uri Alon', 'urialon']",0,2,2,0.0,0.5,0.5,39.0,4.0,4.0,False,radon,72,6,42,0,1,311,38,448,56,0,3,0,28,11,0,10,32,20,0,code2vec.py,13,92,0,343,13,0,8,38,1710,577,0,0,0,0,0,0,0,0,0,0,0,0,0,0,0,0,0,tech srl code2vec,0,1,0,1,B101
tech srl code2vec,common.py,tech srl code2vec::common.py,"['Elad', 'Uri Alon', 'eladn', 'urialon']",[],"['Elad', 'eladn']","['Uri Alon', 'urialon']",0,2,2,0.0,0.5,0.5,218.0,2.5357142857142856,7.0,False,radon,49,4,55,0,1,414,42,603,91,0,3,0,32,13,0,12,47,25,0,common.py,19,125,0,388,16,0,9,52,2265,790,0,0,0,0,0,0,0,0,0,0,0,0,0,0,0,0,0,tech srl code2vec,0,0,0,0,0
tech srl code2vec,config.py,tech srl code2vec::config.py,"['Elad', 'Uri Alon', 'eladn', 'urialon']",[],"['Elad', 'eladn']","['Uri Alon', 'urialon']",0,2,2,0.0,0.5,0.5,278.0,2.0,6.0,False,radon,81,8,126,0,0,719,99,1050,106,0,9,0,65,20,0,26,80,49,0,config.py,30,190,0,839,36,0,20,84,3762,1248,0,0,0,0,0,0,0,0,0,0,0,0,0,0,0,0,0,tech srl code2vec,0,1,0,1,B101
tech srl code2vec,extractor.py,tech srl code2vec::extractor.py,['Uri Alon'],[],[],['Uri Alon'],0,0,1,0.0,0.0,1.0,50.0,2.5,4.0,False,radon,0,0,0,0,1,8,0,14,5,0,0,0,0,0,0,0,1,0,0,extractor.py,0,5,0,2,0,0,0,2,68,25,0,0,0,0,0,0,0,0,0,0,0,0,0,0,0,0,0,tech srl code2vec,0,0,0,0,0
tech srl code2vec,interactive_predict.py,tech srl code2vec::interactive_predict.py,"['Elad', 'Uri Alon', 'eladn', 'urialon']",[],"['Elad', 'eladn']","['Uri Alon', 'urialon']",0,2,2,0.0,0.5,0.5,58.0,3.5,8.0,False,radon,16,1,13,0,1,97,11,141,19,0,2,0,9,2,0,5,9,6,0,interactive_predict.py,3,30,0,111,5,0,3,12,557,182,0,0,0,0,0,0,0,0,0,0,0,0,0,0,0,0,0,tech srl code2vec,0,0,0,0,0
tech srl code2vec,keras_attention_layer.py,tech srl code2vec::keras_attention_layer.py,"['Ameer Haj Ali', 'Elad', 'Uri Alon', 'urialon']",[],['Elad'],"['Ameer Haj Ali', 'Uri Alon', 'urialon']",0,1,3,0.0,0.25,0.75,67.0,5.2,13.0,False,radon,51,3,35,0,0,216,29,316,36,0,4,0,17,2,0,12,25,14,0,keras_attention_layer.py,10,65,0,252,11,0,6,25,1187,404,0,0,0,0,0,0,0,0,0,0,0,0,0,0,0,0,0,tech srl code2vec,0,0,0,0,0
tech srl code2vec,keras_checkpoint_saver_callback.py,tech srl code2vec::keras_checkpoint_saver_callback.py,"['Elad', 'Uri Alon', 'eladn']",[],"['Elad', 'eladn']",['Uri Alon'],0,2,1,0.0,0.6666666666666666,0.3333333333333333,128.0,2.15,8.0,False,radon,34,2,28,0,0,143,25,206,10,0,2,0,13,2,0,9,17,10,0,keras_checkpoint_saver_callback.py,5,35,0,193,7,0,5,15,717,227,0,0,0,0,0,0,0,0,0,0,0,0,0,0,0,0,0,tech srl code2vec,0,1,0,1,B101
tech srl code2vec,keras_model.py,tech srl code2vec::keras_model.py,"['Elad', 'Uri Alon', 'eladn']",[],"['Elad', 'eladn']",['Uri Alon'],0,2,1,0.0,0.6666666666666666,0.3333333333333333,416.0,2.4285714285714284,8.0,False,radon,104,9,96,0,0,780,84,1113,153,0,4,0,57,22,0,20,90,51,0,keras_model.py,36,222,0,773,35,0,17,96,4121,1446,0,0,0,0,0,0,0,0,0,0,0,0,0,0,0,0,0,tech srl code2vec,0,2,0,2,B101B101
tech srl code2vec,keras_topk_word_predictions_layer.py,tech srl code2vec::keras_topk_word_predictions_layer.py,"['Elad', 'Uri Alon']",[],['Elad'],['Uri Alon'],0,1,1,0.0,0.5,0.5,40.0,1.6,3.0,False,radon,48,2,13,0,0,80,14,116,9,0,1,0,8,2,0,4,10,6,0,keras_topk_word_predictions_layer.py,3,20,0,110,5,0,3,8,418,134,0,0,0,0,0,0,0,0,0,0,0,0,0,0,0,0,0,tech srl code2vec,0,0,0,0,0
tech srl code2vec,keras_word_prediction_layer.py,tech srl code2vec::keras_word_prediction_layer.py,"['Elad', 'Uri Alon']",[],['Elad'],['Uri Alon'],0,1,1,0.0,0.5,0.5,58.0,2.2,4.0,False,radon,0,0,7,0,0,60,5,86,14,0,1,0,3,0,0,2,7,4,0,keras_word_prediction_layer.py,3,19,0,57,4,0,1,8,330,121,0,0,0,0,0,0,0,0,0,0,0,0,0,0,0,0,0,tech srl code2vec,0,0,0,0,0
tech srl code2vec,keras_words_subtoken_metrics.py,tech srl code2vec::keras_words_subtoken_metrics.py,"['Elad', 'Uri Alon', 'eladn']",[],"['Elad', 'eladn']",['Uri Alon'],0,2,1,0.0,0.6666666666666666,0.3333333333333333,129.0,2.0,4.0,False,radon,45,5,44,0,0,253,35,375,43,0,2,0,20,6,0,8,32,18,0,keras_words_subtoken_metrics.py,11,70,0,289,12,0,7,32,1337,453,0,0,0,0,0,0,0,0,0,0,0,0,0,0,0,0,0,tech srl code2vec,0,0,0,0,0
tech srl code2vec,model_base.py,tech srl code2vec::model_base.py,"['Elad', 'Uri Alon', 'eladn', 'urialon']",[],"['Elad', 'eladn']","['Uri Alon', 'urialon']",0,2,2,0.0,0.5,0.5,183.0,1.6153846153846154,3.0,False,radon,92,7,66,0,0,510,54,721,91,0,4,0,39,12,0,15,57,33,0,model_base.py,23,141,0,505,23,0,11,60,2659,919,0,0,0,0,0,0,0,0,0,0,0,0,0,0,0,0,0,tech srl code2vec,0,0,0,0,0
tech srl code2vec,path_context_reader.py,tech srl code2vec::path_context_reader.py,"['Elad', 'Uri Alon', 'eladn', 'urialon']",[],"['Elad', 'eladn']","['Uri Alon', 'urialon']",0,2,2,0.0,0.5,0.5,229.0,1.894736842105263,8.0,False,radon,94,8,59,0,0,472,49,666,86,0,3,0,35,10,0,14,54,30,0,path_context_reader.py,21,127,0,465,21,0,10,56,2430,851,0,0,0,0,0,0,0,0,0,0,0,0,0,0,0,0,0,tech srl code2vec,0,0,0,0,0
tech srl code2vec,preprocess.py,tech srl code2vec::preprocess.py,"['Rafiqul Rabin', 'Uri Alon']",['Rafiqul Rabin'],[],['Uri Alon'],1,0,1,0.5,0.0,0.5,142.0,5.25,14.0,False,radon,0,0,12,0,1,66,10,98,9,0,2,0,6,0,0,4,7,4,0,preprocess.py,2,19,0,86,4,0,2,8,370,117,0,0,0,0,0,0,0,0,0,0,0,0,0,0,0,0,0,tech srl code2vec,0,0,0,0,0
tech srl code2vec,tensorflow_model.py,tech srl code2vec::tensorflow_model.py,"['Elad', 'Joao Messias Lima Pereira', 'Uri Alon', 'eladn', 'iTakeshi', 'urialon']",[],"['Elad', 'eladn', 'iTakeshi']","['Joao Messias Lima Pereira', 'Uri Alon', 'urialon']",0,3,3,0.0,0.5,0.5,552.0,2.5555555555555554,12.0,False,radon,69,6,127,0,0,692,116,1008,73,0,16,0,71,12,0,38,75,51,0,tensorflow_model.py,26,177,0,961,42,0,25,74,3662,1149,0,0,0,0,0,0,0,0,0,0,0,0,0,0,0,0,0,tech srl code2vec,0,0,0,0,0
tech srl code2vec,vocabularies.py,tech srl code2vec::vocabularies.py,"['Elad', 'Uri Alon', 'eladn']",[],"['Elad', 'eladn']",['Uri Alon'],0,2,1,0.0,0.6666666666666666,0.3333333333333333,241.0,2.3181818181818183,5.0,False,radon,62,6,68,0,0,375,58,538,37,0,7,0,36,8,0,19,40,24,0,vocabularies.py,14,92,0,480,21,0,11,39,1905,610,0,0,0,0,0,0,0,0,0,0,0,0,0,0,0,0,0,tech srl code2vec,0,1,0,1,B101
tlatkowski inpainting gmcnn keras,config/main_config.py,tlatkowski inpainting gmcnn keras::config/main_config.py,['Tomasz Latkowski'],[],['Tomasz Latkowski'],[],0,1,0,0.0,1.0,0.0,52.0,1.5,2.0,False,radon,0,0,46,0,16,22,16,124,24,0,21,0,52,10,0,0,16,0,0,config/main_config.py,0,0,0,68,0,0,8,38,290,373,0,0,0,0,0,0,0,0,0,0,0,0,0,0,0,0,0,tlatkowski inpainting gmcnn keras,0,0,0,0,0
tlatkowski inpainting gmcnn keras,data_generators/datasets.py,tlatkowski inpainting gmcnn keras::data_generators/datasets.py,['Tomasz Latkowski'],[],['Tomasz Latkowski'],[],0,1,0,0.0,1.0,0.0,47.0,1.25,2.0,False,radon,0,0,5,0,1,4,2,15,3,0,2,0,6,3,0,0,1,0,0,data_generators/datasets.py,0,0,0,6,0,0,1,3,35,24,0,0,0,0,0,0,0,0,0,0,0,0,0,0,0,0,0,tlatkowski inpainting gmcnn keras,0,0,0,0,0
tlatkowski inpainting gmcnn keras,layers/custom_layers.py,tlatkowski inpainting gmcnn keras::layers/custom_layers.py,['Tomasz Latkowski'],[],['Tomasz Latkowski'],[],0,1,0,0.0,1.0,0.0,34.0,1.375,2.0,False,radon,0,0,5,0,1,4,2,15,3,0,2,0,6,3,0,0,1,0,0,layers/custom_layers.py,0,0,0,6,0,0,1,3,35,24,0,0,0,0,0,0,0,0,0,0,0,0,0,0,0,0,0,tlatkowski inpainting gmcnn keras,0,0,0,0,0
tlatkowski inpainting gmcnn keras,layers/losses.py,tlatkowski inpainting gmcnn keras::layers/losses.py,['Tomasz Latkowski'],[],['Tomasz Latkowski'],[],0,1,0,0.0,1.0,0.0,102.0,1.0,1.0,False,radon,0,0,76,0,28,32,26,201,39,0,36,0,82,11,0,0,28,0,0,layers/losses.py,0,0,0,112,0,0,13,69,479,611,0,0,0,0,0,0,0,0,0,0,0,0,0,0,0,0,0,tlatkowski inpainting gmcnn keras,0,0,0,0,0
tlatkowski inpainting gmcnn keras,models/base.py,tlatkowski inpainting gmcnn keras::models/base.py,['Tomasz Latkowski'],[],['Tomasz Latkowski'],[],0,1,0,0.0,1.0,0.0,41.0,1.4285714285714286,2.0,False,radon,0,0,11,0,5,6,4,32,6,0,5,0,12,3,0,0,4,0,0,models/base.py,0,0,0,15,0,0,2,11,79,76,0,0,0,0,0,0,0,0,0,0,0,0,0,0,0,0,0,tlatkowski inpainting gmcnn keras,0,0,0,0,0
tlatkowski inpainting gmcnn keras,models/discriminator.py,tlatkowski inpainting gmcnn keras::models/discriminator.py,['Tomasz Latkowski'],[],['Tomasz Latkowski'],[],0,1,0,0.0,1.0,0.0,69.0,1.3333333333333333,2.0,False,radon,0,0,11,0,5,6,4,32,6,0,5,0,12,3,0,0,4,0,0,models/discriminator.py,0,0,0,15,0,0,2,11,79,76,0,0,0,0,0,0,0,0,0,0,0,0,0,0,0,0,0,tlatkowski inpainting gmcnn keras,0,0,0,0,0
tlatkowski inpainting gmcnn keras,models/generator.py,tlatkowski inpainting gmcnn keras::models/generator.py,['Tomasz Latkowski'],[],['Tomasz Latkowski'],[],0,1,0,0.0,1.0,0.0,156.0,2.0,3.0,False,radon,0,0,23,0,11,10,8,64,12,0,11,0,24,3,0,0,10,0,0,models/generator.py,0,0,0,33,0,0,4,25,155,168,0,0,0,0,0,0,0,0,0,0,0,0,0,0,0,0,0,tlatkowski inpainting gmcnn keras,0,0,0,0,0
tlatkowski inpainting gmcnn keras,models/gmcnn_gan.py,tlatkowski inpainting gmcnn keras::models/gmcnn_gan.py,['Tomasz Latkowski'],[],['Tomasz Latkowski'],[],0,1,0,0.0,1.0,0.0,215.0,1.2,2.0,False,radon,0,0,81,0,32,35,28,218,42,0,39,0,86,10,0,0,31,0,0,models/gmcnn_gan.py,0,0,0,119,0,0,14,79,532,649,0,0,0,0,0,0,0,0,0,0,0,0,0,0,0,0,0,tlatkowski inpainting gmcnn keras,0,0,0,0,0
tlatkowski inpainting gmcnn keras,models/vgg.py,tlatkowski inpainting gmcnn keras::models/vgg.py,['Tomasz Latkowski'],[],['Tomasz Latkowski'],[],0,1,0,0.0,1.0,0.0,67.0,1.75,2.0,False,radon,0,0,17,0,5,10,6,47,9,0,7,0,20,6,0,0,5,0,0,models/vgg.py,0,0,0,24,0,0,3,12,106,131,0,0,0,0,0,0,0,0,0,0,0,0,0,0,0,0,0,tlatkowski inpainting gmcnn keras,0,0,0,0,0
tlatkowski inpainting gmcnn keras,models/wgan.py,tlatkowski inpainting gmcnn keras::models/wgan.py,['Tomasz Latkowski'],[],['Tomasz Latkowski'],[],0,1,0,0.0,1.0,0.0,116.0,1.2142857142857142,2.0,False,radon,1,1,17,0,8,8,6,48,9,0,8,0,18,3,0,0,7,0,0,models/wgan.py,0,0,0,24,0,0,3,18,117,122,0,0,0,0,0,0,0,0,0,0,0,0,0,0,0,0,0,tlatkowski inpainting gmcnn keras,0,0,0,0,0
tlatkowski inpainting gmcnn keras,predict.py,tlatkowski inpainting gmcnn keras::predict.py,['Tomasz Latkowski'],[],['Tomasz Latkowski'],[],0,1,0,0.0,1.0,0.0,92.0,1.0,1.0,False,radon,0,0,6,0,3,2,2,16,3,0,3,0,6,0,0,0,3,0,0,predict.py,0,0,0,9,0,0,1,7,40,52,0,0,0,0,0,0,0,0,0,0,0,0,0,0,0,0,0,tlatkowski inpainting gmcnn keras,0,0,0,0,0
tlatkowski inpainting gmcnn keras,runner.py,tlatkowski inpainting gmcnn keras::runner.py,['Tomasz Latkowski'],[],['Tomasz Latkowski'],[],0,1,0,0.0,1.0,0.0,106.0,5.0,5.0,False,radon,0,0,34,0,13,18,12,95,18,0,15,0,40,10,0,0,12,0,0,runner.py,0,0,0,50,0,0,6,29,224,286,0,0,0,0,0,0,0,0,0,0,0,0,0,0,0,0,0,tlatkowski inpainting gmcnn keras,0,0,0,0,0
tlatkowski inpainting gmcnn keras,tests/test_gaussian_blur.py,tlatkowski inpainting gmcnn keras::tests/test_gaussian_blur.py,['Tomasz Latkowski'],[],['Tomasz Latkowski'],[],0,1,0,0.0,1.0,0.0,56.0,2.0,3.0,False,radon,0,0,5,0,2,5,2,17,3,0,2,0,6,3,0,0,2,0,0,tests/test_gaussian_blur.py,0,0,0,9,0,0,1,3,35,45,0,0,0,0,0,0,0,0,0,0,0,0,0,0,0,0,0,tlatkowski inpainting gmcnn keras,0,0,0,0,0
tlatkowski inpainting gmcnn keras,tests/test_norm_utils.py,tlatkowski inpainting gmcnn keras::tests/test_norm_utils.py,['Tomasz Latkowski'],[],['Tomasz Latkowski'],[],0,1,0,0.0,1.0,0.0,52.0,1.25,2.0,False,radon,0,0,6,0,3,2,2,16,3,0,3,0,6,0,0,0,3,0,0,tests/test_norm_utils.py,0,0,0,9,0,0,1,7,38,46,0,0,0,0,0,0,0,0,0,0,0,0,0,0,0,0,0,tlatkowski inpainting gmcnn keras,0,0,0,0,0
tlatkowski inpainting gmcnn keras,tests/test_vgg.py,tlatkowski inpainting gmcnn keras::tests/test_vgg.py,['Tomasz Latkowski'],[],['Tomasz Latkowski'],[],0,1,0,0.0,1.0,0.0,16.0,1.5,2.0,False,radon,0,0,5,0,2,5,2,17,3,0,2,0,6,3,0,0,2,0,0,tests/test_vgg.py,0,0,0,9,0,0,1,3,35,56,0,0,0,0,0,0,0,0,0,0,0,0,0,0,0,0,0,tlatkowski inpainting gmcnn keras,0,0,0,0,0
tlatkowski inpainting gmcnn keras,utils/constants.py,tlatkowski inpainting gmcnn keras::utils/constants.py,['Tomasz Latkowski'],[],['Tomasz Latkowski'],[],0,1,0,0.0,1.0,0.0,21.0,1.5,2.0,False,radon,0,0,22,0,9,13,8,64,12,0,10,0,24,6,0,0,8,0,0,utils/constants.py,0,0,0,32,0,0,4,20,152,176,0,0,0,0,0,0,0,0,0,0,0,0,0,0,0,0,0,tlatkowski inpainting gmcnn keras,0,0,0,0,0
tlatkowski inpainting gmcnn keras,utils/contextual_similarity_utills.py,tlatkowski inpainting gmcnn keras::utils/contextual_similarity_utills.py,['Tomasz Latkowski'],[],['Tomasz Latkowski'],[],0,1,0,0.0,1.0,0.0,72.0,1.1666666666666667,2.0,False,radon,0,0,42,0,17,14,14,108,21,0,21,0,42,0,0,0,17,0,0,utils/contextual_similarity_utills.py,0,0,0,61,0,0,7,45,268,327,0,0,0,0,0,0,0,0,0,0,0,0,0,0,0,0,0,tlatkowski inpainting gmcnn keras,0,0,0,0,0
tlatkowski inpainting gmcnn keras,utils/gaussian_utils.py,tlatkowski inpainting gmcnn keras::utils/gaussian_utils.py,['Tomasz Latkowski'],[],['Tomasz Latkowski'],[],0,1,0,0.0,1.0,0.0,25.0,1.5,2.0,False,radon,0,0,11,0,3,6,4,30,6,0,5,0,12,3,0,0,3,0,0,utils/gaussian_utils.py,0,0,0,14,0,0,2,9,73,68,0,0,0,0,0,0,0,0,0,0,0,0,0,0,0,0,0,tlatkowski inpainting gmcnn keras,0,0,0,0,0
tlatkowski inpainting gmcnn keras,utils/id_mrf.py,tlatkowski inpainting gmcnn keras::utils/id_mrf.py,['Tomasz Latkowski'],[],['Tomasz Latkowski'],[],0,1,0,0.0,1.0,0.0,62.0,1.75,3.0,False,radon,0,0,6,0,3,2,2,16,3,0,3,0,6,0,0,0,3,0,0,utils/id_mrf.py,0,0,0,9,0,0,1,7,38,46,0,0,0,0,0,0,0,0,0,0,0,0,0,0,0,0,0,tlatkowski inpainting gmcnn keras,0,0,0,0,0
tlatkowski inpainting gmcnn keras,utils/metrics.py,tlatkowski inpainting gmcnn keras::utils/metrics.py,['Tomasz Latkowski'],[],['Tomasz Latkowski'],[],0,1,0,0.0,1.0,0.0,7.0,1.0,1.0,False,radon,0,0,6,0,2,2,2,15,3,0,3,0,6,0,0,0,2,0,0,utils/metrics.py,0,0,0,8,0,0,1,6,38,45,0,0,0,0,0,0,0,0,0,0,0,0,0,0,0,0,0,tlatkowski inpainting gmcnn keras,0,0,0,0,0
tlatkowski inpainting gmcnn keras,utils/norm_utils.py,tlatkowski inpainting gmcnn keras::utils/norm_utils.py,['Tomasz Latkowski'],[],['Tomasz Latkowski'],[],0,1,0,0.0,1.0,0.0,27.0,1.0,1.0,False,radon,0,0,6,0,3,2,2,16,3,0,3,0,6,0,0,0,3,0,0,utils/norm_utils.py,0,0,0,9,0,0,1,7,38,46,0,0,0,0,0,0,0,0,0,0,0,0,0,0,0,0,0,tlatkowski inpainting gmcnn keras,0,0,0,0,0
tlatkowski inpainting gmcnn keras,utils/other_utils.py,tlatkowski inpainting gmcnn keras::utils/other_utils.py,['Tomasz Latkowski'],[],['Tomasz Latkowski'],[],0,1,0,0.0,1.0,0.0,20.0,1.0,1.0,False,radon,0,0,6,0,3,2,2,16,3,0,3,0,6,0,0,0,3,0,0,utils/other_utils.py,0,0,0,9,0,0,1,7,38,46,0,0,0,0,0,0,0,0,0,0,0,0,0,0,0,0,0,tlatkowski inpainting gmcnn keras,0,0,0,0,0
tlatkowski inpainting gmcnn keras,utils/sampling_utils.py,tlatkowski inpainting gmcnn keras::utils/sampling_utils.py,['Tomasz Latkowski'],[],['Tomasz Latkowski'],[],0,1,0,0.0,1.0,0.0,40.0,4.0,6.0,False,radon,0,0,6,0,3,2,2,16,3,0,3,0,6,0,0,0,3,0,0,utils/sampling_utils.py,0,0,0,9,0,0,1,7,38,46,0,0,0,0,0,0,0,0,0,0,0,0,0,0,0,0,0,tlatkowski inpainting gmcnn keras,0,0,0,0,0
tlatkowski inpainting gmcnn keras,utils/trainer.py,tlatkowski inpainting gmcnn keras::utils/trainer.py,['Tomasz Latkowski'],[],['Tomasz Latkowski'],[],0,1,0,0.0,1.0,0.0,94.0,3.25,6.0,False,radon,0,0,34,0,13,19,12,96,18,0,15,0,38,9,0,0,12,0,0,utils/trainer.py,0,0,0,49,0,0,6,30,225,281,0,0,0,0,0,0,0,0,0,0,0,0,0,0,0,0,0,tlatkowski inpainting gmcnn keras,0,0,0,0,0
tlatkowski inpainting gmcnn keras,utils/training_utils.py,tlatkowski inpainting gmcnn keras::utils/training_utils.py,['Tomasz Latkowski'],[],['Tomasz Latkowski'],[],0,1,0,0.0,1.0,0.0,56.0,1.1666666666666667,2.0,False,radon,0,0,23,0,7,12,8,62,12,0,10,0,26,6,0,0,7,0,0,utils/training_utils.py,0,0,0,31,0,0,4,19,146,173,0,0,0,0,0,0,0,0,0,0,0,0,0,0,0,0,0,tlatkowski inpainting gmcnn keras,0,0,0,0,0
tonglei100 look,look/__init__.py,tonglei100 look::look/__init__.py,['tonglei'],['tonglei'],[],[],1,0,0,1.0,0.0,0.0,17.0,1.5,2.0,False,radon,0,0,0,0,4,3,0,10,3,0,1,0,0,0,0,0,2,0,0,look/__init__.py,0,0,0,0,0,0,0,0,7,1,0,0,0,0,0,0,0,0,0,0,0,0,0,0,0,0,0,tonglei100 look,0,0,0,0,0
tonglei100 look,look/captcha.py,tonglei100 look::look/captcha.py,['tonglei'],['tonglei'],[],[],1,0,0,1.0,0.0,0.0,99.0,4.333333333333333,5.0,False,radon,0,0,0,0,4,3,0,10,3,0,1,0,0,0,0,0,2,0,0,look/captcha.py,0,0,0,0,0,0,0,0,7,1,0,0,0,0,0,0,0,0,0,0,0,0,0,0,0,0,0,tonglei100 look,0,0,0,0,0
tonglei100 look,look/cnn_model.py,tonglei100 look::look/cnn_model.py,['tonglei'],['tonglei'],[],[],1,0,0,1.0,0.0,0.0,42.0,1.3333333333333333,2.0,False,radon,0,0,0,0,4,3,0,10,3,0,1,0,0,0,0,0,2,0,0,look/cnn_model.py,0,0,0,0,0,0,0,0,7,1,0,0,0,0,0,0,0,0,0,0,0,0,0,0,0,0,0,tonglei100 look,0,0,0,0,0
tonglei100 look,look/cut.py,tonglei100 look::look/cut.py,['tonglei'],['tonglei'],[],[],1,0,0,1.0,0.0,0.0,58.0,1.6,2.0,False,radon,0,0,0,0,4,3,0,10,3,0,1,0,0,0,0,0,2,0,0,look/cut.py,0,0,0,0,0,0,0,0,7,1,0,0,0,0,0,0,0,0,0,0,0,0,0,0,0,0,0,tonglei100 look,0,0,0,0,0
tonglei100 look,look/dataset.py,tonglei100 look::look/dataset.py,['tonglei'],['tonglei'],[],[],1,0,0,1.0,0.0,0.0,57.0,1.625,3.0,False,radon,0,0,0,0,4,3,0,10,3,0,1,0,0,0,0,0,2,0,0,look/dataset.py,0,0,0,0,0,0,0,0,7,1,0,0,0,0,0,0,0,0,0,0,0,0,0,0,0,0,0,tonglei100 look,0,0,0,0,0
tonglei100 look,look/one_hot.py,tonglei100 look::look/one_hot.py,['tonglei'],['tonglei'],[],[],1,0,0,1.0,0.0,0.0,29.0,2.0,2.0,False,radon,0,0,0,0,4,3,0,10,3,0,1,0,0,0,0,0,2,0,0,look/one_hot.py,0,0,0,0,0,0,0,0,7,1,0,0,0,0,0,0,0,0,0,0,0,0,0,0,0,0,0,tonglei100 look,0,0,0,0,0
urduhack urduhack,setup.py,urduhack urduhack::setup.py,"['Ikram Ali', 'Muhammad Fahid', 'muhammadfahid51']","['Ikram Ali', 'Muhammad Fahid']",[],['muhammadfahid51'],2,0,1,0.6666666666666666,0.0,0.3333333333333333,100.0,4.0,4.0,False,radon,41,3,12,14,45,51,6,507,379,0,0,0,221,6,0,4,117,0,0,setup.py,0,23,0,38,0,0,23,5,1064,201,0,0,0,0,0,0,0,0,0,0,0,0,0,0,0,0,0,urduhack urduhack,0,0,0,0,0
urduhack urduhack,urduhack/about.py,urduhack urduhack::urduhack/about.py,"['Ikram Ali', 'muhammadfahid51']",['Ikram Ali'],[],['muhammadfahid51'],1,0,1,0.5,0.0,0.5,29.0,1.0,1.0,False,radon,45,4,48,34,87,114,21,1085,781,0,0,0,488,24,0,16,254,0,0,urduhack/about.py,0,55,0,89,0,0,46,7,2363,453,0,0,0,0,0,0,0,0,0,0,0,0,0,0,0,0,0,urduhack urduhack,0,0,0,0,0
urduhack urduhack,urduhack/command/cli.py,urduhack urduhack::urduhack/command/cli.py,"['Ikram Ali', 'muhammadfahid51']",['Ikram Ali'],[],['muhammadfahid51'],1,0,1,0.5,0.0,0.5,56.0,2.5,4.0,False,radon,0,0,0,0,8,4,0,72,60,0,0,0,31,0,0,0,19,0,0,urduhack/command/cli.py,0,4,0,6,0,0,4,1,160,35,0,0,0,0,0,0,0,0,0,0,0,0,0,0,0,0,0,urduhack urduhack,0,0,0,0,0
urduhack urduhack,urduhack/command/cmd_download.py,urduhack urduhack::urduhack/command/cmd_download.py,"['Ikram Ali', 'Muhammad Fahid', 'muhammadfahid51']","['Ikram Ali', 'Muhammad Fahid']",[],['muhammadfahid51'],2,0,1,0.6666666666666666,0.0,0.3333333333333333,15.0,1.0,1.0,False,radon,0,0,0,3,20,21,0,227,183,0,0,0,100,0,0,0,60,0,0,urduhack/command/cmd_download.py,0,12,0,18,0,0,12,4,509,109,0,0,0,0,0,0,0,0,0,0,0,0,0,0,0,0,0,urduhack urduhack,0,0,0,0,0
urduhack urduhack,urduhack/command/cmd_info.py,urduhack urduhack::urduhack/command/cmd_info.py,['Ikram Ali'],['Ikram Ali'],[],[],1,0,0,1.0,0.0,0.0,30.0,5.0,5.0,False,radon,18,1,0,2,3,8,0,46,33,0,0,0,21,0,0,0,11,0,0,urduhack/command/cmd_info.py,0,2,0,3,0,0,2,1,100,19,0,0,0,0,0,0,0,0,0,0,0,0,0,0,0,0,0,urduhack urduhack,0,0,0,0,0
urduhack urduhack,urduhack/conll/conllable.py,urduhack urduhack::urduhack/conll/conllable.py,['Ikram Ali'],['Ikram Ali'],[],[],1,0,0,1.0,0.0,0.0,31.0,1.5,2.0,False,radon,0,0,9,7,7,23,3,113,64,0,0,0,58,3,0,3,27,0,0,urduhack/conll/conllable.py,0,5,0,9,0,0,4,1,270,61,0,0,0,0,0,0,0,0,0,0,0,0,0,0,0,0,0,urduhack urduhack,0,0,0,0,0
urduhack urduhack,urduhack/conll/parser.py,urduhack urduhack::urduhack/conll/parser.py,['Ikram Ali'],['Ikram Ali'],[],[],1,0,0,1.0,0.0,0.0,127.0,4.0,6.0,False,radon,32,1,15,11,10,38,4,176,98,0,0,0,80,3,0,4,40,2,0,urduhack/conll/parser.py,0,8,0,12,0,0,6,1,396,86,0,0,0,0,0,0,0,0,0,0,0,0,0,0,0,0,0,urduhack urduhack,0,0,0,0,0
urduhack urduhack,urduhack/conll/reader.py,urduhack urduhack::urduhack/conll/reader.py,['Ikram Ali'],['Ikram Ali'],[],[],1,0,0,1.0,0.0,0.0,100.0,1.6,2.0,False,radon,32,1,15,11,10,38,4,176,98,0,0,0,80,3,0,4,40,2,0,urduhack/conll/reader.py,0,8,0,12,0,0,6,1,396,86,0,0,0,0,0,0,0,0,0,0,0,0,0,0,0,0,0,urduhack urduhack,0,0,0,0,0
urduhack urduhack,urduhack/conll/tests/test_parser.py,urduhack urduhack::urduhack/conll/tests/test_parser.py,['Ikram Ali'],['Ikram Ali'],[],[],1,0,0,1.0,0.0,0.0,61.0,4.666666666666667,5.0,False,radon,25,1,9,7,6,24,2,115,67,0,0,0,55,3,0,3,27,0,0,urduhack/conll/tests/test_parser.py,0,6,0,8,0,0,4,1,262,59,0,0,0,0,0,0,0,0,0,0,0,0,0,0,0,0,0,urduhack urduhack,0,0,0,0,0
urduhack urduhack,urduhack/conll/tests/test_reader.py,urduhack urduhack::urduhack/conll/tests/test_reader.py,['Ikram Ali'],['Ikram Ali'],[],[],1,0,0,1.0,0.0,0.0,56.0,6.0,13.0,False,radon,25,1,9,7,6,24,2,115,67,0,0,0,55,3,0,3,27,0,0,urduhack/conll/tests/test_reader.py,0,6,0,8,0,0,4,1,262,59,0,0,0,0,0,0,0,0,0,0,0,0,0,0,0,0,0,urduhack urduhack,0,0,0,0,0
urduhack urduhack,urduhack/core/unit/document.py,urduhack urduhack::urduhack/core/unit/document.py,['Ikram Ali'],['Ikram Ali'],[],[],1,0,0,1.0,0.0,0.0,107.0,1.5714285714285714,5.0,False,radon,25,1,21,13,12,41,6,223,130,0,0,0,110,9,0,7,53,0,0,urduhack/core/unit/document.py,0,11,0,16,0,0,8,1,526,114,0,0,0,0,0,0,0,0,0,0,0,0,0,0,0,0,0,urduhack urduhack,0,0,0,0,0
urduhack urduhack,urduhack/core/unit/sentence.py,urduhack urduhack::urduhack/core/unit/sentence.py,['Ikram Ali'],['Ikram Ali'],[],[],1,0,0,1.0,0.0,0.0,163.0,1.6470588235294117,6.0,False,radon,57,2,21,14,12,48,4,234,135,0,0,0,99,6,0,6,53,2,0,urduhack/core/unit/sentence.py,0,12,0,14,0,0,8,1,517,111,0,0,0,0,0,0,0,0,0,0,0,0,0,0,0,0,0,urduhack urduhack,0,0,0,0,0
urduhack urduhack,urduhack/core/unit/tests/test_document.py,urduhack urduhack::urduhack/core/unit/tests/test_document.py,['Ikram Ali'],['Ikram Ali'],[],[],1,0,0,1.0,0.0,0.0,56.0,14.0,14.0,False,radon,25,1,12,6,6,18,3,112,67,0,0,0,53,6,0,4,26,0,0,urduhack/core/unit/tests/test_document.py,0,6,0,8,0,0,4,0,259,53,0,0,0,0,0,0,0,0,0,0,0,0,0,0,0,0,0,urduhack urduhack,0,0,0,0,0
urduhack urduhack,urduhack/core/unit/tests/test_sentence.py,urduhack urduhack::urduhack/core/unit/tests/test_sentence.py,['Ikram Ali'],['Ikram Ali'],[],[],1,0,0,1.0,0.0,0.0,42.0,11.0,11.0,False,radon,0,0,6,3,3,9,1,56,34,0,0,0,22,3,0,2,13,0,0,urduhack/core/unit/tests/test_sentence.py,0,3,0,3,0,0,2,0,129,27,0,0,0,0,0,0,0,0,0,0,0,0,0,0,0,0,0,urduhack urduhack,0,0,0,0,0
urduhack urduhack,urduhack/core/unit/tests/test_token.py,urduhack urduhack::urduhack/core/unit/tests/test_token.py,['Ikram Ali'],['Ikram Ali'],[],[],1,0,0,1.0,0.0,0.0,57.0,14.5,17.0,False,radon,0,0,6,3,3,9,1,56,34,0,0,0,22,3,0,2,13,0,0,urduhack/core/unit/tests/test_token.py,0,3,0,3,0,0,2,0,129,27,0,0,0,0,0,0,0,0,0,0,0,0,0,0,0,0,0,urduhack urduhack,0,0,0,0,0
urduhack urduhack,urduhack/core/unit/token.py,urduhack urduhack::urduhack/core/unit/token.py,['Ikram Ali'],['Ikram Ali'],[],[],1,0,0,1.0,0.0,0.0,528.0,1.647887323943662,5.0,False,radon,35,2,21,13,12,42,6,226,132,0,0,0,108,9,0,7,53,0,0,urduhack/core/unit/token.py,0,12,0,16,0,0,8,1,519,112,0,0,0,0,0,0,0,0,0,0,0,0,0,0,0,0,0,urduhack urduhack,0,0,0,0,0
urduhack urduhack,urduhack/datasets/image/hand_written.py,urduhack urduhack::urduhack/datasets/image/hand_written.py,['Ikram Ali'],['Ikram Ali'],[],[],1,0,0,1.0,0.0,0.0,65.0,1.5,2.0,False,radon,18,1,0,5,7,21,0,131,98,0,0,0,63,0,0,0,32,0,0,urduhack/datasets/image/hand_written.py,0,6,0,9,0,0,6,3,295,57,0,0,0,0,0,0,0,0,0,0,0,0,0,0,0,0,0,urduhack urduhack,0,0,0,0,0
urduhack urduhack,urduhack/datasets/text/imdb_urdu.py,urduhack urduhack::urduhack/datasets/text/imdb_urdu.py,['Ikram Ali'],['Ikram Ali'],[],[],1,0,0,1.0,0.0,0.0,83.0,1.5,2.0,False,radon,18,1,0,4,7,18,0,125,96,0,0,0,63,0,0,0,31,0,0,urduhack/datasets/text/imdb_urdu.py,0,6,0,9,0,0,6,3,287,62,0,0,0,0,0,0,0,0,0,0,0,0,0,0,0,0,0,urduhack urduhack,0,0,0,0,0
urduhack urduhack,urduhack/models/common/tests/test_vocab.py,urduhack urduhack::urduhack/models/common/tests/test_vocab.py,['Ikram Ali'],['Ikram Ali'],[],[],1,0,0,1.0,0.0,0.0,18.0,8.0,8.0,False,radon,0,0,6,3,3,8,3,54,31,0,0,0,31,3,0,2,13,0,0,urduhack/models/common/tests/test_vocab.py,0,3,0,5,0,0,2,0,129,26,0,0,0,0,0,0,0,0,0,0,0,0,0,0,0,0,0,urduhack urduhack,0,0,0,0,0
urduhack urduhack,urduhack/models/common/vocab.py,urduhack urduhack::urduhack/models/common/vocab.py,['Ikram Ali'],['Ikram Ali'],[],[],1,0,0,1.0,0.0,0.0,29.0,3.0,3.0,False,radon,0,0,6,3,3,8,3,54,31,0,0,0,31,3,0,2,13,0,0,urduhack/models/common/vocab.py,0,3,0,5,0,0,2,0,129,26,0,0,0,0,0,0,0,0,0,0,0,0,0,0,0,0,0,urduhack urduhack,0,0,0,0,0
urduhack urduhack,urduhack/models/lemmatizer/lemmatizer.py,urduhack urduhack::urduhack/models/lemmatizer/lemmatizer.py,['Ikram Ali'],['Ikram Ali'],[],[],1,0,0,1.0,0.0,0.0,30.0,4.0,4.0,False,radon,0,0,12,6,6,16,6,104,58,0,0,0,66,6,0,4,26,0,0,urduhack/models/lemmatizer/lemmatizer.py,0,4,0,10,0,0,4,0,272,56,0,0,0,0,0,0,0,0,0,0,0,0,0,0,0,0,0,urduhack urduhack,0,0,0,0,0
urduhack urduhack,urduhack/models/ner/model.py,urduhack urduhack::urduhack/models/ner/model.py,['Ikram Ali'],['Ikram Ali'],[],[],1,0,0,1.0,0.0,0.0,22.0,1.0,1.0,False,radon,0,0,6,3,3,8,3,52,29,0,0,0,33,3,0,2,13,0,0,urduhack/models/ner/model.py,0,2,0,5,0,0,2,0,135,28,0,0,0,0,0,0,0,0,0,0,0,0,0,0,0,0,0,urduhack urduhack,0,0,0,0,0
urduhack urduhack,urduhack/models/ner/predict.py,urduhack urduhack::urduhack/models/ner/predict.py,['Ikram Ali'],['Ikram Ali'],[],[],1,0,0,1.0,0.0,0.0,67.0,3.5,5.0,False,radon,0,0,6,3,3,8,3,52,29,0,0,0,33,3,0,2,13,0,0,urduhack/models/ner/predict.py,0,2,0,5,0,0,2,0,135,28,0,0,0,0,0,0,0,0,0,0,0,0,0,0,0,0,0,urduhack urduhack,0,0,0,0,0
urduhack urduhack,urduhack/models/pos_tagger/model.py,urduhack urduhack::urduhack/models/pos_tagger/model.py,['Ikram Ali'],['Ikram Ali'],[],[],1,0,0,1.0,0.0,0.0,24.0,1.0,1.0,False,radon,0,0,6,3,3,8,3,52,29,0,0,0,33,3,0,2,13,0,0,urduhack/models/pos_tagger/model.py,0,2,0,5,0,0,2,0,135,28,0,0,0,0,0,0,0,0,0,0,0,0,0,0,0,0,0,urduhack urduhack,0,0,0,0,0
urduhack urduhack,urduhack/models/pos_tagger/predict.py,urduhack urduhack::urduhack/models/pos_tagger/predict.py,['Ikram Ali'],['Ikram Ali'],[],[],1,0,0,1.0,0.0,0.0,67.0,3.5,5.0,False,radon,0,0,6,3,3,8,3,52,29,0,0,0,33,3,0,2,13,0,0,urduhack/models/pos_tagger/predict.py,0,2,0,5,0,0,2,0,135,28,0,0,0,0,0,0,0,0,0,0,0,0,0,0,0,0,0,urduhack urduhack,0,0,0,0,0
urduhack urduhack,urduhack/normalization/character.py,urduhack urduhack::urduhack/normalization/character.py,"['Ikram Ali', 'Muhammad Fahid', 'muhammadfahid51', 'mujadadrao']","['Ikram Ali', 'Muhammad Fahid', 'mujadadrao']",[],['muhammadfahid51'],3,0,1,0.75,0.0,0.25,281.0,1.5,2.0,False,radon,76,5,42,24,66,83,17,803,571,0,0,0,373,18,0,13,174,2,0,urduhack/normalization/character.py,0,36,0,58,0,0,34,4,1617,317,0,0,0,0,0,0,0,0,0,0,0,0,0,0,0,0,0,urduhack urduhack,0,0,0,0,0
urduhack urduhack,urduhack/normalization/tests/test_character.py,urduhack urduhack::urduhack/normalization/tests/test_character.py,"['Ikram Ali', 'Muhammad Fahid', 'muhammadfahid51', 'mujadadrao']","['Ikram Ali', 'Muhammad Fahid', 'mujadadrao']",[],['muhammadfahid51'],3,0,1,0.75,0.0,0.25,274.0,6.625,12.0,False,radon,11,2,12,7,41,23,6,455,366,0,0,0,185,6,0,4,84,0,0,urduhack/normalization/tests/test_character.py,0,20,0,30,0,0,19,2,769,130,0,0,0,0,0,0,0,0,0,0,0,0,0,0,0,0,0,urduhack urduhack,0,0,0,0,0
urduhack urduhack,urduhack/pipeline/core.py,urduhack urduhack::urduhack/pipeline/core.py,['Ikram Ali'],['Ikram Ali'],[],[],1,0,0,1.0,0.0,0.0,54.0,2.6,3.0,False,radon,32,1,30,16,16,48,11,277,156,0,0,0,144,12,0,9,65,2,0,urduhack/pipeline/core.py,0,12,0,22,0,0,10,0,664,136,0,0,0,0,0,0,0,0,0,0,0,0,0,0,0,0,0,urduhack urduhack,0,0,0,0,0
urduhack urduhack,urduhack/pipeline/parser.py,urduhack urduhack::urduhack/pipeline/parser.py,['Ikram Ali'],['Ikram Ali'],[],[],1,0,0,1.0,0.0,0.0,48.0,1.1428571428571428,2.0,False,radon,32,1,12,7,6,24,2,119,68,0,0,0,44,3,0,3,26,2,0,urduhack/pipeline/parser.py,0,6,0,6,0,0,4,0,255,52,0,0,0,0,0,0,0,0,0,0,0,0,0,0,0,0,0,urduhack urduhack,0,0,0,0,0
urduhack urduhack,urduhack/pipeline/parsers/lemma.py,urduhack urduhack::urduhack/pipeline/parsers/lemma.py,['Ikram Ali'],['Ikram Ali'],[],[],1,0,0,1.0,0.0,0.0,28.0,3.3333333333333335,5.0,False,radon,0,0,6,3,3,8,3,52,29,0,0,0,33,3,0,2,13,0,0,urduhack/pipeline/parsers/lemma.py,0,2,0,5,0,0,2,0,136,28,0,0,0,0,0,0,0,0,0,0,0,0,0,0,0,0,0,urduhack urduhack,0,0,0,0,0
urduhack urduhack,urduhack/pipeline/parsers/ner.py,urduhack urduhack::urduhack/pipeline/parsers/ner.py,['Ikram Ali'],['Ikram Ali'],[],[],1,0,0,1.0,0.0,0.0,27.0,3.3333333333333335,5.0,False,radon,0,0,6,3,3,8,3,52,29,0,0,0,33,3,0,2,13,0,0,urduhack/pipeline/parsers/ner.py,0,2,0,5,0,0,2,0,135,28,0,0,0,0,0,0,0,0,0,0,0,0,0,0,0,0,0,urduhack urduhack,0,0,0,0,0
urduhack urduhack,urduhack/pipeline/parsers/normalize.py,urduhack urduhack::urduhack/pipeline/parsers/normalize.py,['Ikram Ali'],['Ikram Ali'],[],[],1,0,0,1.0,0.0,0.0,26.0,1.3333333333333333,2.0,False,radon,67,3,36,19,19,58,13,336,191,0,0,0,173,15,0,11,78,2,0,urduhack/pipeline/parsers/normalize.py,0,16,0,27,0,0,12,0,786,160,0,0,0,0,0,0,0,0,0,0,0,0,0,0,0,0,0,urduhack urduhack,0,0,0,0,0
urduhack urduhack,urduhack/pipeline/parsers/pos_tagger.py,urduhack urduhack::urduhack/pipeline/parsers/pos_tagger.py,['Ikram Ali'],['Ikram Ali'],[],[],1,0,0,1.0,0.0,0.0,28.0,3.3333333333333335,5.0,False,radon,0,0,6,3,3,8,3,52,29,0,0,0,33,3,0,2,13,0,0,urduhack/pipeline/parsers/pos_tagger.py,0,2,0,5,0,0,2,0,135,28,0,0,0,0,0,0,0,0,0,0,0,0,0,0,0,0,0,urduhack urduhack,0,0,0,0,0
urduhack urduhack,urduhack/pipeline/parsers/tokenize.py,urduhack urduhack::urduhack/pipeline/parsers/tokenize.py,['Ikram Ali'],['Ikram Ali'],[],[],1,0,0,1.0,0.0,0.0,44.0,2.0,3.0,False,radon,67,3,24,13,12,42,7,230,132,0,0,0,106,9,0,7,52,2,0,urduhack/pipeline/parsers/tokenize.py,0,12,0,16,0,0,8,0,513,104,0,0,0,0,0,0,0,0,0,0,0,0,0,0,0,0,0,urduhack urduhack,0,0,0,0,0
urduhack urduhack,urduhack/preprocessing/character.py,urduhack urduhack::urduhack/preprocessing/character.py,['Ikram Ali'],['Ikram Ali'],[],[],1,0,0,1.0,0.0,0.0,98.0,1.25,2.0,False,radon,0,0,6,3,3,8,3,52,29,0,0,0,33,3,0,2,13,0,0,urduhack/preprocessing/character.py,0,2,0,5,0,0,2,0,135,28,0,0,0,0,0,0,0,0,0,0,0,0,0,0,0,0,0,urduhack urduhack,0,0,0,0,0
urduhack urduhack,urduhack/preprocessing/tests/test_character.py,urduhack urduhack::urduhack/preprocessing/tests/test_character.py,['Ikram Ali'],['Ikram Ali'],[],[],1,0,0,1.0,0.0,0.0,34.0,3.0,3.0,False,radon,0,0,6,3,3,8,3,52,29,0,0,0,33,3,0,2,13,0,0,urduhack/preprocessing/tests/test_character.py,0,2,0,5,0,0,2,0,135,28,0,0,0,0,0,0,0,0,0,0,0,0,0,0,0,0,0,urduhack urduhack,0,0,0,0,0
urduhack urduhack,urduhack/preprocessing/tests/test_util.py,urduhack urduhack::urduhack/preprocessing/tests/test_util.py,['Ikram Ali'],['Ikram Ali'],[],[],1,0,0,1.0,0.0,0.0,83.0,2.4444444444444446,4.0,False,radon,42,2,12,7,6,24,4,118,65,0,0,0,53,3,0,3,26,2,0,urduhack/preprocessing/tests/test_util.py,0,6,0,8,0,0,4,0,254,51,0,0,0,0,0,0,0,0,0,0,0,0,0,0,0,0,0,urduhack urduhack,0,0,0,0,0
urduhack urduhack,urduhack/preprocessing/util.py,urduhack urduhack::urduhack/preprocessing/util.py,['Ikram Ali'],['Ikram Ali'],[],[],1,0,0,1.0,0.0,0.0,248.0,1.6666666666666667,3.0,False,radon,42,2,18,10,9,33,5,174,99,0,0,0,75,6,0,5,39,2,0,urduhack/preprocessing/util.py,0,9,0,11,0,0,6,0,383,78,0,0,0,0,0,0,0,0,0,0,0,0,0,0,0,0,0,urduhack urduhack,0,0,0,0,0
urduhack urduhack,urduhack/stop_words.py,urduhack urduhack::urduhack/stop_words.py,"['Ikram Ali', 'muhammadfahid51', 'mujadadrao']","['Ikram Ali', 'mujadadrao']",[],['muhammadfahid51'],2,0,1,0.6666666666666666,0.0,0.3333333333333333,47.0,3.0,3.0,False,radon,4,2,6,6,36,27,3,377,299,0,0,0,160,3,0,2,81,0,0,urduhack/stop_words.py,0,18,0,26,0,0,17,4,748,140,0,0,0,0,0,0,0,0,0,0,0,0,0,0,0,0,0,urduhack urduhack,0,0,0,0,0
urduhack urduhack,urduhack/tests/test_about.py,urduhack urduhack::urduhack/tests/test_about.py,['Ikram Ali'],['Ikram Ali'],[],[],1,0,0,1.0,0.0,0.0,50.0,3.0,6.0,False,radon,18,1,12,8,16,25,4,202,137,0,1,0,85,6,0,4,40,0,0,urduhack/tests/test_about.py,0,7,0,11,0,0,8,1,398,76,0,0,0,0,0,0,0,0,0,0,0,0,0,0,0,0,0,urduhack urduhack,0,0,0,0,0
urduhack urduhack,urduhack/tests/test_stop_words.py,urduhack urduhack::urduhack/tests/test_stop_words.py,['Ikram Ali'],['Ikram Ali'],[],[],1,0,0,1.0,0.0,0.0,18.0,7.0,7.0,False,radon,0,0,0,2,3,8,0,46,33,0,0,0,21,0,0,0,11,0,0,urduhack/tests/test_stop_words.py,0,2,0,3,0,0,2,1,100,20,0,0,0,0,0,0,0,0,0,0,0,0,0,0,0,0,0,urduhack urduhack,0,0,0,0,0
urduhack urduhack,urduhack/tests/test_urdu_characters.py,urduhack urduhack::urduhack/tests/test_urdu_characters.py,['Ikram Ali'],['Ikram Ali'],[],[],1,0,0,1.0,0.0,0.0,105.0,7.875,13.0,False,radon,0,0,6,3,4,8,3,53,29,0,0,0,32,3,0,2,15,0,0,urduhack/tests/test_urdu_characters.py,0,2,0,6,0,0,2,0,133,30,0,0,0,0,0,0,0,0,0,0,0,0,0,0,0,0,0,urduhack urduhack,0,0,0,0,0
urduhack urduhack,urduhack/tokenization/eos.py,urduhack urduhack::urduhack/tokenization/eos.py,"['Ikram Ali', 'Naeem Akhtar', 'muhammadfahid51', 'mujadadrao', 'naeem9']","['Ikram Ali', 'Naeem Akhtar', 'mujadadrao', 'naeem9']",[],['muhammadfahid51'],4,0,1,0.8,0.0,0.2,90.0,14.0,26.0,False,radon,51,5,12,6,32,28,5,372,289,0,0,0,167,6,0,4,92,0,0,urduhack/tokenization/eos.py,0,22,0,34,0,0,17,3,819,169,0,0,0,0,0,0,0,0,0,0,0,0,0,0,0,0,0,urduhack urduhack,0,0,0,0,0
urduhack urduhack,urduhack/tokenization/tests/test_eos.py,urduhack urduhack::urduhack/tokenization/tests/test_eos.py,"['Ikram Ali', 'muhammadfahid51', 'mujadadrao']","['Ikram Ali', 'mujadadrao']",[],['muhammadfahid51'],2,0,1,0.6666666666666666,0.0,0.3333333333333333,64.0,6.75,10.0,False,radon,46,3,6,3,23,19,2,282,229,0,0,0,132,3,0,2,72,0,0,urduhack/tokenization/tests/test_eos.py,0,17,0,26,0,0,14,4,620,141,0,0,0,0,0,0,0,0,0,0,0,0,0,0,0,0,0,urduhack urduhack,0,0,0,0,0
urduhack urduhack,urduhack/tokenization/tests/test_word_tokenizer.py,urduhack urduhack::urduhack/tokenization/tests/test_word_tokenizer.py,['Ikram Ali'],['Ikram Ali'],[],[],1,0,0,1.0,0.0,0.0,60.0,2.4,5.0,False,radon,0,0,6,3,4,8,3,53,29,0,0,0,32,3,0,2,15,0,0,urduhack/tokenization/tests/test_word_tokenizer.py,0,2,0,6,0,0,2,0,133,30,0,0,0,0,0,0,0,0,0,0,0,0,0,0,0,0,0,urduhack urduhack,0,0,0,0,0
urduhack urduhack,urduhack/tokenization/tests/test_words.py,urduhack urduhack::urduhack/tokenization/tests/test_words.py,['Ikram Ali'],['Ikram Ali'],[],[],1,0,0,1.0,0.0,0.0,17.0,8.0,8.0,False,radon,25,1,6,3,3,9,2,56,33,0,0,0,31,3,0,2,13,0,0,urduhack/tokenization/tests/test_words.py,0,3,0,5,0,0,2,0,130,26,0,0,0,0,0,0,0,0,0,0,0,0,0,0,0,0,0,urduhack urduhack,0,0,0,0,0
urduhack urduhack,urduhack/tokenization/tokenizer.py,urduhack urduhack::urduhack/tokenization/tokenizer.py,"['Ikram Ali', 'muhammadfahid51', 'mujadadrao']","['Ikram Ali', 'mujadadrao']",[],['muhammadfahid51'],2,0,1,0.6666666666666666,0.0,0.3333333333333333,71.0,2.0,2.0,False,radon,71,3,30,16,51,63,10,608,438,0,0,0,270,12,0,9,153,2,0,urduhack/tokenization/tokenizer.py,0,33,0,52,0,0,27,4,1351,285,0,0,0,0,0,0,0,0,0,0,0,0,0,0,0,0,0,urduhack urduhack,0,0,0,0,0
urduhack urduhack,urduhack/tokenization/words.py,urduhack urduhack::urduhack/tokenization/words.py,"['Ikram Ali', 'fahdrazavi', 'muhammadfahid51']","['Ikram Ali', 'fahdrazavi']",[],['muhammadfahid51'],2,0,1,0.6666666666666666,0.0,0.3333333333333333,3392.0,2.0,2.0,False,radon,32,2,6,6,38,19,2,374,303,0,0,0,137,3,0,2,81,0,0,urduhack/tokenization/words.py,0,23,0,35,0,0,14,2,778,118,0,0,0,0,0,0,0,0,0,0,0,0,0,0,0,0,0,urduhack urduhack,0,0,0,0,0
urduhack urduhack,urduhack/tokenization/wtk.py,urduhack urduhack::urduhack/tokenization/wtk.py,['Ikram Ali'],['Ikram Ali'],[],[],1,0,0,1.0,0.0,0.0,62.0,2.6666666666666665,5.0,False,radon,0,0,6,3,4,8,3,53,29,0,0,0,32,3,0,2,15,0,0,urduhack/tokenization/wtk.py,0,2,0,6,0,0,2,0,133,30,0,0,0,0,0,0,0,0,0,0,0,0,0,0,0,0,0,urduhack urduhack,0,0,0,0,0
urduhack urduhack,urduhack/utils/io.py,urduhack urduhack::urduhack/utils/io.py,"['Ikram Ali', 'Muhammad Fahid', 'muhammadfahid51']","['Ikram Ali', 'Muhammad Fahid']",[],['muhammadfahid51'],2,0,1,0.6666666666666666,0.0,0.3333333333333333,78.0,2.25,5.0,False,radon,32,1,12,8,29,34,4,324,237,0,0,0,133,3,0,3,80,2,0,urduhack/utils/io.py,0,17,0,27,0,0,14,2,707,136,0,0,0,0,0,0,0,0,0,0,0,0,0,0,0,0,0,urduhack urduhack,0,0,0,0,0
urduhack urduhack,urduhack/utils/resources.py,urduhack urduhack::urduhack/utils/resources.py,['Ikram Ali'],['Ikram Ali'],[],[],1,0,0,1.0,0.0,0.0,31.0,1.0,1.0,False,radon,0,0,18,11,11,32,9,203,122,0,0,0,118,9,0,6,50,0,0,urduhack/utils/resources.py,0,9,0,18,0,0,8,1,499,101,0,0,0,0,0,0,0,0,0,0,0,0,0,0,0,0,0,urduhack urduhack,0,0,0,0,0
urduhack urduhack,urduhack/utils/tests/test_io.py,urduhack urduhack::urduhack/utils/tests/test_io.py,"['Ikram Ali', 'Muhammad Fahid', 'muhammadfahid51']","['Ikram Ali', 'Muhammad Fahid']",[],['muhammadfahid51'],2,0,1,0.6666666666666666,0.0,0.3333333333333333,64.0,4.0,5.0,False,radon,32,1,6,5,11,26,1,203,154,0,0,0,102,0,0,1,51,2,0,urduhack/utils/tests/test_io.py,0,11,0,15,0,0,10,4,475,115,0,0,0,0,0,0,0,0,0,0,0,0,0,0,0,0,0,urduhack urduhack,0,0,0,0,0
urigoren decorators4DS,decorators4DS/errors.py,urigoren decorators4DS::decorators4DS/errors.py,['Uri Goren'],['Uri Goren'],[],[],1,0,0,1.0,0.0,0.0,63.0,1.0,1.0,False,radon,0,0,0,6,16,23,0,53,8,0,0,0,12,0,0,0,0,0,0,decorators4DS/errors.py,0,9,0,0,0,0,0,3,18,18,0,0,0,6,0,0,0,0,0,0,0,0,0,0,0,0,0,urigoren decorators4DS,0,0,0,0,0
urigoren decorators4DS,decorators4DS/fs_cache.py,urigoren decorators4DS::decorators4DS/fs_cache.py,['Uri Goren'],['Uri Goren'],[],[],1,0,0,1.0,0.0,0.0,63.0,1.2,2.0,False,radon,0,0,0,2,4,5,0,11,0,0,0,0,4,0,0,0,0,0,0,decorators4DS/fs_cache.py,0,3,0,0,0,0,0,1,6,6,0,0,0,2,0,0,0,0,0,0,0,0,0,0,0,0,0,urigoren decorators4DS,0,0,0,0,0
urigoren decorators4DS,decorators4DS/pyspark_udf.py,urigoren decorators4DS::decorators4DS/pyspark_udf.py,['Uri Goren'],['Uri Goren'],[],[],1,0,0,1.0,0.0,0.0,48.0,2.6666666666666665,6.0,False,radon,0,0,0,2,4,5,0,11,0,0,0,0,4,0,0,0,0,0,0,decorators4DS/pyspark_udf.py,0,3,0,0,0,0,0,1,6,6,0,0,0,2,0,0,0,0,0,0,0,0,0,0,0,0,0,urigoren decorators4DS,0,0,0,0,0
urigoren decorators4DS,decorators4DS/regres_test.py,urigoren decorators4DS::decorators4DS/regres_test.py,['Uri Goren'],['Uri Goren'],[],[],1,0,0,1.0,0.0,0.0,32.0,2.4,5.0,False,radon,0,0,0,2,4,5,0,11,0,0,0,0,4,0,0,0,0,0,0,decorators4DS/regres_test.py,0,3,0,0,0,0,0,1,6,6,0,0,0,2,0,0,0,0,0,0,0,0,0,0,0,0,0,urigoren decorators4DS,0,0,0,0,0
urigoren decorators4DS,decorators4DS/sklearn_dec.py,urigoren decorators4DS::decorators4DS/sklearn_dec.py,['Uri Goren'],['Uri Goren'],[],[],1,0,0,1.0,0.0,0.0,93.0,1.5555555555555556,3.0,False,radon,0,0,14,33,80,139,0,320,54,0,0,0,64,0,0,0,0,0,0,decorators4DS/sklearn_dec.py,0,48,0,0,0,0,0,16,96,96,0,0,0,32,0,0,0,0,0,0,0,0,0,0,0,0,0,urigoren decorators4DS,0,0,0,0,0
urigoren decorators4DS,decorators4DS/ssh.py,urigoren decorators4DS::decorators4DS/ssh.py,['Uri Goren'],['Uri Goren'],[],[],1,0,0,1.0,0.0,0.0,289.0,3.473684210526316,15.0,False,radon,0,0,0,2,4,5,0,11,0,0,0,0,4,0,0,0,0,0,0,decorators4DS/ssh.py,0,3,0,0,0,0,0,1,6,6,0,0,0,2,0,0,0,0,0,0,0,0,0,0,0,0,0,urigoren decorators4DS,0,0,0,0,0
urigoren decorators4DS,decorators4DS/timeout.py,urigoren decorators4DS::decorators4DS/timeout.py,['Uri Goren'],['Uri Goren'],[],[],1,0,0,1.0,0.0,0.0,31.0,1.5,2.0,False,radon,0,0,0,2,4,5,0,11,0,0,0,0,4,0,0,0,0,0,0,decorators4DS/timeout.py,0,3,0,0,0,0,0,1,6,6,0,0,0,2,0,0,0,0,0,0,0,0,0,0,0,0,0,urigoren decorators4DS,0,0,0,0,0
vietnguyen91 QuickDraw,camera_app.py,vietnguyen91 QuickDraw::camera_app.py,['vietnguyen91'],[],['vietnguyen91'],[],0,1,0,0.0,1.0,0.0,149.0,11.0,21.0,False,radon,0,0,0,0,0,1,0,9,8,0,1,0,3,0,0,0,1,0,0,camera_app.py,0,3,0,0,0,0,2,0,7,19,0,0,0,0,0,0,0,0,0,0,0,0,0,0,0,0,0,vietnguyen91 QuickDraw,0,0,0,0,0
vietnguyen91 QuickDraw,draw.py,vietnguyen91 QuickDraw::draw.py,['vietnguyen91'],[],['vietnguyen91'],[],0,1,0,0.0,1.0,0.0,35.0,5.0,5.0,False,radon,0,0,0,0,0,1,0,9,8,0,1,0,3,0,0,0,1,0,0,draw.py,0,3,0,0,0,0,2,0,7,19,0,0,0,0,0,0,0,0,0,0,0,0,0,0,0,0,0,vietnguyen91 QuickDraw,0,0,0,0,0
vietnguyen91 QuickDraw,painting_app.py,vietnguyen91 QuickDraw::painting_app.py,['vietnguyen91'],[],['vietnguyen91'],[],0,1,0,0.0,1.0,0.0,68.0,4.0,4.0,False,radon,0,0,0,0,0,1,0,9,8,0,1,0,3,0,0,0,1,0,0,painting_app.py,0,3,0,0,0,0,2,0,7,19,0,0,0,0,0,0,0,0,0,0,0,0,0,0,0,0,0,vietnguyen91 QuickDraw,0,0,0,0,0
vietnguyen91 QuickDraw,src/dataset.py,vietnguyen91 QuickDraw::src/dataset.py,['vietnguyen91'],[],['vietnguyen91'],[],0,1,0,0.0,1.0,0.0,37.0,1.5,2.0,False,radon,0,0,0,0,0,1,0,9,8,0,1,0,3,0,0,0,1,0,0,src/dataset.py,0,3,0,0,0,0,2,0,7,19,0,0,0,0,0,0,0,0,0,0,0,0,0,0,0,0,0,vietnguyen91 QuickDraw,0,0,0,0,0
vietnguyen91 QuickDraw,src/model.py,vietnguyen91 QuickDraw::src/model.py,['vietnguyen91'],[],['vietnguyen91'],[],0,1,0,0.0,1.0,0.0,23.0,1.3333333333333333,2.0,False,radon,0,0,0,0,0,1,0,9,8,0,1,0,3,0,0,0,1,0,0,src/model.py,0,3,0,0,0,0,2,0,7,19,0,0,0,0,0,0,0,0,0,0,0,0,0,0,0,0,0,vietnguyen91 QuickDraw,0,0,0,0,0
vietnguyen91 QuickDraw,src/utils.py,vietnguyen91 QuickDraw::src/utils.py,['vietnguyen91'],[],['vietnguyen91'],[],0,1,0,0.0,1.0,0.0,49.0,2.6666666666666665,5.0,False,radon,0,0,0,0,0,1,0,9,8,0,1,0,3,0,0,0,1,0,0,src/utils.py,0,3,0,0,0,0,2,0,7,19,0,0,0,0,0,0,0,0,0,0,0,0,0,0,0,0,0,vietnguyen91 QuickDraw,0,0,0,0,0
vietnguyen91 QuickDraw,train.py,vietnguyen91 QuickDraw::train.py,['vietnguyen91'],[],['vietnguyen91'],[],0,1,0,0.0,1.0,0.0,158.0,7.0,13.0,False,radon,0,0,0,0,0,1,0,9,8,0,1,0,3,0,0,0,1,0,0,train.py,0,3,0,0,0,0,2,0,7,19,0,0,0,0,0,0,0,0,0,0,0,0,0,0,0,0,0,vietnguyen91 QuickDraw,0,0,0,0,0
vijuSR facial emotion recognition EMOJIFIER,src/data_manager.py,vijuSR facial emotion recognition EMOJIFIER::src/data_manager.py,['Vijay Kumar'],[],[],['Vijay Kumar'],0,0,1,0.0,0.0,1.0,68.0,2.0,4.0,False,radon,0,0,6,3,0,29,0,48,10,0,0,0,0,0,0,0,0,0,0,src/data_manager.py,0,0,0,0,0,0,0,0,20,79,0,0,0,0,0,0,0,0,0,0,0,0,0,0,0,0,0,vijuSR facial emotion recognition EMOJIFIER,0,0,0,0,0
vijuSR facial emotion recognition EMOJIFIER,src/dataset_creator.py,vijuSR facial emotion recognition EMOJIFIER::src/dataset_creator.py,['Vijay Kumar'],[],[],['Vijay Kumar'],0,0,1,0.0,0.0,1.0,147.0,3.0,6.0,False,radon,0,0,12,0,0,38,0,70,20,0,0,0,0,0,0,0,0,0,0,src/dataset_creator.py,0,0,0,0,0,0,0,0,34,134,0,0,0,0,0,0,0,0,0,0,0,0,0,0,0,0,0,vijuSR facial emotion recognition EMOJIFIER,0,0,0,0,0
vijuSR facial emotion recognition EMOJIFIER,src/face_capture.py,vijuSR facial emotion recognition EMOJIFIER::src/face_capture.py,['Vijay Kumar'],[],[],['Vijay Kumar'],0,0,1,0.0,0.0,1.0,96.0,5.0,5.0,False,radon,0,0,18,0,0,47,0,92,27,0,0,0,0,0,0,0,0,0,0,src/face_capture.py,0,0,0,0,0,0,0,0,42,197,0,0,0,0,0,0,0,0,0,0,0,0,0,0,0,0,0,vijuSR facial emotion recognition EMOJIFIER,0,0,0,0,0
vijuSR facial emotion recognition EMOJIFIER,src/predictor.py,vijuSR facial emotion recognition EMOJIFIER::src/predictor.py,['Vijay Kumar'],[],[],['Vijay Kumar'],0,0,1,0.0,0.0,1.0,157.0,2.3333333333333335,5.0,False,radon,0,0,26,0,0,59,0,122,37,0,0,0,0,0,0,0,0,0,0,src/predictor.py,0,0,0,0,0,0,0,0,58,286,0,0,0,0,0,0,0,0,0,0,0,0,0,0,0,0,0,vijuSR facial emotion recognition EMOJIFIER,0,0,0,0,0
vijuSR facial emotion recognition EMOJIFIER,src/trainer.py,vijuSR facial emotion recognition EMOJIFIER::src/trainer.py,['Vijay Kumar'],[],[],['Vijay Kumar'],0,0,1,0.0,0.0,1.0,191.0,1.25,3.0,False,radon,0,0,12,0,0,26,0,55,17,0,0,0,0,0,0,0,0,0,0,src/trainer.py,0,0,0,0,0,0,0,0,26,133,0,0,0,0,0,0,0,0,0,0,0,0,0,0,0,0,0,vijuSR facial emotion recognition EMOJIFIER,0,0,0,0,0
vkuznet MLaaS4HEP,setup.py,vkuznet MLaaS4HEP::setup.py,"['Valentin', 'Valentin Kuznetsov']",[],[],"['Valentin', 'Valentin Kuznetsov']",0,0,2,0.0,0.0,1.0,123.0,2.6666666666666665,7.0,False,radon,1,1,2,0,19,41,0,90,28,0,0,0,10,16,0,12,6,0,6,setup.py,4,106,0,0,0,0,24,80,261,186,0,0,0,0,1,0,0,0,0,0,0,0,0,0,0,0,0,vkuznet MLaaS4HEP,0,0,0,0,0
vkuznet MLaaS4HEP,src/python/MLaaS4HEP/ex_keras.py,vkuznet MLaaS4HEP::src/python/MLaaS4HEP/ex_keras.py,"['Valentin', 'Valentin Kuznetsov', 'lgiommi']",['lgiommi'],[],"['Valentin', 'Valentin Kuznetsov']",1,0,2,0.3333333333333333,0.0,0.6666666666666666,20.0,1.0,1.0,False,radon,0,0,2,4,47,124,0,279,102,0,0,0,29,43,0,34,26,0,15,src/python/MLaaS4HEP/ex_keras.py,13,273,0,0,0,0,64,197,700,461,0,0,0,0,1,0,0,0,0,0,0,0,0,0,0,0,0,vkuznet MLaaS4HEP,0,0,0,0,0
vkuznet MLaaS4HEP,src/python/MLaaS4HEP/ex_preproc.py,vkuznet MLaaS4HEP::src/python/MLaaS4HEP/ex_preproc.py,['Valentin Kuznetsov'],[],[],['Valentin Kuznetsov'],0,0,1,0.0,0.0,1.0,12.0,3.0,3.0,False,radon,0,0,2,0,8,19,0,37,8,0,0,0,3,4,0,4,1,0,2,src/python/MLaaS4HEP/ex_preproc.py,0,35,0,0,0,0,8,28,90,62,0,0,0,0,1,0,0,0,0,0,0,0,0,0,0,0,0,vkuznet MLaaS4HEP,0,0,0,0,0
vkuznet MLaaS4HEP,src/python/MLaaS4HEP/ex_pytorch.py,vkuznet MLaaS4HEP::src/python/MLaaS4HEP/ex_pytorch.py,"['Valentin', 'Valentin Kuznetsov']",[],[],"['Valentin', 'Valentin Kuznetsov']",0,0,2,0.0,0.0,1.0,20.0,2.0,2.0,False,radon,0,0,3,0,19,39,0,85,24,0,0,0,9,13,0,10,5,0,5,src/python/MLaaS4HEP/ex_pytorch.py,3,89,0,0,0,0,20,68,222,155,0,0,0,0,1,0,0,0,0,0,0,0,0,0,0,0,0,vkuznet MLaaS4HEP,0,0,0,0,0
vkuznet MLaaS4HEP,src/python/MLaaS4HEP/examples/keras_example.py,vkuznet MLaaS4HEP::src/python/MLaaS4HEP/examples/keras_example.py,['Valentin Kuznetsov'],[],[],['Valentin Kuznetsov'],0,0,1,0.0,0.0,1.0,43.0,1.8333333333333333,5.0,False,radon,0,0,3,0,13,27,0,56,13,0,0,0,5,7,0,6,2,0,3,src/python/MLaaS4HEP/examples/keras_example.py,1,53,0,0,0,0,12,42,136,93,0,0,0,0,1,0,0,0,0,0,0,0,0,0,0,0,0,vkuznet MLaaS4HEP,0,0,0,0,0
vkuznet MLaaS4HEP,src/python/MLaaS4HEP/generator.py,vkuznet MLaaS4HEP::src/python/MLaaS4HEP/generator.py,"['Valentin', 'Valentin Kuznetsov', 'lgiommi']",['lgiommi'],[],"['Valentin', 'Valentin Kuznetsov']",1,0,2,0.3333333333333333,0.0,0.6666666666666666,554.0,6.086956521739131,21.0,False,radon,6,3,3,18,158,400,0,912,333,0,0,0,101,151,0,123,97,0,51,src/python/MLaaS4HEP/generator.py,49,951,0,0,0,0,212,666,2371,1571,0,0,0,0,1,0,0,0,0,0,0,0,0,0,0,0,0,vkuznet MLaaS4HEP,0,0,0,0,0
vkuznet MLaaS4HEP,src/python/MLaaS4HEP/hep_resnet.py,vkuznet MLaaS4HEP::src/python/MLaaS4HEP/hep_resnet.py,['Valentin Kuznetsov'],[],[],['Valentin Kuznetsov'],0,0,1,0.0,0.0,1.0,344.0,5.714285714285714,14.0,True,lizard,0,0,2,0,8,19,0,37,8,0,0,0,3,4,0,4,1,0,2,src/python/MLaaS4HEP/hep_resnet.py,0,35,0,0,0,0,8,28,90,62,0,0,0,0,1,0,0,0,0,0,0,0,0,0,0,0,0,vkuznet MLaaS4HEP,0,0,0,0,0
vkuznet MLaaS4HEP,src/python/MLaaS4HEP/jarray/pytorch.py,vkuznet MLaaS4HEP::src/python/MLaaS4HEP/jarray/pytorch.py,['Valentin Kuznetsov'],[],[],['Valentin Kuznetsov'],0,0,1,0.0,0.0,1.0,60.0,2.0,3.0,False,radon,0,0,2,0,8,19,0,37,8,0,0,0,3,4,0,4,1,0,2,src/python/MLaaS4HEP/jarray/pytorch.py,0,35,0,0,0,0,8,28,90,62,0,0,0,0,1,0,0,0,0,0,0,0,0,0,0,0,0,vkuznet MLaaS4HEP,0,0,0,0,0
vkuznet MLaaS4HEP,src/python/MLaaS4HEP/keras_model.py,vkuznet MLaaS4HEP::src/python/MLaaS4HEP/keras_model.py,"['Valentin Kuznetsov', 'lgiommi']",['lgiommi'],[],['Valentin Kuznetsov'],1,0,1,0.5,0.0,0.5,17.0,1.0,1.0,False,radon,0,0,0,2,6,16,0,40,16,0,0,0,4,6,0,6,4,0,2,src/python/MLaaS4HEP/keras_model.py,2,38,0,0,0,0,9,26,108,60,0,0,0,0,0,0,0,0,0,0,0,0,0,0,0,0,0,vkuznet MLaaS4HEP,0,0,0,0,0
vkuznet MLaaS4HEP,src/python/MLaaS4HEP/models.py,vkuznet MLaaS4HEP::src/python/MLaaS4HEP/models.py,"['Valentin', 'Valentin Kuznetsov', 'lgiommi']",['lgiommi'],[],"['Valentin', 'Valentin Kuznetsov']",1,0,2,0.3333333333333333,0.0,0.6666666666666666,163.0,4.833333333333333,13.0,False,radon,3,1,2,20,95,257,0,599,225,0,0,0,61,91,0,82,58,0,31,src/python/MLaaS4HEP/models.py,29,577,0,0,0,0,136,403,1524,937,0,0,0,0,1,0,0,0,0,0,0,0,0,0,0,0,0,vkuznet MLaaS4HEP,0,0,0,0,0
vkuznet MLaaS4HEP,src/python/MLaaS4HEP/reader.py,vkuznet MLaaS4HEP::src/python/MLaaS4HEP/reader.py,"['Valentin', 'Valentin Kuznetsov', 'lgiommi']",['lgiommi'],[],"['Valentin', 'Valentin Kuznetsov']",1,0,2,0.3333333333333333,0.0,0.6666666666666666,1205.0,6.333333333333333,33.0,False,radon,15,7,4,30,160,428,0,975,353,0,0,0,101,151,0,132,96,0,51,src/python/MLaaS4HEP/reader.py,48,955,0,0,0,0,217,667,2506,1555,0,0,0,0,1,0,0,0,0,0,0,0,0,0,0,0,0,vkuznet MLaaS4HEP,0,0,0,0,0
vkuznet MLaaS4HEP,src/python/MLaaS4HEP/utils.py,vkuznet MLaaS4HEP::src/python/MLaaS4HEP/utils.py,"['Valentin', 'Valentin Kuznetsov', 'lgiommi']",['lgiommi'],[],"['Valentin', 'Valentin Kuznetsov']",1,0,2,0.3333333333333333,0.0,0.6666666666666666,172.0,3.2,8.0,False,radon,1,1,3,2,25,54,0,118,34,0,0,0,13,18,0,16,9,0,7,src/python/MLaaS4HEP/utils.py,4,127,0,0,0,0,28,94,316,215,0,0,0,0,1,0,0,0,0,0,0,0,0,0,0,0,0,vkuznet MLaaS4HEP,0,0,0,0,0
vkuznet MLaaS4HEP,src/python/MLaaS4HEP/workflow.py,vkuznet MLaaS4HEP::src/python/MLaaS4HEP/workflow.py,"['Valentin', 'Valentin Kuznetsov']",[],[],"['Valentin', 'Valentin Kuznetsov']",0,0,2,0.0,0.0,1.0,84.0,5.666666666666667,14.0,False,radon,1,1,3,0,19,38,0,84,24,0,0,0,9,13,0,10,5,0,5,src/python/MLaaS4HEP/workflow.py,3,89,0,0,0,0,20,68,222,155,0,0,0,0,1,0,0,0,0,0,0,0,0,0,0,0,0,vkuznet MLaaS4HEP,0,0,0,0,0
wctu SEAL,eval/eval.py,wctu SEAL::eval/eval.py,['Wei Chih Tu'],['Wei Chih Tu'],[],[],1,0,0,1.0,0.0,0.0,62.0,3.5,5.0,False,radon,0,0,0,0,0,2,0,12,10,0,0,0,0,0,0,0,0,0,0,eval/eval.py,0,1,0,0,0,0,1,0,4,26,0,0,0,0,0,0,0,0,0,0,0,0,0,0,0,0,0,wctu SEAL,0,0,0,0,0
wctu SEAL,eval/eval_par.py,wctu SEAL::eval/eval_par.py,['Wei Chih Tu'],['Wei Chih Tu'],[],[],1,0,0,1.0,0.0,0.0,90.0,5.5,6.0,False,radon,0,0,0,0,0,2,0,12,10,0,0,0,0,0,0,0,0,0,0,eval/eval_par.py,0,1,0,0,0,0,1,0,4,26,0,0,0,0,0,0,0,0,0,0,0,0,0,0,0,0,0,wctu SEAL,0,0,0,0,0
wctu SEAL,test/network.py,wctu SEAL::test/network.py,['Wei Chih Tu'],['Wei Chih Tu'],[],[],1,0,0,1.0,0.0,0.0,94.0,2.8333333333333335,5.0,False,radon,0,0,0,0,0,6,0,24,18,0,0,0,0,0,0,0,0,0,0,test/network.py,0,3,0,0,0,0,3,0,10,59,0,0,0,0,0,0,0,0,0,0,0,0,0,0,0,0,0,wctu SEAL,0,0,0,0,0
wctu SEAL,test/test.py,wctu SEAL::test/test.py,['Wei Chih Tu'],['Wei Chih Tu'],[],[],1,0,0,1.0,0.0,0.0,118.0,15.0,15.0,False,radon,0,0,0,0,0,6,0,24,18,0,0,0,0,0,0,0,0,0,0,test/test.py,0,3,0,0,0,0,3,0,10,59,0,0,0,0,0,0,0,0,0,0,0,0,0,0,0,0,0,wctu SEAL,0,0,0,0,0
wenz116 TransferSeg,datasets/davis.py,wenz116 TransferSeg::datasets/davis.py,['wenz116'],['wenz116'],[],[],1,0,0,1.0,0.0,0.0,35.0,2.0,3.0,False,radon,0,0,0,3,9,16,0,31,3,0,0,0,0,0,0,0,0,0,0,datasets/davis.py,1,2,0,0,1,0,0,0,10,25,0,0,0,0,0,0,0,0,0,0,0,0,0,0,0,0,0,wenz116 TransferSeg,0,0,0,0,0
wenz116 TransferSeg,datasets/pascal_voc.py,wenz116 TransferSeg::datasets/pascal_voc.py,['wenz116'],['wenz116'],[],[],1,0,0,1.0,0.0,0.0,113.0,1.5555555555555556,3.0,False,radon,0,0,0,3,9,16,0,31,3,0,0,0,0,0,0,0,0,0,0,datasets/pascal_voc.py,1,2,0,0,1,0,0,0,10,25,0,0,0,0,0,0,0,0,0,0,0,0,0,0,0,0,0,wenz116 TransferSeg,0,0,0,0,0
wenz116 TransferSeg,datasets/youtube.py,wenz116 TransferSeg::datasets/youtube.py,['wenz116'],['wenz116'],[],[],1,0,0,1.0,0.0,0.0,119.0,2.375,8.0,False,radon,0,0,0,3,9,16,0,31,3,0,0,0,0,0,0,0,0,0,0,datasets/youtube.py,1,2,0,0,1,0,0,0,10,25,0,0,0,0,0,0,0,0,0,0,0,0,0,0,0,0,0,wenz116 TransferSeg,0,0,0,0,0
wenz116 TransferSeg,lib/run_net.py,wenz116 TransferSeg::lib/run_net.py,['wenz116'],['wenz116'],[],[],1,0,0,1.0,0.0,0.0,54.0,1.1111111111111112,2.0,False,radon,0,0,0,3,9,16,0,31,3,0,0,0,0,0,0,0,0,0,0,lib/run_net.py,1,2,0,0,1,0,0,0,10,25,0,0,0,0,0,0,0,0,0,0,0,0,0,0,0,0,0,wenz116 TransferSeg,0,0,0,0,0
wenz116 TransferSeg,lib/score_util.py,wenz116 TransferSeg::lib/score_util.py,['wenz116'],['wenz116'],[],[],1,0,0,1.0,0.0,0.0,53.0,1.0,1.0,True,lizard,0,0,0,3,9,16,0,31,3,0,0,0,0,0,0,0,0,0,0,lib/score_util.py,1,2,0,0,1,0,0,0,10,25,0,0,0,0,0,0,0,0,0,0,0,0,0,0,0,0,0,wenz116 TransferSeg,0,0,0,0,0
wenz116 TransferSeg,lib/util.py,wenz116 TransferSeg::lib/util.py,['wenz116'],['wenz116'],[],[],1,0,0,1.0,0.0,0.0,123.0,2.0,10.0,False,radon,0,0,0,3,9,16,0,31,3,0,0,0,0,0,0,0,0,0,0,lib/util.py,1,2,0,0,1,0,0,0,10,25,0,0,0,0,0,0,0,0,0,0,0,0,0,0,0,0,0,wenz116 TransferSeg,0,0,0,0,0
wenz116 TransferSeg,scripts/data_layers.py,wenz116 TransferSeg::scripts/data_layers.py,['wenz116'],['wenz116'],[],[],1,0,0,1.0,0.0,0.0,258.0,2.0,5.0,True,lizard,0,0,0,3,9,16,0,31,3,0,0,0,0,0,0,0,0,0,0,scripts/data_layers.py,1,2,0,0,1,0,0,0,10,25,0,0,0,0,0,0,0,0,0,0,0,0,0,0,0,0,0,wenz116 TransferSeg,0,0,0,0,0
wenz116 TransferSeg,scripts/get_feature_DAVIS.py,wenz116 TransferSeg::scripts/get_feature_DAVIS.py,['wenz116'],['wenz116'],[],[],1,0,0,1.0,0.0,0.0,89.0,7.0,7.0,True,lizard,0,0,0,6,18,32,0,62,6,0,0,0,0,0,0,0,0,0,0,scripts/get_feature_DAVIS.py,2,4,0,0,2,0,0,0,20,50,0,0,0,0,0,0,0,0,0,0,0,0,0,0,0,0,0,wenz116 TransferSeg,0,0,0,0,0
wenz116 TransferSeg,scripts/get_feature_PASCAL.py,wenz116 TransferSeg::scripts/get_feature_PASCAL.py,['wenz116'],['wenz116'],[],[],1,0,0,1.0,0.0,0.0,91.0,4.0,7.0,True,lizard,0,0,0,6,18,32,0,62,6,0,0,0,0,0,0,0,0,0,0,scripts/get_feature_PASCAL.py,2,4,0,0,2,0,0,0,20,50,0,0,0,0,0,0,0,0,0,0,0,0,0,0,0,0,0,wenz116 TransferSeg,0,0,0,0,0
wenz116 TransferSeg,scripts/get_score.py,wenz116 TransferSeg::scripts/get_score.py,['wenz116'],['wenz116'],[],[],1,0,0,1.0,0.0,0.0,320.0,5.75,10.0,True,lizard,0,0,0,3,9,16,0,31,3,0,0,0,0,0,0,0,0,0,0,scripts/get_score.py,1,2,0,0,1,0,0,0,10,25,0,0,0,0,0,0,0,0,0,0,0,0,0,0,0,0,0,wenz116 TransferSeg,0,0,0,0,0
wenz116 TransferSeg,scripts/score.py,wenz116 TransferSeg::scripts/score.py,['wenz116'],['wenz116'],[],[],1,0,0,1.0,0.0,0.0,64.0,2.6666666666666665,6.0,True,lizard,0,0,0,3,9,16,0,31,3,0,0,0,0,0,0,0,0,0,0,scripts/score.py,1,2,0,0,1,0,0,0,10,25,0,0,0,0,0,0,0,0,0,0,0,0,0,0,0,0,0,wenz116 TransferSeg,0,0,0,0,0
wenz116 TransferSeg,scripts/surgery.py,wenz116 TransferSeg::scripts/surgery.py,['wenz116'],['wenz116'],[],[],1,0,0,1.0,0.0,0.0,117.0,3.8,6.0,True,lizard,0,0,0,3,9,16,0,31,3,0,0,0,0,0,0,0,0,0,0,scripts/surgery.py,1,2,0,0,1,0,0,0,10,25,0,0,0,0,0,0,0,0,0,0,0,0,0,0,0,0,0,wenz116 TransferSeg,0,0,0,0,0
wujixiu helmet detection,hardhat-wearing-detection/SSD-RPA/python/caffe/classifier.py,wujixiu helmet detection::hardhat-wearing-detection/SSD-RPA/python/caffe/classifier.py,['wujixiu'],[],['wujixiu'],[],0,1,0,0.0,1.0,0.0,99.0,6.0,7.0,False,radon,0,0,241,5,17,14,0,296,19,0,0,0,11,4,0,2,14,0,0,hardhat-wearing-detection/SSD-RPA/python/caffe/classifier.py,14,39,0,17,0,0,14,22,535,154,0,0,0,3,0,0,0,0,0,1,0,0,0,0,0,0,0,wujixiu helmet detection,0,0,0,0,0
wujixiu helmet detection,hardhat-wearing-detection/SSD-RPA/python/caffe/coord_map.py,wujixiu helmet detection::hardhat-wearing-detection/SSD-RPA/python/caffe/coord_map.py,['wujixiu'],[],['wujixiu'],[],0,1,0,0.0,1.0,0.0,186.0,3.0,8.0,False,radon,0,0,241,5,17,14,0,296,19,0,0,0,11,4,0,2,14,0,0,hardhat-wearing-detection/SSD-RPA/python/caffe/coord_map.py,14,39,0,17,0,0,14,22,535,154,0,0,0,3,0,0,0,0,0,1,0,0,0,0,0,0,0,wujixiu helmet detection,0,0,0,0,0
wujixiu helmet detection,hardhat-wearing-detection/SSD-RPA/python/caffe/detector.py,wujixiu helmet detection::hardhat-wearing-detection/SSD-RPA/python/caffe/detector.py,['wujixiu'],[],['wujixiu'],[],0,1,0,0.0,1.0,0.0,217.0,5.333333333333333,8.0,False,radon,0,0,241,5,17,14,0,296,19,0,0,0,11,4,0,2,14,0,0,hardhat-wearing-detection/SSD-RPA/python/caffe/detector.py,14,39,0,17,0,0,14,22,535,154,0,0,0,3,0,0,0,0,0,1,0,0,0,0,0,0,0,wujixiu helmet detection,0,0,0,0,0
wujixiu helmet detection,hardhat-wearing-detection/SSD-RPA/python/caffe/draw.py,wujixiu helmet detection::hardhat-wearing-detection/SSD-RPA/python/caffe/draw.py,['wujixiu'],[],['wujixiu'],[],0,1,0,0.0,1.0,0.0,245.0,6.0,20.0,False,radon,0,0,241,5,17,14,0,296,19,0,0,0,11,4,0,2,14,0,0,hardhat-wearing-detection/SSD-RPA/python/caffe/draw.py,14,39,0,17,0,0,14,22,535,154,0,0,0,3,0,0,0,0,0,1,0,0,0,0,0,0,0,wujixiu helmet detection,0,0,0,0,0
wujixiu helmet detection,hardhat-wearing-detection/SSD-RPA/python/caffe/io.py,wujixiu helmet detection::hardhat-wearing-detection/SSD-RPA/python/caffe/io.py,['wujixiu'],[],['wujixiu'],[],0,1,0,0.0,1.0,0.0,384.0,3.3157894736842106,7.0,False,radon,0,0,241,5,17,14,0,296,19,0,0,0,11,4,0,2,14,0,0,hardhat-wearing-detection/SSD-RPA/python/caffe/io.py,14,39,0,17,0,0,14,22,535,154,0,0,0,3,0,0,0,0,0,1,0,0,0,0,0,0,0,wujixiu helmet detection,0,0,0,0,0
wujixiu helmet detection,hardhat-wearing-detection/SSD-RPA/python/caffe/model_libs.py,wujixiu helmet detection::hardhat-wearing-detection/SSD-RPA/python/caffe/model_libs.py,['wujixiu'],[],['wujixiu'],[],0,1,0,0.0,1.0,0.0,1417.0,7.809523809523809,41.0,False,radon,0,0,241,5,17,14,0,296,19,0,0,0,11,4,0,2,14,0,0,hardhat-wearing-detection/SSD-RPA/python/caffe/model_libs.py,14,39,0,17,0,0,14,22,535,154,0,0,0,3,0,0,0,0,0,1,0,0,0,0,0,0,0,wujixiu helmet detection,0,0,0,0,0
wujixiu helmet detection,hardhat-wearing-detection/SSD-RPA/python/caffe/net_spec.py,wujixiu helmet detection::hardhat-wearing-detection/SSD-RPA/python/caffe/net_spec.py,['wujixiu'],[],['wujixiu'],[],0,1,0,0.0,1.0,0.0,247.0,2.3793103448275863,9.0,False,radon,0,0,241,5,17,14,0,296,19,0,0,0,11,4,0,2,14,0,0,hardhat-wearing-detection/SSD-RPA/python/caffe/net_spec.py,14,39,0,17,0,0,14,22,535,154,0,0,0,3,0,0,0,0,0,1,0,0,0,0,0,0,0,wujixiu helmet detection,0,0,0,0,0
wujixiu helmet detection,hardhat-wearing-detection/SSD-RPA/python/caffe/pycaffe.py,wujixiu helmet detection::hardhat-wearing-detection/SSD-RPA/python/caffe/pycaffe.py,['wujixiu'],[],['wujixiu'],[],0,1,0,0.0,1.0,0.0,335.0,5.25,15.0,False,radon,0,0,241,5,17,14,0,296,19,0,0,0,11,4,0,2,14,0,0,hardhat-wearing-detection/SSD-RPA/python/caffe/pycaffe.py,14,39,0,17,0,0,14,22,535,154,0,0,0,3,0,0,0,0,0,1,0,0,0,0,0,0,0,wujixiu helmet detection,0,0,0,0,0
wujixiu helmet detection,hardhat-wearing-detection/SSD-RPA/python/caffe/test/test_coord_map.py,wujixiu helmet detection::hardhat-wearing-detection/SSD-RPA/python/caffe/test/test_coord_map.py,['wujixiu'],[],['wujixiu'],[],0,1,0,0.0,1.0,0.0,193.0,1.2857142857142858,3.0,False,radon,0,0,241,5,17,14,0,296,19,0,0,0,11,4,0,2,14,0,0,hardhat-wearing-detection/SSD-RPA/python/caffe/test/test_coord_map.py,14,39,0,17,0,0,14,22,535,154,0,0,0,3,0,0,0,0,0,1,0,0,0,0,0,0,0,wujixiu helmet detection,0,0,0,0,0
wujixiu helmet detection,hardhat-wearing-detection/SSD-RPA/python/caffe/test/test_io.py,wujixiu helmet detection::hardhat-wearing-detection/SSD-RPA/python/caffe/test/test_io.py,['wujixiu'],[],['wujixiu'],[],0,1,0,0.0,1.0,0.0,57.0,1.2857142857142858,2.0,False,radon,0,0,241,5,17,14,0,296,19,0,0,0,11,4,0,2,14,0,0,hardhat-wearing-detection/SSD-RPA/python/caffe/test/test_io.py,14,39,0,17,0,0,14,22,535,154,0,0,0,3,0,0,0,0,0,1,0,0,0,0,0,0,0,wujixiu helmet detection,0,0,0,0,0
wujixiu helmet detection,hardhat-wearing-detection/SSD-RPA/python/caffe/test/test_layer_type_list.py,wujixiu helmet detection::hardhat-wearing-detection/SSD-RPA/python/caffe/test/test_layer_type_list.py,['wujixiu'],[],['wujixiu'],[],0,1,0,0.0,1.0,0.0,12.0,2.5,3.0,False,radon,0,0,241,5,17,14,0,296,19,0,0,0,11,4,0,2,14,0,0,hardhat-wearing-detection/SSD-RPA/python/caffe/test/test_layer_type_list.py,14,39,0,17,0,0,14,22,535,154,0,0,0,3,0,0,0,0,0,1,0,0,0,0,0,0,0,wujixiu helmet detection,0,0,0,0,0
wujixiu helmet detection,hardhat-wearing-detection/SSD-RPA/python/caffe/test/test_net.py,wujixiu helmet detection::hardhat-wearing-detection/SSD-RPA/python/caffe/test/test_net.py,['wujixiu'],[],['wujixiu'],[],0,1,0,0.0,1.0,0.0,346.0,1.4666666666666666,3.0,False,radon,0,0,241,5,17,14,0,296,19,0,0,0,11,4,0,2,14,0,0,hardhat-wearing-detection/SSD-RPA/python/caffe/test/test_net.py,14,39,0,17,0,0,14,22,535,154,0,0,0,3,0,0,0,0,0,1,0,0,0,0,0,0,0,wujixiu helmet detection,0,0,0,0,0
wujixiu helmet detection,hardhat-wearing-detection/SSD-RPA/python/caffe/test/test_net_spec.py,wujixiu helmet detection::hardhat-wearing-detection/SSD-RPA/python/caffe/test/test_net_spec.py,['wujixiu'],[],['wujixiu'],[],0,1,0,0.0,1.0,0.0,82.0,1.1428571428571428,2.0,False,radon,0,0,241,5,17,14,0,296,19,0,0,0,11,4,0,2,14,0,0,hardhat-wearing-detection/SSD-RPA/python/caffe/test/test_net_spec.py,14,39,0,17,0,0,14,22,535,154,0,0,0,3,0,0,0,0,0,1,0,0,0,0,0,0,0,wujixiu helmet detection,0,0,0,0,0
wujixiu helmet detection,hardhat-wearing-detection/SSD-RPA/python/caffe/test/test_python_layer.py,wujixiu helmet detection::hardhat-wearing-detection/SSD-RPA/python/caffe/test/test_python_layer.py,['wujixiu'],[],['wujixiu'],[],0,1,0,0.0,1.0,0.0,169.0,1.3571428571428572,3.0,False,radon,0,0,241,5,17,14,0,296,19,0,0,0,11,4,0,2,14,0,0,hardhat-wearing-detection/SSD-RPA/python/caffe/test/test_python_layer.py,14,39,0,17,0,0,14,22,535,154,0,0,0,3,0,0,0,0,0,1,0,0,0,0,0,0,0,wujixiu helmet detection,0,0,0,0,0
wujixiu helmet detection,hardhat-wearing-detection/SSD-RPA/python/caffe/test/test_python_layer_with_param_str.py,wujixiu helmet detection::hardhat-wearing-detection/SSD-RPA/python/caffe/test/test_python_layer_with_param_str.py,['wujixiu'],[],['wujixiu'],[],0,1,0,0.0,1.0,0.0,62.0,1.6,3.0,False,radon,0,0,241,5,17,14,0,296,19,0,0,0,11,4,0,2,14,0,0,hardhat-wearing-detection/SSD-RPA/python/caffe/test/test_python_layer_with_param_str.py,14,39,0,17,0,0,14,22,535,154,0,0,0,3,0,0,0,0,0,1,0,0,0,0,0,0,0,wujixiu helmet detection,0,0,0,0,0
wujixiu helmet detection,hardhat-wearing-detection/SSD-RPA/python/caffe/test/test_solver.py,wujixiu helmet detection::hardhat-wearing-detection/SSD-RPA/python/caffe/test/test_solver.py,['wujixiu'],[],['wujixiu'],[],0,1,0,0.0,1.0,0.0,63.0,2.6,5.0,False,radon,0,0,241,5,17,14,0,296,19,0,0,0,11,4,0,2,14,0,0,hardhat-wearing-detection/SSD-RPA/python/caffe/test/test_solver.py,14,39,0,17,0,0,14,22,535,154,0,0,0,3,0,0,0,0,0,1,0,0,0,0,0,0,0,wujixiu helmet detection,0,0,0,0,0
wujixiu helmet detection,hardhat-wearing-detection/SSD-RPA/python/classify.py,wujixiu helmet detection::hardhat-wearing-detection/SSD-RPA/python/classify.py,['wujixiu'],[],['wujixiu'],[],0,1,0,0.0,1.0,0.0,139.0,9.0,9.0,False,radon,0,0,241,5,17,14,0,296,19,0,0,0,11,4,0,2,14,0,0,hardhat-wearing-detection/SSD-RPA/python/classify.py,14,39,0,17,0,0,14,22,535,154,0,0,0,3,0,0,0,0,0,1,0,0,0,0,0,0,0,wujixiu helmet detection,0,0,0,0,0
wujixiu helmet detection,hardhat-wearing-detection/SSD-RPA/python/detect.py,wujixiu helmet detection::hardhat-wearing-detection/SSD-RPA/python/detect.py,['wujixiu'],[],['wujixiu'],[],0,1,0,0.0,1.0,0.0,174.0,13.0,13.0,False,radon,0,0,241,5,17,14,0,296,19,0,0,0,11,4,0,2,14,0,0,hardhat-wearing-detection/SSD-RPA/python/detect.py,14,39,0,17,0,0,14,22,535,154,0,0,0,3,0,0,0,0,0,1,0,0,0,0,0,0,0,wujixiu helmet detection,0,0,0,0,0
wujixiu helmet detection,hardhat-wearing-detection/SSD-RPA/python/draw_net.py,wujixiu helmet detection::hardhat-wearing-detection/SSD-RPA/python/draw_net.py,['wujixiu'],[],['wujixiu'],[],0,1,0,0.0,1.0,0.0,59.0,2.5,4.0,False,radon,0,0,241,5,17,14,0,296,19,0,0,0,11,4,0,2,14,0,0,hardhat-wearing-detection/SSD-RPA/python/draw_net.py,14,39,0,17,0,0,14,22,535,154,0,0,0,3,0,0,0,0,0,1,0,0,0,0,0,0,0,wujixiu helmet detection,0,0,0,0,0
wujixiu helmet detection,hardhat-wearing-detection/SSD-RPA/scripts/convert_inception_v3.py,wujixiu helmet detection::hardhat-wearing-detection/SSD-RPA/scripts/convert_inception_v3.py,['wujixiu'],[],['wujixiu'],[],0,1,0,0.0,1.0,0.0,454.0,5.153846153846154,18.0,False,radon,0,0,241,5,17,14,0,296,19,0,0,0,11,4,0,2,14,0,0,hardhat-wearing-detection/SSD-RPA/scripts/convert_inception_v3.py,14,39,0,17,0,0,14,22,535,154,0,0,0,3,0,0,0,0,0,1,0,0,0,0,0,0,0,wujixiu helmet detection,0,0,0,0,0
wujixiu helmet detection,hardhat-wearing-detection/SSD-RPA/scripts/cpp_lint.py,wujixiu helmet detection::hardhat-wearing-detection/SSD-RPA/scripts/cpp_lint.py,['wujixiu'],[],['wujixiu'],[],0,1,0,0.0,1.0,0.0,4873.0,6.030534351145038,69.0,False,radon,0,0,241,5,17,14,0,296,19,0,0,0,11,4,0,2,14,0,0,hardhat-wearing-detection/SSD-RPA/scripts/cpp_lint.py,14,39,0,17,0,0,14,22,535,154,0,0,0,3,0,0,0,0,0,1,0,0,0,0,0,0,0,wujixiu helmet detection,0,0,0,0,0
wujixiu helmet detection,hardhat-wearing-detection/SSD-RPA/scripts/download_model_binary.py,wujixiu helmet detection::hardhat-wearing-detection/SSD-RPA/scripts/download_model_binary.py,['wujixiu'],[],['wujixiu'],[],0,1,0,0.0,1.0,0.0,77.0,2.25,3.0,False,radon,0,0,241,5,17,14,0,296,19,0,0,0,11,4,0,2,14,0,0,hardhat-wearing-detection/SSD-RPA/scripts/download_model_binary.py,14,39,0,17,0,0,14,22,535,154,0,0,0,3,0,0,0,0,0,1,0,0,0,0,0,0,0,wujixiu helmet detection,0,0,0,0,0
wujixiu helmet detection,hardhat-wearing-detection/SSD-RPA/tools/extra/extract_seconds.py,wujixiu helmet detection::hardhat-wearing-detection/SSD-RPA/tools/extra/extract_seconds.py,['wujixiu'],[],['wujixiu'],[],0,1,0,0.0,1.0,0.0,65.0,2.5,4.0,False,radon,0,0,241,5,17,14,0,296,19,0,0,0,11,4,0,2,14,0,0,hardhat-wearing-detection/SSD-RPA/tools/extra/extract_seconds.py,14,39,0,17,0,0,14,22,535,154,0,0,0,3,0,0,0,0,0,1,0,0,0,0,0,0,0,wujixiu helmet detection,0,0,0,0,0
wujixiu helmet detection,hardhat-wearing-detection/SSD-RPA/tools/extra/parse_log.py,wujixiu helmet detection::hardhat-wearing-detection/SSD-RPA/tools/extra/parse_log.py,['wujixiu'],[],['wujixiu'],[],0,1,0,0.0,1.0,0.0,204.0,3.2857142857142856,8.0,True,lizard,0,0,241,5,17,14,0,296,19,0,0,0,11,4,0,2,14,0,0,hardhat-wearing-detection/SSD-RPA/tools/extra/parse_log.py,14,39,0,17,0,0,14,22,535,154,0,0,0,3,0,0,0,0,0,1,0,0,0,0,0,0,0,wujixiu helmet detection,0,0,0,0,0
wujixiu helmet detection,hardhat-wearing-detection/SSD-RPA/tools/extra/resize_and_crop_images.py,wujixiu helmet detection::hardhat-wearing-detection/SSD-RPA/tools/extra/resize_and_crop_images.py,['wujixiu'],[],['wujixiu'],[],0,1,0,0.0,1.0,0.0,110.0,4.666666666666667,6.0,True,lizard,0,0,241,5,17,14,0,296,19,0,0,0,11,4,0,2,14,0,0,hardhat-wearing-detection/SSD-RPA/tools/extra/resize_and_crop_images.py,14,39,0,17,0,0,14,22,535,154,0,0,0,3,0,0,0,0,0,1,0,0,0,0,0,0,0,wujixiu helmet detection,0,0,0,0,0
wujixiu helmet detection,hardhat-wearing-detection/SSD-RPA/tools/extra/summarize.py,wujixiu helmet detection::hardhat-wearing-detection/SSD-RPA/tools/extra/summarize.py,['wujixiu'],[],['wujixiu'],[],0,1,0,0.0,1.0,0.0,141.0,5.5,20.0,True,lizard,0,0,241,5,17,14,0,296,19,0,0,0,11,4,0,2,14,0,0,hardhat-wearing-detection/SSD-RPA/tools/extra/summarize.py,14,39,0,17,0,0,14,22,535,154,0,0,0,3,0,0,0,0,0,1,0,0,0,0,0,0,0,wujixiu helmet detection,0,0,0,0,0
wujixiu helmet detection,old-version/ssd_pelee.py,wujixiu helmet detection::old-version/ssd_pelee.py,['wujixiu'],[],['wujixiu'],[],0,1,0,0.0,1.0,0.0,174.0,3.1666666666666665,6.0,False,radon,0,0,241,5,17,14,0,296,19,0,0,0,11,4,0,2,14,0,0,old-version/ssd_pelee.py,14,39,0,17,0,0,14,22,535,154,0,0,0,3,0,0,0,0,0,1,0,0,0,0,0,0,0,wujixiu helmet detection,0,0,0,0,0
wujixiu helmet detection,old-version/ssd_pelee_video.py,wujixiu helmet detection::old-version/ssd_pelee_video.py,['wujixiu'],[],['wujixiu'],[],0,1,0,0.0,1.0,0.0,185.0,3.1666666666666665,6.0,False,radon,0,0,241,5,17,14,0,296,19,0,0,0,11,4,0,2,14,0,0,old-version/ssd_pelee_video.py,14,39,0,17,0,0,14,22,535,154,0,0,0,3,0,0,0,0,0,1,0,0,0,0,0,0,0,wujixiu helmet detection,0,0,0,0,0
wujixiu helmet detection,old-version/ssd_vgg.py,wujixiu helmet detection::old-version/ssd_vgg.py,['wujixiu'],[],['wujixiu'],[],0,1,0,0.0,1.0,0.0,176.0,3.1666666666666665,6.0,False,radon,0,0,241,5,17,14,0,296,19,0,0,0,11,4,0,2,14,0,0,old-version/ssd_vgg.py,14,39,0,17,0,0,14,22,535,154,0,0,0,3,0,0,0,0,0,1,0,0,0,0,0,0,0,wujixiu helmet detection,0,0,0,0,0
wujixiu helmet detection,old-version/ssd_vgg_video.py,wujixiu helmet detection::old-version/ssd_vgg_video.py,['wujixiu'],[],['wujixiu'],[],0,1,0,0.0,1.0,0.0,182.0,3.1666666666666665,6.0,False,radon,0,0,241,5,17,14,0,296,19,0,0,0,11,4,0,2,14,0,0,old-version/ssd_vgg_video.py,14,39,0,17,0,0,14,22,535,154,0,0,0,3,0,0,0,0,0,1,0,0,0,0,0,0,0,wujixiu helmet detection,0,0,0,0,0
yuriak DLQuant,crawlers/europe_news_crawler.py,yuriak DLQuant::crawlers/europe_news_crawler.py,['yuriak'],[],['yuriak'],[],0,1,0,0.0,1.0,0.0,139.0,4.25,5.0,False,radon,0,0,0,0,0,7,0,14,7,0,0,0,0,0,0,0,1,0,0,crawlers/europe_news_crawler.py,0,0,0,0,0,0,0,1,10,2,0,0,0,0,1,0,0,0,0,0,0,0,0,0,0,0,0,yuriak DLQuant,0,0,0,0,0
yuriak DLQuant,crawlers/reuters_crawler.py,yuriak DLQuant::crawlers/reuters_crawler.py,['yuriak'],[],['yuriak'],[],0,1,0,0.0,1.0,0.0,97.0,1.6666666666666667,2.0,False,radon,0,0,0,0,0,7,0,14,7,0,0,0,0,0,0,0,1,0,0,crawlers/reuters_crawler.py,0,0,0,0,0,0,0,1,10,2,0,0,0,0,1,0,0,0,0,0,0,0,0,0,0,0,0,yuriak DLQuant,0,0,0,0,0
yuriak DLQuant,crawlers/sina_news_crawler.py,yuriak DLQuant::crawlers/sina_news_crawler.py,['yuriak'],[],['yuriak'],[],0,1,0,0.0,1.0,0.0,139.0,4.0,6.0,False,radon,0,0,0,0,0,7,0,14,7,0,0,0,0,0,0,0,1,0,0,crawlers/sina_news_crawler.py,0,0,0,0,0,0,0,1,10,2,0,0,0,0,1,0,0,0,0,0,0,0,0,0,0,0,0,yuriak DLQuant,0,0,0,0,0
yuriak DLQuant,models/attn_classifier.py,yuriak DLQuant::models/attn_classifier.py,"['Ubuntu', 'yuriak']",[],"['Ubuntu', 'yuriak']",[],0,2,0,0.0,1.0,0.0,185.0,3.235294117647059,7.0,False,radon,0,0,0,0,0,85,0,133,48,0,0,0,0,0,0,0,3,0,0,models/attn_classifier.py,0,0,0,0,0,0,0,18,45,132,0,0,0,0,3,0,0,0,0,0,0,0,0,0,0,0,0,yuriak DLQuant,0,0,0,0,0
yuriak DLQuant,models/elmo.py,yuriak DLQuant::models/elmo.py,['yuriak'],[],['yuriak'],[],0,1,0,0.0,1.0,0.0,213.0,2.0,4.0,False,radon,0,0,0,0,0,34,0,58,24,0,0,0,0,0,0,0,2,0,0,models/elmo.py,0,0,0,0,0,0,0,4,30,50,0,0,0,0,2,0,0,0,0,0,0,0,0,0,0,0,0,yuriak DLQuant,0,0,0,0,0
yuriak DLQuant,models/event_embedding.py,yuriak DLQuant::models/event_embedding.py,['yuriak'],[],['yuriak'],[],0,1,0,0.0,1.0,0.0,147.0,1.0,1.0,False,radon,0,0,0,0,0,7,0,14,7,0,0,0,0,0,0,0,1,0,0,models/event_embedding.py,0,0,0,0,0,0,0,1,10,2,0,0,0,0,1,0,0,0,0,0,0,0,0,0,0,0,0,yuriak DLQuant,0,0,0,0,0
yuriak DLQuant,models/ffn_classifier.py,yuriak DLQuant::models/ffn_classifier.py,"['Ubuntu', 'yuriak']",[],"['Ubuntu', 'yuriak']",[],0,2,0,0.0,1.0,0.0,82.0,2.0,4.0,False,radon,0,0,0,0,0,114,0,178,64,0,0,0,0,0,0,0,4,0,0,models/ffn_classifier.py,0,0,0,0,0,0,0,24,60,176,0,0,0,0,4,0,0,0,0,0,0,0,0,0,0,0,0,yuriak DLQuant,0,0,0,0,0
yuriak DLQuant,models/rnn_ae.py,yuriak DLQuant::models/rnn_ae.py,['yuriak'],[],['yuriak'],[],0,1,0,0.0,1.0,0.0,128.0,1.6923076923076923,3.0,False,radon,2,1,0,0,0,134,0,252,118,0,0,0,0,0,0,0,13,0,0,models/rnn_ae.py,0,0,0,0,0,0,0,14,159,85,0,0,0,0,13,0,0,0,0,0,0,0,0,0,0,0,0,yuriak DLQuant,0,0,0,0,0
yuriak DLQuant,models/rnn_classifier.py,yuriak DLQuant::models/rnn_classifier.py,"['Ubuntu', 'yuriak']",[],"['Ubuntu', 'yuriak']",[],0,2,0,0.0,1.0,0.0,106.0,2.6363636363636362,5.0,False,radon,0,0,1,0,0,169,0,272,102,0,0,0,0,0,0,0,7,0,0,models/rnn_classifier.py,0,0,0,0,0,0,0,32,99,230,0,0,0,0,7,0,0,0,0,0,0,0,0,0,0,0,0,yuriak DLQuant,0,0,0,0,0
yuriak DLQuant,utils/ConfigHandler.py,yuriak DLQuant::utils/ConfigHandler.py,['yuriak'],[],['yuriak'],[],0,1,0,0.0,1.0,0.0,24.0,1.4,2.0,False,radon,0,0,0,0,0,7,0,14,7,0,0,0,0,0,0,0,1,0,0,utils/ConfigHandler.py,0,0,0,0,0,0,0,1,10,2,0,0,0,0,1,0,0,0,0,0,0,0,0,0,0,0,0,yuriak DLQuant,0,0,0,0,0
